0; 154 0; 154 12; 153 13; 151 13; 151 23; 155 23; 156 24; 156 32; 155 33; 153 33; 154 34; 164 34; 165 33; 167 33; 168 32; 170 32; 171 31; 172 31; 173 30; 188 30; 189 29; 191 29; 192 28; 195 28; 196 27; 197 27; 198 26; 198 22; 204 16; 204 7; 203 7; 201 5; 200 5; 198 3; 198 0
1; 381 0; 381 3; 379 5; 379 9; 377 11; 370 11; 370 17; 374 21; 375 21; 376 22; 377 22; 378 23; 379 23; 382 26; 390 26; 391 27; 393 27; 394 28; 395 28; 396 29; 397 29; 398 30; 400 30; 401 31; 402 31; 403 32; 404 32; 406 34; 417 34; 417 30; 416 29; 416 23; 417 22; 417 20; 420 17; 420 16; 421 15; 421 4; 420 3; 420 0
2; 524 0; 524 3; 522 5; 522 14; 523 15; 524 15; 525 16; 527 16; 528 17; 530 17; 531 18; 533 18; 534 19; 537 19; 538 20; 539 20; 540 21; 540 27; 545 27; 546 28; 551 28; 551 27; 552 26; 560 26; 561 25; 561 17; 560 16; 560 10; 561 9; 569 9; 570 8; 570 6; 571 5; 571 0; 552 0; 552 7; 551 8; 545 8; 543 6; 543 0
3; 435 6; 435 7; 431 11; 431 12; 430 13; 430 15; 429 16; 429 19; 428 20; 428 23; 427 24; 427 25; 426 26; 426 27; 423 30; 418 30; 418 34; 419 34; 420 35; 420 42; 422 42; 423 43; 424 43; 426 45; 426 46; 428 48; 428 49; 429 50; 434 50; 436 52; 436 53; 437 54; 442 54; 443 53; 447 53; 447 44; 448 43; 448 42; 449 41; 449 40; 450 39; 450 38; 451 37; 451 36; 452 35; 452 34; 454 32; 454 31; 455 30; 455 29; 457 27; 457 26; 458 25; 458 24; 459 23; 459 14; 458 14; 457 13; 454 13; 453 12; 450 12; 448 10; 447 10; 443 6
4; 811 0; 811 3; 810 4; 809 4; 808 5; 804 5; 803 6; 800 6; 800 15; 807 22; 807 23; 809 25; 809 26; 811 28; 812 28; 816 32; 816 33; 819 36; 819 37; 822 40; 822 41; 831 41; 834 38; 835 38; 836 37; 841 37; 842 36; 842 34; 843 33; 843 32; 844 31; 844 21; 843 20; 843 19; 841 17; 841 16; 840 15; 840 10; 834 10; 833 9; 832 9; 826 3; 826 0
5; 131 11; 129 13; 128 13; 128 14; 124 18; 123 18; 122 19; 121 19; 119 21; 118 21; 117 22; 116 22; 115 23; 115 32; 116 33; 116 34; 117 35; 117 36; 118 37; 118 38; 119 39; 119 45; 118 46; 118 48; 119 49; 119 51; 124 51; 126 53; 126 54; 127 55; 127 62; 132 67; 135 67; 136 66; 147 66; 147 57; 149 55; 150 55; 151 54; 152 54; 153 53; 153 45; 151 43; 151 42; 150 41; 150 35; 151 34; 153 34; 152 33; 149 33; 147 31; 147 24; 148 23; 150 23; 150 13; 145 13; 144 12; 142 12; 141 11
6; 842 0; 842 8; 850 8; 851 9; 851 10; 852 11; 852 13; 859 13; 860 14; 860 20; 858 22; 858 23; 857 24; 857 27; 856 28; 856 42; 857 43; 857 45; 858 46; 858 49; 859 50; 863 50; 864 51; 867 51; 868 52; 869 52; 870 53; 882 53; 883 54; 884 54; 886 56; 886 60; 887 61; 887 59; 888 58; 900 58; 900 56; 903 53; 903 49; 904 48; 906 48; 906 45; 903 45; 900 42; 900 27; 888 27; 887 26; 885 26; 883 24; 882 24; 881 23; 879 23; 878 22; 877 22; 876 21; 874 21; 873 20; 872 20; 871 19; 871 0
7; 356 18; 354 20; 354 21; 352 23; 352 24; 350 26; 345 26; 345 32; 342 35; 342 36; 337 41; 334 41; 334 50; 336 52; 336 53; 347 53; 348 54; 348 63; 349 64; 357 64; 362 59; 363 59; 365 57; 365 54; 366 53; 366 52; 369 49; 369 48; 370 47; 370 46; 373 43; 373 42; 375 40; 377 40; 378 39; 381 39; 381 26; 379 24; 378 24; 377 23; 376 23; 375 22; 374 22; 370 18
8; 494 21; 493 22; 491 22; 490 23; 487 23; 486 24; 483 24; 482 25; 476 25; 475 26; 472 26; 471 27; 471 35; 472 36; 472 42; 470 44; 470 57; 482 57; 483 56; 485 56; 486 55; 488 55; 489 54; 492 54; 493 53; 503 53; 504 52; 505 52; 509 48; 509 37; 507 35; 507 33; 506 32; 506 30; 504 28; 504 23; 503 22; 503 21
9; 63 20; 81 10; 85 5; 85 0; 11 0; 17 14
10; 17 14; 17 21; 60 52; 66 37; 63 20
11; 17 21; 0 22; 0 41; 6 41; 8 44; 5 69; 16 68; 23 62; 29 62; 32 68; 58 67; 60 52
12; 321 40; 330 39; 330 31; 335 26; 343 25; 342 9; 328 9; 323 0; 303 0; 312 25
13; 284 33; 281 30; 282 0; 261 0; 260 4; 241 0; 244 5; 244 36; 253 36; 255 22; 262 21; 263 54; 278 55
14; 278 55; 282 69; 291 69; 300 61; 314 54; 321 54; 321 40; 312 25; 293 26; 290 33; 284 33
15; 929 25; 921 26; 916 38; 910 40; 910 44; 907 45; 907 48; 912 50; 913 60; 924 59; 940 68; 950 68; 958 62; 961 46; 933 30; 932 23
16; 932 23; 943 22; 955 32; 966 32; 963 14; 951 14; 948 7; 929 5; 928 0; 879 0; 879 11; 917 16; 922 7; 929 8; 929 25
17; 716 41; 716 42; 715 43; 715 48; 713 50; 713 52; 712 53; 712 58; 711 59; 711 61; 709 63; 709 73; 710 74; 710 79; 712 81; 713 81; 714 82; 722 82; 724 80; 724 70; 725 69; 725 66; 726 65; 726 64; 727 63; 727 62; 728 61; 728 60; 729 59; 729 55; 730 54; 730 50; 731 49; 731 41
18; 759 39; 759 42; 758 43; 758 45; 755 48; 755 49; 751 53; 751 54; 749 56; 749 57; 747 59; 747 60; 738 69; 738 77; 739 77; 740 78; 749 78; 749 76; 751 74; 752 74; 753 73; 754 73; 757 70; 757 69; 760 66; 761 66; 762 65; 775 65; 779 61; 779 52; 776 52; 775 51; 771 51; 770 50; 769 50; 767 48; 767 39
19; 193 39; 192 40; 186 40; 185 41; 180 41; 179 42; 176 42; 175 43; 171 43; 170 44; 164 44; 163 45; 163 54; 164 55; 164 56; 165 57; 165 76; 166 77; 167 77; 168 78; 168 81; 177 81; 177 78; 178 77; 179 77; 182 74; 183 74; 184 73; 195 73; 196 72; 205 72; 205 70; 206 69; 206 67; 205 66; 205 39
20; 87 19; 87 20; 86 21; 86 22; 85 23; 78 23; 77 24; 77 32; 74 35; 74 43; 75 44; 75 45; 81 51; 81 52; 83 54; 83 65; 93 75; 100 75; 107 68; 108 68; 110 66; 112 66; 117 61; 118 61; 118 60; 117 59; 117 52; 118 51; 118 49; 117 48; 117 46; 112 46; 111 45; 111 44; 110 43; 110 42; 108 40; 108 39; 102 33; 102 32; 100 30; 100 29; 98 27; 98 24; 97 23; 97 20; 96 19
21; 604 31; 604 39; 603 40; 597 40; 596 39; 595 39; 594 38; 586 38; 584 40; 584 41; 583 42; 583 47; 582 48; 582 53; 581 54; 581 55; 580 56; 580 58; 579 59; 579 60; 577 62; 577 63; 576 64; 576 65; 574 67; 574 68; 573 69; 573 78; 574 79; 574 80; 575 81; 585 81; 587 83; 599 83; 601 81; 601 80; 602 79; 602 77; 603 76; 603 71; 604 70; 604 69; 607 66; 608 66; 609 65; 610 65; 611 64; 612 64; 613 63; 613 62; 615 60; 615 51; 614 50; 607 50; 604 47; 604 40; 605 39; 612 39; 612 31
22; 648 61; 648 77; 656 78; 663 89; 675 89; 675 82; 679 78; 684 78; 682 71; 689 62; 689 53; 681 46
23; 681 46; 679 38; 662 38; 633 29; 630 41; 632 56; 648 61
24; 662 38; 664 15; 673 14; 679 18; 688 18; 694 0; 654 0; 653 9; 644 7; 642 0; 609 0; 616 20; 623 28; 633 29
25; 540 28; 539 29; 539 30; 538 31; 538 39; 537 40; 537 41; 536 42; 529 42; 529 50; 532 53; 532 54; 533 55; 533 66; 535 68; 535 69; 538 72; 538 73; 539 74; 539 75; 540 76; 540 77; 541 78; 541 79; 553 79; 553 71; 555 69; 556 69; 557 68; 558 68; 559 67; 560 67; 561 66; 561 58; 560 58; 554 52; 554 51; 553 50; 553 37; 552 36; 552 34; 551 33; 551 29; 546 29; 545 28
26; 801 45; 801 48; 800 49; 800 51; 797 54; 797 55; 795 57; 795 58; 794 59; 794 69; 795 69; 796 70; 797 70; 799 72; 800 72; 803 75; 804 75; 806 77; 807 77; 808 78; 809 78; 812 81; 813 81; 815 83; 816 83; 818 85; 819 85; 820 86; 820 87; 822 89; 830 89; 830 88; 833 85; 833 84; 834 83; 834 74; 835 73; 835 72; 836 71; 836 61; 834 59; 833 59; 832 58; 830 58; 829 57; 826 57; 825 56; 824 56; 820 52; 819 52; 817 50; 816 50; 814 48; 813 48; 810 45
27; 1010 40; 1010 42; 1009 43; 1009 45; 1007 47; 1004 47; 1003 48; 1001 48; 1000 49; 999 49; 998 50; 997 50; 996 51; 994 51; 993 52; 989 52; 988 53; 987 53; 986 54; 985 54; 984 55; 982 55; 981 56; 979 56; 978 57; 976 57; 976 67; 977 68; 977 69; 978 70; 978 71; 980 73; 980 80; 981 81; 981 89; 983 89; 984 90; 984 91; 994 91; 994 85; 995 84; 996 84; 997 83; 998 83; 999 82; 1001 82; 1002 81; 1003 81; 1004 80; 1010 80; 1011 79; 1012 79; 1013 78; 1014 78; 1017 75; 1023 75; 1023 40
28; 448 53; 447 54; 443 54; 442 55; 437 55; 437 56; 438 57; 438 63; 437 64; 437 73; 438 74; 438 75; 440 77; 440 78; 441 79; 441 83; 443 83; 446 86; 446 87; 447 88; 447 95; 446 96; 446 100; 453 100; 454 101; 460 101; 461 102; 462 102; 463 101; 464 101; 464 95; 465 94; 465 89; 466 88; 473 88; 473 74; 472 73; 471 73; 470 72; 470 71; 469 70; 469 69; 467 67; 467 66; 466 65; 466 59; 463 59; 462 58; 462 57; 460 55; 460 54; 449 54
29; 255 55; 254 56; 253 56; 251 58; 250 58; 249 59; 245 59; 244 60; 244 61; 243 62; 243 64; 239 68; 238 68; 238 83; 240 85; 247 85; 250 88; 250 89; 252 91; 252 92; 253 93; 253 94; 254 95; 254 96; 255 97; 255 99; 256 100; 256 101; 257 102; 257 104; 265 104; 266 103; 266 93; 267 92; 279 92; 280 91; 280 83; 279 82; 279 81; 277 79; 277 78; 276 77; 271 77; 270 76; 270 66; 269 65; 269 63; 267 61; 267 55
30; 849 61; 848 62; 847 62; 847 76; 845 78; 845 79; 844 80; 844 90; 846 92; 847 92; 848 93; 855 93; 856 94; 883 94; 888 89; 889 89; 890 88; 892 88; 892 78; 890 78; 889 77; 889 71; 888 70; 888 67; 887 66; 887 62; 886 61; 886 62; 885 63; 868 63; 867 62; 863 62; 862 61
31; 913 61; 913 62; 912 63; 901 63; 901 65; 897 69; 897 77; 896 78; 893 78; 893 88; 896 88; 897 89; 897 100; 899 102; 899 109; 900 110; 913 110; 913 104; 914 103; 914 102; 916 100; 916 99; 917 98; 917 97; 918 96; 918 95; 919 94; 919 93; 920 92; 926 92; 926 85; 927 84; 927 83; 928 82; 928 74; 927 73; 926 73; 925 72; 922 72; 916 66; 916 62; 915 62; 914 61
32; 68 65; 65 68; 50 68; 50 80; 54 84; 54 95; 55 96; 55 97; 57 99; 64 99; 67 102; 67 103; 68 104; 68 105; 69 106; 69 108; 70 109; 70 110; 71 111; 71 112; 72 113; 81 113; 82 112; 90 112; 91 113; 91 108; 92 107; 95 107; 95 83; 93 83; 92 82; 92 75; 82 65
33; 499 66; 498 67; 498 68; 497 69; 497 70; 496 71; 496 72; 493 75; 493 76; 489 80; 489 81; 488 82; 488 83; 487 84; 487 86; 484 89; 473 89; 473 103; 476 106; 495 106; 496 107; 496 111; 504 111; 504 99; 505 98; 510 98; 510 97; 512 95; 515 95; 516 94; 518 94; 519 93; 523 93; 523 90; 524 89; 524 86; 522 86; 521 85; 521 76; 520 75; 518 75; 517 74; 515 74; 512 71; 512 70; 509 67; 508 67; 507 66
34; 119 61; 118 62; 117 62; 112 67; 110 67; 108 69; 107 69; 100 76; 100 82; 99 83; 96 83; 96 107; 98 107; 99 108; 99 113; 121 113; 122 112; 133 112; 134 111; 134 110; 135 109; 135 108; 145 98; 145 90; 141 86; 141 80; 140 80; 139 79; 138 79; 137 78; 136 78; 134 76; 133 76; 131 74; 131 67; 126 62; 120 62
35; 407 79; 407 80; 405 82; 390 82; 390 103; 397 103; 398 104; 399 104; 402 107; 402 108; 403 109; 403 112; 409 112; 413 116; 414 116; 415 117; 416 117; 417 118; 418 118; 420 120; 421 120; 422 121; 422 122; 430 122; 431 121; 431 120; 433 118; 433 117; 436 114; 439 114; 443 110; 443 109; 444 108; 444 105; 445 104; 445 96; 437 96; 436 95; 436 91; 427 91; 426 90; 426 88; 422 84; 421 84; 416 79
36; 314 65; 314 67; 313 68; 313 70; 312 71; 312 72; 311 73; 311 74; 310 75; 310 76; 309 77; 309 78; 308 79; 308 80; 307 81; 307 82; 305 84; 305 85; 304 86; 304 87; 300 91; 300 92; 299 93; 299 106; 303 110; 311 110; 312 111; 327 111; 327 109; 328 108; 328 107; 329 106; 329 105; 330 104; 330 101; 331 100; 331 96; 334 93; 334 92; 335 91; 336 91; 336 90; 338 88; 338 87; 339 86; 339 85; 340 84; 340 75; 339 75; 337 73; 336 73; 334 71; 327 71; 323 67; 323 65
37; 215 66; 214 67; 207 67; 207 69; 206 70; 206 76; 207 77; 207 86; 206 87; 201 87; 196 92; 196 105; 195 106; 195 109; 196 110; 196 113; 202 113; 205 116; 213 116; 217 112; 218 112; 222 108; 223 108; 225 106; 226 106; 228 104; 230 104; 231 103; 232 103; 233 102; 234 102; 235 101; 236 101; 237 100; 238 100; 240 98; 240 86; 237 83; 227 83; 226 82; 226 67; 225 66
38; 16 78; 16 79; 15 80; 15 81; 14 82; 14 87; 13 88; 13 91; 12 92; 12 94; 9 97; 8 97; 6 99; 4 99; 3 100; 0 100; 0 108; 13 108; 14 109; 14 115; 13 116; 16 119; 26 119; 27 120; 39 120; 41 122; 44 122; 44 121; 45 120; 45 118; 46 117; 46 116; 49 113; 50 113; 51 112; 53 112; 55 110; 55 108; 56 107; 56 99; 54 97; 54 96; 53 95; 53 91; 43 91; 42 90; 41 90; 40 89; 39 89; 34 84; 33 84; 31 82; 30 82; 29 81; 28 81; 27 80; 26 80; 24 78
39; 690 77; 689 78; 685 78; 686 79; 686 86; 683 89; 676 89; 675 90; 675 99; 678 102; 678 103; 679 104; 681 104; 682 105; 682 120; 684 120; 686 122; 687 122; 691 126; 700 126; 703 123; 703 122; 705 120; 707 120; 708 119; 710 119; 712 117; 712 116; 714 114; 714 113; 717 110; 717 102; 715 100; 715 99; 714 98; 713 98; 709 94; 708 94; 704 90; 704 89; 702 87; 702 86; 701 85; 701 84; 700 83; 700 82; 699 81; 699 79; 698 78; 698 77
40; 360 82; 360 84; 359 85; 359 87; 358 88; 358 90; 357 91; 357 93; 356 94; 356 95; 354 97; 354 98; 351 101; 351 102; 350 103; 350 104; 349 105; 349 106; 345 110; 344 110; 343 111; 342 111; 342 119; 345 122; 357 122; 360 125; 361 125; 362 126; 364 126; 365 127; 373 127; 373 122; 374 121; 374 120; 379 115; 379 111; 380 110; 384 110; 384 109; 386 107; 386 106; 389 103; 389 89; 383 89; 379 85; 372 85; 369 82
41; 541 80; 541 85; 540 86; 525 86; 525 89; 524 90; 524 93; 525 93; 526 94; 526 107; 525 108; 521 108; 521 109; 520 110; 520 122; 521 123; 533 123; 534 124; 534 129; 540 129; 541 128; 544 128; 545 127; 554 127; 554 119; 555 118; 558 118; 558 108; 554 108; 553 107; 553 100; 554 99; 554 95; 558 91; 558 83; 556 83; 555 82; 554 82; 553 81; 553 80
42; 633 79; 632 80; 631 80; 631 90; 630 91; 626 91; 623 94; 623 107; 624 108; 625 108; 626 109; 627 109; 631 113; 631 114; 633 116; 633 122; 636 125; 638 125; 639 126; 640 126; 644 130; 651 130; 655 126; 662 126; 662 118; 664 116; 664 115; 666 113; 666 104; 665 103; 664 103; 661 100; 660 100; 657 97; 656 97; 648 89; 648 88; 646 86; 646 85; 645 84; 645 79
43; 168 82; 168 84; 167 85; 167 87; 164 90; 162 90; 158 94; 157 94; 155 96; 155 104; 158 107; 158 108; 159 109; 159 111; 160 112; 160 114; 161 115; 161 117; 162 118; 162 119; 163 120; 163 123; 164 124; 164 125; 165 126; 165 127; 169 131; 170 131; 171 132; 180 132; 181 131; 181 130; 182 129; 182 128; 183 127; 184 127; 185 126; 186 126; 188 124; 189 124; 192 121; 193 121; 194 120; 195 120; 195 110; 194 109; 194 106; 189 106; 187 104; 187 103; 186 102; 186 100; 185 99; 185 98; 181 94; 181 93; 178 90; 178 89; 177 88; 177 82
44; 750 84; 750 91; 749 92; 749 94; 748 95; 748 97; 746 99; 746 100; 742 104; 742 105; 736 111; 735 111; 734 112; 734 120; 736 122; 736 123; 739 126; 740 126; 741 127; 743 127; 744 128; 745 128; 749 132; 749 136; 760 136; 762 134; 762 132; 763 131; 763 130; 764 129; 764 128; 766 126; 766 124; 767 123; 767 121; 768 120; 768 119; 770 117; 770 116; 773 113; 773 112; 774 111; 774 110; 777 107; 777 106; 778 105; 778 96; 776 94; 774 94; 773 93; 771 93; 770 92; 765 92; 764 91; 763 91; 758 86; 758 84
45; 575 96; 574 97; 574 98; 572 100; 572 101; 567 106; 566 106; 565 107; 562 107; 561 108; 559 108; 559 118; 562 118; 563 119; 566 119; 567 120; 568 120; 570 122; 571 122; 573 124; 573 125; 580 132; 581 132; 583 134; 583 135; 585 137; 585 138; 594 138; 595 137; 596 137; 597 136; 598 136; 599 135; 600 135; 603 132; 608 132; 609 131; 609 118; 608 117; 607 117; 606 116; 604 116; 603 115; 602 115; 600 113; 599 113; 596 110; 596 109; 594 107; 594 106; 591 103; 590 103; 589 102; 588 102; 583 97; 583 96
46; 927 93; 927 99; 926 100; 926 101; 925 102; 925 104; 924 105; 924 106; 922 108; 922 109; 920 111; 915 111; 915 117; 914 118; 914 119; 913 120; 913 133; 924 133; 925 134; 926 134; 930 138; 931 138; 932 139; 941 139; 943 137; 943 136; 944 135; 944 134; 945 133; 947 133; 947 126; 948 125; 948 123; 951 120; 951 119; 953 117; 953 116; 954 115; 954 113; 955 112; 955 111; 956 110; 956 102; 947 102; 946 101; 946 100; 945 99; 945 97; 941 93
47; 91 114; 91 119; 90 120; 90 135; 93 138; 103 138; 104 139; 104 150; 103 151; 103 152; 104 153; 104 154; 119 154; 121 152; 121 151; 127 145; 128 145; 133 140; 133 132; 131 130; 130 130; 129 129; 129 128; 121 120; 121 114; 99 114; 98 115; 92 115
48; 282 105; 282 106; 279 109; 278 109; 277 110; 275 110; 275 119; 272 122; 271 122; 270 123; 270 131; 271 132; 272 132; 273 133; 275 133; 276 134; 277 134; 280 137; 282 137; 283 138; 285 138; 286 139; 287 139; 289 141; 290 141; 292 143; 293 143; 294 144; 295 144; 296 145; 297 145; 299 147; 310 147; 312 145; 312 143; 313 142; 313 140; 315 138; 315 131; 316 130; 323 130; 324 129; 324 115; 326 113; 326 112; 312 112; 311 111; 303 111; 299 107; 292 107; 290 105
49; 984 92; 984 97; 981 100; 981 101; 977 105; 977 106; 975 108; 975 109; 972 112; 972 113; 970 115; 970 116; 965 121; 965 135; 971 141; 972 141; 973 142; 976 142; 981 147; 983 147; 984 146; 989 146; 991 144; 991 143; 992 142; 992 141; 993 140; 998 140; 998 137; 999 136; 999 133; 998 132; 998 125; 999 124; 999 123; 1002 120; 1002 119; 1007 114; 1007 106; 1005 104; 1004 104; 1003 103; 1002 103; 995 96; 995 93; 994 92
50; 876 112; 875 113; 873 113; 872 114; 868 114; 867 115; 867 116; 866 117; 866 119; 865 120; 865 124; 863 126; 862 126; 861 127; 860 127; 860 139; 864 139; 865 140; 865 146; 867 148; 878 148; 879 149; 881 149; 882 150; 883 150; 884 151; 885 151; 888 154; 888 155; 889 156; 897 156; 897 155; 898 154; 898 153; 899 152; 899 151; 900 150; 900 149; 901 148; 905 148; 906 147; 909 147; 911 145; 911 134; 912 133; 912 131; 905 131; 902 128; 901 128; 894 121; 894 120; 893 120; 892 119; 891 119; 889 117; 888 117; 885 114; 885 113; 884 112
51; 796 115; 795 116; 789 116; 788 117; 788 118; 787 119; 787 133; 785 135; 785 136; 784 137; 784 146; 785 146; 786 147; 789 147; 790 148; 805 148; 806 149; 806 155; 813 155; 814 156; 821 156; 822 157; 824 157; 824 152; 825 151; 825 150; 826 149; 826 140; 827 139; 827 138; 828 137; 828 123; 825 123; 824 122; 822 122; 820 120; 811 120; 810 119; 809 119; 808 118; 807 118; 806 117; 806 116; 805 115
52; 11 117; 10 118; 10 129; 6 133; 6 136; 5 137; 5 138; 4 139; 4 147; 5 148; 6 148; 7 149; 9 149; 10 150; 13 150; 14 151; 16 151; 17 152; 18 152; 19 153; 20 153; 21 154; 22 154; 25 157; 25 158; 36 158; 37 157; 44 157; 46 155; 46 147; 49 144; 50 144; 50 135; 47 132; 46 132; 45 131; 44 131; 43 130; 41 130; 40 129; 40 122; 39 121; 27 121; 26 120; 16 120; 13 117
53; 457 143; 457 151; 460 160; 476 159; 480 163; 486 163; 488 166; 490 165; 490 161; 493 157; 499 157; 504 152; 505 139; 510 133; 510 128; 506 124; 499 124; 495 122; 492 117; 477 117
54; 477 117; 476 107; 472 103; 463 102; 461 103; 461 109; 455 119; 450 124; 445 124; 443 127; 443 136; 445 137; 445 142; 457 143
55; 623 123; 623 124; 616 131; 610 131; 609 132; 610 133; 610 147; 611 148; 612 148; 613 149; 614 149; 619 154; 619 155; 623 155; 624 156; 624 163; 632 171; 644 171; 644 167; 645 166; 645 164; 646 163; 646 162; 647 161; 647 160; 648 159; 648 157; 649 156; 649 155; 650 154; 653 154; 653 145; 651 143; 651 142; 649 140; 648 140; 646 138; 645 138; 644 137; 644 131; 640 127; 639 127; 638 126; 636 126; 633 123
56; 223 120; 223 121; 222 122; 222 124; 221 125; 221 137; 220 138; 207 138; 206 139; 206 140; 205 141; 205 151; 206 151; 213 158; 221 158; 221 157; 222 156; 223 156; 224 155; 229 155; 229 147; 228 146; 228 145; 226 143; 226 142; 225 141; 225 135; 226 134; 237 134; 237 125; 236 124; 236 123; 235 122; 234 122; 232 120
57; 325 129; 323 131; 323 137; 322 138; 316 138; 314 140; 314 142; 313 143; 313 145; 311 147; 311 155; 310 156; 310 157; 309 158; 309 166; 314 166; 315 167; 317 167; 321 171; 322 171; 323 172; 324 172; 325 173; 334 173; 335 172; 336 172; 339 169; 339 163; 340 162; 340 160; 341 159; 341 157; 344 154; 344 153; 345 152; 349 152; 347 152; 346 151; 346 138; 345 137; 345 136; 344 136; 340 132; 340 131; 338 129
58; 534 130; 533 131; 532 131; 532 132; 531 133; 518 133; 517 134; 510 134; 508 136; 508 137; 506 139; 506 145; 505 146; 505 152; 500 157; 500 169; 504 173; 504 177; 505 178; 505 181; 509 185; 515 185; 516 186; 524 186; 524 176; 525 175; 525 174; 527 172; 527 171; 530 168; 536 168; 539 165; 539 159; 540 158; 540 151; 541 150; 541 149; 542 148; 542 146; 541 145; 541 142; 540 141; 540 130
59; 952 136; 952 141; 951 142; 951 144; 950 145; 950 146; 949 147; 949 148; 948 149; 948 150; 947 151; 947 156; 946 157; 942 157; 940 159; 936 159; 936 172; 937 173; 937 174; 947 174; 948 175; 948 176; 958 176; 961 179; 972 179; 972 178; 973 177; 973 172; 974 171; 974 168; 975 167; 975 164; 976 163; 976 162; 977 161; 977 157; 978 156; 979 156; 979 153; 980 152; 980 150; 981 149; 981 148; 976 143; 973 143; 972 142; 971 142; 965 136
60; 378 138; 362 138; 360 140; 360 149; 357 152; 350 152; 352 153; 352 161; 355 165; 358 165; 361 168; 361 175; 369 186; 387 185; 388 178; 396 169; 397 160
61; 397 160; 411 160; 413 151; 423 151; 424 134; 420 131; 410 130; 400 119; 400 116; 389 116; 389 120; 379 129; 378 138
62; 670 140; 669 141; 666 141; 665 142; 664 142; 663 143; 663 146; 662 147; 662 156; 660 158; 660 172; 664 172; 665 173; 667 173; 668 174; 675 174; 676 175; 677 175; 678 176; 683 176; 684 177; 684 181; 685 181; 686 182; 687 182; 688 181; 696 181; 700 177; 700 169; 702 167; 702 166; 703 165; 703 157; 702 156; 701 156; 700 155; 699 155; 698 154; 697 154; 696 153; 695 153; 694 152; 693 152; 691 150; 690 150; 686 146; 686 145; 681 140
63; 78 136; 78 137; 77 138; 77 139; 76 140; 76 142; 74 144; 74 145; 72 147; 71 147; 69 149; 67 149; 66 150; 61 150; 60 151; 59 151; 58 152; 57 152; 55 154; 55 172; 64 172; 66 174; 66 175; 67 176; 67 178; 69 180; 82 180; 85 177; 87 177; 88 176; 88 170; 90 168; 90 167; 91 166; 92 166; 95 163; 100 163; 100 161; 101 160; 103 160; 103 153; 102 152; 102 151; 94 151; 93 150; 93 139; 90 136
64; 1015 130; 1014 131; 1007 131; 1005 133; 1000 133; 1000 136; 999 137; 999 140; 1000 141; 1000 151; 999 152; 999 154; 998 155; 998 158; 997 159; 997 172; 998 173; 999 173; 1000 174; 1002 174; 1003 175; 1005 175; 1006 176; 1014 176; 1015 177; 1023 177; 1023 130
65; 445 143; 444 144; 434 144; 432 146; 432 147; 431 148; 425 148; 425 149; 424 150; 424 151; 425 152; 425 158; 422 161; 421 161; 420 162; 419 162; 418 163; 413 163; 413 176; 414 176; 415 177; 416 177; 417 178; 421 178; 424 181; 424 183; 425 184; 428 184; 429 185; 430 185; 431 186; 431 188; 441 188; 441 184; 442 183; 442 181; 444 179; 444 178; 447 175; 448 175; 454 169; 458 169; 458 163; 459 162; 459 159; 458 158; 458 156; 457 155; 457 152; 456 151; 447 151; 446 150; 446 144
66; 558 134; 558 137; 557 138; 557 139; 556 140; 556 141; 555 142; 555 143; 553 145; 553 146; 550 149; 542 149; 542 150; 541 151; 541 158; 540 159; 540 165; 537 168; 537 177; 536 178; 536 179; 548 179; 549 180; 560 180; 561 181; 568 181; 568 178; 569 177; 569 176; 570 175; 570 174; 571 173; 571 172; 572 171; 572 165; 573 164; 581 164; 582 163; 583 163; 584 162; 584 148; 583 147; 582 147; 581 146; 573 146; 572 145; 572 138; 571 137; 570 137; 569 136; 568 136; 566 134
67; 841 141; 841 142; 839 144; 839 145; 838 146; 838 156; 837 157; 837 158; 830 165; 830 167; 829 168; 827 168; 827 173; 828 174; 828 179; 834 179; 836 181; 836 185; 850 185; 852 187; 860 187; 861 186; 865 186; 865 181; 866 180; 866 175; 865 175; 864 174; 864 168; 865 167; 865 165; 866 164; 866 161; 867 160; 867 159; 868 158; 868 157; 869 156; 869 149; 867 149; 865 147; 858 147; 857 146; 857 141
68; 604 161; 603 162; 603 168; 602 169; 602 170; 601 171; 600 171; 597 174; 597 176; 596 177; 596 186; 595 187; 594 187; 595 188; 599 188; 600 189; 601 189; 603 191; 604 191; 605 192; 607 192; 610 195; 611 195; 613 197; 614 197; 617 200; 618 200; 619 201; 619 203; 620 204; 620 206; 629 206; 631 204; 633 204; 633 194; 634 193; 638 193; 638 188; 639 187; 639 182; 638 181; 637 181; 636 180; 635 180; 634 179; 633 179; 632 178; 632 172; 624 164; 617 164; 615 162; 615 161
69; 913 160; 910 163; 909 163; 907 165; 905 165; 904 166; 903 166; 902 167; 901 167; 901 168; 895 174; 895 183; 896 184; 896 187; 899 190; 900 190; 901 189; 908 189; 909 190; 909 194; 910 194; 914 198; 914 199; 915 200; 915 201; 916 202; 916 203; 918 205; 918 206; 926 206; 928 204; 929 204; 931 202; 933 202; 934 201; 936 201; 937 200; 943 200; 943 198; 942 197; 942 189; 939 186; 939 185; 938 185; 937 184; 937 183; 936 182; 936 173; 935 172; 935 171; 929 171; 926 168; 926 167; 925 166; 925 165; 924 164; 924 163; 922 161; 922 160
70; 339 170; 336 173; 335 173; 334 174; 334 181; 332 183; 331 183; 326 188; 326 193; 325 194; 320 194; 320 203; 321 204; 329 204; 329 198; 330 197; 337 197; 338 198; 338 205; 337 206; 337 215; 338 215; 339 216; 347 216; 349 214; 349 213; 350 212; 350 211; 354 207; 355 207; 357 205; 358 205; 360 203; 360 196; 361 195; 361 194; 364 191; 365 191; 368 188; 368 186; 367 185; 367 184; 365 182; 365 181; 364 180; 364 179; 360 175; 354 175; 351 172; 351 170
71; 719 161; 718 162; 718 163; 717 164; 717 165; 714 168; 714 176; 713 177; 701 177; 696 182; 696 188; 697 189; 697 190; 698 191; 698 193; 701 193; 703 195; 703 196; 705 198; 705 201; 710 201; 711 202; 711 206; 725 206; 725 200; 730 195; 730 194; 733 191; 733 190; 734 189; 734 188; 735 187; 735 186; 736 185; 736 184; 738 182; 738 181; 740 179; 741 179; 742 178; 743 178; 744 177; 746 177; 746 169; 735 169; 728 162; 728 161
72; 793 174; 787 176; 783 182; 777 183; 773 188; 773 218; 792 220; 794 218; 801 217; 803 215; 804 208
73; 804 208; 818 206; 824 198; 824 180; 827 179; 826 168; 823 168; 821 165; 821 157; 803 156; 794 160; 793 174
74; 54 155; 53 156; 46 156; 44 158; 37 158; 36 159; 26 159; 26 160; 27 161; 27 168; 26 169; 26 170; 25 171; 25 172; 24 173; 24 175; 23 176; 23 180; 22 181; 22 182; 21 183; 21 184; 20 185; 14 185; 13 184; 13 178; 12 177; 12 176; 11 175; 11 174; 10 173; 10 172; 8 170; 8 169; 4 165; 4 164; 0 164; 0 201; 6 201; 10 197; 10 189; 12 187; 18 187; 19 188; 19 203; 21 205; 37 205; 38 206; 39 206; 40 205; 44 205; 45 204; 49 204; 50 203; 50 186; 51 185; 51 179; 52 178; 52 177; 53 176; 53 174; 54 173
75; 266 176; 265 177; 257 177; 256 178; 239 178; 238 179; 237 179; 235 181; 235 187; 234 188; 230 188; 230 196; 236 196; 237 197; 237 205; 238 206; 238 207; 239 207; 240 208; 244 208; 245 209; 245 211; 255 211; 255 207; 256 206; 259 206; 260 205; 268 205; 269 204; 278 204; 278 188; 276 186; 276 176
76; 652 173; 651 174; 647 174; 647 178; 646 179; 646 181; 645 182; 640 182; 640 187; 639 188; 639 193; 640 193; 641 194; 641 195; 643 197; 643 198; 646 201; 646 202; 647 203; 648 203; 649 204; 650 204; 651 205; 654 205; 655 206; 656 206; 657 207; 667 207; 667 196; 668 195; 668 175; 667 174; 665 174; 664 173
77; 102 168; 102 171; 100 173; 99 173; 95 177; 88 177; 87 178; 85 178; 82 181; 82 187; 81 188; 80 188; 80 197; 84 201; 84 212; 100 212; 106 206; 107 206; 109 204; 109 203; 110 202; 110 201; 113 198; 114 198; 118 194; 121 194; 121 193; 123 191; 124 191; 124 183; 122 181; 121 181; 117 177; 117 176; 115 174; 115 172; 114 171; 114 170; 112 168
78; 872 174; 871 175; 867 175; 867 180; 866 181; 866 186; 867 186; 868 187; 868 196; 867 197; 863 197; 862 198; 862 216; 863 217; 874 217; 875 218; 876 218; 877 219; 893 219; 893 206; 894 205; 894 201; 895 200; 895 197; 896 196; 896 195; 897 194; 897 193; 898 192; 898 190; 895 187; 895 184; 894 183; 894 175; 891 178; 884 178; 880 174
79; 181 170; 181 183; 180 184; 173 184; 171 182; 171 181; 170 180; 170 178; 161 178; 161 193; 160 194; 159 194; 159 195; 160 196; 160 197; 165 197; 166 198; 166 200; 167 201; 167 204; 168 205; 168 207; 169 208; 169 212; 170 213; 170 217; 180 217; 181 216; 182 216; 184 214; 190 214; 191 213; 192 213; 193 212; 195 212; 197 210; 197 202; 196 201; 196 199; 195 198; 195 176; 194 175; 194 173; 193 172; 193 171; 192 170
80; 489 166; 488 167; 487 167; 487 170; 486 171; 486 172; 484 174; 484 175; 483 176; 483 185; 482 186; 469 186; 465 190; 465 201; 466 202; 466 221; 468 223; 475 223; 476 222; 479 222; 479 216; 484 211; 485 211; 486 210; 487 210; 489 208; 490 208; 492 206; 493 206; 495 204; 496 204; 498 202; 499 202; 500 201; 508 201; 508 185; 504 181; 504 178; 503 177; 503 173; 499 169; 491 169; 490 168; 490 166
81; 1015 191; 1011 195; 1010 195; 1009 196; 1008 196; 1007 197; 1005 197; 1004 198; 1002 198; 1001 199; 1001 200; 1000 201; 1000 209; 1002 211; 1002 212; 1003 213; 1003 214; 1004 215; 1004 216; 1006 218; 1007 218; 1009 220; 1010 220; 1014 224; 1014 225; 1016 227; 1023 227; 1023 191
82; 536 180; 536 181; 534 183; 534 184; 533 185; 533 187; 532 188; 532 189; 531 190; 530 190; 530 194; 529 195; 529 197; 528 198; 528 199; 526 201; 526 202; 525 203; 525 204; 522 207; 522 216; 523 216; 524 217; 525 217; 526 218; 527 218; 528 219; 528 225; 531 228; 533 228; 534 229; 537 229; 538 230; 539 230; 540 231; 541 230; 542 230; 543 229; 543 228; 546 225; 553 225; 557 221; 557 210; 558 209; 558 194; 560 192; 560 181; 549 181; 548 180
83; 581 229; 582 250; 584 252; 596 252; 609 241; 609 234; 617 224; 617 215; 607 209; 597 208
84; 597 208; 597 204; 592 202; 593 187; 571 185; 571 189; 567 193; 559 194; 558 221; 553 227; 558 234; 566 234; 567 227; 581 229
85; 952 187; 950 189; 950 197; 949 198; 944 198; 944 200; 945 200; 946 201; 946 207; 945 208; 945 209; 944 210; 944 211; 943 212; 943 213; 941 215; 940 215; 939 216; 939 225; 940 226; 940 227; 941 228; 941 229; 942 230; 957 230; 958 231; 958 232; 967 232; 967 231; 968 230; 969 230; 972 227; 973 227; 973 226; 974 225; 974 224; 975 223; 975 221; 976 220; 976 217; 977 216; 977 203; 978 202; 978 190; 977 189; 964 189; 963 188; 962 188; 961 187
86; 150 194; 149 195; 148 195; 147 196; 145 196; 144 197; 140 197; 138 199; 137 199; 136 200; 126 200; 126 209; 127 210; 127 217; 126 218; 125 218; 125 220; 130 220; 131 221; 131 224; 132 225; 132 229; 133 230; 133 232; 134 233; 134 238; 139 238; 140 239; 145 239; 145 236; 147 234; 160 234; 162 232; 162 223; 161 222; 161 219; 160 218; 160 210; 159 209; 159 208; 158 207; 158 198; 159 197; 159 196; 158 195; 158 194
87; 431 189; 431 193; 428 196; 423 196; 423 197; 421 199; 421 208; 422 209; 422 211; 423 212; 423 214; 424 215; 424 216; 425 217; 425 218; 426 219; 426 220; 427 221; 427 222; 428 223; 428 224; 429 225; 429 227; 430 228; 430 233; 431 234; 431 236; 441 236; 442 235; 448 235; 449 236; 454 236; 455 235; 456 235; 457 234; 458 234; 459 233; 459 228; 457 226; 457 212; 456 211; 456 210; 453 207; 453 206; 451 204; 451 203; 450 202; 450 199; 449 198; 449 197; 448 196; 448 195; 447 194; 446 194; 445 193; 442 193; 441 192; 441 189
88; 845 202; 845 203; 844 204; 844 205; 841 208; 830 208; 830 209; 829 210; 829 217; 828 218; 826 218; 826 223; 829 223; 831 225; 831 226; 832 227; 832 228; 833 229; 833 230; 834 231; 834 247; 846 247; 847 248; 857 248; 857 247; 860 244; 860 236; 859 235; 859 226; 862 223; 862 219; 863 218; 861 216; 861 203; 854 203; 853 202
89; 294 207; 293 208; 289 208; 288 209; 286 209; 285 210; 282 210; 282 211; 281 212; 279 212; 278 213; 272 213; 271 214; 264 214; 264 227; 267 227; 268 228; 268 236; 267 237; 265 237; 266 238; 268 238; 270 240; 289 240; 289 233; 290 232; 296 232; 296 221; 299 218; 305 218; 306 217; 307 217; 307 209; 305 207
90; 677 235; 679 237; 681 237; 682 238; 684 238; 694 248; 695 247; 714 247; 714 236; 715 235; 715 224; 714 224; 713 223; 713 219; 712 219; 711 218; 709 218; 707 216; 707 215; 706 214; 706 210; 703 210; 701 208; 701 205; 698 205
91; 698 205; 696 203; 696 202; 694 200; 694 198; 691 198; 689 196; 689 190; 687 188; 687 183; 686 183; 685 182; 684 182; 684 183; 683 184; 669 184; 669 195; 668 196; 668 211; 669 212; 669 228; 676 235; 677 235
92; 51 203; 49 205; 45 205; 44 206; 40 206; 39 207; 40 208; 40 214; 39 215; 37 215; 35 217; 27 217; 27 228; 28 229; 28 230; 29 231; 29 232; 30 233; 30 236; 31 237; 33 237; 34 238; 34 239; 35 240; 35 242; 37 244; 37 245; 38 246; 38 249; 40 251; 40 253; 50 253; 50 249; 51 248; 52 248; 56 244; 56 243; 60 239; 61 239; 62 238; 63 238; 66 235; 67 235; 70 232; 75 232; 75 222; 73 222; 71 220; 71 217; 69 215; 60 215; 59 214; 59 204; 52 204
93; 84 213; 84 217; 83 218; 82 218; 82 219; 81 220; 81 221; 80 222; 76 222; 76 232; 80 232; 82 234; 82 236; 83 237; 83 242; 84 243; 92 243; 93 242; 95 242; 96 241; 97 241; 98 240; 99 240; 102 237; 111 237; 114 234; 116 234; 117 233; 119 233; 120 232; 122 232; 123 231; 123 221; 124 220; 124 218; 108 218; 107 219; 101 219; 100 218; 100 213
94; 245 212; 245 215; 244 216; 238 216; 237 217; 233 217; 232 218; 219 218; 219 220; 218 221; 218 224; 217 225; 217 234; 218 235; 218 243; 219 244; 219 245; 221 247; 234 247; 235 246; 241 246; 242 245; 261 245; 261 239; 262 238; 265 238; 264 237; 261 237; 258 234; 258 228; 259 227; 263 227; 263 214; 256 214; 255 213; 255 212
95; 913 217; 912 218; 911 218; 908 221; 907 221; 906 222; 902 222; 901 223; 895 223; 893 221; 893 220; 877 220; 877 226; 875 228; 875 229; 874 230; 874 231; 873 232; 873 264; 874 265; 875 265; 876 266; 896 266; 897 265; 900 265; 900 252; 901 251; 901 244; 904 241; 919 241; 920 240; 923 240; 924 239; 925 239; 926 238; 926 229; 925 229; 921 225; 921 217
96; 813 215; 812 216; 803 216; 801 218; 798 218; 797 219; 794 219; 792 221; 792 228; 793 229; 793 232; 794 233; 794 238; 795 239; 795 256; 796 257; 796 258; 798 260; 800 260; 801 261; 812 261; 814 259; 814 258; 815 257; 816 257; 818 255; 824 255; 824 247; 823 246; 823 239; 822 238; 822 235; 821 234; 821 227; 822 226; 822 224; 823 223; 825 223; 825 218; 822 218; 821 217; 821 215
97; 181 229; 180 230; 180 231; 177 234; 173 234; 173 240; 172 241; 172 242; 163 251; 163 252; 162 253; 159 253; 159 257; 160 258; 160 262; 162 262; 163 263; 165 263; 171 269; 172 269; 174 271; 174 272; 178 276; 184 276; 185 275; 186 275; 186 270; 187 269; 187 268; 191 264; 198 264; 200 262; 202 262; 203 261; 204 261; 207 258; 207 250; 206 249; 206 245; 205 244; 205 240; 204 239; 204 238; 203 237; 202 237; 201 236; 196 236; 192 232; 192 231; 190 229
98; 491 221; 489 223; 476 223; 475 224; 472 224; 472 231; 473 232; 473 236; 474 237; 474 247; 478 251; 478 255; 479 256; 479 262; 482 265; 483 265; 484 264; 497 264; 499 262; 504 262; 504 254; 505 253; 505 245; 504 245; 503 244; 503 242; 502 241; 502 239; 500 239; 499 238; 499 221
99; 515 226; 514 227; 511 227; 511 244; 510 245; 506 245; 506 253; 505 254; 505 262; 506 263; 506 266; 507 267; 508 267; 509 268; 511 268; 513 270; 523 270; 523 268; 524 267; 541 267; 541 258; 540 257; 540 251; 539 250; 539 245; 538 244; 538 233; 539 232; 539 231; 538 231; 537 230; 534 230; 533 229; 531 229; 528 226
100; 391 223; 391 230; 388 233; 380 233; 380 244; 382 244; 383 245; 384 245; 387 248; 387 251; 389 253; 389 254; 390 254; 391 255; 392 255; 393 256; 394 256; 396 258; 396 259; 397 260; 397 262; 398 263; 398 264; 399 265; 399 266; 401 268; 401 269; 405 273; 417 273; 418 272; 419 272; 419 265; 420 264; 427 264; 427 261; 428 260; 428 251; 427 251; 426 250; 425 250; 424 249; 421 249; 420 248; 420 247; 418 245; 418 244; 415 241; 410 241; 409 240; 409 232; 408 232; 407 231; 406 231; 405 230; 405 229; 404 228; 404 226; 402 226; 399 223
101; 750 277; 751 287; 763 287; 765 295; 774 295; 783 284; 786 253; 779 247; 774 247; 762 241
102; 762 241; 763 225; 751 223; 750 212; 740 207; 728 207; 725 220; 721 224; 716 224; 715 247; 722 252
103; 722 252; 723 262; 713 266; 713 274; 725 274; 726 283; 743 283; 744 277; 750 277; 762 241
104; 609 242; 604 247; 603 247; 602 248; 601 248; 596 253; 596 259; 594 261; 587 261; 588 261; 589 262; 589 271; 594 271; 595 272; 596 272; 597 273; 597 280; 602 280; 603 281; 603 284; 604 284; 605 283; 606 283; 606 280; 607 279; 607 278; 609 276; 610 276; 612 274; 613 274; 616 271; 616 270; 618 268; 618 267; 620 265; 621 265; 629 257; 629 249; 623 243; 623 242
105; 134 239; 134 243; 133 244; 132 244; 131 245; 113 245; 113 246; 112 247; 112 250; 111 251; 111 252; 110 253; 110 264; 111 265; 111 272; 117 272; 118 273; 121 273; 122 274; 135 274; 136 275; 137 275; 138 276; 140 276; 141 277; 141 280; 142 280; 142 278; 143 277; 151 277; 151 274; 153 272; 153 271; 155 269; 155 263; 156 262; 159 262; 159 258; 158 257; 158 253; 154 253; 153 252; 153 248; 151 246; 148 246; 145 243; 145 240; 140 240; 139 239
106; 648 264; 646 265; 646 271; 643 275; 643 284; 647 285; 647 289; 667 289; 668 286; 675 286; 676 288; 676 283; 682 279; 683 275; 690 274; 690 260
107; 690 260; 692 257; 693 248; 684 239; 676 236; 668 228; 661 230; 660 241; 649 242; 648 264
108; 927 238; 925 240; 924 240; 923 241; 920 241; 919 242; 911 242; 911 243; 913 245; 913 246; 914 247; 914 249; 915 250; 915 257; 909 263; 908 263; 908 271; 918 271; 919 272; 919 282; 922 285; 932 285; 933 284; 934 284; 935 283; 936 283; 937 282; 939 282; 940 281; 943 281; 944 280; 947 280; 948 279; 949 279; 953 275; 956 275; 957 274; 958 274; 959 273; 959 265; 958 264; 958 263; 953 258; 953 247; 951 245; 951 240; 943 240; 943 241; 942 242; 939 242; 938 243; 932 243; 931 242; 931 240; 930 240; 928 238
109; 459 234; 458 235; 457 235; 456 236; 455 236; 454 237; 454 243; 453 244; 451 244; 450 245; 447 245; 446 246; 444 246; 442 248; 442 258; 443 259; 443 262; 444 263; 444 265; 445 266; 445 273; 444 274; 444 275; 443 276; 436 276; 436 285; 437 286; 443 286; 444 287; 447 287; 450 290; 455 290; 456 289; 458 289; 461 286; 468 286; 468 283; 469 282; 469 281; 471 279; 480 279; 480 268; 482 266; 478 262; 478 256; 477 255; 477 251; 473 247; 467 247; 465 245; 465 236; 464 235; 464 234
110; 568 240; 568 247; 565 250; 559 250; 559 259; 558 260; 551 260; 550 261; 542 261; 542 270; 549 277; 549 278; 552 281; 552 282; 554 284; 555 284; 556 285; 557 285; 558 286; 558 287; 561 290; 561 291; 567 297; 567 298; 575 298; 575 297; 577 295; 577 294; 581 290; 582 290; 587 285; 587 272; 582 272; 579 269; 579 263; 580 262; 581 262; 582 261; 586 261; 584 261; 583 260; 583 252; 581 250; 581 240
111; 40 254; 40 258; 39 259; 36 259; 35 260; 26 260; 26 275; 40 275; 41 276; 41 283; 40 284; 39 284; 39 291; 40 292; 40 299; 44 299; 45 300; 45 303; 53 303; 54 302; 62 302; 62 299; 63 298; 63 292; 64 291; 64 289; 65 288; 65 287; 66 286; 71 286; 71 280; 72 279; 72 273; 71 272; 68 272; 66 270; 66 266; 57 266; 56 265; 56 256; 51 256; 50 255; 50 254
112; 320 270; 317 264; 282 266; 278 269; 272 270; 270 273; 270 291; 279 291; 281 297; 291 297; 309 293; 320 293
113; 320 293; 321 296; 326 296; 342 285; 342 278; 361 259; 361 251; 351 251; 326 270; 320 270
114; 207 259; 204 262; 203 262; 202 263; 200 263; 198 265; 198 276; 197 277; 187 277; 186 276; 185 276; 184 277; 183 277; 183 293; 184 294; 188 294; 189 295; 190 295; 194 299; 194 300; 195 301; 195 307; 198 307; 199 308; 201 308; 202 309; 212 309; 212 305; 213 304; 213 301; 215 299; 215 298; 222 291; 222 290; 223 289; 223 288; 224 287; 224 285; 225 284; 225 283; 227 281; 228 281; 229 280; 231 280; 231 270; 217 270; 216 269; 216 268; 215 267; 215 266; 214 265; 214 263; 211 260; 211 259
115; 969 265; 969 266; 968 267; 968 268; 967 269; 967 274; 966 275; 966 281; 965 282; 965 283; 964 284; 964 285; 963 286; 963 295; 964 296; 971 296; 972 297; 973 297; 974 298; 988 298; 989 299; 989 309; 991 311; 1000 311; 1001 310; 1001 300; 1002 299; 1013 299; 1016 302; 1023 302; 1023 283; 1017 283; 1015 285; 1009 285; 1008 284; 1008 276; 1007 276; 1006 275; 999 275; 998 274; 997 274; 996 273; 993 273; 992 272; 990 272; 989 271; 985 271; 984 270; 981 270; 977 266; 977 265
116; 239 268; 239 269; 238 270; 232 270; 232 280; 235 280; 236 281; 236 287; 235 288; 235 290; 234 291; 234 292; 233 293; 233 294; 232 295; 232 306; 233 307; 233 311; 234 312; 255 312; 256 313; 256 316; 257 315; 257 312; 262 307; 262 296; 263 295; 263 293; 265 291; 269 291; 269 273; 264 273; 263 272; 260 272; 259 271; 257 271; 256 270; 252 270; 251 269; 249 269; 248 268
117; 80 271; 80 272; 79 273; 73 273; 73 279; 72 280; 72 286; 73 287; 73 298; 74 299; 74 304; 75 305; 94 305; 95 306; 97 306; 98 307; 99 307; 100 308; 101 308; 102 309; 111 309; 112 308; 112 307; 113 306; 113 303; 114 302; 114 301; 117 298; 118 298; 119 297; 123 297; 123 291; 122 291; 121 290; 121 289; 120 288; 120 286; 119 285; 119 284; 118 283; 114 283; 113 282; 109 282; 108 281; 108 277; 103 277; 102 276; 99 276; 98 275; 96 275; 95 274; 94 274; 93 273; 91 273; 90 272; 89 272; 88 271
118; 849 260; 848 261; 847 261; 847 275; 845 277; 844 277; 842 279; 841 279; 840 280; 840 289; 844 289; 845 290; 846 290; 847 291; 848 291; 856 299; 856 300; 857 301; 857 302; 858 303; 858 304; 859 305; 859 307; 880 307; 880 300; 882 298; 883 298; 884 297; 884 296; 886 294; 886 286; 883 283; 882 283; 881 282; 880 282; 878 280; 877 280; 875 278; 874 278; 872 276; 871 276; 870 275; 869 275; 868 274; 867 274; 859 266; 859 265; 858 264; 858 263; 857 262; 857 260
119; 343 285; 340 288; 339 288; 337 290; 335 290; 334 291; 333 291; 329 295; 328 295; 327 296; 327 313; 338 313; 339 314; 342 314; 343 315; 346 315; 347 316; 350 316; 353 319; 353 321; 365 321; 365 318; 368 315; 368 302; 369 301; 369 300; 370 299; 370 287; 360 287; 359 286; 345 286; 344 285
120; 726 284; 726 293; 725 294; 718 294; 717 295; 717 296; 716 297; 716 298; 715 299; 715 312; 718 315; 723 315; 724 316; 729 316; 732 319; 740 319; 741 320; 742 320; 744 322; 744 325; 748 325; 749 326; 753 326; 753 325; 754 324; 754 311; 758 307; 759 307; 759 299; 758 299; 757 298; 756 298; 755 297; 754 297; 753 296; 752 296; 750 294; 750 291; 744 291; 743 290; 743 284
121; 128 308; 122 311; 117 326; 111 327; 111 347; 120 351; 122 354; 122 360; 129 361; 136 355; 139 343; 145 336; 148 336; 148 331; 152 324
122; 152 324; 167 326; 170 297; 155 290; 152 286; 143 285; 142 281; 140 284; 132 284; 128 291; 124 291; 124 297; 128 302; 128 308
123; 674 296; 668 296; 667 290; 647 290; 645 293; 645 313; 647 325; 670 325
124; 670 325; 676 334; 685 334; 688 328; 691 327; 691 323; 693 321; 699 321; 703 317; 705 313; 705 299; 687 290; 676 289; 676 293; 674 296
125; 3 322; 4 323; 5 323; 6 324; 6 325; 7 326; 7 327; 8 328; 8 329; 9 330; 15 330; 16 331; 34 331; 34 313; 36 311; 36 302; 37 301; 37 300; 38 299; 39 299; 39 292; 38 291; 38 284; 21 284; 20 283; 18 283
126; 18 283; 16 281; 16 280; 15 279; 15 266; 19 262; 25 262; 25 249; 23 247; 23 244; 18 244; 17 243; 15 243; 14 242; 13 242; 7 236; 7 233; 0 233; 0 322; 3 322
127; 467 299; 465 301; 465 302; 464 303; 464 304; 463 305; 463 306; 462 307; 462 321; 461 322; 460 322; 460 326; 459 327; 459 329; 458 330; 458 341; 459 341; 460 342; 462 342; 463 343; 465 343; 466 344; 471 344; 472 345; 473 345; 475 347; 484 347; 485 346; 485 338; 486 337; 486 336; 487 335; 487 334; 488 333; 488 332; 489 331; 489 330; 490 329; 490 322; 491 321; 491 319; 492 318; 492 317; 493 316; 493 308; 489 308; 485 304; 485 303; 484 302; 484 299
128; 533 299; 532 300; 529 300; 528 301; 527 301; 526 302; 504 302; 504 332; 514 332; 515 331; 539 331; 541 329; 542 329; 544 327; 544 316; 545 315; 545 313; 548 310; 548 302; 547 301; 547 300; 546 299
129; 600 327; 592 328; 585 324; 581 319; 573 319; 573 334; 575 334; 582 341; 584 347; 593 354; 602 354; 606 350; 612 350; 612 344; 610 343; 611 334
130; 611 334; 626 334; 629 328; 637 327; 637 318; 628 312; 618 299; 612 287; 607 287; 606 284; 603 285; 602 291; 599 294; 591 296; 591 305; 600 321; 600 327
131; 413 311; 412 312; 412 313; 410 315; 410 326; 411 327; 411 329; 412 330; 412 331; 413 332; 413 334; 414 335; 414 351; 415 352; 415 355; 431 355; 431 353; 432 352; 442 352; 442 339; 441 338; 441 331; 442 330; 442 309
132; 442 309; 446 305; 450 305; 450 291; 447 288; 444 288; 443 287; 437 287; 436 286; 427 286; 426 285; 426 274; 424 274; 423 273; 422 273; 421 272; 420 272; 419 273; 418 273; 417 274; 407 274; 407 293; 405 295; 405 304; 412 304; 413 305; 413 311
133; 171 302; 169 304; 169 313; 168 314; 168 326; 169 327; 170 327; 183 340; 184 340; 189 345; 197 345; 198 344; 199 344; 200 343; 204 343; 204 336; 207 333; 208 333; 209 332; 210 332; 210 323; 207 320; 206 320; 202 316; 202 310; 201 309; 199 309; 198 308; 188 308; 183 303; 173 303; 172 302
134; 279 307; 279 325; 278 326; 278 337; 283 337; 284 338; 285 338; 286 339; 296 339; 297 338; 304 338; 305 339; 315 339; 316 338; 316 337; 317 336; 317 335; 318 334; 318 325; 317 324; 317 312; 309 312; 308 311; 302 311; 301 310; 299 310; 298 309; 295 309; 294 308; 291 308; 290 307
135; 902 308; 898 312; 898 315; 897 316; 897 323; 896 324; 896 344; 894 346; 894 355; 903 355; 904 354; 905 354; 906 353; 907 353; 910 350; 926 350; 926 333; 927 332; 927 331; 928 330; 928 329; 929 328; 930 328; 930 327; 931 326; 931 325; 932 324; 932 313; 931 312; 931 311; 930 310; 923 310; 922 309; 911 309; 910 308
136; 54 303; 53 304; 45 304; 45 310; 44 311; 37 311; 35 313; 35 358; 36 358; 37 359; 39 359; 40 360; 41 360; 42 361; 43 361; 44 362; 61 362; 64 359; 64 355; 65 354; 69 354; 69 346; 65 346; 64 345; 64 339; 65 338; 69 338; 69 320; 66 317; 64 317; 63 316; 63 306; 62 305; 62 303
137; 859 308; 859 311; 858 312; 848 312; 848 324; 847 325; 844 325; 842 327; 842 328; 841 329; 841 342; 851 342; 852 343; 854 343; 855 344; 857 344; 858 345; 859 345; 860 346; 861 346; 862 347; 864 347; 865 348; 868 348; 869 349; 869 352; 875 352; 875 350; 876 349; 881 349; 882 348; 882 347; 883 346; 883 338; 881 336; 881 329; 882 328; 885 328; 885 320; 884 319; 884 318; 883 317; 882 317; 880 315; 880 308
138; 706 313; 704 315; 704 317; 700 321; 700 328; 698 330; 696 330; 696 334; 695 335; 695 337; 694 338; 694 339; 693 340; 693 341; 692 342; 692 353; 694 353; 695 354; 697 354; 698 353; 705 353; 707 355; 707 362; 715 362; 715 361; 716 360; 716 354; 717 353; 717 352; 720 349; 720 348; 722 346; 728 346; 731 343; 731 339; 732 338; 732 320; 729 317; 724 317; 723 316; 718 316; 715 313
139; 78 315; 76 317; 76 319; 75 320; 70 320; 70 338; 71 338; 72 339; 72 345; 71 346; 70 346; 70 354; 80 354; 81 355; 83 355; 87 359; 100 359; 100 354; 101 353; 101 351; 102 350; 102 349; 104 347; 110 347; 110 327; 109 326; 109 318; 94 318; 93 317; 92 317; 91 316; 90 316; 89 315
140; 353 322; 353 325; 350 328; 349 328; 348 329; 348 342; 346 344; 346 345; 345 346; 345 348; 349 352; 355 352; 356 353; 359 353; 365 359; 372 359; 373 360; 374 360; 375 361; 385 361; 385 351; 386 350; 387 350; 388 349; 389 349; 391 347; 391 337; 390 337; 389 336; 388 336; 386 334; 385 334; 384 333; 384 332; 383 332; 382 331; 381 331; 380 330; 374 330; 373 329; 372 329; 371 328; 370 328; 367 325; 366 325; 365 324; 365 322
141; 257 316; 256 317; 256 319; 254 321; 254 324; 253 325; 239 325; 238 326; 236 326; 236 334; 237 335; 237 336; 238 337; 238 338; 239 339; 239 341; 240 342; 240 351; 241 352; 241 353; 242 354; 242 363; 255 363; 256 362; 271 362; 272 363; 273 362; 273 353; 272 352; 272 351; 271 350; 271 344; 270 343; 270 339; 269 338; 269 336; 268 335; 268 333; 267 332; 267 331; 266 330; 266 329; 265 328; 265 320; 264 319; 258 319; 257 318
142; 744 326; 744 328; 743 329; 741 329; 740 330; 733 330; 733 338; 732 339; 732 343; 729 346; 729 355; 733 359; 734 359; 737 362; 737 365; 745 365; 746 366; 748 366; 749 367; 750 367; 751 368; 752 368; 753 369; 754 369; 755 370; 756 370; 757 371; 758 371; 760 373; 760 375; 761 376; 764 376; 765 377; 765 378; 769 378; 769 359; 772 356; 773 356; 774 355; 774 343; 769 343; 768 342; 767 342; 766 341; 765 341; 764 340; 763 340; 762 339; 761 339; 760 338; 759 338; 753 332; 753 327; 749 327; 748 326
143; 0 337; 0 368; 10 368; 11 369; 14 369; 15 370; 23 370; 24 369; 24 368; 25 367; 25 355; 26 354; 26 352; 27 351; 27 341; 22 341; 21 340; 18 340; 17 339; 13 339; 12 338; 5 338; 4 337
144; 944 335; 944 350; 943 351; 942 351; 941 352; 930 352; 930 363; 929 364; 928 364; 924 368; 924 376; 932 376; 933 375; 934 375; 936 373; 936 366; 937 365; 960 365; 961 366; 962 366; 963 367; 964 367; 965 368; 966 368; 967 369; 981 369; 984 366; 985 366; 986 365; 986 360; 985 359; 985 358; 984 357; 984 342; 980 338; 979 338; 978 337; 970 337; 969 336; 954 336; 953 335
145; 651 333; 651 334; 650 335; 646 335; 646 347; 645 348; 639 348; 636 345; 626 345; 625 344; 613 344; 613 350; 614 351; 614 358; 613 359; 613 361; 612 362; 612 363; 611 364; 611 366; 610 367; 610 368; 609 369; 609 372; 608 373; 608 384; 617 384; 619 386; 627 386; 627 379; 628 378; 628 376; 629 375; 629 370; 630 369; 630 368; 631 367; 643 367; 643 366; 644 365; 644 363; 646 361; 652 361; 652 352; 651 351; 651 344; 652 343; 654 343; 654 342; 655 341; 659 341; 659 333
146; 285 347; 285 349; 284 350; 284 351; 283 352; 283 354; 282 355; 282 357; 281 358; 281 364; 292 375; 292 376; 295 379; 306 379; 307 380; 310 380; 311 381; 322 381; 322 379; 321 379; 320 378; 320 362; 322 360; 324 360; 325 359; 325 351; 324 350; 320 350; 319 349; 317 349; 316 348; 299 348; 298 347
147; 508 380; 506 404; 498 405; 496 408; 495 423; 498 424; 499 421; 506 421; 517 431; 527 431; 534 403; 534 389; 527 388
148; 527 388; 530 350; 486 346; 485 363; 488 366; 488 375; 504 376; 508 380
149; 152 339; 152 353; 151 354; 146 354; 143 357; 142 357; 142 366; 143 367; 143 369; 144 370; 146 370; 147 371; 152 371; 153 372; 156 372; 157 373; 162 373; 163 374; 164 374; 169 379; 169 383; 170 384; 170 382; 171 381; 178 381; 180 379; 186 379; 187 380; 196 380; 196 374; 197 373; 199 373; 199 371; 195 371; 194 370; 194 356; 187 356; 185 354; 184 354; 183 353; 182 353; 181 352; 179 352; 178 351; 177 351; 176 350; 175 350; 174 349; 173 349; 167 343; 166 343; 164 341; 163 341; 161 339
150; 842 393; 851 390; 853 384; 857 383; 857 366; 847 362; 845 354; 838 351; 813 372; 813 385
151; 813 385; 810 389; 796 391; 797 405; 804 404; 816 417; 828 417; 842 393
152; 838 351; 833 344; 826 344; 818 330; 806 326; 805 313; 795 312; 792 317; 786 318; 783 328; 777 331; 777 342; 781 342; 801 357; 803 367; 813 372
153; 343 348; 340 351; 340 352; 338 354; 338 362; 334 366; 333 366; 332 367; 331 367; 330 368; 329 368; 328 369; 328 378; 327 379; 323 379; 323 381; 324 381; 325 382; 325 387; 333 387; 333 386; 334 385; 340 385; 341 386; 341 393; 340 394; 340 402; 341 403; 341 409; 342 409; 343 408; 350 408; 353 405; 355 405; 356 404; 359 404; 361 402; 361 391; 362 390; 363 390; 363 389; 365 387; 366 387; 367 386; 368 386; 371 383; 375 383; 375 371; 374 371; 373 370; 371 370; 370 369; 369 369; 367 367; 366 367; 365 366; 365 360; 359 354; 356 354; 355 353; 349 353; 344 348
154; 662 345; 662 356; 661 357; 653 357; 653 367; 655 369; 655 370; 656 370; 658 372; 659 372; 661 374; 662 374; 663 375; 663 376; 665 376; 666 377; 666 385; 671 385; 672 386; 676 386; 677 387; 688 387; 689 386; 689 385; 690 384; 690 383; 691 382; 692 382; 693 381; 693 377; 694 376; 694 375; 695 374; 695 372; 696 371; 696 370; 697 369; 697 355; 695 355; 694 354; 692 354; 691 355; 684 355; 683 354; 675 354; 675 360; 674 361; 667 361; 666 360; 666 354; 667 353; 670 353; 670 345
155; 415 356; 415 358; 414 359; 396 359; 396 360; 395 361; 395 376; 394 377; 394 387; 395 387; 396 388; 403 388; 404 389; 418 389; 419 390; 421 390; 422 391; 434 391; 436 389; 436 381; 435 380; 435 362; 434 361; 433 361; 431 359; 431 356
156; 869 353; 869 355; 868 356; 866 356; 866 357; 865 358; 865 360; 864 361; 864 362; 860 366; 858 366; 858 383; 860 383; 861 384; 863 384; 864 385; 865 385; 866 386; 867 386; 868 387; 869 387; 871 389; 871 394; 874 394; 875 395; 878 395; 879 394; 891 394; 893 392; 895 392; 895 387; 898 384; 898 383; 901 380; 902 380; 903 379; 905 379; 905 371; 897 371; 896 370; 895 370; 894 369; 893 369; 892 368; 891 368; 887 364; 886 364; 884 362; 883 362; 880 359; 879 359; 877 357; 876 357; 875 356; 875 353
157; 216 351; 216 357; 212 361; 207 361; 206 362; 204 362; 202 364; 202 370; 201 371; 200 371; 200 373; 203 373; 205 375; 205 376; 206 377; 207 377; 208 378; 209 378; 213 382; 213 385; 214 386; 214 393; 218 393; 221 396; 221 397; 228 397; 229 396; 236 396; 236 391; 237 390; 246 390; 248 388; 248 380; 247 379; 246 379; 242 375; 242 373; 241 372; 241 371; 240 370; 240 365; 232 365; 231 364; 231 357; 225 351
158; 122 361; 122 362; 121 363; 119 363; 118 364; 116 364; 115 365; 113 365; 112 366; 110 366; 109 367; 99 367; 98 368; 97 368; 96 369; 94 369; 93 370; 91 370; 90 371; 89 371; 87 373; 87 377; 84 380; 83 380; 82 381; 75 381; 74 382; 74 383; 73 384; 73 385; 72 386; 72 387; 71 388; 71 389; 69 391; 69 392; 75 398; 76 398; 77 399; 78 399; 81 396; 82 396; 84 394; 90 394; 91 395; 91 397; 92 398; 92 399; 93 399; 94 400; 107 400; 108 399; 109 399; 113 395; 114 395; 115 394; 116 394; 117 393; 121 393; 122 392; 131 392; 132 391; 133 391; 134 390; 134 382; 133 381; 133 380; 132 379; 132 377; 131 376; 131 371; 130 370; 130 367; 129 366; 129 362; 126 362; 125 361
159; 986 366; 985 367; 984 367; 981 370; 981 377; 978 380; 978 381; 972 387; 971 387; 969 389; 968 389; 967 390; 967 398; 973 398; 975 400; 975 407; 978 410; 978 411; 979 411; 980 412; 988 412; 993 407; 994 407; 996 405; 997 405; 1000 402; 1006 402; 1009 399; 1009 395; 1010 394; 1010 385; 1008 383; 1007 383; 1006 382; 1006 381; 1005 380; 1005 378; 1004 377; 1004 376; 1002 374; 1001 374; 1000 373; 998 373; 996 371; 996 370; 995 369; 995 368; 993 366
160; 273 363; 272 364; 272 373; 271 374; 268 374; 266 376; 266 377; 265 378; 265 379; 264 380; 264 382; 263 383; 263 387; 262 388; 262 389; 260 391; 260 392; 259 393; 259 394; 258 395; 258 399; 257 400; 257 402; 256 403; 256 404; 253 407; 253 418; 256 418; 257 419; 258 419; 259 420; 259 427; 267 427; 269 425; 276 425; 277 424; 278 424; 279 423; 279 422; 280 421; 280 417; 281 416; 281 415; 282 414; 282 413; 284 411; 284 405; 285 404; 292 404; 294 406; 294 398; 295 397; 295 390; 296 389; 296 388; 295 387; 295 380; 291 376; 291 375; 280 364; 274 364
161; 724 376; 723 377; 718 377; 717 378; 705 378; 704 379; 704 380; 703 381; 703 393; 702 394; 702 405; 725 405; 726 406; 730 406; 731 407; 742 407; 743 406; 743 389; 744 388; 748 388; 748 384; 746 384; 745 383; 745 379; 743 377; 742 377; 741 376
162; 765 379; 765 383; 764 384; 749 384; 749 388; 750 388; 751 389; 751 392; 752 393; 752 408; 753 409; 753 410; 756 413; 773 413; 774 414; 788 414; 789 415; 794 415; 795 414; 797 414; 797 406; 784 406; 783 405; 783 397; 784 396; 788 396; 789 395; 789 393; 790 392; 794 392; 795 391; 793 391; 792 390; 792 380; 791 379; 782 379; 781 380; 778 380; 777 381; 770 381; 769 380; 769 379
163; 681 432; 681 441; 686 441; 693 448; 707 469; 718 466; 718 459; 727 454; 727 446; 725 444; 711 444; 708 440; 708 434; 720 433; 720 423; 709 416; 695 416
164; 695 416; 694 409; 677 394; 676 387; 654 387; 651 395; 644 401; 644 414; 657 416; 660 419; 660 425; 667 425; 673 432; 681 432
165; 50 391; 48 393; 47 393; 43 397; 43 405; 46 408; 47 408; 48 409; 49 409; 50 410; 51 410; 54 413; 54 414; 55 415; 56 415; 57 416; 65 416; 67 414; 67 413; 69 411; 69 410; 70 409; 70 408; 71 407; 71 406; 77 400; 76 399; 75 399; 69 393; 67 393; 66 394; 60 394; 59 393; 59 392; 58 391
166; 296 390; 296 397; 295 398; 295 407; 296 408; 296 409; 297 410; 297 422; 299 422; 299 421; 300 420; 313 420; 314 421; 320 421; 321 422; 321 424; 337 424; 337 421; 338 420; 338 419; 339 418; 339 412; 341 410; 340 409; 340 403; 339 402; 339 395; 338 396; 332 396; 331 395; 325 395; 324 394; 324 391; 307 391; 306 390
167; 538 376; 538 377; 537 378; 537 380; 536 381; 536 388; 535 389; 535 403; 540 403; 541 404; 541 413; 542 414; 547 414; 548 415; 548 422; 550 424; 576 424; 576 422; 577 421; 577 406; 578 405; 583 405; 583 395; 582 394; 582 393; 569 393; 568 392; 566 392; 565 391; 562 391; 561 390; 559 390; 558 389; 556 389; 555 388; 554 388; 553 387; 552 387; 546 381; 546 376
168; 145 383; 145 389; 144 390; 144 393; 143 394; 143 395; 142 396; 142 398; 141 399; 141 400; 140 401; 140 403; 139 404; 139 405; 138 406; 138 407; 137 408; 137 412; 135 414; 135 422; 136 422; 137 423; 139 423; 140 424; 140 425; 141 426; 141 429; 152 429; 154 431; 162 431; 163 430; 164 430; 165 429; 165 428; 166 427; 172 427; 172 413; 173 412; 173 398; 172 397; 172 389; 171 389; 170 388; 170 385; 169 384; 169 385; 168 386; 160 386; 159 385; 158 385; 157 384; 156 384; 155 383
169; 595 394; 594 395; 594 402; 592 404; 592 412; 591 413; 589 413; 589 421; 602 421; 603 422; 604 422; 606 424; 614 424; 616 426; 618 426; 621 423; 622 423; 627 418; 628 418; 633 413; 632 412; 632 397; 620 397; 619 396; 615 396; 614 395; 605 395; 604 394
170; 180 389; 180 397; 179 398; 174 398; 174 412; 173 413; 173 427; 174 427; 175 428; 175 429; 176 429; 177 430; 178 430; 179 431; 180 431; 181 432; 189 432; 192 435; 192 436; 200 436; 200 432; 201 431; 201 428; 202 427; 202 424; 203 423; 203 420; 204 419; 204 417; 205 416; 210 416; 210 412; 211 411; 211 407; 210 407; 209 406; 209 395; 200 395; 199 394; 199 393; 197 391; 196 391; 195 390; 194 390; 193 389
171; 446 394; 446 395; 445 396; 445 397; 444 398; 444 399; 443 400; 443 401; 441 403; 441 404; 440 405; 440 407; 439 408; 439 409; 438 410; 438 412; 437 413; 437 414; 436 415; 436 416; 433 419; 433 426; 434 427; 434 431; 436 431; 437 430; 438 430; 439 429; 445 429; 446 430; 446 439; 455 439; 456 438; 463 438; 467 434; 467 429; 468 428; 468 422; 471 419; 471 412; 473 410; 473 401; 471 399; 462 399; 460 397; 459 397; 457 395; 456 395; 455 394
172; 229 397; 228 398; 221 398; 221 402; 219 404; 219 405; 217 407; 212 407; 212 411; 211 412; 211 416; 212 417; 212 418; 213 419; 213 420; 215 422; 215 423; 220 428; 220 429; 221 430; 221 432; 222 433; 222 435; 223 436; 223 437; 224 438; 224 439; 225 440; 225 441; 226 442; 226 443; 227 444; 227 445; 228 446; 228 447; 229 448; 229 449; 236 449; 237 448; 244 448; 244 443; 245 442; 246 442; 248 440; 255 440; 255 429; 252 429; 248 425; 248 419; 246 419; 245 418; 245 416; 244 415; 244 413; 242 411; 242 409; 241 408; 241 407; 240 406; 240 403; 239 402; 239 401; 236 398; 236 397
173; 871 395; 870 396; 861 396; 860 397; 860 398; 859 399; 859 400; 855 404; 855 405; 852 408; 847 408; 847 416; 850 419; 851 419; 852 420; 853 420; 854 421; 855 421; 856 422; 856 428; 860 432; 865 432; 866 433; 870 433; 874 437; 886 437; 887 436; 887 425; 888 424; 891 424; 892 423; 894 423; 897 420; 897 412; 895 410; 894 410; 892 408; 892 407; 891 406; 890 406; 889 405; 888 405; 887 404; 885 404; 884 403; 882 403; 881 402; 879 402; 878 401; 878 396; 875 396; 874 395
174; 925 385; 925 386; 924 387; 924 390; 923 391; 923 392; 922 393; 922 395; 921 396; 921 397; 919 399; 919 400; 918 401; 918 402; 917 403; 917 404; 915 406; 915 407; 914 408; 914 410; 913 411; 913 413; 912 414; 912 416; 911 417; 911 425; 916 430; 916 431; 917 432; 925 432; 927 434; 928 434; 929 435; 938 435; 938 432; 940 430; 940 429; 941 428; 941 422; 942 421; 942 417; 943 416; 943 415; 944 414; 944 412; 945 411; 945 410; 946 409; 946 407; 947 406; 947 405; 949 403; 949 394; 944 394; 943 393; 942 393; 941 392; 940 392; 939 391; 937 391; 936 390; 936 389; 935 388; 935 387; 934 386; 934 385
175; 370 402; 369 403; 361 403; 359 405; 356 405; 355 406; 353 406; 350 409; 350 421; 353 424; 353 430; 352 431; 353 432; 358 432; 359 433; 359 434; 360 435; 360 436; 361 437; 361 438; 362 439; 362 440; 363 441; 363 442; 364 443; 364 445; 365 446; 365 447; 366 448; 366 453; 371 453; 372 454; 377 454; 377 453; 378 452; 381 452; 381 446; 382 445; 393 445; 393 436; 394 435; 394 431; 393 431; 392 430; 391 430; 390 429; 389 429; 387 427; 387 426; 386 425; 386 424; 384 422; 384 420; 383 419; 383 416; 382 415; 382 413; 381 412; 381 407; 380 406; 380 404; 378 402
176; 543 422; 543 424; 542 425; 542 433; 541 434; 541 443; 554 443; 555 444; 569 444; 569 442; 571 440; 571 439; 572 438; 572 425; 550 425; 547 422
177; 633 414; 628 419; 627 419; 622 424; 621 424; 618 427; 619 428; 619 434; 615 438; 615 446; 619 450; 619 455; 620 456; 620 462; 624 466; 625 465; 641 465; 641 454; 644 451; 650 451; 660 441; 660 426; 653 426; 650 423; 650 417; 649 416; 648 416; 647 415; 635 415; 634 414
178; 432 420; 430 422; 420 422; 419 423; 405 423; 405 424; 404 425; 404 427; 403 428; 403 432; 402 433; 402 434; 401 435; 395 435; 394 436; 394 452; 392 454; 392 467; 398 467; 399 468; 400 468; 401 469; 402 469; 403 470; 405 470; 406 471; 406 473; 407 474; 407 476; 417 476; 417 472; 418 471; 418 470; 420 468; 420 454; 421 453; 432 453; 432 435; 433 434; 433 433; 434 432; 433 431; 433 427; 432 426
179; 472 419; 469 422; 469 428; 468 429; 468 434; 464 438; 464 449; 463 450; 463 459; 464 460; 465 460; 467 462; 468 462; 469 463; 471 463; 473 465; 473 472; 483 472; 489 466; 489 450; 490 449; 498 449; 499 448; 499 444; 500 443; 500 439; 501 438; 501 431; 498 428; 498 425; 497 425; 496 424; 495 424; 495 426; 494 427; 487 427; 481 421; 480 421; 479 420; 478 420; 477 419
180; 1011 385; 1011 394; 1010 395; 1010 399; 1007 402; 1007 411; 1009 413; 1009 420; 1004 425; 1004 426; 1002 428; 1002 429; 1000 431; 999 431; 994 436; 994 452; 1000 452; 1001 453; 1003 453; 1004 454; 1005 454; 1006 455; 1007 455; 1011 459; 1011 460; 1013 462; 1013 463; 1016 466; 1023 466; 1023 388; 1016 388; 1015 387; 1013 387
181; 795 415; 794 416; 792 416; 792 423; 791 424; 789 424; 788 425; 787 425; 785 427; 784 427; 782 429; 782 438; 783 438; 785 440; 785 441; 786 442; 786 443; 790 447; 790 455; 802 455; 803 456; 812 456; 815 459; 820 459; 820 454; 821 453; 821 452; 823 450; 826 450; 826 442; 822 442; 819 439; 819 438; 818 437; 818 436; 817 435; 817 434; 814 431; 814 430; 810 426; 810 425; 806 425; 805 424; 805 416; 802 416; 801 415
182; 321 425; 321 428; 320 429; 310 429; 309 430; 309 438; 310 439; 310 453; 311 454; 311 463; 310 464; 311 465; 318 465; 320 467; 320 469; 330 469; 330 465; 331 464; 334 464; 335 463; 344 463; 346 461; 347 461; 348 460; 350 460; 351 459; 351 450; 352 449; 352 440; 351 439; 351 433; 352 432; 351 431; 346 431; 345 430; 338 430; 337 429; 337 425
183; 845 429; 844 430; 843 430; 839 434; 837 434; 836 435; 835 435; 834 436; 833 436; 832 437; 832 438; 831 439; 831 440; 830 441; 829 441; 828 442; 827 442; 827 450; 833 450; 834 451; 836 451; 837 452; 838 452; 840 454; 841 454; 845 458; 845 459; 847 461; 847 462; 851 466; 852 466; 856 470; 875 470; 875 460; 879 456; 879 448; 878 448; 874 444; 874 438; 870 434; 866 434; 865 433; 860 433; 856 429
184; 959 428; 959 429; 956 432; 951 432; 951 439; 950 440; 950 441; 949 442; 949 451; 950 452; 950 453; 959 462; 962 462; 963 463; 963 466; 964 467; 965 467; 971 473; 985 473; 985 467; 986 466; 986 465; 988 463; 989 463; 992 460; 992 453; 993 452; 993 446; 987 446; 986 445; 985 445; 984 444; 983 444; 981 442; 981 441; 979 439; 979 438; 978 438; 973 433; 972 433; 967 428
185; 111 419; 108 422; 108 423; 105 426; 104 426; 103 427; 96 427; 94 429; 94 437; 95 438; 95 439; 97 441; 97 442; 103 448; 103 449; 104 450; 104 452; 105 453; 105 454; 106 455; 106 457; 107 458; 107 459; 109 461; 109 462; 111 464; 111 465; 112 466; 130 466; 130 465; 131 464; 131 461; 133 459; 134 459; 135 458; 136 458; 137 457; 139 457; 139 448; 138 448; 137 447; 136 447; 135 446; 135 445; 133 443; 133 441; 132 440; 132 439; 131 438; 131 437; 130 436; 129 436; 124 431; 124 430; 122 428; 122 426; 121 425; 121 419
186; 540 444; 540 446; 539 447; 535 447; 535 463; 536 463; 537 464; 539 464; 540 465; 541 465; 542 466; 543 466; 544 467; 544 473; 549 473; 551 475; 561 475; 567 469; 567 466; 569 464; 569 463; 567 461; 567 451; 568 450; 568 445; 555 445; 554 444
187; 17 463; 23 469; 24 469; 25 470; 26 470; 28 472; 29 472; 31 474; 32 474; 33 475; 33 476; 36 479; 36 483; 44 483; 48 479; 55 479; 56 478; 56 470; 57 469; 57 461; 59 459; 59 456; 58 455; 57 455; 56 454; 55 454; 54 453; 53 453; 51 451; 50 451; 45 446; 44 446; 41 443; 40 443; 38 441; 37 441
188; 37 441; 32 436; 18 436; 17 435; 17 423; 16 422; 16 420; 12 416; 12 410; 0 410; 0 461; 5 461; 6 462; 15 462; 16 463; 17 463
189; 502 438; 501 439; 501 443; 500 444; 500 448; 499 449; 499 460; 498 461; 498 462; 497 463; 497 465; 496 466; 490 466; 483 473; 483 481; 486 481; 487 482; 501 482; 502 481; 503 481; 504 480; 511 480; 512 481; 523 481; 523 473; 524 472; 524 471; 525 470; 525 469; 527 467; 527 466; 528 465; 528 464; 529 463; 534 463; 534 447; 533 447; 530 444; 529 444; 528 443; 527 443; 525 441; 520 441; 519 440; 516 440; 515 439; 514 439; 513 438
190; 192 437; 192 442; 191 443; 191 444; 190 445; 190 446; 189 447; 189 448; 188 449; 188 451; 187 452; 187 454; 186 455; 186 456; 185 457; 185 458; 184 459; 184 460; 181 463; 181 464; 180 465; 180 466; 179 467; 179 468; 176 471; 176 478; 178 480; 185 480; 186 481; 188 481; 189 482; 190 482; 191 483; 192 483; 194 485; 202 485; 203 486; 203 488; 204 487; 204 481; 205 480; 205 478; 206 477; 206 476; 207 475; 207 474; 208 473; 208 472; 209 471; 209 470; 210 469; 210 468; 213 465; 213 464; 215 462; 216 462; 216 461; 217 460; 217 451; 214 448; 213 448; 212 447; 211 447; 208 444; 208 443; 207 443; 206 442; 204 442; 203 441; 202 441; 200 439; 200 437
191; 661 441; 651 451; 651 458; 648 461; 642 461; 642 472; 643 473; 644 473; 645 474; 645 485; 649 485; 650 486; 650 491; 660 491; 660 487; 661 486; 667 486; 669 484; 669 478; 670 477; 670 476; 672 474; 678 474; 679 475; 679 486; 681 486; 682 487; 683 487; 684 488; 692 488; 693 487; 694 487; 695 486; 700 486; 700 477; 698 475; 693 475; 692 474; 686 474; 685 473; 685 460; 680 460; 679 459; 679 442; 680 441
192; 256 443; 256 447; 255 448; 254 448; 253 449; 252 449; 251 450; 245 450; 244 449; 237 449; 236 450; 229 450; 229 461; 230 462; 231 462; 232 463; 235 463; 236 464; 236 465; 237 466; 237 467; 238 468; 238 469; 240 471; 240 472; 241 473; 241 475; 242 476; 242 478; 243 479; 243 480; 244 481; 254 481; 257 478; 267 478; 268 477; 275 477; 280 472; 280 463; 279 462; 279 461; 278 460; 278 459; 276 457; 276 451; 275 450; 275 449; 273 447; 273 445; 272 444; 272 443
193; 592 435; 591 436; 591 437; 583 445; 582 445; 581 446; 580 446; 580 454; 583 457; 583 466; 591 474; 591 475; 592 476; 592 490; 593 489; 594 489; 596 487; 597 487; 600 484; 607 484; 611 480; 614 480; 615 479; 618 479; 622 475; 622 468; 623 467; 623 466; 619 462; 619 456; 618 455; 618 450; 614 446; 608 446; 606 444; 606 443; 603 440; 603 439; 602 438; 602 437; 600 435
194; 783 456; 782 457; 781 457; 780 458; 779 458; 778 459; 777 459; 777 468; 780 471; 780 472; 784 476; 784 482; 796 494; 809 494; 809 492; 810 491; 810 487; 811 486; 819 486; 820 485; 820 476; 819 475; 819 473; 815 469; 815 468; 814 467; 814 459; 812 457; 803 457; 802 456
195; 366 454; 366 456; 364 458; 363 458; 362 459; 361 459; 360 460; 351 460; 350 461; 348 461; 347 462; 346 462; 344 464; 344 470; 343 471; 340 471; 340 481; 341 482; 341 492; 342 492; 343 491; 349 491; 350 492; 350 494; 357 494; 358 495; 362 495; 362 484; 363 483; 363 482; 366 479; 372 479; 373 480; 373 486; 385 486; 385 485; 386 484; 392 484; 393 485; 393 491; 392 492; 389 492; 389 493; 387 495; 387 504; 388 505; 388 507; 389 508; 389 510; 390 511; 390 512; 398 512; 398 497; 399 496; 407 496; 408 495; 408 487; 404 483; 404 481; 393 481; 392 480; 392 475; 391 474; 391 468; 385 468; 382 465; 382 463; 380 461; 379 461; 377 459; 377 455; 372 455; 371 454
196; 59 460; 58 461; 58 469; 57 470; 57 478; 55 480; 55 481; 56 482; 57 482; 67 492; 68 492; 70 494; 70 501; 71 502; 77 502; 78 503; 79 503; 81 505; 82 505; 84 507; 92 507; 94 505; 94 504; 95 503; 95 494; 97 492; 103 492; 103 484; 102 483; 102 482; 100 480; 99 480; 98 479; 97 479; 85 467; 84 467; 81 464; 80 464; 76 460
197; 744 462; 743 463; 741 463; 740 464; 739 464; 738 465; 737 465; 736 466; 735 466; 734 467; 731 467; 730 468; 723 468; 722 467; 721 467; 720 466; 719 466; 718 467; 717 467; 716 468; 714 468; 713 469; 709 469; 709 474; 710 475; 710 476; 711 476; 713 478; 714 478; 716 480; 716 483; 717 484; 717 488; 718 489; 718 492; 719 493; 719 494; 720 495; 729 495; 730 496; 730 499; 742 499; 742 495; 743 494; 756 494; 757 493; 757 491; 758 490; 758 489; 760 487; 760 485; 759 484; 759 482; 758 481; 758 480; 757 479; 757 464; 756 464; 755 463; 753 463; 752 462
198; 433 453; 433 460; 432 461; 432 462; 429 465; 429 466; 427 468; 421 468; 419 470; 419 471; 418 472; 418 485; 419 485; 422 488; 423 488; 426 491; 426 492; 427 493; 429 493; 430 494; 432 494; 433 495; 442 495; 447 490; 447 482; 448 481; 457 481; 461 477; 461 469; 452 469; 451 468; 451 459; 448 456; 448 455; 446 453
199; 570 464; 568 466; 568 469; 561 476; 562 477; 562 484; 561 485; 561 486; 559 488; 559 493; 558 494; 547 494; 547 503; 548 503; 549 504; 564 504; 565 505; 565 510; 567 510; 568 511; 570 511; 570 510; 571 509; 579 509; 580 508; 580 507; 581 506; 581 505; 582 504; 582 501; 583 500; 583 499; 584 498; 584 497; 586 495; 586 494; 590 490; 591 490; 591 476; 590 475; 590 474; 582 466; 572 466
200; 864 504; 864 511; 861 512; 861 521; 867 527; 867 530; 875 531; 875 535; 880 539; 881 545; 905 543; 906 527; 898 520; 893 512; 893 504
201; 893 504; 897 502; 897 492; 895 490; 895 470; 886 469; 883 471; 856 471; 857 494; 855 496; 856 498; 860 498; 864 504
202; 320 470; 320 474; 319 475; 311 475; 311 487; 310 488; 310 514; 318 514; 319 515; 320 515; 321 516; 337 516; 337 508; 336 507; 336 496; 339 493; 340 493; 340 482; 339 481; 339 471; 338 471; 337 472; 331 472; 330 471; 330 470
203; 293 463; 293 470; 291 472; 290 472; 289 473; 280 473; 275 478; 268 478; 267 479; 257 479; 254 482; 254 496; 257 496; 258 497; 259 497; 261 499; 261 500; 262 501; 262 502; 263 503; 263 505; 264 506; 264 508; 267 511; 278 511; 279 510; 290 510; 290 505; 292 503; 293 503; 294 502; 299 502; 300 501; 301 501; 302 500; 309 500; 309 488; 310 487; 310 475; 309 474; 309 466; 310 465; 309 464; 303 464; 302 463
204; 1002 507; 1003 514; 1000 519; 1000 527; 1003 530; 1005 542; 999 552; 999 571; 1003 575; 1023 573; 1023 483; 1015 483; 1011 487; 1005 487
205; 1005 487; 995 479; 993 474; 981 474; 979 484; 964 497; 964 519; 984 519; 996 507; 1002 507
206; 772 483; 768 487; 761 487; 759 489; 759 490; 758 491; 758 493; 757 494; 757 501; 756 502; 753 502; 752 503; 751 503; 750 504; 748 504; 748 514; 752 514; 753 515; 754 515; 757 518; 761 518; 762 519; 762 523; 763 524; 771 524; 771 523; 773 521; 773 520; 776 517; 777 517; 777 516; 778 515; 779 515; 780 514; 782 514; 783 513; 786 513; 787 512; 788 512; 789 511; 790 511; 791 510; 792 510; 793 509; 793 508; 794 507; 794 506; 795 505; 795 494; 784 483
207; 623 475; 618 480; 615 480; 614 481; 611 481; 607 485; 607 495; 606 496; 603 496; 598 501; 598 510; 600 510; 601 511; 606 511; 607 512; 607 515; 608 516; 608 517; 610 519; 610 520; 611 521; 611 523; 612 524; 616 524; 617 523; 621 523; 621 516; 622 515; 622 513; 623 512; 625 512; 629 508; 629 507; 630 506; 630 505; 636 499; 636 491; 626 491; 625 490; 625 484; 626 483; 626 475
208; 219 479; 218 480; 217 480; 216 481; 216 489; 215 490; 205 490; 204 489; 204 488; 203 489; 203 500; 204 501; 212 501; 213 502; 214 502; 220 508; 220 509; 222 511; 222 512; 223 513; 223 514; 228 519; 229 519; 230 520; 238 520; 239 519; 239 518; 240 517; 240 516; 241 515; 241 514; 245 510; 246 510; 247 509; 248 509; 249 508; 249 507; 250 506; 250 497; 246 497; 244 495; 243 495; 235 487; 235 486; 234 485; 233 485; 229 481; 229 480; 228 479
209; 482 481; 481 482; 479 482; 478 483; 472 483; 472 487; 471 488; 469 488; 468 489; 467 489; 466 490; 465 490; 464 491; 463 491; 462 492; 461 492; 460 493; 459 493; 458 494; 457 494; 456 495; 455 495; 455 503; 456 504; 456 510; 455 511; 455 521; 468 521; 470 519; 472 519; 473 518; 474 518; 477 515; 478 515; 479 514; 479 512; 480 511; 483 511; 485 509; 486 509; 487 508; 488 508; 489 507; 490 507; 491 506; 492 506; 493 505; 494 505; 495 504; 496 504; 496 495; 494 493; 493 493; 492 492; 492 490; 491 489; 491 483; 487 483; 486 482; 483 482
210; 820 486; 819 487; 819 496; 818 497; 818 499; 817 500; 817 501; 814 504; 814 505; 810 509; 810 510; 809 511; 809 512; 807 514; 807 515; 806 516; 805 516; 805 526; 818 526; 820 528; 820 529; 829 529; 829 528; 834 523; 834 518; 835 517; 841 517; 841 516; 842 515; 843 515; 843 510; 844 509; 848 509; 848 508; 849 507; 849 506; 850 505; 851 505; 853 503; 853 499; 854 498; 855 498; 855 497; 854 496; 854 495; 843 495; 842 494; 842 493; 841 492; 834 492; 832 490; 832 488; 830 486
211; 0 474; 0 524; 5 524; 10 519; 18 519; 20 517; 21 517; 22 516; 24 516; 26 514; 30 514; 29 514; 28 513; 28 505; 27 504; 27 503; 26 502; 26 501; 25 500; 25 499; 24 498; 24 496; 23 495; 23 494; 22 493; 22 492; 18 488; 17 488; 15 486; 15 485; 12 482; 12 480; 11 479; 11 474
212; 165 519; 152 520; 147 528; 147 536; 152 537; 152 545; 145 546; 144 538; 134 538; 131 555; 149 557; 150 563; 153 564; 162 563; 174 537
213; 174 537; 192 534; 194 526; 204 520; 204 502; 196 501; 180 490; 178 481; 175 478; 169 478; 168 484; 163 486; 165 501; 160 502; 160 510; 165 513; 165 519
214; 925 502; 924 503; 924 504; 923 505; 922 505; 920 507; 920 508; 917 511; 916 511; 916 512; 915 513; 915 524; 939 524; 939 521; 940 520; 940 517; 941 516; 941 508; 940 507; 940 506; 937 503; 935 503; 934 502
215; 43 494; 41 496; 41 497; 37 501; 37 504; 36 505; 36 513; 35 514; 31 514; 32 514; 33 515; 33 523; 32 524; 32 532; 33 533; 36 533; 37 534; 38 534; 41 537; 45 537; 46 538; 47 538; 49 540; 49 542; 50 543; 50 545; 58 545; 59 544; 59 533; 60 532; 60 531; 61 530; 61 529; 63 527; 63 526; 64 525; 64 523; 65 522; 65 521; 66 520; 66 519; 67 518; 67 517; 68 516; 68 514; 69 513; 69 512; 70 511; 70 502; 69 501; 57 501; 55 499; 55 498; 54 497; 54 496; 53 495; 52 495; 51 494
216; 358 496; 358 508; 356 510; 349 510; 349 516; 348 517; 347 517; 347 521; 351 521; 356 526; 356 528; 357 529; 357 533; 358 534; 358 535; 359 536; 359 537; 360 538; 360 540; 361 541; 361 543; 362 544; 362 545; 365 548; 365 549; 373 549; 374 548; 374 547; 375 546; 375 544; 376 543; 376 542; 377 541; 383 541; 385 539; 385 538; 386 537; 386 536; 387 535; 392 535; 392 530; 393 529; 394 529; 394 527; 393 526; 393 524; 380 524; 379 523; 379 510; 378 509; 378 508; 373 503; 373 501; 372 500; 372 498; 363 498; 362 497; 362 496
217; 510 499; 510 513; 509 514; 509 524; 510 524; 513 527; 522 527; 523 526; 538 526; 539 525; 541 525; 541 508; 533 508; 533 510; 531 512; 524 512; 523 511; 522 511; 519 508; 519 504; 518 503; 518 499
218; 408 496; 407 497; 407 513; 406 514; 399 514; 398 513; 396 513; 396 523; 395 524; 394 524; 394 526; 395 527; 395 529; 399 529; 401 531; 409 531; 410 530; 414 530; 414 519; 415 518; 426 518; 426 510; 423 507; 422 507; 421 506; 421 505; 416 500; 416 499; 415 498; 415 497; 409 497
219; 650 492; 650 493; 649 494; 649 495; 648 496; 648 498; 647 499; 647 500; 646 501; 646 503; 645 504; 645 505; 644 506; 644 508; 643 509; 643 510; 642 511; 642 512; 639 515; 639 516; 637 518; 637 519; 636 520; 636 521; 635 522; 635 523; 634 524; 634 525; 633 526; 633 537; 640 537; 641 538; 641 540; 642 541; 642 542; 658 542; 658 539; 659 538; 659 537; 662 534; 664 534; 664 532; 665 531; 665 522; 668 519; 668 518; 670 516; 670 507; 669 507; 667 505; 667 504; 665 502; 661 502; 660 501; 660 492
220; 730 500; 730 502; 728 504; 725 504; 724 505; 722 505; 721 506; 719 506; 718 507; 717 507; 716 508; 715 508; 714 509; 707 509; 706 510; 705 510; 704 511; 703 511; 702 512; 701 512; 700 513; 699 513; 698 514; 698 515; 697 516; 697 518; 695 520; 695 521; 697 523; 697 531; 698 532; 698 539; 699 540; 699 541; 700 542; 702 540; 719 540; 720 541; 721 540; 721 534; 723 532; 724 532; 725 531; 738 531; 739 530; 740 530; 741 529; 742 529; 742 515; 743 514; 747 514; 747 504; 743 504; 742 503; 742 500
221; 279 511; 278 512; 267 512; 267 529; 266 530; 265 530; 265 531; 266 532; 266 533; 271 533; 272 534; 272 540; 271 541; 270 541; 274 541; 275 542; 275 543; 277 545; 277 546; 278 547; 278 550; 279 551; 279 555; 286 555; 287 556; 293 556; 293 550; 294 549; 303 549; 306 546; 306 541; 305 540; 305 539; 304 538; 304 536; 303 535; 303 533; 302 532; 302 530; 301 529; 301 528; 300 527; 300 525; 299 524; 299 522; 298 521; 298 513; 297 512; 291 512; 290 511
222; 91 516; 91 524; 92 525; 92 532; 89 535; 89 545; 90 545; 91 546; 101 546; 101 539; 102 538; 111 538; 113 540; 113 546; 123 546; 125 544; 131 544; 132 543; 132 542; 133 541; 133 523; 128 523; 127 522; 114 522; 113 521; 110 521; 109 520; 108 520; 107 519; 105 519; 104 518; 103 518; 101 516
223; 565 511; 564 512; 556 512; 556 521; 555 522; 555 524; 550 529; 549 529; 548 530; 547 530; 547 538; 556 538; 557 539; 559 539; 560 540; 561 540; 562 541; 563 541; 564 542; 565 542; 569 546; 569 548; 571 548; 572 549; 573 549; 574 550; 589 550; 589 541; 592 538; 592 537; 593 536; 593 525; 592 524; 592 523; 591 522; 579 522; 577 520; 576 520; 575 519; 574 519; 572 517; 571 517; 570 516; 570 512; 568 512; 567 511
224; 492 522; 491 523; 489 523; 488 524; 486 524; 485 525; 484 525; 483 526; 482 526; 481 527; 480 527; 479 528; 478 528; 477 529; 476 529; 475 530; 468 530; 467 531; 466 531; 465 532; 465 540; 466 541; 466 542; 467 543; 467 550; 469 552; 469 554; 470 555; 470 560; 473 560; 474 559; 476 559; 477 558; 478 558; 479 557; 480 557; 481 556; 487 556; 488 555; 489 555; 493 551; 496 551; 498 549; 499 549; 500 548; 501 548; 502 547; 508 547; 508 538; 505 535; 505 534; 504 533; 504 532; 503 531; 503 526; 502 526; 501 525; 501 522
225; 231 529; 230 530; 229 530; 228 531; 223 531; 222 532; 222 540; 223 541; 223 542; 224 543; 224 554; 225 555; 225 556; 226 556; 227 557; 228 557; 229 558; 229 573; 232 573; 236 569; 236 568; 237 567; 237 558; 239 556; 240 556; 241 555; 248 555; 249 556; 250 556; 251 557; 251 560; 264 560; 264 557; 267 554; 267 542; 268 541; 269 541; 265 541; 264 540; 264 534; 265 533; 265 532; 264 531; 264 530; 254 530; 253 531; 251 531; 250 532; 241 532; 240 531; 240 529
226; 961 520; 961 522; 960 523; 948 523; 948 524; 947 525; 947 527; 946 528; 944 528; 944 531; 943 532; 942 532; 940 534; 940 535; 939 536; 939 537; 934 542; 934 543; 933 544; 933 552; 934 553; 934 555; 937 558; 939 558; 940 559; 943 559; 944 560; 951 560; 952 561; 953 561; 955 563; 955 565; 965 565; 966 564; 967 564; 968 563; 970 563; 970 555; 971 554; 971 548; 972 547; 972 544; 973 543; 973 541; 974 540; 974 539; 975 538; 975 535; 977 533; 977 532; 978 531; 978 520
227; 335 517; 335 525; 334 526; 317 526; 317 546; 316 547; 306 547; 304 549; 304 557; 308 561; 309 561; 312 564; 313 564; 317 568; 319 568; 320 567; 323 567; 325 565; 325 564; 326 563; 344 563; 345 562; 348 562; 349 561; 350 561; 350 552; 349 551; 349 550; 347 548; 347 547; 346 546; 346 543; 345 542; 345 539; 344 538; 344 534; 343 533; 343 527; 344 526; 344 522; 345 521; 346 521; 346 517
228; 203 532; 202 533; 194 533; 192 535; 188 535; 187 536; 183 536; 181 538; 181 547; 182 548; 182 549; 186 553; 186 555; 187 556; 187 558; 188 559; 188 561; 189 562; 189 564; 190 565; 190 573; 191 574; 191 575; 219 575; 220 574; 221 574; 221 566; 220 566; 218 564; 218 563; 217 562; 217 558; 216 557; 216 554; 215 553; 215 546; 214 545; 214 541; 213 540; 213 538; 212 537; 212 535; 211 534; 211 532
229; 693 522; 692 523; 691 523; 690 524; 678 524; 678 527; 677 528; 677 529; 676 530; 676 531; 675 532; 675 533; 674 534; 674 535; 673 536; 673 537; 671 539; 669 539; 669 542; 665 546; 662 546; 662 549; 661 550; 661 551; 660 552; 660 553; 659 554; 644 554; 643 555; 642 555; 641 556; 640 556; 640 562; 639 563; 638 563; 639 564; 643 564; 644 565; 644 568; 645 569; 645 567; 646 566; 652 566; 653 565; 655 565; 656 564; 664 564; 665 565; 665 574; 667 576; 674 576; 674 565; 675 564; 689 564; 690 563; 690 562; 695 557; 695 551; 696 550; 696 548; 697 547; 697 546; 698 545; 698 544; 699 543; 699 542; 698 541; 698 540; 697 539; 697 532; 696 531; 696 523; 695 522
230; 783 523; 783 533; 782 534; 782 535; 781 536; 781 537; 780 538; 780 539; 778 541; 778 542; 777 543; 777 545; 775 547; 775 548; 774 549; 774 550; 773 551; 773 560; 775 562; 777 562; 778 563; 780 563; 781 564; 781 569; 783 569; 784 568; 800 568; 800 564; 801 563; 801 560; 802 559; 802 558; 803 557; 803 556; 804 555; 804 552; 805 551; 805 549; 806 548; 806 542; 807 541; 807 538; 808 537; 808 536; 809 535; 809 527; 799 527; 798 528; 792 528; 791 527; 791 523
231; 617 524; 616 525; 612 525; 612 530; 611 531; 611 532; 609 534; 609 535; 608 536; 608 537; 607 538; 607 539; 603 543; 602 543; 600 545; 599 545; 596 548; 590 548; 590 550; 591 551; 591 560; 594 563; 597 563; 598 564; 599 564; 600 565; 603 565; 605 567; 605 574; 606 575; 607 574; 616 574; 617 575; 618 575; 619 576; 620 576; 621 577; 622 577; 623 578; 626 578; 629 575; 631 575; 632 574; 633 574; 636 571; 636 565; 637 564; 638 564; 637 563; 628 563; 627 562; 627 555; 629 553; 629 552; 633 548; 633 538; 632 537; 624 537; 622 535; 622 524
232; 750 537; 749 538; 748 538; 747 539; 746 539; 744 541; 738 541; 737 542; 722 542; 721 541; 720 542; 720 568; 722 570; 735 570; 736 569; 744 569; 745 568; 749 568; 750 567; 762 567; 762 557; 763 556; 763 546; 762 545; 762 544; 761 543; 761 538; 760 537
233; 847 529; 847 531; 846 532; 846 533; 844 535; 843 535; 842 536; 841 536; 835 542; 835 550; 841 556; 841 562; 852 573; 859 573; 860 574; 868 574; 869 573; 869 570; 870 569; 870 566; 871 565; 871 564; 876 559; 877 559; 878 558; 878 548; 874 548; 873 547; 872 547; 869 544; 868 544; 865 541; 865 540; 862 537; 862 534; 860 534; 859 533; 858 533; 857 532; 857 531; 855 529
234; 431 555; 431 562; 426 568; 426 577; 431 580; 431 591; 434 595; 442 595; 445 586; 462 572; 470 562; 466 550; 460 550; 448 543
235; 448 543; 448 533; 454 521; 454 511; 449 511; 447 506; 438 506; 433 512; 427 512; 428 525; 423 531; 423 549; 431 555
236; 520 538; 518 540; 518 542; 517 543; 517 545; 516 546; 516 568; 515 569; 515 571; 514 572; 514 574; 513 575; 513 576; 512 577; 506 577; 505 576; 504 576; 503 575; 489 575; 488 574; 488 568; 479 568; 479 569; 478 570; 478 571; 477 572; 477 580; 492 580; 493 581; 493 590; 502 590; 502 588; 505 585; 513 585; 515 587; 515 591; 525 591; 525 590; 526 589; 533 589; 535 587; 535 586; 537 584; 537 583; 538 582; 538 581; 539 580; 539 578; 540 577; 540 572; 541 571; 541 569; 542 568; 542 567; 544 565; 557 565; 558 564; 564 564; 564 553; 561 553; 560 552; 556 552; 555 551; 553 551; 549 547; 548 547; 547 546; 538 546; 538 547; 537 548; 537 550; 536 551; 530 551; 529 550; 529 538
237; 29 546; 29 548; 28 549; 28 551; 27 552; 27 553; 26 554; 26 556; 25 557; 25 558; 24 559; 24 560; 23 561; 23 562; 22 563; 22 564; 21 565; 21 567; 20 568; 20 569; 19 570; 19 571; 13 577; 13 587; 24 587; 25 588; 26 588; 27 589; 37 589; 38 588; 38 587; 40 585; 41 585; 44 582; 44 581; 45 580; 45 579; 46 578; 46 577; 47 576; 47 575; 52 570; 58 570; 58 557; 57 556; 56 556; 54 554; 53 554; 52 553; 42 553; 41 552; 41 550; 37 546
238; 287 557; 287 562; 285 564; 284 564; 283 565; 281 565; 280 566; 276 566; 276 578; 277 578; 278 579; 278 586; 277 587; 276 587; 276 589; 277 590; 277 592; 282 592; 283 593; 283 595; 286 595; 287 594; 290 594; 290 591; 291 590; 292 590; 293 589; 296 589; 296 588; 297 587; 314 587; 313 586; 313 580; 315 578; 315 577; 316 576; 316 570; 317 569; 313 565; 312 565; 309 562; 308 562; 303 557; 302 558; 294 558; 293 557
239; 112 547; 111 548; 111 558; 108 561; 95 561; 95 562; 97 564; 97 575; 98 576; 98 590; 100 588; 107 588; 110 591; 115 591; 116 592; 117 592; 118 593; 130 593; 131 594; 131 598; 145 598; 145 594; 146 593; 146 588; 147 587; 147 585; 150 582; 150 573; 147 573; 146 572; 143 572; 142 571; 141 571; 140 570; 139 570; 138 569; 137 569; 136 568; 134 568; 133 567; 132 567; 131 566; 130 566; 129 565; 129 564; 128 563; 128 556; 129 555; 130 555; 125 555; 124 554; 124 553; 123 552; 123 547
240; 59 560; 59 586; 60 587; 61 587; 62 588; 64 588; 65 589; 68 589; 69 590; 71 590; 72 591; 89 591; 90 590; 97 590; 97 576; 96 575; 96 564; 95 563; 86 563; 85 562; 80 562; 79 561; 75 561; 74 560
241; 572 558; 572 564; 571 565; 558 565; 557 566; 551 566; 551 573; 550 574; 550 577; 549 578; 549 580; 548 581; 548 591; 549 592; 573 592; 574 591; 574 583; 576 581; 576 580; 578 578; 578 577; 579 576; 579 573; 580 572; 580 569; 581 568; 581 567; 582 566; 582 558
242; 813 558; 813 570; 812 571; 808 571; 807 572; 806 572; 806 583; 809 583; 810 584; 812 584; 813 585; 815 585; 816 586; 817 586; 818 587; 819 587; 821 589; 821 591; 825 591; 826 592; 827 592; 829 594; 829 595; 839 595; 842 592; 842 590; 843 589; 843 587; 844 586; 845 586; 847 584; 849 584; 850 583; 851 583; 852 582; 852 574; 841 563; 830 563; 829 562; 829 560; 826 560; 825 559; 824 559; 823 558
243; 899 569; 897 571; 897 585; 894 588; 894 596; 895 597; 901 597; 902 598; 906 598; 907 599; 912 599; 913 600; 935 600; 935 587; 934 586; 931 586; 930 585; 930 571; 921 571; 920 570; 908 570; 907 569
244; 968 564; 967 565; 966 565; 965 566; 965 572; 964 573; 964 574; 963 575; 963 577; 962 578; 962 586; 965 589; 967 589; 968 590; 969 590; 971 592; 972 592; 973 593; 974 593; 980 599; 980 600; 982 602; 982 603; 984 605; 985 605; 986 606; 986 607; 988 607; 989 608; 989 609; 992 609; 993 608; 996 608; 996 596; 997 595; 1005 595; 1005 590; 1006 589; 1006 584; 1005 584; 1003 582; 1003 576; 999 572; 992 572; 991 571; 990 571; 989 570; 987 570; 986 569; 985 569; 983 567; 983 566; 981 564
245; 250 573; 244 573; 241 568; 237 568; 233 573; 236 581; 236 587; 223 588; 223 600; 221 603; 236 603; 238 610; 253 609; 255 615; 268 614; 269 611; 275 611; 273 593; 276 592; 275 587; 271 587; 269 585
246; 269 585; 269 579; 275 578; 275 566; 272 564; 265 564; 264 561; 251 561; 250 573
247; 775 613; 776 618; 780 621; 804 623; 807 620; 818 619; 821 616; 821 612; 818 607; 818 596; 799 595; 789 582
248; 789 582; 789 579; 783 575; 783 570; 781 570; 780 572; 767 572; 767 574; 762 578; 752 591; 748 591; 748 603; 751 603; 760 614; 775 613
249; 365 562; 363 564; 363 569; 362 570; 350 570; 349 571; 348 571; 347 572; 345 572; 345 581; 344 582; 342 582; 342 583; 343 584; 343 585; 347 585; 348 586; 348 588; 351 588; 352 589; 352 598; 351 599; 350 599; 350 609; 362 609; 363 610; 374 610; 375 611; 375 605; 376 604; 377 604; 379 602; 380 602; 380 594; 379 593; 379 592; 378 591; 378 590; 376 588; 376 574; 375 573; 375 571; 374 570; 374 563; 373 562
250; 173 585; 172 586; 172 589; 170 591; 170 601; 171 602; 171 604; 172 605; 172 615; 173 616; 184 616; 185 615; 191 615; 192 614; 198 614; 199 613; 201 613; 202 612; 208 612; 210 614; 218 614; 218 604; 219 603; 220 603; 220 601; 216 601; 214 599; 214 594; 212 592; 210 592; 209 591; 209 586; 208 585; 194 585; 193 586; 182 586; 181 585
251; 718 580; 717 581; 717 583; 716 584; 716 590; 715 591; 710 591; 710 592; 709 593; 709 594; 710 594; 711 595; 711 606; 710 607; 710 608; 709 609; 709 620; 726 620; 727 621; 730 621; 731 622; 738 622; 739 623; 739 625; 740 624; 740 606; 741 605; 741 604; 742 603; 747 603; 747 591; 744 591; 743 590; 743 581; 728 581; 727 580
252; 332 582; 331 583; 330 583; 328 585; 327 585; 326 586; 324 586; 323 587; 315 587; 316 588; 316 594; 319 597; 319 606; 320 607; 320 619; 322 619; 323 618; 329 618; 330 619; 346 619; 346 612; 347 611; 347 610; 348 609; 349 609; 349 599; 345 599; 340 594; 340 586; 341 585; 342 585; 342 584; 341 583; 341 582
253; 698 577; 697 578; 695 578; 693 580; 693 584; 692 585; 692 587; 691 588; 681 588; 681 594; 680 595; 674 595; 673 594; 669 594; 668 593; 668 585; 662 585; 661 586; 658 586; 657 587; 657 596; 656 597; 649 597; 649 609; 650 609; 656 615; 656 616; 657 617; 657 618; 658 619; 658 620; 659 621; 659 624; 660 625; 660 626; 661 627; 661 628; 664 631; 664 633; 673 633; 675 631; 676 631; 677 630; 683 630; 687 626; 687 624; 688 623; 688 622; 689 621; 689 620; 693 616; 693 614; 691 614; 690 613; 689 613; 688 612; 688 611; 687 611; 686 610; 686 609; 685 608; 685 607; 683 605; 683 599; 684 598; 689 598; 690 597; 690 594; 691 593; 699 593; 700 594; 708 594; 708 593; 709 592; 709 591; 708 590; 708 585; 707 584; 707 577
254; 861 589; 861 590; 858 593; 856 593; 855 594; 854 594; 853 595; 853 602; 852 603; 851 603; 850 604; 847 604; 847 616; 856 625; 862 625; 864 627; 864 629; 865 630; 865 631; 886 631; 886 625; 887 624; 888 624; 888 612; 887 611; 887 609; 886 608; 886 606; 885 605; 885 604; 884 603; 884 602; 883 601; 883 599; 882 598; 882 597; 880 595; 880 594; 879 593; 879 591; 878 590; 878 589
255; 515 592; 515 593; 514 594; 510 594; 509 595; 507 595; 507 598; 506 599; 506 600; 505 601; 505 602; 504 603; 501 603; 501 616; 502 617; 502 618; 503 618; 504 619; 508 619; 509 620; 509 626; 515 626; 516 627; 522 627; 524 625; 539 625; 539 619; 541 617; 542 617; 543 616; 544 616; 544 615; 545 614; 545 612; 546 611; 546 601; 545 600; 539 600; 538 599; 526 599; 525 598; 525 592
256; 287 595; 286 596; 283 596; 283 599; 281 601; 276 601; 276 611; 278 613; 278 621; 277 622; 286 631; 296 631; 297 630; 306 630; 307 629; 316 629; 317 628; 317 621; 318 620; 319 620; 319 607; 318 606; 318 597; 316 595; 307 595; 306 596; 304 596; 301 599; 293 599; 292 598; 291 598; 290 597; 290 595
257; 469 590; 469 591; 468 592; 468 593; 466 595; 466 608; 465 609; 455 609; 454 608; 453 608; 452 607; 451 607; 450 606; 450 605; 446 601; 445 601; 444 600; 443 600; 442 599; 442 596; 434 596; 434 599; 433 600; 428 600; 428 602; 429 602; 430 603; 430 611; 427 614; 427 624; 428 624; 429 625; 431 625; 432 626; 433 626; 434 627; 435 627; 436 628; 437 628; 438 629; 447 629; 448 630; 448 642; 453 642; 454 643; 459 643; 460 644; 461 644; 464 641; 464 630; 465 629; 465 628; 466 627; 467 627; 470 624; 471 624; 472 623; 472 612; 473 611; 490 611; 490 610; 491 609; 491 601; 483 601; 482 600; 482 591; 478 591; 477 590
258; 609 594; 606 576; 591 575; 583 592; 562 593; 563 614; 590 615
259; 609 594; 590 615; 593 638; 600 638; 605 642; 636 640; 634 629
260; 634 629; 643 617; 643 610; 644 596; 626 591; 609 594
261; 644 596; 644 590; 650 586; 667 584; 666 576; 646 575; 644 569; 643 572; 636 572; 626 579; 626 591
262; 395 613; 375 612; 374 629; 383 629; 384 636; 380 638; 377 646; 363 646; 365 662; 377 664; 383 657; 390 657; 398 638; 405 629; 405 616
263; 405 616; 412 615; 418 603; 427 602; 422 589; 414 589; 413 595; 405 593; 405 586; 413 585; 407 559; 398 559; 398 573; 387 577; 387 585; 396 597; 395 613
264; 131 599; 131 604; 130 605; 129 605; 129 613; 128 614; 128 626; 135 633; 135 635; 136 636; 136 642; 141 647; 151 647; 151 642; 152 641; 158 641; 160 643; 165 643; 166 642; 169 642; 169 635; 168 634; 168 633; 167 632; 167 631; 166 630; 166 629; 163 626; 163 625; 162 624; 162 623; 161 622; 161 619; 160 618; 160 616; 159 615; 159 613; 158 612; 158 603; 146 603; 145 602; 145 599
265; 30 610; 30 611; 29 612; 29 614; 28 615; 28 618; 27 619; 27 620; 25 622; 25 623; 23 625; 23 626; 22 627; 22 628; 21 629; 21 636; 20 637; 20 638; 19 639; 19 640; 17 642; 17 648; 16 649; 15 649; 15 653; 19 653; 22 656; 22 658; 23 659; 24 659; 25 660; 25 662; 31 662; 31 658; 33 656; 45 656; 45 655; 47 653; 48 653; 48 644; 50 642; 50 641; 54 637; 54 636; 56 634; 56 633; 57 632; 57 630; 58 629; 58 628; 59 627; 59 626; 60 625; 60 615; 59 615; 58 614; 56 614; 55 613; 53 613; 52 612; 42 612; 41 611; 40 611; 39 610
266; 829 615; 828 616; 822 616; 818 620; 813 620; 812 621; 807 621; 804 624; 804 630; 806 632; 811 632; 812 633; 817 633; 819 635; 826 635; 827 636; 827 639; 828 640; 828 642; 829 643; 829 650; 828 651; 826 651; 826 658; 827 659; 827 666; 830 666; 831 667; 831 668; 839 668; 839 664; 841 662; 842 662; 843 661; 844 661; 845 660; 846 660; 847 659; 848 659; 848 658; 849 657; 857 657; 858 656; 859 656; 859 648; 857 646; 857 640; 856 640; 855 639; 855 625; 846 616; 839 616; 838 615
267; 330 620; 330 642; 335 642; 337 644; 337 645; 338 646; 338 647; 339 648; 339 651; 340 652; 340 661; 355 661; 355 651; 354 651; 352 649; 352 648; 351 647; 351 639; 356 634; 356 633; 357 632; 357 621; 356 620
268; 562 615; 559 618; 559 619; 557 621; 555 621; 554 622; 553 622; 552 623; 551 623; 551 631; 553 633; 553 634; 554 635; 554 642; 556 644; 563 644; 565 646; 566 646; 569 649; 569 650; 570 651; 570 653; 571 654; 571 658; 581 658; 581 657; 582 656; 582 653; 583 652; 583 651; 586 648; 587 648; 592 643; 592 638; 591 637; 591 635; 590 634; 590 630; 582 630; 581 629; 581 616; 573 616; 572 615
269; 693 617; 690 620; 690 621; 689 622; 689 623; 688 624; 688 626; 684 630; 684 643; 691 650; 691 651; 692 652; 693 652; 694 653; 706 653; 707 654; 707 659; 713 665; 718 665; 719 664; 723 664; 723 651; 724 650; 725 650; 725 648; 726 647; 726 639; 724 639; 722 637; 721 637; 717 633; 716 633; 712 629; 712 628; 711 627; 711 621; 702 621; 700 619; 700 618; 699 617
270; 946 619; 944 621; 944 628; 942 630; 942 638; 943 638; 945 640; 945 650; 946 651; 954 651; 954 639; 955 638; 963 638; 964 639; 964 649; 972 649; 973 648; 984 648; 984 634; 985 633; 985 632; 986 631; 986 622; 987 621; 988 621; 987 620; 957 620; 956 619
271; 230 622; 229 623; 197 623; 197 643; 196 644; 196 653; 197 654; 208 654; 209 653; 210 653; 211 652; 212 652; 213 651; 236 651; 236 636; 237 635; 237 632; 238 631; 238 622
272; 318 628; 316 630; 307 630; 306 631; 297 631; 296 632; 296 646; 295 647; 295 649; 296 650; 296 652; 302 652; 303 653; 303 661; 302 662; 299 662; 298 663; 300 663; 301 664; 301 672; 311 672; 312 671; 314 671; 315 670; 317 670; 318 669; 319 669; 320 668; 331 668; 331 657; 330 656; 330 655; 329 654; 329 653; 328 652; 328 643; 329 642; 329 634; 323 634; 322 633; 322 630; 321 629; 321 628
273; 481 624; 481 627; 480 628; 480 632; 479 633; 479 635; 475 639; 474 639; 474 650; 487 650; 488 651; 491 651; 492 652; 494 652; 495 653; 496 653; 497 654; 499 654; 500 655; 501 655; 502 656; 503 656; 504 657; 512 657; 512 653; 519 646; 520 646; 520 636; 521 635; 521 632; 522 631; 522 628; 516 628; 515 627; 500 627; 499 626; 494 626; 493 625; 490 625; 489 624
274; 114 626; 113 627; 113 628; 112 629; 111 629; 110 630; 108 630; 107 631; 107 632; 106 633; 106 634; 103 637; 102 637; 101 638; 100 638; 99 639; 99 647; 101 649; 101 650; 103 652; 103 653; 104 654; 104 663; 105 664; 105 667; 106 668; 106 670; 107 671; 107 672; 114 672; 115 673; 115 674; 116 675; 116 676; 117 677; 117 678; 118 679; 118 680; 119 681; 119 684; 120 685; 132 685; 132 667; 133 666; 134 666; 135 665; 136 665; 137 664; 138 664; 140 662; 140 647; 135 642; 135 636; 134 635; 134 633; 127 626
275; 876 632; 876 639; 875 640; 875 651; 876 652; 876 669; 875 670; 872 670; 871 671; 871 681; 870 682; 868 682; 868 683; 869 684; 869 685; 880 685; 880 684; 881 683; 882 683; 882 672; 883 671; 884 671; 885 670; 885 668; 886 667; 886 665; 888 663; 896 663; 897 664; 901 664; 902 665; 904 665; 905 666; 914 666; 914 653; 915 652; 916 652; 916 642; 915 641; 915 635; 907 635; 906 634; 894 634; 893 633; 890 633; 889 632
276; 799 631; 796 634; 795 634; 794 635; 791 635; 791 644; 792 645; 792 654; 793 655; 793 656; 794 657; 794 658; 795 659; 795 660; 796 661; 796 662; 799 665; 799 675; 801 677; 802 677; 803 678; 813 678; 814 677; 813 676; 813 668; 814 667; 823 667; 824 666; 826 666; 826 659; 825 658; 825 651; 822 651; 821 650; 821 649; 820 648; 820 647; 819 646; 819 636; 817 634; 812 634; 811 633; 806 633; 804 631
277; 1000 672; 1004 675; 1023 699; 1023 581
278; 1023 581; 1006 595; 998 612; 995 622; 990 663; 1000 672
279; 539 642; 539 643; 538 644; 538 646; 537 647; 537 649; 534 652; 533 652; 532 653; 531 653; 530 654; 529 654; 527 656; 527 664; 530 667; 530 668; 532 670; 540 670; 540 667; 541 666; 548 666; 550 668; 551 668; 552 669; 554 669; 555 670; 555 676; 554 677; 548 677; 548 686; 549 687; 549 689; 558 689; 558 673; 559 672; 567 672; 567 662; 564 662; 558 656; 558 655; 557 654; 557 653; 556 652; 556 645; 553 642
280; 622 641; 621 642; 606 642; 606 643; 609 646; 609 652; 608 653; 598 653; 598 654; 597 655; 597 656; 596 657; 596 659; 595 660; 595 662; 594 663; 594 664; 593 665; 593 666; 592 667; 592 668; 591 669; 591 670; 590 671; 590 672; 589 673; 589 674; 588 675; 588 683; 595 683; 596 684; 598 684; 599 685; 599 694; 607 694; 607 690; 608 689; 608 681; 609 680; 619 680; 620 679; 621 679; 622 678; 622 677; 624 675; 624 674; 625 673; 625 672; 626 671; 633 671; 634 670; 634 658; 635 657; 635 644; 636 643; 636 641
281; 274 623; 273 624; 272 624; 272 629; 271 630; 256 630; 255 631; 255 639; 256 640; 256 641; 257 642; 257 643; 258 644; 258 648; 259 649; 259 674; 260 675; 260 680; 262 682; 262 683; 263 682; 271 682; 276 677; 280 677; 281 676; 286 676; 290 672; 290 671; 289 670; 289 664; 290 663; 297 663; 298 662; 296 662; 295 661; 295 650; 294 649; 294 647; 289 647; 288 646; 288 642; 287 641; 287 639; 286 638; 286 632; 277 623
282; 421 638; 421 643; 420 644; 420 645; 418 647; 418 648; 417 649; 417 650; 414 653; 414 661; 415 661; 416 662; 418 662; 419 663; 420 663; 421 664; 423 664; 424 665; 425 665; 429 669; 429 674; 432 674; 435 677; 436 677; 438 679; 444 679; 445 680; 445 681; 446 680; 446 668; 447 667; 448 667; 449 666; 452 666; 454 664; 455 664; 455 661; 456 660; 470 660; 470 652; 460 652; 459 651; 459 644; 454 644; 453 643; 439 643; 438 642; 437 642; 436 641; 435 641; 434 640; 433 640; 432 639; 431 639; 430 638
283; 650 638; 645 643; 644 643; 643 644; 636 644; 636 657; 635 658; 635 670; 633 672; 633 674; 640 674; 641 675; 642 675; 643 676; 643 677; 644 677; 645 678; 653 678; 653 677; 657 673; 657 672; 659 670; 659 669; 670 658; 670 650; 664 650; 663 649; 663 641; 662 640; 662 638
284; 740 625; 739 626; 739 635; 740 636; 740 644; 747 644; 748 645; 748 651; 747 652; 736 652; 736 653; 735 654; 735 655; 734 656; 734 657; 733 658; 733 659; 732 660; 732 662; 731 663; 731 664; 730 665; 719 665; 718 666; 714 666; 714 673; 716 675; 716 677; 717 678; 717 683; 718 682; 720 682; 721 681; 727 681; 728 682; 728 688; 727 689; 727 698; 728 699; 735 699; 737 697; 738 697; 741 694; 742 694; 742 685; 741 685; 739 683; 739 676; 740 675; 740 674; 743 671; 749 671; 751 673; 752 673; 753 674; 755 672; 755 668; 756 667; 756 663; 758 661; 758 653; 762 649; 762 648; 763 647; 763 635; 753 635; 750 632; 750 631; 749 630; 749 629; 748 628; 748 627; 741 627; 740 626
285; 195 687; 194 706; 204 706; 205 715; 214 716; 219 710; 219 694; 213 691; 206 691; 205 684
286; 205 684; 214 681; 218 671; 216 666; 189 669; 177 643; 166 643; 164 651; 154 651; 154 664; 162 674; 164 680; 168 681; 168 687; 186 687; 187 684; 193 684; 195 687
287; 759 661; 757 663; 757 667; 756 668; 756 672; 754 674; 754 675; 755 676; 755 677; 758 680; 759 680; 760 681; 773 681; 774 682; 774 685; 775 685; 777 687; 777 688; 792 688; 793 689; 793 690; 795 692; 803 692; 803 679; 802 678; 801 678; 799 676; 790 676; 789 675; 789 671; 787 669; 787 668; 785 666; 785 665; 783 663; 775 663; 774 664; 764 664; 763 663; 762 663; 760 661
288; 76 662; 76 673; 75 674; 75 683; 84 683; 86 685; 86 695; 85 696; 84 696; 84 704; 87 704; 88 705; 97 705; 97 691; 98 690; 98 688; 99 687; 99 686; 100 685; 100 684; 102 682; 102 679; 103 678; 103 677; 104 676; 105 676; 107 674; 107 673; 106 672; 106 671; 105 670; 105 668; 104 667; 104 664; 103 663; 85 663; 84 662
289; 0 645; 0 697; 9 697; 9 692; 11 690; 12 690; 13 689; 15 689; 16 688; 17 688; 18 687; 18 680; 19 679; 25 679; 26 680; 26 685; 31 690; 31 691; 32 692; 32 693; 37 693; 38 692; 42 692; 42 690; 41 689; 41 682; 42 681; 52 681; 54 679; 54 672; 53 671; 53 666; 52 665; 44 665; 42 667; 35 667; 34 666; 32 666; 31 665; 31 663; 25 663; 25 666; 23 668; 22 668; 21 669; 15 669; 14 668; 14 667; 13 666; 13 661; 12 660; 12 654; 13 653; 14 653; 14 649; 10 649; 8 647; 8 646; 7 646; 6 645
290; 399 671; 399 673; 397 675; 397 677; 396 678; 396 679; 395 680; 395 687; 394 688; 388 688; 384 692; 384 700; 385 701; 385 706; 386 707; 396 707; 396 700; 397 699; 403 699; 404 700; 404 707; 412 707; 413 706; 413 695; 405 695; 405 697; 404 698; 398 698; 397 697; 397 689; 398 688; 403 688; 407 684; 421 684; 421 676; 414 676; 413 675; 413 671
291; 231 664; 230 665; 229 665; 227 667; 227 671; 226 672; 218 672; 218 673; 216 675; 216 677; 215 678; 215 681; 213 683; 213 690; 214 691; 216 691; 217 692; 218 692; 220 694; 221 694; 221 691; 222 690; 228 690; 229 691; 229 692; 230 693; 232 693; 233 694; 243 694; 244 693; 248 693; 249 692; 251 692; 252 691; 261 691; 261 682; 259 680; 259 675; 258 674; 258 666; 245 666; 244 665; 241 665; 240 664
292; 479 663; 477 665; 476 665; 476 668; 475 669; 475 671; 474 672; 474 673; 473 674; 472 674; 471 675; 461 675; 461 683; 460 684; 460 687; 461 688; 461 691; 467 691; 468 692; 468 693; 476 693; 476 691; 477 690; 483 690; 484 691; 484 693; 485 694; 485 701; 487 701; 488 700; 497 700; 497 692; 496 691; 496 690; 495 689; 495 688; 493 686; 493 685; 492 685; 491 684; 491 668; 490 667; 490 666; 487 663
293; 364 663; 362 665; 357 665; 357 668; 356 669; 354 669; 353 670; 347 670; 346 671; 344 671; 343 672; 340 672; 339 673; 332 673; 332 676; 331 677; 331 689; 335 689; 336 690; 336 699; 337 700; 341 700; 342 701; 347 701; 348 702; 352 702; 352 697; 353 696; 354 696; 355 695; 359 695; 360 694; 362 694; 363 693; 366 693; 366 686; 371 681; 372 681; 374 679; 375 679; 375 664; 374 664; 373 663
294; 683 660; 683 669; 689 675; 689 681; 688 682; 679 682; 678 681; 678 678; 677 677; 669 677; 669 685; 670 686; 673 686; 674 687; 674 691; 675 692; 682 692; 683 693; 683 698; 692 698; 693 699; 702 699; 702 697; 703 696; 709 696; 710 697; 711 697; 712 696; 713 696; 713 688; 714 687; 714 686; 715 685; 715 684; 716 683; 716 678; 715 677; 715 675; 713 673; 700 673; 699 672; 699 671; 698 670; 698 667; 697 666; 697 665; 692 660
295; 831 676; 829 678; 823 678; 822 677; 815 677; 814 678; 814 687; 817 687; 818 688; 818 695; 823 695; 824 696; 829 696; 829 694; 830 693; 836 693; 837 694; 837 696; 838 696; 839 695; 840 695; 840 677; 839 676
296; 291 672; 286 677; 281 677; 280 678; 276 678; 271 683; 271 689; 270 690; 269 690; 269 700; 276 700; 277 701; 279 701; 280 702; 281 702; 283 704; 284 704; 286 706; 287 706; 290 709; 291 709; 295 713; 296 713; 302 719; 302 725; 306 725; 306 724; 307 723; 311 723; 315 719; 315 716; 316 715; 316 713; 318 711; 321 711; 321 693; 320 692; 320 691; 319 690; 319 684; 318 683; 318 681; 317 681; 316 680; 312 680; 311 679; 311 673; 301 673; 300 674; 293 674
297; 141 680; 141 685; 140 686; 140 687; 139 688; 133 688; 132 687; 132 686; 120 686; 120 694; 119 695; 119 696; 118 697; 118 698; 117 699; 117 700; 116 701; 116 711; 117 712; 117 713; 118 714; 122 714; 123 715; 127 715; 129 717; 129 718; 130 719; 130 720; 132 722; 143 722; 144 721; 142 721; 141 720; 141 710; 142 709; 142 708; 143 707; 143 706; 145 704; 145 703; 146 702; 146 700; 147 699; 147 696; 148 695; 148 693; 149 692; 149 689; 150 688; 150 680
298; 852 672; 852 681; 853 682; 853 684; 854 685; 854 693; 853 694; 853 695; 852 696; 852 698; 851 699; 843 699; 843 710; 844 711; 854 711; 855 712; 855 718; 860 718; 861 719; 866 719; 867 720; 869 720; 869 712; 871 710; 883 710; 882 710; 881 709; 881 699; 880 698; 880 697; 879 696; 879 695; 878 694; 878 693; 866 693; 865 692; 865 686; 866 685; 868 685; 868 684; 867 683; 867 682; 864 682; 863 681; 863 680; 862 679; 862 676; 861 675; 861 673; 860 672
299; 446 681; 445 682; 445 691; 444 692; 430 692; 430 703; 431 704; 431 706; 432 707; 432 712; 433 713; 433 716; 434 717; 434 721; 435 722; 435 727; 436 728; 447 728; 448 727; 449 727; 450 726; 450 725; 451 724; 451 723; 452 722; 463 722; 463 713; 462 712; 462 711; 461 710; 461 709; 460 708; 460 688; 459 687; 459 684; 447 684; 446 683
300; 818 696; 818 699; 817 700; 817 712; 823 718; 831 718; 831 716; 834 713; 842 713; 843 714; 843 716; 844 715; 844 712; 842 710; 842 699; 841 699; 840 698; 840 696; 839 696; 838 697; 837 697; 837 700; 836 701; 830 701; 829 700; 829 697; 824 697; 823 696
301; 562 692; 562 703; 561 704; 554 704; 554 712; 555 713; 556 713; 557 714; 558 714; 559 715; 559 721; 566 721; 567 722; 568 722; 571 725; 571 726; 572 727; 572 733; 582 733; 582 732; 583 731; 583 727; 584 726; 584 723; 585 722; 600 722; 600 720; 601 719; 602 719; 602 707; 596 707; 595 706; 595 702; 580 702; 580 707; 579 708; 572 708; 571 707; 571 692
302; 648 688; 648 693; 647 694; 642 694; 642 697; 641 698; 635 698; 635 704; 634 705; 626 705; 625 704; 625 697; 617 697; 615 699; 615 703; 614 704; 607 704; 606 705; 605 705; 603 707; 603 719; 618 719; 619 720; 619 729; 618 730; 615 730; 616 731; 619 731; 620 732; 633 732; 633 723; 634 722; 634 721; 635 720; 637 720; 637 716; 638 715; 638 714; 639 713; 639 707; 640 706; 643 706; 643 703; 644 702; 650 702; 650 697; 651 696; 660 696; 660 688
303; 233 703; 233 711; 231 713; 230 713; 228 715; 228 726; 229 727; 229 728; 230 729; 230 730; 240 730; 241 731; 247 731; 248 732; 249 732; 250 733; 252 733; 253 734; 258 734; 259 735; 267 735; 269 733; 269 722; 268 721; 268 705; 246 705; 245 704; 244 704; 243 703
304; 348 703; 348 708; 347 709; 347 710; 346 711; 346 713; 345 714; 345 717; 344 718; 344 719; 339 724; 339 725; 338 726; 338 728; 337 729; 337 730; 336 731; 336 740; 338 742; 346 742; 347 743; 347 745; 348 746; 348 747; 357 747; 359 745; 364 745; 364 744; 365 743; 365 742; 364 741; 364 734; 365 733; 367 733; 367 732; 368 731; 368 730; 371 727; 372 727; 375 724; 375 716; 374 716; 373 715; 372 715; 371 714; 370 714; 369 713; 368 713; 366 711; 365 711; 364 710; 362 710; 357 705; 357 704; 353 704; 352 703
305; 158 693; 158 694; 157 695; 157 698; 156 699; 156 701; 155 702; 155 703; 154 704; 154 709; 153 710; 153 712; 152 713; 152 714; 150 716; 150 717; 149 718; 149 720; 148 721; 145 721; 144 722; 147 722; 148 723; 148 733; 151 736; 152 736; 153 737; 157 737; 158 738; 159 738; 160 739; 160 741; 173 741; 175 739; 176 739; 176 738; 179 735; 179 720; 180 719; 180 717; 181 716; 181 712; 182 711; 182 701; 181 700; 171 700; 169 698; 169 697; 168 696; 168 695; 167 694; 167 693
306; 754 698; 754 705; 753 706; 746 706; 745 707; 744 707; 743 708; 743 709; 742 710; 742 719; 746 723; 747 723; 749 725; 749 726; 754 731; 754 737; 756 737; 757 738; 757 739; 759 741; 767 741; 768 740; 769 740; 771 738; 772 738; 774 736; 774 735; 778 731; 781 731; 781 717; 782 716; 793 716; 793 701; 792 701; 790 699; 782 699; 782 711; 781 712; 775 712; 773 710; 772 710; 768 706; 767 706; 764 703; 764 702; 762 700; 762 698
307; 48 714; 48 720; 46 722; 48 737; 54 737; 63 746; 66 754; 74 754; 77 749; 87 744; 87 735; 79 728; 79 716; 77 713; 77 707; 83 704; 83 696; 63 696; 58 680; 54 680; 50 682; 50 699
308; 980 738; 980 748; 1002 750; 1004 756; 1011 757; 1012 754; 1023 754; 1023 724; 1003 722
309; 1003 722; 1004 714; 1013 714; 1015 701; 987 699; 987 711; 980 712; 961 720; 972 737; 980 738
310; 980 712; 977 699; 964 695; 965 671; 957 671; 955 680; 944 680; 944 688; 959 690; 961 720
311; 476 702; 476 716; 477 717; 485 717; 486 718; 486 723; 489 726; 489 732; 487 734; 487 744; 489 744; 489 743; 490 742; 497 742; 498 741; 504 741; 505 740; 508 740; 509 739; 517 739; 518 738; 520 738; 521 737; 525 737; 526 736; 528 736; 529 735; 530 735; 530 734; 531 733; 531 732; 534 729; 535 729; 535 721; 532 721; 531 720; 529 720; 526 717; 526 715; 525 714; 525 713; 524 712; 524 711; 523 710; 522 710; 521 709; 520 709; 518 707; 510 707; 509 708; 509 713; 508 714; 488 714; 487 713; 487 702
312; 889 709; 884 710; 886 711; 886 717; 881 727; 881 736; 894 741; 904 749; 912 749; 912 742; 921 739; 921 730; 917 724; 909 723; 905 707
313; 905 707; 918 705; 919 709; 927 709; 927 701; 919 701; 918 693; 929 692; 930 681; 918 681; 918 693; 905 694; 904 687; 910 686; 910 677; 896 675; 891 679; 889 709
314; 844 716; 843 717; 843 720; 842 721; 842 722; 839 725; 839 726; 838 727; 838 729; 837 730; 837 732; 836 733; 836 734; 835 735; 835 736; 834 737; 834 739; 833 740; 833 741; 832 742; 832 743; 831 744; 831 745; 830 746; 830 755; 831 756; 832 756; 833 757; 844 757; 845 758; 845 767; 847 767; 848 768; 850 768; 851 767; 855 767; 855 761; 856 760; 856 754; 857 753; 858 753; 858 752; 859 751; 859 749; 860 748; 860 746; 861 745; 861 744; 864 741; 864 740; 866 738; 866 737; 867 736; 867 728; 866 727; 866 720; 861 720; 860 719; 845 719; 844 718
315; 938 720; 935 723; 934 723; 933 724; 933 736; 932 737; 932 746; 933 747; 933 748; 959 748; 960 749; 968 749; 969 750; 969 752; 970 752; 971 751; 972 751; 972 738; 971 737; 971 736; 967 732; 967 729; 966 728; 966 727; 961 722; 961 721; 954 721; 953 720
316; 385 716; 385 735; 384 736; 384 746; 387 746; 388 747; 391 747; 392 748; 395 748; 396 749; 401 749; 402 750; 405 750; 406 751; 410 751; 412 753; 420 753; 420 750; 421 749; 423 749; 424 748; 424 740; 423 739; 423 729; 412 729; 411 728; 410 728; 409 727; 408 727; 406 725; 405 725; 402 722; 401 722; 398 719; 397 719; 396 718; 395 718; 393 716
317; 731 738; 730 729; 720 723; 716 717; 684 727; 684 737; 680 748; 692 759; 699 759; 702 762; 701 769; 714 769; 721 763; 730 763; 731 752
318; 716 717; 716 711; 723 710; 727 706; 726 697; 710 698; 709 707; 703 707; 702 700; 683 699; 682 702; 674 702; 674 710; 677 715; 681 716; 681 726; 684 727
319; 22 713; 21 714; 20 714; 19 715; 19 721; 18 722; 10 722; 9 723; 8 723; 6 725; 5 725; 5 734; 9 738; 9 739; 10 740; 10 741; 11 742; 11 744; 14 744; 15 745; 15 754; 17 756; 22 756; 23 757; 32 757; 35 754; 36 754; 37 753; 39 753; 43 749; 44 749; 45 748; 47 748; 47 733; 46 732; 46 730; 45 729; 39 729; 33 723; 33 722; 32 721; 32 720; 31 719; 31 713
320; 653 710; 653 711; 651 713; 651 722; 650 723; 642 723; 642 727; 641 728; 641 729; 640 730; 634 730; 634 732; 635 733; 635 744; 636 745; 636 751; 638 753; 642 753; 643 754; 648 754; 649 755; 652 755; 653 754; 661 754; 666 749; 666 739; 667 738; 667 737; 668 736; 668 735; 673 730; 673 719; 664 719; 663 718; 663 714; 662 713; 662 712; 661 711; 661 710
321; 282 726; 281 727; 280 727; 278 729; 278 734; 277 735; 277 742; 275 744; 275 745; 274 746; 274 759; 282 759; 283 758; 286 758; 287 757; 288 757; 290 755; 300 755; 301 756; 317 756; 317 750; 316 749; 316 742; 317 741; 317 733; 313 733; 312 732; 309 732; 308 731; 307 731; 306 730; 306 726; 302 726; 302 727; 301 728; 295 728; 294 727; 292 727; 291 726
322; 548 722; 548 725; 547 726; 547 729; 543 733; 543 739; 542 740; 539 740; 539 742; 538 743; 538 744; 535 747; 535 748; 532 751; 532 759; 533 760; 533 762; 535 764; 542 764; 546 768; 546 769; 556 769; 556 766; 557 765; 557 764; 559 762; 560 762; 563 759; 563 747; 564 746; 567 746; 568 745; 568 744; 569 743; 571 743; 571 734; 561 734; 559 732; 559 722
323; 453 736; 452 737; 451 737; 451 746; 450 747; 450 756; 452 758; 453 758; 457 762; 457 763; 461 767; 462 767; 463 768; 464 768; 465 769; 466 769; 468 771; 469 771; 473 775; 481 775; 481 774; 482 773; 482 771; 483 770; 483 769; 484 768; 484 766; 486 764; 489 764; 490 763; 492 763; 493 762; 494 762; 494 754; 493 753; 492 753; 490 751; 490 750; 489 749; 489 745; 487 745; 487 746; 486 747; 480 747; 478 745; 477 745; 476 744; 475 744; 467 736
324; 121 737; 120 738; 120 739; 119 740; 119 742; 118 743; 118 745; 116 747; 116 766; 117 767; 127 767; 128 768; 129 768; 130 769; 131 769; 132 770; 144 770; 145 771; 146 771; 147 772; 155 772; 155 764; 156 763; 156 759; 157 758; 157 746; 148 746; 147 745; 144 745; 143 744; 142 744; 141 743; 140 743; 139 742; 135 742; 134 741; 134 740; 133 740; 132 739; 131 739; 129 737
325; 789 731; 788 732; 786 732; 786 748; 785 749; 781 749; 781 751; 780 752; 780 753; 779 754; 779 755; 777 757; 777 758; 776 759; 775 759; 775 769; 776 770; 776 772; 778 774; 778 776; 781 776; 782 775; 785 775; 785 772; 786 771; 803 771; 803 765; 804 764; 804 763; 805 762; 805 752; 806 751; 814 751; 815 750; 815 746; 816 745; 816 737; 815 737; 814 736; 800 736; 799 735; 799 731
326; 679 748; 678 749; 667 749; 661 755; 661 766; 660 767; 657 767; 657 768; 656 769; 651 769; 651 771; 650 772; 650 774; 651 775; 651 786; 652 787; 659 787; 661 789; 661 790; 663 792; 664 792; 665 793; 674 793; 675 792; 675 791; 676 790; 681 790; 681 789; 682 788; 682 787; 681 786; 681 780; 683 778; 683 777; 692 768; 692 760; 685 753; 684 753
327; 873 747; 872 748; 871 748; 868 751; 868 752; 867 753; 867 759; 866 760; 866 761; 864 763; 864 774; 867 774; 868 775; 870 775; 871 776; 872 776; 873 777; 882 777; 884 779; 885 779; 887 781; 888 781; 889 782; 890 782; 891 783; 900 783; 900 781; 901 780; 910 780; 910 768; 911 767; 911 759; 890 759; 889 758; 889 751; 888 751; 887 750; 886 750; 885 749; 884 749; 883 748; 882 748; 881 747
328; 602 772; 603 783; 615 795; 632 793; 632 784; 643 774; 649 774; 649 756; 636 752; 624 752; 611 770; 605 770
329; 605 770; 606 753; 612 752; 614 749; 612 732; 615 731; 595 730; 591 734; 591 742; 599 743; 600 750; 590 751; 589 744; 581 744; 576 747; 575 759; 579 760; 579 769; 602 772
330; 173 749; 173 750; 172 751; 172 752; 171 753; 171 755; 170 756; 170 758; 169 759; 169 761; 167 763; 167 764; 165 766; 165 767; 164 768; 164 769; 163 770; 163 772; 162 773; 161 773; 161 789; 164 789; 165 790; 168 790; 169 789; 173 789; 175 787; 181 787; 182 788; 190 788; 190 786; 191 785; 191 782; 192 781; 192 780; 193 779; 193 777; 194 776; 194 775; 195 774; 195 772; 196 771; 196 769; 197 768; 197 767; 198 766; 198 765; 199 764; 199 756; 198 755; 196 755; 193 752; 193 751; 183 751; 181 749
331; 258 745; 258 750; 257 751; 257 758; 256 759; 256 760; 253 763; 247 763; 246 762; 246 761; 244 759; 236 759; 236 763; 235 764; 235 766; 233 768; 233 777; 232 778; 232 790; 255 790; 255 788; 254 787; 254 780; 255 779; 263 779; 264 778; 265 778; 267 776; 267 767; 266 766; 266 745
332; 971 752; 970 753; 969 753; 969 756; 968 757; 960 757; 959 758; 957 758; 956 759; 939 759; 939 760; 938 761; 938 769; 939 770; 939 787; 948 787; 949 788; 951 788; 952 789; 952 792; 966 792; 966 789; 967 788; 978 788; 978 780; 977 779; 976 779; 974 777; 974 771; 975 770; 982 770; 982 761; 981 760; 981 759; 978 756; 973 756; 972 755; 972 752
333; 318 750; 318 756; 319 757; 319 773; 318 774; 318 775; 317 776; 317 777; 316 778; 313 778; 313 788; 316 788; 318 790; 321 790; 322 791; 324 791; 325 792; 326 792; 327 793; 343 793; 343 789; 344 788; 344 787; 345 786; 351 786; 351 775; 349 775; 348 774; 348 768; 349 767; 349 757; 348 756; 345 756; 344 755; 343 755; 342 754; 342 753; 341 753; 339 751; 331 751; 330 750
334; 383 796; 384 813; 388 813; 390 817; 400 824; 409 824; 409 820; 412 816; 412 805; 419 792; 419 784; 411 782; 404 769; 392 769
335; 392 769; 390 759; 378 759; 376 742; 366 742; 366 756; 356 774; 352 775; 352 786; 359 787; 370 796; 383 796
336; 0 749; 0 773; 3 773; 4 774; 4 777; 12 777; 13 778; 14 778; 15 779; 16 779; 18 781; 19 781; 24 786; 24 787; 25 788; 25 789; 26 790; 26 791; 27 792; 27 804; 28 804; 29 805; 39 805; 39 801; 41 799; 41 792; 44 789; 47 789; 48 788; 48 774; 44 774; 43 773; 41 773; 40 772; 39 772; 38 771; 37 771; 36 770; 35 770; 33 768; 32 768; 30 766; 30 759; 31 758; 23 758; 22 757; 17 757; 15 755; 8 755; 7 754; 7 749
337; 821 766; 821 774; 822 775; 822 781; 821 782; 812 782; 811 783; 810 783; 809 784; 809 793; 822 793; 823 794; 824 794; 825 795; 826 795; 828 797; 829 797; 830 798; 831 798; 833 800; 841 800; 841 794; 842 793; 848 793; 849 794; 849 795; 857 795; 858 794; 858 791; 859 790; 859 788; 860 787; 860 778; 857 778; 856 777; 855 777; 854 776; 853 776; 852 775; 851 775; 850 774; 850 769; 848 769; 847 768; 845 768; 844 769; 837 769; 836 768; 833 768; 832 767; 831 767; 830 766
338; 79 767; 78 768; 78 769; 77 770; 68 770; 68 774; 67 775; 67 776; 65 778; 60 778; 60 786; 63 789; 63 790; 66 793; 66 794; 70 798; 70 799; 72 801; 72 802; 73 803; 73 804; 74 805; 74 806; 75 807; 75 809; 76 810; 76 815; 77 816; 77 817; 78 818; 78 819; 86 819; 86 813; 87 812; 87 811; 88 810; 91 810; 94 807; 95 807; 96 806; 101 806; 101 798; 97 794; 97 793; 96 792; 96 790; 95 789; 95 788; 94 787; 94 786; 93 785; 93 784; 92 783; 92 782; 91 781; 91 772; 90 771; 90 770; 89 769; 89 768; 88 767
339; 507 764; 507 775; 506 776; 493 776; 493 784; 495 784; 496 785; 496 787; 497 788; 497 789; 499 791; 502 791; 503 792; 503 803; 505 805; 506 805; 507 806; 508 806; 510 808; 518 808; 518 799; 519 798; 534 798; 534 792; 533 791; 533 789; 531 787; 531 786; 524 779; 524 778; 522 776; 522 775; 521 774; 521 767; 519 765; 518 765; 517 764
340; 278 772; 278 787; 277 788; 277 791; 276 792; 276 798; 275 799; 275 801; 274 802; 274 803; 273 804; 273 812; 284 812; 285 813; 285 818; 285 817; 286 816; 301 816; 301 810; 302 809; 302 806; 303 805; 303 795; 304 794; 304 793; 308 789; 309 789; 310 788; 312 788; 312 778; 309 778; 308 777; 307 777; 306 776; 294 776; 291 773; 290 773; 289 772
341; 448 776; 448 778; 438 788; 438 796; 441 799; 442 799; 443 800; 444 800; 446 802; 447 802; 449 804; 450 804; 453 807; 454 807; 457 810; 458 810; 459 811; 460 811; 463 814; 473 814; 473 812; 474 811; 474 810; 479 805; 479 804; 480 803; 481 803; 482 802; 484 802; 485 801; 486 801; 486 793; 483 793; 482 792; 478 792; 476 790; 469 790; 468 789; 468 783; 466 783; 465 782; 464 782; 463 781; 462 781; 457 776
342; 1004 757; 1004 758; 1003 759; 1001 759; 998 762; 998 764; 997 765; 997 767; 996 768; 996 769; 994 771; 994 772; 993 773; 993 775; 992 776; 992 777; 991 778; 991 779; 990 780; 990 781; 989 782; 989 785; 988 786; 988 789; 987 790; 987 791; 985 793; 984 793; 984 801; 988 805; 988 809; 989 810; 990 809; 991 809; 992 808; 998 808; 999 807; 1012 807; 1013 806; 1013 805; 1015 803; 1015 802; 1016 801; 1016 799; 1018 797; 1023 797; 1023 764; 1014 764; 1013 763; 1012 763; 1011 762; 1011 758; 1008 758; 1007 757
343; 701 770; 701 773; 700 774; 700 776; 699 777; 699 778; 698 779; 698 780; 695 783; 695 784; 694 785; 693 785; 692 786; 690 786; 689 787; 683 787; 683 788; 682 789; 682 790; 683 791; 683 802; 684 803; 684 804; 685 805; 685 807; 687 809; 688 809; 689 810; 695 810; 696 811; 698 811; 699 812; 706 812; 709 809; 709 796; 710 795; 718 795; 718 794; 722 790; 723 790; 727 786; 727 777; 715 777; 714 776; 714 770
344; 565 771; 565 772; 563 774; 558 774; 558 776; 557 777; 557 778; 556 779; 556 780; 553 783; 553 784; 548 789; 546 789; 545 790; 543 790; 542 791; 541 791; 540 792; 535 792; 535 798; 536 799; 536 803; 540 807; 546 807; 548 809; 548 811; 553 816; 553 823; 554 823; 556 825; 561 825; 562 824; 564 824; 565 823; 573 823; 573 812; 574 811; 574 800; 573 799; 573 792; 574 791; 574 778; 573 777; 573 771
345; 752 766; 752 776; 750 778; 738 778; 738 787; 739 788; 739 792; 740 793; 740 803; 741 804; 741 806; 742 807; 742 813; 741 814; 741 816; 747 822; 758 822; 758 817; 759 816; 768 816; 768 803; 769 802; 769 777; 768 776; 768 775; 767 774; 767 773; 766 772; 766 771; 764 769; 761 769; 760 768; 760 766
346; 596 784; 595 785; 594 785; 590 789; 589 789; 588 790; 587 790; 585 792; 585 794; 584 795; 584 796; 580 800; 575 800; 575 811; 574 812; 574 827; 576 829; 577 829; 578 830; 587 830; 588 829; 588 828; 590 826; 591 826; 591 824; 592 823; 596 823; 597 822; 598 822; 598 821; 600 819; 600 818; 602 816; 603 816; 606 813; 607 813; 609 811; 610 811; 614 807; 614 795; 603 784
347; 206 775; 205 776; 205 778; 204 779; 204 783; 203 784; 203 785; 202 786; 202 787; 201 788; 201 789; 197 793; 194 793; 194 795; 193 796; 193 798; 191 800; 191 809; 192 809; 194 811; 195 811; 198 814; 198 815; 199 816; 199 817; 202 817; 203 818; 203 824; 218 824; 218 821; 220 819; 225 819; 225 814; 226 813; 226 808; 225 807; 225 801; 226 800; 227 800; 227 797; 228 796; 228 794; 229 793; 229 792; 231 790; 231 778; 219 778; 216 775
348; 238 791; 238 797; 237 798; 237 799; 236 800; 236 801; 235 802; 235 803; 234 804; 233 804; 233 807; 232 808; 227 808; 227 813; 226 814; 226 819; 227 820; 227 822; 228 823; 229 823; 230 824; 235 824; 236 825; 237 825; 238 826; 239 826; 240 827; 241 827; 242 828; 243 828; 245 830; 245 831; 254 831; 255 830; 256 830; 256 829; 257 828; 257 824; 258 823; 258 817; 259 816; 259 815; 260 814; 260 813; 262 811; 262 809; 263 808; 263 806; 264 805; 264 793; 263 793; 262 792; 256 792; 255 791
349; 138 784; 137 785; 137 787; 136 788; 136 789; 135 790; 135 791; 133 793; 133 794; 131 796; 131 797; 130 798; 130 799; 125 804; 124 804; 123 805; 123 806; 119 810; 119 818; 120 818; 121 819; 121 820; 122 821; 122 822; 123 823; 123 824; 125 826; 135 826; 136 827; 145 827; 146 826; 152 826; 158 820; 158 816; 161 813; 161 804; 165 800; 166 800; 167 799; 168 799; 168 791; 165 791; 164 790; 161 790; 160 791; 148 791; 147 790; 147 784
350; 879 790; 879 799; 877 801; 876 801; 875 802; 874 802; 873 803; 873 806; 872 807; 872 808; 869 811; 869 819; 870 820; 872 820; 873 821; 876 821; 877 822; 878 822; 879 823; 883 823; 884 824; 885 824; 886 825; 887 825; 889 827; 889 830; 890 831; 890 828; 891 827; 897 827; 898 828; 899 828; 900 829; 901 829; 903 831; 911 831; 911 807; 910 806; 909 806; 907 804; 905 804; 892 791; 891 791; 890 790
351; 633 793; 633 801; 634 802; 634 808; 633 809; 632 809; 631 810; 631 818; 632 818; 633 819; 634 819; 635 820; 636 820; 637 821; 638 821; 639 822; 640 822; 641 823; 642 823; 643 824; 644 824; 645 825; 646 825; 648 827; 657 827; 658 826; 667 826; 667 825; 665 823; 665 817; 666 816; 673 816; 673 807; 672 806; 671 806; 670 805; 668 805; 667 804; 666 804; 665 803; 664 803; 663 802; 661 802; 660 801; 659 801; 658 800; 655 800; 654 799; 651 799; 650 798; 649 798; 648 797; 647 797; 645 795; 644 795; 642 793
352; 952 793; 952 795; 951 796; 950 796; 946 800; 946 806; 945 807; 945 808; 944 809; 944 811; 943 812; 943 821; 944 822; 947 822; 948 823; 949 823; 950 824; 952 824; 954 826; 954 832; 982 832; 982 828; 983 827; 983 826; 984 825; 984 822; 985 821; 985 819; 986 818; 986 814; 987 813; 987 812; 988 811; 988 810; 987 809; 987 805; 983 801; 973 801; 968 796; 967 796; 966 795; 966 793
353; 781 826; 781 833; 786 833; 787 837; 795 843; 806 843; 810 834; 817 832; 815 831; 815 824; 819 816; 819 808; 813 808; 806 800; 798 800
354; 798 800; 797 788; 792 785; 785 778; 785 776; 778 777; 777 788; 770 789; 768 817; 769 821; 774 824; 779 824; 781 826
355; 717 809; 716 810; 709 810; 706 813; 706 823; 705 824; 705 832; 712 832; 713 833; 713 839; 712 840; 712 851; 713 851; 714 852; 723 852; 723 851; 724 850; 724 848; 727 845; 727 844; 731 840; 731 839; 736 834; 737 834; 738 833; 743 833; 743 829; 746 826; 746 822; 741 817; 733 817; 730 814; 730 813; 729 812; 729 809
356; 321 805; 321 810; 320 811; 319 811; 317 813; 317 814; 315 816; 315 817; 314 818; 314 819; 313 820; 313 828; 314 828; 315 829; 316 829; 317 830; 318 830; 319 831; 320 831; 322 833; 323 833; 324 834; 326 834; 327 835; 328 835; 332 839; 332 840; 333 841; 334 841; 335 842; 336 842; 337 843; 339 843; 341 845; 350 845; 352 843; 352 832; 353 831; 353 830; 355 828; 355 819; 354 819; 353 818; 352 818; 350 816; 349 816; 348 815; 347 815; 345 813; 337 813; 336 812; 336 807; 334 807; 333 806; 331 806; 330 805
357; 495 804; 495 811; 493 813; 489 813; 489 818; 488 819; 478 819; 478 821; 477 822; 477 835; 478 836; 479 836; 481 838; 483 838; 485 840; 492 840; 494 842; 500 842; 501 843; 501 850; 510 850; 510 838; 511 837; 518 837; 519 836; 520 836; 520 826; 516 826; 515 825; 515 824; 512 821; 512 819; 511 818; 511 817; 510 816; 510 809; 508 807; 507 807; 506 806; 505 806; 503 804
358; 424 807; 423 808; 423 809; 422 810; 422 811; 421 812; 421 813; 420 814; 420 815; 419 816; 413 816; 411 818; 411 819; 410 820; 410 838; 409 839; 403 839; 403 848; 404 849; 404 852; 426 852; 427 853; 431 853; 436 848; 436 835; 437 834; 448 834; 449 833; 449 818; 448 817; 433 817; 432 816; 432 807
359; 162 813; 159 816; 159 820; 153 826; 153 834; 152 835; 152 836; 151 837; 151 838; 150 839; 150 840; 149 841; 149 842; 147 844; 147 845; 146 846; 148 848; 148 849; 150 851; 150 852; 153 855; 153 857; 155 859; 155 860; 156 861; 157 861; 158 860; 176 860; 176 853; 177 852; 177 850; 179 848; 179 847; 186 840; 186 839; 187 838; 187 835; 188 834; 188 833; 190 831; 191 831; 191 822; 180 822; 180 823; 179 824; 173 824; 172 823; 172 814; 171 814; 170 813
360; 525 823; 525 824; 523 826; 521 826; 521 836; 526 836; 527 837; 527 851; 528 852; 545 852; 546 853; 548 853; 549 854; 550 854; 551 855; 552 855; 553 856; 557 856; 558 857; 566 857; 567 856; 568 856; 568 855; 569 854; 569 844; 568 843; 568 842; 567 841; 567 837; 566 836; 565 836; 564 835; 560 835; 559 834; 557 834; 556 833; 556 826; 554 824; 540 824; 539 823
361; 833 812; 833 813; 832 814; 832 815; 830 817; 830 818; 828 820; 828 821; 827 822; 827 824; 826 825; 826 826; 824 828; 824 829; 823 830; 823 831; 822 832; 818 832; 817 833; 818 834; 818 847; 820 847; 821 848; 821 849; 822 850; 822 856; 833 856; 834 857; 834 858; 835 859; 845 859; 845 858; 846 857; 846 848; 847 847; 847 846; 848 845; 848 844; 849 843; 849 842; 850 841; 855 841; 855 837; 856 836; 856 832; 855 831; 855 821; 854 820; 852 820; 851 819; 849 819; 848 818; 847 818; 841 812
362; 285 819; 285 820; 284 821; 275 821; 275 823; 274 824; 274 830; 273 831; 273 835; 272 836; 272 841; 271 842; 271 844; 270 845; 270 850; 269 851; 269 852; 268 853; 268 862; 269 863; 271 863; 272 864; 273 864; 274 865; 277 865; 279 867; 280 867; 281 868; 281 869; 282 870; 282 873; 283 874; 283 875; 284 876; 292 876; 292 874; 293 873; 293 872; 295 870; 295 852; 296 851; 298 851; 298 849; 300 847; 300 846; 301 845; 301 844; 302 843; 302 841; 303 840; 303 832; 299 828; 288 828; 287 827; 287 824; 286 824; 285 823
363; 203 825; 203 840; 202 841; 202 842; 200 844; 200 853; 204 853; 206 855; 207 855; 208 856; 219 856; 220 857; 220 864; 221 864; 223 866; 224 866; 226 868; 227 868; 228 869; 240 869; 240 850; 241 849; 241 848; 243 846; 243 837; 237 837; 236 836; 235 836; 234 835; 233 835; 232 834; 231 834; 230 833; 227 833; 226 832; 224 832; 223 831; 222 831; 221 830; 220 830; 218 828; 218 825
364; 57 854; 66 854; 76 859; 89 860; 93 856; 102 855; 107 851; 107 834; 99 833; 95 829; 64 826
365; 64 826; 61 824; 60 817; 45 813; 39 806; 29 806; 27 832; 34 832; 36 834; 36 842; 41 842; 45 845; 45 851; 42 853; 43 862; 55 862; 57 854
366; 889 831; 889 833; 888 834; 874 834; 873 833; 872 833; 871 832; 857 832; 857 836; 856 837; 856 841; 857 842; 857 849; 856 850; 856 852; 854 854; 854 855; 853 856; 847 856; 847 857; 846 858; 846 859; 847 860; 847 874; 876 874; 877 873; 877 870; 879 868; 885 868; 888 865; 888 855; 889 854; 889 843; 892 840; 892 838; 891 837; 891 835; 890 834; 890 832
367; 376 822; 376 823; 375 824; 375 829; 372 832; 368 832; 367 833; 366 833; 363 836; 363 844; 368 849; 368 850; 370 852; 370 853; 371 854; 371 855; 372 856; 372 861; 373 862; 373 863; 378 868; 378 869; 379 870; 379 872; 380 873; 380 874; 381 875; 381 876; 389 876; 389 872; 390 871; 390 869; 391 868; 391 867; 394 864; 395 864; 396 863; 398 863; 399 862; 400 862; 403 859; 403 849; 402 848; 402 845; 396 845; 392 841; 392 840; 391 839; 391 838; 390 837; 390 836; 389 835; 389 832; 388 831; 388 830; 387 829; 387 827; 386 826; 386 825; 385 824; 385 822
368; 658 827; 657 828; 649 828; 649 835; 648 836; 648 837; 647 838; 647 839; 643 843; 642 843; 641 844; 640 844; 636 848; 636 849; 630 855; 630 863; 638 863; 639 864; 639 875; 640 876; 640 877; 641 877; 642 878; 651 878; 651 873; 657 867; 657 866; 660 863; 660 862; 663 859; 664 859; 666 857; 666 856; 667 855; 669 855; 669 854; 671 852; 671 842; 670 841; 670 839; 669 838; 669 834; 668 833; 668 827
369; 954 833; 953 834; 953 838; 949 842; 948 842; 947 843; 947 844; 946 845; 946 846; 945 847; 945 850; 944 851; 944 864; 948 868; 949 868; 959 878; 960 878; 965 883; 967 883; 968 882; 971 882; 974 879; 974 878; 976 876; 977 876; 981 872; 981 871; 982 870; 982 868; 988 862; 988 861; 990 859; 991 859; 992 858; 993 858; 993 850; 992 849; 992 848; 985 848; 982 845; 982 833
370; 450 832; 450 833; 449 834; 449 847; 448 848; 437 848; 432 853; 432 856; 433 857; 433 864; 436 867; 443 867; 444 868; 444 869; 445 870; 452 870; 454 872; 454 873; 456 875; 470 875; 471 874; 471 868; 472 867; 472 861; 473 860; 473 848; 474 847; 477 847; 478 846; 479 846; 480 845; 481 845; 482 844; 484 844; 485 843; 485 841; 483 839; 481 839; 479 837; 478 837; 476 835; 471 835; 471 836; 470 837; 464 837; 463 836; 463 833; 462 833; 461 832
371; 760 841; 759 842; 759 844; 758 845; 745 845; 745 847; 744 848; 744 852; 743 853; 743 854; 742 855; 742 868; 741 869; 732 869; 731 870; 731 879; 735 883; 743 883; 744 882; 750 882; 751 883; 751 890; 759 890; 761 888; 761 887; 762 886; 762 885; 763 884; 763 882; 764 881; 764 878; 765 877; 765 875; 766 874; 766 873; 767 872; 767 871; 769 869; 769 868; 770 867; 770 866; 772 864; 772 862; 773 861; 773 858; 775 856; 776 856; 776 848; 775 847; 774 847; 773 846; 772 846; 770 844; 769 844; 768 843; 768 841
372; 906 840; 905 841; 892 841; 890 843; 890 854; 889 855; 889 865; 886 868; 886 879; 887 879; 888 880; 889 880; 890 881; 891 881; 892 882; 894 882; 895 883; 897 883; 898 884; 899 884; 908 875; 909 875; 912 872; 915 872; 921 866; 922 866; 924 864; 924 850; 923 849; 922 849; 917 844; 917 843; 914 840
373; 117 842; 116 843; 115 843; 115 850; 114 851; 114 871; 123 871; 124 872; 126 872; 128 874; 129 874; 133 878; 133 882; 137 882; 138 883; 142 883; 143 882; 144 882; 144 881; 145 880; 145 877; 146 876; 146 875; 148 873; 149 873; 150 872; 154 872; 154 865; 155 864; 155 863; 156 862; 154 860; 154 859; 152 857; 152 855; 149 852; 149 851; 147 849; 147 848; 146 847; 145 847; 144 848; 137 848; 135 846; 134 846; 133 845; 132 845; 131 844; 129 844; 127 842
374; 599 830; 599 833; 598 834; 598 835; 597 836; 597 842; 596 843; 593 843; 593 844; 592 845; 592 847; 590 849; 590 850; 588 852; 587 852; 585 854; 585 855; 583 857; 583 872; 585 874; 585 876; 586 877; 586 880; 587 881; 590 881; 591 880; 593 880; 593 879; 595 877; 604 877; 606 875; 609 875; 610 874; 613 874; 615 872; 615 864; 616 863; 616 861; 618 859; 618 858; 620 856; 620 852; 621 851; 621 849; 622 848; 622 840; 621 839; 619 839; 618 838; 613 838; 612 837; 612 835; 607 830
375; 806 857; 803 860; 803 862; 802 863; 802 864; 800 866; 798 866; 797 867; 796 867; 795 868; 794 868; 793 869; 793 878; 794 879; 794 880; 796 882; 796 883; 800 887; 807 887; 808 888; 808 890; 813 895; 813 896; 816 899; 824 899; 827 896; 827 895; 829 893; 835 893; 835 885; 836 884; 836 876; 828 868; 828 867; 827 866; 827 865; 826 864; 826 857
376; 482 857; 481 858; 481 859; 480 860; 474 860; 473 861; 473 867; 472 868; 472 874; 471 875; 471 883; 470 884; 470 893; 483 893; 484 894; 484 898; 486 900; 496 900; 499 897; 499 895; 500 894; 500 892; 501 891; 501 880; 502 879; 502 877; 503 876; 503 875; 504 874; 504 873; 505 872; 505 863; 504 863; 501 860; 501 859; 500 858; 492 858; 491 857
377; 335 859; 334 860; 333 860; 331 862; 326 862; 326 870; 332 876; 332 878; 333 879; 333 885; 330 888; 329 888; 329 897; 338 897; 339 898; 339 899; 340 900; 340 903; 349 903; 351 901; 351 899; 353 897; 354 897; 354 891; 355 890; 369 890; 369 881; 366 878; 366 877; 364 875; 364 874; 363 873; 363 871; 362 870; 362 868; 361 867; 361 866; 360 865; 360 864; 358 862; 344 862; 343 861; 343 859
378; 23 862; 22 863; 16 863; 16 868; 14 870; 14 871; 12 873; 11 873; 10 874; 9 874; 8 875; 5 875; 4 876; 0 876; 0 911; 4 911; 5 910; 6 910; 12 904; 13 904; 14 903; 15 903; 16 902; 17 902; 19 900; 20 900; 21 899; 23 899; 24 898; 28 898; 29 897; 30 897; 32 895; 33 895; 34 894; 35 894; 36 893; 38 893; 39 892; 41 892; 41 883; 37 879; 37 870; 35 868; 35 867; 34 866; 34 865; 33 864; 33 863; 32 862
379; 925 864; 922 867; 921 867; 915 873; 912 873; 909 876; 908 876; 899 885; 900 886; 900 887; 901 888; 901 894; 917 894; 918 895; 934 895; 935 896; 941 896; 942 897; 943 897; 944 898; 946 898; 948 900; 949 900; 950 901; 958 901; 958 900; 959 899; 959 896; 960 895; 960 893; 963 890; 963 889; 964 888; 964 885; 965 884; 960 879; 959 879; 949 869; 948 869; 943 864
380; 108 851; 104 855; 103 855; 102 856; 99 856; 98 857; 93 857; 89 861; 89 867; 88 868; 83 868; 81 870; 81 874; 80 875; 80 878; 79 879; 79 881; 78 882; 78 886; 77 887; 77 890; 76 891; 76 892; 75 893; 75 894; 74 895; 89 895; 90 896; 106 896; 107 895; 112 895; 112 891; 113 890; 113 886; 111 886; 110 885; 110 872; 111 871; 113 871; 113 851
381; 185 858; 183 860; 177 860; 178 861; 178 867; 173 872; 172 872; 165 879; 164 879; 163 880; 160 880; 159 881; 156 881; 156 890; 159 893; 166 893; 169 896; 169 898; 173 898; 176 901; 176 902; 177 903; 177 904; 185 904; 185 903; 186 902; 186 901; 187 900; 187 898; 188 897; 188 896; 190 894; 190 893; 194 889; 195 889; 196 888; 202 888; 207 883; 207 873; 206 872; 205 872; 204 871; 203 871; 202 870; 201 870; 200 869; 200 866; 199 865; 199 864; 197 862; 197 861; 196 860; 196 858
382; 228 870; 228 875; 227 876; 227 884; 228 885; 228 891; 227 892; 227 901; 234 901; 235 902; 241 902; 242 903; 242 904; 255 904; 256 905; 266 905; 266 900; 267 899; 267 898; 269 896; 270 896; 270 895; 271 894; 271 886; 270 885; 270 884; 269 883; 269 882; 268 881; 268 880; 267 879; 267 873; 266 873; 265 872; 263 872; 262 871; 241 871; 240 870
383; 561 867; 559 869; 554 869; 554 870; 553 871; 553 876; 552 877; 552 878; 549 881; 549 887; 548 888; 544 888; 541 891; 541 892; 540 893; 540 904; 541 905; 541 906; 542 907; 542 908; 543 909; 543 910; 552 910; 553 911; 554 911; 555 912; 556 912; 558 914; 567 914; 568 913; 569 913; 570 912; 570 911; 571 910; 571 909; 572 908; 572 905; 573 904; 573 900; 574 899; 574 898; 575 897; 575 896; 576 895; 576 893; 577 892; 577 891; 579 889; 586 889; 586 883; 587 882; 585 880; 585 877; 584 876; 584 874; 582 872; 580 872; 579 873; 577 873; 576 874; 570 874; 569 873; 569 867
384; 847 875; 846 876; 837 876; 837 884; 836 885; 836 906; 838 906; 839 907; 841 907; 842 908; 844 908; 845 909; 847 909; 848 910; 849 910; 850 911; 851 911; 852 912; 853 912; 854 913; 854 916; 865 916; 866 917; 877 917; 877 914; 878 913; 882 913; 882 905; 883 904; 883 896; 882 896; 881 895; 880 895; 879 894; 878 894; 877 893; 875 893; 874 892; 872 892; 871 891; 870 891; 869 890; 868 890; 862 884; 861 884; 860 883; 859 883; 858 882; 856 882; 855 881; 855 875
385; 999 872; 991 883; 987 894; 987 902; 991 906; 1007 914; 1023 912
386; 1023 912; 1023 823; 1016 823; 1004 839; 1009 854; 1008 861; 999 862; 999 872
387; 1016 823; 1008 816; 999 817; 999 826; 993 835; 993 838; 1004 839
388; 426 864; 425 865; 425 875; 424 876; 405 876; 405 884; 408 887; 408 888; 409 889; 409 890; 411 892; 411 893; 413 895; 413 896; 414 896; 415 897; 415 900; 416 901; 416 904; 417 905; 417 907; 418 908; 418 910; 419 911; 419 912; 420 913; 420 914; 440 914; 440 909; 442 907; 443 907; 444 906; 445 906; 446 905; 446 896; 445 895; 445 893; 444 892; 444 891; 443 890; 443 889; 440 886; 440 885; 437 882; 437 880; 436 879; 436 877; 435 876; 435 867; 432 864
389; 615 873; 613 875; 610 875; 609 876; 606 876; 604 878; 604 885; 603 886; 603 887; 598 892; 597 892; 594 895; 591 895; 591 908; 590 909; 590 918; 594 918; 596 920; 596 921; 597 922; 597 923; 598 924; 598 925; 606 925; 606 924; 609 921; 609 920; 611 918; 612 918; 614 916; 621 916; 622 915; 624 915; 625 914; 626 914; 628 912; 628 906; 633 901; 633 893; 632 892; 632 891; 631 890; 631 888; 630 887; 630 885; 629 884; 629 883; 628 883; 625 880; 625 873
390; 665 882; 665 886; 664 887; 658 887; 657 886; 649 886; 649 890; 648 891; 647 891; 647 899; 648 899; 649 900; 649 901; 656 908; 663 908; 664 909; 664 916; 665 917; 665 924; 672 924; 673 925; 681 925; 684 922; 684 915; 685 914; 685 911; 687 909; 688 909; 690 907; 692 907; 692 896; 691 896; 690 895; 689 895; 682 888; 681 888; 679 886; 678 886; 676 884; 675 884; 673 882
391; 133 883; 133 884; 132 885; 119 885; 118 886; 114 886; 114 890; 113 891; 113 895; 114 895; 115 896; 115 903; 114 904; 114 905; 113 906; 113 915; 114 916; 116 916; 118 918; 118 924; 152 924; 153 923; 153 922; 154 921; 154 920; 155 919; 155 912; 156 911; 156 910; 158 908; 158 893; 156 891; 149 891; 148 890; 143 890; 142 889; 142 884; 138 884; 137 883
392; 889 895; 888 896; 884 896; 884 904; 883 905; 883 913; 884 913; 885 914; 885 928; 895 928; 896 927; 898 927; 899 926; 910 926; 911 927; 914 927; 915 928; 916 928; 917 929; 925 929; 926 928; 932 928; 935 925; 935 918; 936 917; 936 905; 934 903; 934 896; 918 896; 917 895
393; 720 900; 720 903; 719 904; 719 905; 718 906; 707 906; 706 907; 705 907; 704 908; 702 908; 701 909; 700 909; 699 910; 697 910; 697 922; 698 923; 698 924; 700 926; 700 927; 701 928; 701 929; 703 931; 703 932; 705 934; 705 935; 706 936; 706 937; 707 938; 707 939; 708 940; 708 941; 709 942; 709 943; 711 945; 711 946; 712 947; 712 949; 713 950; 713 951; 715 953; 715 954; 716 955; 716 956; 724 956; 724 938; 725 937; 731 937; 732 938; 740 938; 740 929; 725 929; 724 928; 724 927; 723 926; 723 920; 724 919; 735 919; 735 910; 734 909; 734 908; 732 906; 732 905; 729 902; 729 901; 728 900
394; 753 931; 749 935; 749 936; 748 937; 748 950; 749 951; 749 968; 789 968; 789 954; 790 953; 790 943; 791 942; 791 936
395; 791 936; 795 932; 795 928; 796 927; 796 917; 795 916; 795 898; 786 898; 785 899; 781 899; 780 900; 754 900; 754 929; 753 930; 753 931
396; 59 921; 54 929; 52 940; 48 944; 43 944; 46 945; 46 952; 59 953; 65 955; 71 960; 80 961; 81 949; 87 934
397; 87 934; 92 928; 92 918; 99 916; 101 912; 102 901; 105 897; 74 896; 69 902; 63 902; 63 910; 60 913; 59 921
398; 313 899; 311 901; 311 911; 310 912; 310 913; 309 914; 309 916; 308 917; 308 918; 307 919; 307 921; 306 922; 306 925; 305 926; 305 929; 304 930; 304 932; 303 933; 303 935; 302 936; 302 947; 304 947; 306 949; 306 953; 307 954; 307 955; 328 955; 328 954; 329 953; 329 947; 330 946; 330 944; 331 943; 331 940; 332 939; 332 938; 333 937; 333 936; 335 934; 335 933; 336 932; 336 931; 337 930; 337 929; 338 928; 342 928; 341 928; 340 927; 340 915; 339 914; 337 914; 336 913; 334 913; 333 912; 330 912; 329 911; 328 911; 327 910; 326 910; 325 909; 325 908; 321 904; 321 899
399; 937 906; 937 917; 936 918; 936 925; 933 928; 933 941; 953 941; 954 940; 965 940; 966 941; 968 941; 974 935; 974 932; 975 931; 975 930; 980 925; 980 924; 982 922; 982 917; 981 916; 981 914; 979 912; 970 912; 969 911; 966 911; 965 910; 961 910; 960 909; 947 909; 946 908; 943 908; 942 907; 939 907; 938 906
400; 366 910; 365 911; 351 911; 348 914; 348 927; 347 928; 343 928; 344 928; 345 929; 345 936; 344 937; 344 942; 343 943; 342 943; 342 945; 341 946; 341 956; 342 957; 350 957; 351 956; 357 956; 358 957; 361 957; 362 958; 370 958; 370 957; 371 956; 371 948; 372 947; 372 946; 373 945; 373 937; 374 936; 378 936; 379 935; 383 935; 383 931; 384 930; 384 926; 382 926; 381 925; 381 924; 378 921; 378 920; 374 916; 374 910
401; 420 915; 420 922; 422 924; 422 925; 425 928; 425 933; 426 934; 426 943; 428 945; 446 945; 447 946; 457 946; 458 947; 459 947; 462 950; 463 950; 464 951; 474 951; 474 946; 475 945; 475 934; 476 933; 476 932; 478 930; 478 921; 467 921; 466 920; 464 920; 463 919; 460 919; 459 918; 454 918; 453 917; 450 917; 449 916; 441 916; 440 915
402; 628 913; 626 915; 625 915; 624 916; 622 916; 621 917; 621 925; 620 926; 620 927; 619 928; 619 929; 615 933; 615 934; 614 935; 614 936; 612 938; 612 950; 613 951; 613 950; 614 949; 622 949; 623 950; 623 959; 622 960; 622 962; 628 962; 629 963; 638 963; 638 960; 639 959; 639 956; 638 955; 638 948; 639 947; 644 947; 644 946; 646 944; 652 944; 653 943; 653 935; 654 934; 654 924; 653 923; 652 923; 651 922; 650 922; 648 920; 648 916; 647 915; 647 914; 646 913
403; 854 917; 854 919; 853 920; 842 920; 840 922; 840 930; 839 931; 839 932; 838 933; 838 950; 845 950; 846 951; 848 951; 849 952; 866 952; 867 953; 868 953; 869 954; 878 954; 878 950; 879 949; 879 946; 880 945; 880 944; 881 943; 882 943; 883 942; 883 929; 884 928; 884 926; 878 926; 877 925; 877 918; 866 918; 865 917
404; 117 925; 117 927; 116 928; 116 931; 115 932; 115 934; 114 935; 114 936; 113 937; 113 938; 112 939; 112 940; 111 941; 111 943; 110 944; 110 946; 109 947; 109 948; 108 949; 108 950; 107 951; 107 952; 105 954; 105 955; 104 956; 104 964; 103 965; 103 972; 107 972; 108 973; 112 973; 113 972; 113 971; 114 970; 114 968; 116 966; 122 966; 123 967; 123 968; 124 968; 126 970; 134 970; 136 968; 136 966; 137 965; 137 955; 138 954; 138 952; 139 951; 139 950; 140 949; 140 948; 141 947; 141 946; 143 944; 143 943; 144 942; 144 925
405; 409 923; 408 924; 402 924; 401 925; 399 925; 398 926; 385 926; 385 930; 384 931; 384 935; 385 935; 386 936; 386 942; 384 944; 384 954; 386 956; 387 956; 388 957; 397 957; 398 956; 401 956; 402 955; 417 955; 418 956; 418 958; 422 958; 423 957; 427 957; 427 954; 428 953; 428 946; 425 943; 425 934; 424 933; 424 928; 421 925; 421 924; 420 923
406; 22 926; 21 927; 9 927; 9 931; 8 932; 8 934; 6 936; 6 950; 5 951; 5 954; 4 955; 4 956; 3 957; 0 957; 0 970; 6 970; 7 971; 10 971; 11 972; 12 972; 13 973; 14 973; 19 978; 19 981; 20 981; 21 982; 22 982; 22 979; 23 978; 27 978; 30 975; 30 967; 32 965; 32 964; 33 963; 33 962; 34 961; 34 960; 35 959; 35 950; 36 949; 36 948; 38 946; 38 945; 39 944; 42 944; 40 944; 39 943; 39 935; 37 933; 37 930; 36 929; 36 927; 35 927; 34 926
407; 982 923; 981 924; 981 925; 976 930; 976 931; 975 932; 975 935; 969 941; 969 948; 974 953; 978 953; 979 954; 984 954; 988 958; 1008 958; 1009 959; 1009 960; 1023 960; 1023 931; 1017 931; 1016 932; 1014 932; 1014 942; 1013 943; 1013 944; 1012 945; 1012 946; 1011 947; 1011 948; 1010 949; 1004 949; 1003 948; 1003 939; 1000 936; 1000 929; 1003 926; 996 926; 995 925; 992 925; 990 923
408; 543 925; 542 926; 542 928; 541 929; 541 930; 540 931; 535 931; 534 932; 533 932; 533 933; 532 934; 532 939; 530 941; 530 952; 534 952; 538 956; 539 956; 540 957; 543 957; 544 958; 545 958; 546 959; 547 959; 548 960; 549 960; 551 962; 552 962; 558 968; 559 968; 559 952; 560 951; 560 934; 559 933; 558 933; 557 932; 557 931; 551 925
409; 655 924; 655 934; 654 935; 654 943; 653 944; 653 954; 656 957; 657 957; 658 958; 660 958; 663 961; 664 960; 671 960; 672 961; 672 971; 673 972; 684 972; 684 971; 685 970; 685 969; 686 968; 686 967; 687 966; 687 965; 688 964; 689 964; 691 962; 692 962; 696 958; 696 955; 697 954; 697 945; 696 944; 694 944; 689 939; 688 939; 685 936; 684 936; 682 934; 681 934; 680 933; 680 926; 673 926; 672 925; 656 925
410; 173 934; 170 937; 168 937; 167 938; 154 938; 153 939; 153 950; 161 950; 163 952; 163 958; 165 960; 171 960; 172 961; 181 961; 182 960; 182 947; 183 946; 183 945; 185 943; 187 943; 188 942; 189 942; 189 934
411; 486 934; 486 935; 485 936; 485 938; 484 939; 484 942; 483 943; 483 944; 482 945; 476 945; 475 946; 475 960; 478 963; 478 964; 480 966; 481 966; 482 967; 493 967; 494 968; 495 968; 501 974; 501 975; 508 975; 509 976; 511 976; 511 971; 512 970; 513 970; 514 969; 521 969; 522 968; 522 967; 523 966; 523 965; 524 964; 527 964; 527 954; 522 954; 521 953; 520 953; 519 952; 517 952; 515 950; 514 950; 513 949; 512 949; 509 946; 508 946; 507 945; 506 945; 505 944; 504 944; 497 937; 497 936; 495 934
412; 224 941; 222 943; 221 943; 220 944; 219 944; 218 945; 216 945; 215 946; 214 946; 213 947; 212 947; 210 949; 209 949; 208 950; 207 950; 206 951; 205 951; 204 952; 203 952; 202 953; 201 953; 198 956; 197 956; 196 957; 195 957; 194 958; 194 967; 195 968; 195 980; 198 980; 201 983; 201 985; 203 987; 211 987; 211 986; 213 984; 214 984; 216 982; 220 982; 221 981; 222 981; 223 980; 223 978; 224 977; 224 974; 229 969; 230 969; 231 968; 232 968; 233 967; 234 967; 235 966; 236 966; 237 965; 237 956; 236 955; 236 954; 235 953; 235 952; 234 951; 234 943; 232 941
413; 933 942; 933 944; 932 945; 932 947; 931 948; 931 949; 930 950; 930 960; 931 961; 931 967; 930 968; 930 969; 929 970; 929 978; 930 979; 930 982; 940 982; 940 979; 941 978; 949 978; 951 980; 951 981; 964 981; 965 982; 965 983; 968 983; 971 980; 972 980; 977 975; 978 975; 979 974; 996 974; 989 967; 989 966; 988 965; 988 959; 984 955; 979 955; 978 954; 974 954; 969 949; 961 949; 960 948; 954 948; 953 947; 953 942
414; 148 959; 148 963; 147 964; 147 965; 145 967; 145 968; 144 969; 144 979; 152 979; 154 977; 161 977; 163 979; 165 979; 166 980; 169 980; 170 981; 179 981; 179 967; 180 966; 180 964; 181 963; 181 962; 172 962; 171 961; 165 961; 163 959
415; 577 986; 579 994; 596 992; 596 989; 601 985; 621 984; 621 973; 619 970; 619 963; 621 960; 616 960; 612 951; 611 954; 595 954; 592 956; 586 956
416; 586 956; 585 947; 579 947; 569 942; 561 935; 560 969; 564 972; 566 979; 577 986
417; 423 958; 422 959; 418 959; 418 989; 419 990; 419 991; 421 993; 429 993; 430 992; 433 992; 434 991; 435 991; 436 990; 439 990; 440 989; 457 989; 458 988; 458 963; 456 963; 455 962; 451 962; 450 961; 448 961; 447 960; 439 960; 438 961; 428 961; 427 960; 427 958
418; 849 960; 848 961; 848 966; 847 967; 847 969; 846 970; 846 971; 845 972; 845 989; 844 990; 844 993; 843 994; 843 1002; 854 1002; 855 1003; 856 1003; 857 1004; 869 1004; 871 1002; 871 999; 872 998; 878 998; 879 999; 879 967; 877 965; 875 965; 874 964; 872 964; 871 963; 870 963; 869 962; 866 962; 865 961; 861 961; 860 960
419; 76 962; 76 967; 75 968; 74 968; 70 972; 70 973; 63 980; 63 981; 59 985; 58 985; 56 987; 56 995; 57 996; 58 996; 59 997; 60 997; 64 1001; 64 1003; 65 1004; 65 1005; 69 1009; 78 1009; 80 1007; 80 1006; 85 1001; 86 1001; 91 996; 92 996; 93 995; 94 995; 96 993; 102 993; 106 989; 106 987; 107 986; 107 985; 109 983; 109 982; 112 979; 112 974; 108 974; 107 973; 103 973; 103 974; 102 975; 96 975; 95 974; 94 974; 93 973; 92 973; 88 969; 88 967; 86 965; 86 964; 81 964; 80 963; 80 962
420; 322 964; 322 968; 321 969; 321 970; 317 974; 317 977; 315 979; 313 979; 312 980; 309 980; 308 981; 308 987; 309 988; 309 992; 310 993; 311 992; 313 992; 314 991; 321 991; 324 994; 325 994; 327 996; 328 996; 329 997; 332 997; 333 998; 334 998; 335 999; 336 999; 337 1000; 337 1006; 336 1007; 320 1007; 320 1016; 321 1017; 321 1018; 322 1019; 322 1023; 360 1023; 360 1015; 353 1015; 352 1014; 350 1014; 348 1012; 347 1012; 346 1011; 341 1011; 340 1010; 340 1004; 341 1003; 351 1003; 352 1002; 352 999; 353 998; 353 996; 354 995; 354 993; 355 992; 366 992; 366 984; 361 984; 360 983; 360 974; 352 974; 351 973; 350 973; 349 972; 346 972; 345 971; 342 971; 341 970; 339 970; 338 969; 337 969; 336 968; 335 968; 334 967; 333 967; 330 964
421; 722 999; 713 1005; 715 1007; 714 1023; 746 1023; 745 999
422; 745 999; 752 997; 750 979; 747 973; 742 973; 737 970; 729 959; 725 959; 724 957; 716 957; 715 967; 705 967; 705 976; 712 983; 722 984; 722 999
423; 647 955; 646 956; 640 956; 640 959; 639 960; 639 963; 640 963; 641 964; 641 971; 639 973; 639 974; 638 975; 638 977; 637 978; 637 979; 636 980; 636 981; 635 982; 635 984; 634 985; 634 986; 632 988; 632 989; 631 990; 631 1001; 632 1002; 632 1003; 643 1003; 644 1004; 644 1005; 646 1007; 655 1007; 657 1005; 662 1005; 662 1004; 663 1003; 663 1002; 662 1002; 661 1001; 661 990; 662 989; 664 989; 664 988; 665 987; 665 986; 667 984; 667 983; 670 980; 672 980; 672 972; 671 971; 663 971; 662 970; 662 961; 660 959; 658 959; 657 958; 656 958; 653 955
424; 892 960; 890 962; 890 968; 889 969; 889 970; 887 972; 887 973; 886 974; 880 974; 880 999; 881 999; 882 1000; 886 1000; 890 1004; 890 1005; 891 1006; 891 1007; 892 1008; 892 1010; 897 1010; 898 1011; 898 1013; 899 1013; 900 1012; 901 1012; 901 1009; 903 1007; 904 1007; 905 1006; 906 1006; 906 1005; 908 1003; 908 1001; 909 1000; 909 997; 910 996; 910 994; 911 993; 912 993; 912 988; 913 987; 913 983; 914 982; 914 980; 915 979; 915 978; 916 977; 916 976; 920 972; 920 964; 919 964; 918 963; 916 963; 915 962; 904 962; 902 960
425; 779 977; 778 978; 768 978; 768 979; 767 980; 767 981; 766 982; 766 983; 765 984; 765 994; 762 997; 762 1005; 763 1005; 764 1006; 764 1012; 761 1015; 761 1023; 772 1023; 772 1018; 773 1017; 774 1017; 778 1013; 778 1012; 780 1010; 780 1008; 781 1007; 781 1006; 784 1003; 784 1002; 788 998; 789 998; 790 997; 790 989; 787 986; 787 977
426; 245 975; 245 978; 244 979; 244 982; 243 983; 243 984; 242 985; 242 987; 241 988; 241 989; 240 990; 240 992; 239 993; 239 994; 238 995; 238 996; 237 997; 237 998; 232 1003; 223 1003; 223 1011; 225 1013; 230 1013; 231 1014; 232 1014; 233 1015; 246 1015; 248 1017; 248 1018; 249 1019; 249 1023; 258 1023; 258 1018; 259 1017; 259 1014; 260 1013; 260 1012; 261 1011; 261 1010; 262 1009; 262 1008; 264 1006; 264 1005; 265 1004; 271 1004; 271 997; 272 996; 272 982; 271 981; 270 981; 269 980; 263 980; 262 979; 261 979; 260 978; 256 978; 253 975
427; 112 980; 110 982; 110 983; 108 985; 108 986; 107 987; 107 989; 103 993; 103 1003; 104 1003; 106 1005; 106 1014; 114 1014; 115 1013; 116 1013; 117 1012; 120 1012; 121 1011; 126 1011; 127 1010; 130 1010; 131 1009; 147 1009; 147 1008; 148 1007; 148 1002; 149 1001; 158 1001; 159 1002; 159 1016; 160 1017; 160 1019; 161 1020; 161 1023; 172 1023; 172 1009; 168 1005; 160 1005; 159 1004; 159 993; 158 993; 157 992; 153 992; 151 990; 151 988; 150 987; 150 980; 144 980; 143 981; 131 981; 130 980
428; 532 971; 532 972; 531 973; 531 974; 529 976; 528 976; 527 977; 524 977; 523 978; 512 978; 511 977; 509 977; 509 989; 510 990; 517 990; 522 995; 522 996; 524 998; 524 999; 526 1001; 526 1002; 529 1005; 529 1006; 535 1012; 535 1013; 536 1014; 544 1014; 545 1013; 551 1013; 552 1014; 552 1023; 563 1023; 563 1018; 562 1018; 561 1017; 555 1017; 554 1016; 554 1009; 555 1008; 555 1007; 556 1006; 557 1006; 558 1005; 560 1005; 561 1004; 561 994; 559 992; 559 991; 555 987; 554 987; 553 986; 552 986; 546 980; 546 979; 543 976; 543 975; 541 973; 541 972; 540 971
429; 282 980; 282 981; 281 982; 281 985; 280 986; 280 988; 279 989; 273 989; 273 996; 272 997; 272 1018; 281 1018; 281 1016; 282 1015; 288 1015; 289 1016; 289 1023; 302 1023; 302 1018; 303 1017; 303 1016; 304 1015; 304 1013; 305 1012; 305 1011; 306 1010; 306 1000; 307 999; 307 997; 308 996; 308 995; 309 994; 309 993; 308 992; 308 988; 307 987; 307 982; 306 982; 305 983; 304 983; 303 984; 297 984; 296 983; 294 983; 293 982; 292 982; 290 980
430; 19 982; 19 984; 18 985; 11 985; 11 993; 12 994; 12 1004; 11 1005; 11 1006; 9 1008; 9 1009; 8 1010; 8 1011; 7 1012; 7 1014; 6 1015; 6 1016; 5 1017; 5 1018; 4 1019; 4 1023; 37 1023; 37 1018; 38 1017; 38 1015; 39 1014; 39 1013; 40 1012; 40 1011; 42 1009; 42 1000; 41 999; 40 999; 36 995; 34 995; 33 994; 31 994; 28 991; 27 991; 24 988; 24 987; 22 985; 22 983; 21 983; 20 982
431; 385 990; 384 991; 384 996; 383 997; 383 999; 382 1000; 382 1001; 381 1002; 381 1004; 380 1005; 380 1007; 379 1008; 379 1009; 377 1011; 377 1012; 376 1013; 376 1014; 375 1015; 375 1016; 374 1017; 374 1023; 404 1023; 404 1016; 405 1015; 412 1015; 413 1016; 413 1023; 431 1023; 431 1020; 432 1019; 438 1019; 439 1020; 439 1023; 448 1023; 448 1019; 451 1016; 460 1016; 460 1007; 459 1006; 459 1004; 458 1003; 457 1003; 456 1002; 454 1002; 453 1001; 444 1001; 443 1002; 430 1002; 429 1001; 420 1001; 419 1002; 419 1007; 418 1008; 418 1012; 415 1015; 409 1015; 408 1014; 408 999; 407 998; 406 998; 404 996; 403 996; 402 995; 401 995; 400 994; 398 994; 397 993; 395 993; 393 991; 393 990
432; 689 983; 689 984; 685 988; 685 989; 681 993; 681 998; 680 999; 676 999; 675 1000; 674 1000; 673 1001; 672 1001; 671 1002; 664 1002; 664 1003; 663 1004; 663 1005; 664 1006; 664 1012; 665 1013; 665 1014; 666 1015; 666 1016; 667 1017; 667 1023; 700 1023; 700 1018; 702 1016; 702 1015; 703 1014; 703 1013; 704 1012; 704 1011; 706 1009; 706 1008; 708 1006; 712 1006; 712 1005; 713 1004; 713 1003; 712 1003; 711 1002; 711 993; 710 993; 709 992; 702 992; 701 991; 701 990; 700 989; 700 988; 699 987; 699 986; 698 985; 698 984; 697 983
433; 930 983; 930 986; 928 988; 927 988; 925 990; 924 990; 919 995; 918 995; 918 1005; 922 1009; 922 1015; 921 1016; 918 1016; 917 1017; 909 1017; 908 1016; 902 1016; 901 1015; 901 1013; 900 1013; 899 1014; 898 1014; 898 1023; 955 1023; 955 1020; 956 1019; 956 1018; 958 1016; 958 1015; 959 1014; 959 1013; 960 1012; 961 1012; 961 1004; 959 1002; 958 1002; 957 1001; 957 1000; 954 997; 954 996; 953 995; 953 989; 944 989; 940 985; 940 983
434; 973 1010; 972 1011; 972 1014; 971 1015; 971 1016; 968 1019; 968 1023; 1023 1023; 1023 998; 1018 998; 1017 997; 1014 997; 1013 996; 1012 996; 1010 994; 1009 994
435; 1009 994; 1006 991; 1006 989; 1004 987; 1004 986; 999 981; 999 980; 998 979; 998 978; 997 977; 997 976; 996 975; 979 975; 978 976; 977 976; 972 981; 971 981; 969 983; 969 994; 970 995; 970 996; 972 996; 973 997; 973 1010
