0; 183 0; 183 5; 182 6; 182 7; 181 8; 181 11; 180 12; 180 17; 179 18; 179 29; 180 29; 181 30; 182 30; 183 31; 185 31; 186 32; 197 32; 197 31; 198 30; 198 24; 199 23; 199 21; 200 20; 200 18; 201 17; 201 16; 202 15; 202 4; 201 3; 201 0
1; 275 0; 275 6; 276 7; 276 10; 277 11; 277 18; 278 19; 278 21; 279 22; 281 22; 282 23; 293 23; 295 21; 295 14; 296 13; 296 0
2; 425 4; 424 5; 421 5; 418 8; 418 17; 422 21; 422 22; 423 23; 423 24; 425 26; 425 27; 426 28; 426 33; 439 33; 442 30; 443 30; 444 29; 444 19; 442 17; 442 16; 441 15; 441 14; 440 13; 440 12; 439 11; 439 10; 433 4
3; 575 4; 575 5; 574 6; 574 11; 573 12; 573 15; 572 16; 572 19; 573 20; 573 25; 581 25; 582 26; 585 26; 586 27; 591 27; 592 28; 600 28; 601 27; 601 26; 602 25; 602 24; 603 23; 603 21; 604 20; 604 12; 601 9; 600 9; 599 8; 597 8; 596 7; 594 7; 593 6; 592 6; 591 5; 590 5; 589 4
4; 834 0; 834 3; 833 4; 833 6; 832 7; 832 17; 834 19; 838 19; 839 20; 841 20; 842 21; 850 21; 852 19; 852 18; 853 17; 853 16; 854 15; 854 13; 855 12; 855 5; 856 4; 856 0
5; 613 12; 612 13; 612 28; 611 29; 611 40; 612 41; 614 41; 615 42; 624 42; 626 40; 626 39; 627 38; 627 36; 628 35; 628 32; 629 31; 629 29; 630 28; 630 25; 631 24; 631 15; 630 14; 628 14; 627 13; 624 13; 623 12
6; 759 37; 761 45; 780 44; 784 42; 784 30; 771 30; 769 28
7; 766 10; 773 9; 783 16; 793 13; 795 11; 795 0; 739 0; 739 4; 745 6; 745 12
8; 745 12; 739 17; 739 31; 741 33; 759 37; 769 28; 769 19; 766 16; 766 10
9; 795 12; 793 14; 790 14; 789 15; 787 15; 786 16; 785 16; 785 32; 792 32; 793 33; 793 34; 795 36; 795 41; 796 42; 797 41; 808 41; 812 37; 813 37; 814 36; 814 27; 813 26; 813 25; 811 23; 810 23; 808 21; 808 20; 804 16; 804 15; 802 13; 802 12
10; 112 46; 119 66; 123 66; 124 63; 137 62; 138 55; 135 54; 135 46; 130 32
11; 96 14; 83 27; 89 37; 89 48; 112 46; 130 32
12; 130 32; 131 16; 128 7; 123 6; 123 0; 98 0; 98 12; 96 14
13; 96 14; 87 14; 73 3; 73 0; 54 0; 52 14; 69 27; 83 27
14; 547 12; 546 13; 546 14; 544 16; 544 17; 543 18; 543 26; 545 28; 546 28; 549 31; 550 31; 552 33; 552 34; 556 38; 556 39; 558 41; 566 41; 566 40; 567 39; 567 38; 568 37; 568 36; 570 34; 570 33; 572 31; 572 20; 571 19; 565 19; 564 18; 563 18; 561 16; 560 16; 556 12
15; 479 16; 478 17; 478 18; 477 19; 477 22; 476 23; 476 34; 478 34; 479 35; 482 35; 483 36; 484 36; 485 37; 486 37; 488 39; 489 39; 490 40; 492 40; 493 41; 501 41; 503 39; 503 38; 504 37; 504 34; 505 33; 505 24; 503 22; 502 22; 501 21; 499 21; 498 20; 497 20; 496 19; 494 19; 493 18; 492 18; 491 17; 490 17; 489 16
16; 317 22; 314 25; 314 33; 315 34; 315 39; 316 40; 324 40; 325 41; 343 41; 343 40; 344 39; 344 25; 342 23; 327 23; 326 22
17; 141 25; 141 38; 142 39; 142 40; 143 41; 143 42; 144 43; 144 44; 146 46; 146 48; 156 48; 156 46; 157 45; 162 45; 163 44; 166 44; 167 43; 170 43; 171 42; 172 42; 173 41; 173 31; 172 31; 171 30; 171 25; 170 24; 156 24; 154 22
18; 154 22; 154 8; 153 7; 153 6; 152 5; 152 4; 151 3; 151 0; 131 0; 131 6; 130 7; 129 7; 132 7; 133 8; 133 15; 132 16; 132 22; 137 22; 139 24; 140 24; 141 25
19; 929 15; 928 16; 927 16; 924 19; 923 19; 923 31; 924 32; 924 36; 925 37; 925 38; 926 39; 926 42; 927 43; 927 47; 929 49; 938 49; 939 48; 942 48; 943 47; 944 47; 947 44; 947 36; 946 35; 946 34; 945 33; 945 32; 944 31; 944 30; 943 29; 943 27; 942 26; 942 25; 941 24; 941 21; 940 20; 940 17; 939 16; 939 15
20; 662 32; 660 34; 660 36; 659 37; 659 49; 661 49; 662 50; 664 50; 665 51; 666 51; 667 52; 668 52; 669 53; 671 53; 672 54; 673 54; 674 55; 674 59; 674 57; 675 56; 685 56; 686 55; 686 54; 687 53; 687 52; 688 51; 688 50; 689 49; 689 38; 688 37; 687 37; 686 36; 684 36; 683 35; 681 35; 680 34; 678 34; 677 33; 674 33; 673 32
21; 988 39; 988 40; 987 41; 987 42; 986 43; 986 44; 985 45; 985 46; 981 50; 980 50; 979 51; 978 51; 978 64; 981 67; 990 67; 993 64; 993 63; 994 62; 994 61; 996 59; 996 58; 999 55; 1000 55; 1002 53; 1002 45; 997 40; 997 39
22; 406 63; 409 70; 424 87; 433 87; 437 81; 437 73; 421 53
23; 393 30; 396 0; 376 0; 375 22; 378 26; 378 32
24; 375 58; 375 64; 372 66; 374 82; 384 83; 397 77; 398 64
25; 398 64; 406 63; 421 53; 422 35; 406 32; 403 36; 397 36
26; 397 36; 393 30; 378 32; 368 43; 368 52; 375 58; 398 64
27; 460 36; 459 37; 458 37; 457 38; 456 38; 455 39; 453 39; 452 40; 450 40; 449 41; 448 41; 447 42; 446 42; 445 43; 444 43; 442 45; 442 53; 444 55; 444 56; 446 58; 446 59; 447 60; 447 61; 455 61; 456 60; 457 60; 458 59; 459 59; 461 57; 462 57; 463 56; 465 56; 466 55; 468 55; 469 54; 471 54; 472 53; 472 44; 471 43; 471 42; 470 41; 470 37; 469 37; 468 36
28; 214 42; 213 43; 210 43; 209 44; 208 44; 208 68; 207 69; 205 69; 206 70; 209 70; 210 71; 223 71; 224 70; 225 70; 225 63; 226 62; 226 59; 227 58; 227 44; 225 42
29; 638 45; 637 46; 635 46; 634 47; 633 47; 631 49; 631 61; 632 62; 632 69; 631 70; 631 73; 632 74; 632 77; 647 77; 648 76; 649 76; 650 75; 650 49; 646 45
30; 795 42; 794 43; 782 43; 780 45; 780 52; 775 57; 775 58; 774 59; 774 68; 775 68; 777 70; 778 70; 779 71; 789 71; 793 67; 797 67; 797 62; 799 60; 799 50; 798 49; 797 49; 796 48; 796 43
31; 88 49; 87 50; 86 50; 85 51; 84 51; 83 52; 83 79; 84 80; 92 80; 93 79; 102 79; 102 75; 103 74; 103 68; 101 66; 101 49
32; 146 49; 146 52; 144 54; 143 54; 142 55; 139 55; 139 58; 138 59; 138 62; 141 62; 142 63; 142 76; 143 77; 143 80; 144 81; 144 82; 160 82; 161 81; 161 73; 160 72; 160 56; 159 55; 159 54; 158 53; 157 53; 156 52; 156 49
33; 722 52; 720 54; 719 54; 717 56; 716 56; 714 58; 713 58; 706 65; 706 73; 707 74; 707 75; 710 78; 710 82; 711 83; 711 81; 712 80; 718 80; 724 74; 725 74; 727 72; 728 72; 734 66; 734 65; 735 64; 735 63; 736 62; 736 61; 737 60; 737 52
34; 236 56; 235 57; 235 65; 236 66; 236 72; 238 74; 243 74; 244 75; 263 75; 263 74; 265 72; 265 60; 263 58; 262 58; 261 57; 250 57; 249 56
35; 44 64; 43 65; 42 65; 41 66; 40 66; 37 69; 37 70; 35 72; 35 73; 34 74; 34 85; 36 87; 36 88; 37 89; 52 89; 52 83; 53 82; 54 82; 58 78; 58 70; 55 67; 55 66; 54 65; 54 64
36; 188 63; 186 65; 185 65; 181 69; 180 69; 179 70; 178 70; 177 71; 175 71; 174 72; 173 72; 173 80; 174 81; 174 83; 175 84; 175 85; 177 87; 186 87; 187 86; 189 86; 191 84; 193 84; 194 83; 196 83; 198 81; 199 81; 200 80; 201 80; 202 79; 202 71; 203 70; 205 70; 204 69; 200 69; 198 67; 197 67; 196 66; 196 63
37; 290 61; 289 62; 288 62; 287 63; 285 63; 284 64; 284 73; 286 75; 286 76; 287 77; 287 78; 288 79; 288 81; 289 82; 289 83; 290 84; 290 85; 292 87; 292 88; 293 89; 303 89; 307 85; 307 77; 305 75; 305 74; 304 73; 304 71; 303 70; 303 69; 302 68; 302 67; 300 65; 300 64; 299 63; 299 61
38; 896 59; 895 60; 895 61; 888 68; 887 68; 883 72; 883 82; 887 86; 887 87; 888 88; 896 88; 900 84; 900 83; 909 74; 909 65; 904 60; 904 59
39; 609 62; 608 63; 607 63; 606 64; 606 73; 607 74; 607 76; 608 77; 608 78; 609 79; 609 83; 610 84; 610 87; 611 88; 611 89; 614 92; 624 92; 625 91; 626 91; 629 88; 629 78; 630 77; 631 77; 631 74; 630 73; 630 70; 625 70; 624 69; 624 67; 623 66; 623 64; 622 63; 622 62
40; 819 68; 818 69; 800 69; 800 74; 798 77; 798 85; 811 92; 822 93; 825 90; 825 86; 829 76
41; 829 76; 835 76; 836 77; 845 77; 848 71; 848 61; 837 55; 834 52; 823 52; 820 55; 819 58; 819 68
42; 559 67; 558 68; 556 68; 554 70; 554 85; 553 86; 553 95; 554 96; 555 96; 556 97; 570 97; 572 95; 576 95; 576 87; 577 86; 577 78; 575 78; 574 77; 574 72; 571 69; 570 69; 569 68; 568 68; 567 67
43; 531 78; 530 79; 521 79; 520 80; 517 80; 514 83; 514 94; 518 98; 529 98; 530 97; 534 97; 535 96; 540 96; 541 95; 543 95; 544 94; 544 85; 543 84; 543 81; 542 80; 542 78
44; 578 78; 578 86; 577 87; 577 95; 578 95; 579 96; 579 108; 581 108; 582 109; 584 109; 584 108; 585 107; 590 107; 591 106; 599 106; 599 84; 598 83; 598 79; 597 78
45; 967 80; 966 81; 966 83; 965 84; 965 85; 963 87; 963 95; 964 96; 965 96; 966 97; 968 97; 969 98; 971 98; 973 100; 974 100; 975 101; 980 101; 982 103; 982 106; 990 106; 990 103; 991 102; 992 102; 993 101; 993 100; 994 99; 994 98; 995 97; 995 86; 992 83; 990 83; 989 82; 983 82; 982 81; 979 81; 978 80
46; 684 105; 687 108; 687 112; 695 112; 697 109; 714 101; 714 93; 712 91; 710 83; 709 86; 688 88
47; 688 88; 687 81; 689 78; 689 70; 675 64; 674 60; 673 62; 663 62; 661 78; 664 80; 664 87
48; 664 87; 649 92; 649 107; 651 110; 661 110; 678 105; 684 105; 688 88
49; 6 108; 3 111; 0 111; 0 145; 4 145; 8 140; 24 140; 23 108
50; 23 108; 28 105; 28 96; 19 79; 12 75; 12 69; 8 64; 6 56; 0 55; 0 92; 3 92; 7 99; 6 108
51; 848 89; 847 90; 847 92; 846 93; 846 98; 845 99; 845 102; 844 103; 844 109; 843 110; 843 119; 845 121; 854 121; 855 120; 861 120; 862 119; 863 119; 863 118; 864 117; 864 111; 865 110; 865 106; 866 105; 866 104; 867 103; 867 93; 864 90; 863 90; 862 89
52; 106 94; 104 96; 103 109; 106 112; 108 112; 109 114; 115 114; 129 118; 134 118; 134 107; 136 105; 135 99; 130 95
53; 130 95; 130 89; 133 86; 133 74; 130 72; 124 71; 123 67; 119 67; 118 70; 106 70; 104 69; 104 74; 102 80; 106 88; 106 94
54; 208 92; 207 93; 198 93; 197 94; 196 94; 195 95; 195 110; 196 111; 196 112; 222 112; 223 111; 224 111; 226 109; 226 99; 225 98; 225 96; 224 95; 224 94; 223 94; 222 93; 218 93; 217 92
55; 259 91; 259 100; 260 101; 261 101; 262 102; 264 102; 265 103; 266 103; 269 106; 269 108; 270 109; 270 110; 272 112; 285 112; 287 110; 287 101; 286 100; 286 99; 283 96; 281 96; 280 95; 279 95; 278 94; 277 94; 275 92; 268 92; 267 91
56; 48 90; 48 105; 50 107; 51 107; 55 111; 55 112; 58 115; 58 116; 59 116; 62 119; 70 119; 71 118; 72 118; 76 114; 76 103; 74 101; 74 100; 71 97; 70 97; 69 96; 68 96; 65 93; 64 93; 61 90
57; 155 102; 154 103; 152 103; 151 104; 148 104; 147 105; 145 105; 144 106; 136 106; 135 107; 135 119; 136 120; 136 122; 137 123; 137 124; 138 125; 138 126; 149 126; 150 125; 155 125; 156 124; 158 124; 159 123; 167 123; 168 124; 168 113; 167 112; 167 110; 166 109; 166 107; 165 106; 165 104; 163 102
58; 746 98; 745 99; 741 99; 740 100; 739 100; 739 101; 738 102; 738 104; 737 105; 737 106; 736 107; 736 108; 735 109; 735 111; 734 112; 734 116; 733 117; 733 127; 734 127; 735 128; 738 128; 739 129; 742 129; 743 130; 753 130; 756 127; 756 126; 757 125; 757 124; 758 123; 758 97
59; 758 97; 759 96; 766 96; 767 95; 774 95; 775 94; 775 93; 776 92; 776 82; 775 81; 763 81; 762 82; 750 82; 749 83; 747 83; 746 84; 746 98
60; 337 107; 336 108; 336 110; 335 111; 335 113; 333 115; 333 116; 331 118; 331 119; 329 121; 329 122; 328 123; 328 133; 329 133; 330 134; 332 134; 333 135; 334 135; 336 137; 346 137; 347 136; 347 135; 348 134; 348 132; 349 131; 349 130; 350 129; 350 128; 351 127; 351 126; 352 125; 352 124; 353 123; 353 122; 354 121; 354 112; 350 108; 349 108; 348 107
61; 982 107; 982 109; 981 110; 981 111; 977 115; 977 116; 976 117; 976 118; 975 119; 975 120; 972 123; 972 124; 971 125; 971 134; 974 137; 975 137; 977 139; 987 139; 994 132; 994 131; 996 129; 996 128; 998 126; 999 126; 1000 125; 1000 117; 998 115; 997 115; 992 110; 991 110; 990 109; 990 107
62; 579 109; 579 111; 578 112; 566 112; 564 114; 564 115; 563 116; 563 120; 562 121; 562 124; 561 125; 561 127; 560 128; 560 138; 565 143; 566 143; 567 144; 578 144; 580 142; 580 136; 581 135; 581 133; 582 132; 582 129; 583 128; 583 127; 584 126; 584 110; 582 110; 581 109
63; 687 113; 687 114; 686 115; 683 115; 680 118; 680 120; 679 121; 679 130; 680 131; 681 131; 682 132; 686 132; 687 133; 692 133; 693 134; 695 134; 698 137; 708 137; 711 134; 711 124; 709 122; 708 122; 707 121; 706 121; 705 120; 704 120; 703 119; 700 119; 699 118; 696 118; 695 117; 695 113
64; 97 120; 95 122; 94 122; 92 124; 90 124; 89 125; 87 125; 84 128; 83 128; 81 130; 81 139; 82 140; 82 145; 84 147; 90 147; 91 146; 92 146; 94 144; 95 144; 96 143; 98 143; 99 142; 101 142; 102 141; 103 141; 104 140; 105 140; 106 139; 108 139; 109 138; 110 138; 110 130; 109 129; 109 128; 108 127; 108 126; 106 124; 106 122; 105 121; 105 120
65; 630 124; 628 126; 628 127; 627 128; 627 129; 626 130; 626 131; 625 132; 625 133; 626 134; 626 139; 627 140; 627 146; 628 145; 637 145; 638 146; 639 146; 640 147; 651 147; 652 146; 653 146; 655 144; 655 143; 656 142; 656 129; 655 128; 653 128; 652 127; 651 127; 650 126; 649 126; 648 125; 645 125; 644 124
66; 43 129; 42 130; 40 130; 39 131; 36 131; 35 132; 25 132; 25 140; 26 141; 26 143; 27 144; 27 152; 29 152; 30 153; 32 153; 33 152; 41 152; 42 151; 49 151; 50 150; 53 150; 55 148; 59 148; 59 142; 60 141; 60 135; 57 135; 55 133; 55 131; 54 130; 53 130; 52 129
67; 413 131; 408 136; 405 136; 405 151; 409 151; 410 152; 410 153; 411 154; 411 159; 412 160; 412 162; 427 162; 428 161; 429 161; 430 160; 430 150; 429 149; 429 148; 428 147; 428 144; 427 143; 427 137; 426 136; 426 135; 425 134; 425 133; 423 131
68; 79 131; 77 133; 68 133; 67 134; 66 134; 65 135; 61 135; 61 141; 60 142; 60 148; 62 148; 64 150; 64 153; 65 154; 65 155; 66 156; 66 158; 67 159; 67 164; 68 165; 68 164; 69 163; 77 163; 79 161; 80 161; 83 158; 83 149; 84 148; 81 145; 81 140; 80 139; 80 131
69; 390 134; 389 135; 388 135; 387 136; 386 136; 385 137; 384 137; 383 138; 382 138; 381 139; 378 139; 377 140; 375 140; 374 141; 374 149; 375 150; 375 151; 376 152; 376 154; 377 155; 377 157; 387 157; 388 156; 389 156; 390 155; 391 155; 392 154; 395 154; 396 153; 398 153; 399 152; 400 152; 401 151; 404 151; 404 136; 402 136; 400 134
70; 168 125; 168 138; 169 139; 169 147; 171 149; 171 150; 173 152; 173 155; 174 156; 174 157; 175 158; 185 158; 186 157; 187 157; 188 156; 193 156; 193 137; 190 137; 189 136; 189 135; 188 134; 188 131; 187 130; 187 128; 186 127; 169 127; 168 126
71; 198 136; 197 137; 194 137; 194 156; 207 156; 208 157; 221 157; 223 155; 224 155; 225 154; 228 154; 228 143; 225 143; 224 142; 224 141; 223 140; 223 139; 222 138; 222 137; 221 137; 220 136
72; 484 135; 482 137; 481 137; 479 139; 478 139; 477 140; 477 149; 478 150; 478 151; 482 155; 482 156; 484 158; 484 159; 485 160; 485 161; 487 163; 487 164; 488 165; 497 165; 498 164; 498 163; 501 160; 502 160; 502 152; 497 147; 497 146; 496 145; 496 143; 495 142; 495 141; 494 140; 494 139; 493 138; 493 137; 492 136; 492 135
73; 611 134; 610 135; 609 135; 607 137; 606 137; 605 138; 604 138; 603 139; 602 139; 601 140; 600 140; 599 141; 598 141; 596 143; 595 143; 595 151; 596 152; 596 154; 598 156; 598 157; 600 159; 609 159; 611 157; 612 157; 614 155; 615 155; 617 153; 618 153; 619 152; 621 152; 622 151; 623 151; 625 149; 625 148; 626 147; 626 140; 625 139; 625 134
74; 879 137; 878 138; 878 139; 877 140; 877 141; 874 144; 874 152; 875 153; 876 153; 879 156; 880 156; 888 164; 897 164; 901 160; 901 159; 902 158; 902 148; 901 147; 900 147; 893 140; 891 140; 890 139; 889 139; 887 137
75; 303 143; 302 144; 299 144; 298 145; 297 145; 296 146; 296 160; 297 161; 297 162; 298 163; 321 163; 325 159; 325 157; 326 156; 326 148; 324 146; 324 145; 323 144; 322 144; 321 143
76; 237 141; 236 142; 234 142; 233 143; 229 143; 229 154; 231 154; 232 155; 232 158; 233 159; 233 160; 235 162; 235 163; 239 167; 239 168; 240 169; 249 169; 251 167; 252 167; 253 166; 254 166; 254 157; 253 156; 253 155; 252 154; 252 152; 251 151; 251 150; 250 149; 250 148; 248 146; 248 145; 246 143; 246 142; 245 141
77; 121 149; 120 150; 119 150; 118 151; 117 151; 115 153; 115 154; 114 155; 114 156; 113 157; 113 160; 112 161; 112 164; 111 165; 111 174; 113 176; 115 176; 116 177; 116 178; 122 178; 122 174; 124 172; 125 172; 126 171; 127 171; 128 170; 129 170; 130 169; 131 169; 132 168; 137 168; 137 160; 136 160; 135 159; 135 153; 133 151; 132 151; 130 149
78; 443 143; 442 144; 440 144; 438 146; 438 157; 439 158; 439 163; 440 164; 440 166; 441 167; 441 169; 442 170; 442 172; 443 173; 443 174; 445 174; 446 175; 455 175; 459 171; 460 171; 460 160; 459 159; 459 157; 458 156; 458 153; 457 152; 457 149; 456 148; 456 147; 455 146; 455 145; 453 143
79; 8 152; 5 155; 5 156; 4 157; 4 158; 3 159; 0 159; 0 169; 4 169; 5 170; 7 170; 8 171; 10 171; 12 173; 13 173; 14 174; 15 174; 16 175; 17 175; 18 176; 29 176; 30 175; 36 175; 36 165; 35 164; 35 162; 32 159; 32 154; 30 154; 29 153; 27 153; 26 154; 19 154; 18 153; 17 153; 16 152
80; 144 159; 143 160; 138 160; 138 168; 139 169; 139 172; 150 183; 150 184; 152 186; 161 186; 167 180; 167 172; 165 170; 164 170; 160 166; 160 165; 154 159
81; 709 154; 707 156; 707 158; 706 159; 706 163; 705 164; 705 165; 704 166; 704 167; 703 168; 703 169; 702 170; 702 180; 707 185; 716 185; 718 183; 719 183; 719 182; 720 181; 720 179; 721 178; 721 177; 723 175; 723 172; 724 171; 724 169; 725 168; 725 158; 724 158; 723 157; 721 157; 720 156; 719 156; 717 154
82; 962 155; 962 156; 960 158; 960 159; 951 168; 951 169; 949 171; 949 186; 970 186; 972 188; 973 188; 973 180; 974 179; 974 176; 977 173; 977 160; 975 158; 975 157; 974 156; 973 156; 972 155
83; 353 157; 352 158; 351 158; 350 159; 349 159; 348 160; 347 160; 347 170; 348 171; 348 172; 351 175; 351 176; 352 177; 352 178; 354 180; 354 181; 355 182; 355 187; 356 188; 356 187; 357 186; 371 186; 374 183; 374 172; 370 168; 370 167; 368 165; 368 164; 363 159; 363 158; 362 157
84; 37 165; 37 182; 40 185; 60 185; 61 186; 63 186; 70 179; 70 175; 69 174; 69 172; 68 171; 68 166; 67 165; 66 166; 51 166; 50 165
85; 197 165; 196 166; 196 183; 197 184; 198 184; 199 185; 212 185; 213 186; 223 186; 224 185; 224 184; 226 182; 226 172; 225 171; 225 170; 224 169; 224 168; 222 166; 219 166; 218 165
86; 739 168; 736 171; 736 173; 735 174; 735 175; 733 177; 733 178; 732 179; 732 180; 731 181; 731 182; 730 183; 730 192; 731 192; 732 193; 733 193; 734 194; 735 194; 736 195; 737 195; 738 196; 746 196; 747 195; 747 194; 749 192; 749 191; 750 190; 750 189; 755 184; 755 183; 756 182; 756 172; 754 170; 753 170; 752 169; 751 169; 750 168
87; 1005 179; 1004 178; 1004 175; 1003 174; 1003 173; 1001 171; 992 171; 991 172; 988 172; 987 173; 978 173; 975 176; 975 179; 974 180; 974 189; 977 192; 977 193; 978 194; 989 194; 990 193; 993 193; 994 192; 999 192; 1000 191; 1006 191
88; 1006 191; 1014 199; 1014 205; 1013 206; 1012 206; 1010 208; 1009 208; 1009 209; 1008 210; 1008 211; 1007 212; 1007 222; 1006 223; 1005 223; 1008 223; 1015 230; 1015 231; 1018 234; 1023 234; 1023 168; 1016 168; 1013 171; 1013 174; 1012 175; 1012 178; 1011 179; 1005 179
89; 824 169; 815 155; 807 155; 800 161; 800 169; 807 177; 809 183; 820 189
90; 820 189; 821 200; 829 205; 837 205; 843 197; 848 197; 847 176; 831 168; 824 169
91; 847 176; 860 175; 864 171; 864 163; 862 158; 849 153; 836 153; 831 168
92; 304 175; 303 176; 303 177; 302 178; 302 201; 304 203; 304 204; 305 204; 307 206; 315 206; 317 204; 318 204; 320 202; 325 202; 325 198; 324 198; 323 197; 323 177; 322 176; 321 176; 320 175
93; 544 179; 543 180; 541 180; 540 181; 537 181; 536 182; 535 182; 532 185; 532 193; 533 194; 533 196; 534 197; 534 198; 535 199; 535 200; 536 201; 544 201; 545 200; 554 200; 555 199; 558 199; 559 198; 562 198; 563 197; 566 197; 566 195; 564 195; 563 194; 563 184; 562 183; 562 181; 561 180; 561 179
94; 391 181; 390 182; 383 182; 382 183; 375 183; 372 186; 372 197; 376 201; 377 201; 378 202; 392 202; 393 201; 395 201; 396 200; 399 200; 400 199; 401 199; 402 198; 403 198; 403 185; 402 184; 402 183; 400 181
95; 948 187; 948 188; 945 191; 938 191; 935 194; 935 195; 934 196; 934 206; 940 206; 941 207; 941 208; 942 209; 942 210; 943 211; 943 212; 944 213; 944 214; 945 215; 945 216; 948 219; 957 219; 958 218; 960 218; 963 215; 963 205; 962 204; 962 203; 961 202; 961 201; 959 199; 959 198; 958 197; 958 194; 957 193; 957 187
96; 586 188; 585 189; 583 189; 582 190; 580 190; 579 191; 578 191; 577 192; 576 192; 575 193; 574 193; 573 194; 572 194; 571 195; 567 195; 567 197; 569 197; 570 198; 570 205; 571 206; 571 207; 572 208; 572 210; 575 213; 582 213; 583 214; 583 215; 585 215; 586 214; 588 214; 588 210; 589 209; 590 209; 591 208; 599 208; 599 204; 600 203; 600 197; 599 196; 599 195; 598 194; 598 193; 597 192; 597 191; 596 190; 596 189; 595 188
97; 849 193; 849 197; 850 198; 850 205; 849 206; 849 221; 850 221; 853 224; 864 224; 865 223; 866 223; 867 222; 870 222; 871 221; 869 221; 868 220; 868 211; 869 210; 869 206; 870 205; 870 195; 869 194; 867 194; 866 193
98; 355 188; 354 189; 346 189; 345 190; 344 190; 342 192; 341 192; 340 193; 339 193; 338 194; 337 194; 336 195; 335 195; 334 196; 333 196; 331 198; 326 198; 326 202; 327 202; 328 203; 328 215; 343 215; 345 213; 346 213; 348 211; 354 211; 354 208; 355 207; 357 207; 358 206; 358 197; 357 196; 357 195; 356 194; 356 189
99; 904 195; 901 198; 901 213; 904 213; 906 215; 910 215; 911 216; 930 216; 932 214; 932 207; 933 206; 933 196; 924 196; 923 195
100; 128 205; 128 217; 142 227; 152 227; 157 222; 156 213; 141 203; 132 202
101; 95 194; 78 179; 71 179; 63 187; 66 200; 73 200; 82 208
102; 82 208; 86 218; 96 227; 96 233; 113 232; 113 226; 115 225; 113 209; 101 194; 95 194
103; 113 209; 121 204; 128 205; 132 202; 132 187; 123 182; 122 179; 116 179; 116 183; 101 194
104; 639 199; 638 200; 637 200; 636 201; 634 201; 634 209; 635 210; 635 218; 652 218; 653 219; 663 219; 663 218; 664 217; 664 200; 651 200; 650 199
105; 601 198; 601 203; 600 204; 600 209; 601 210; 601 218; 614 218; 615 219; 616 219; 617 220; 628 220; 629 219; 630 219; 631 218; 634 218; 634 210; 633 209; 633 201; 630 201; 629 200; 613 200; 612 199; 602 199
106; 55 201; 54 202; 52 202; 51 203; 50 203; 49 204; 48 204; 48 216; 49 217; 49 218; 50 219; 50 221; 51 222; 51 229; 52 229; 53 230; 54 230; 55 231; 63 231; 65 229; 66 229; 68 227; 68 214; 67 213; 67 210; 66 209; 66 208; 65 207; 65 201
107; 762 195; 762 196; 761 197; 761 200; 760 201; 760 202; 759 203; 759 204; 758 205; 758 220; 760 222; 761 222; 762 223; 764 223; 765 224; 773 224; 776 221; 776 210; 774 210; 773 209; 772 209; 770 207; 770 195
108; 716 228; 717 229; 718 229; 719 230; 720 230; 721 231; 723 231; 724 232; 733 232; 735 230; 735 229; 736 228; 736 226; 737 225; 737 223; 738 222; 738 219; 739 218; 739 207; 738 206; 736 206; 735 205; 734 205; 733 204; 723 204; 721 206; 714 206
109; 714 206; 713 205; 712 205; 711 204; 698 204; 698 205; 696 207; 696 208; 695 209; 695 215; 694 216; 694 219; 693 220; 693 230; 697 230; 698 231; 708 231; 708 230; 710 228; 716 228
110; 879 211; 878 212; 878 215; 877 216; 877 218; 876 219; 876 220; 875 221; 872 221; 871 222; 873 222; 874 223; 874 236; 877 239; 878 239; 879 240; 888 240; 890 238; 890 237; 892 235; 892 234; 893 233; 893 232; 894 231; 894 230; 895 229; 895 228; 896 227; 896 226; 897 225; 897 214; 894 214; 893 213; 891 213; 890 212; 889 212; 888 211
111; 816 219; 815 220; 815 230; 816 231; 816 232; 817 232; 818 233; 819 233; 820 234; 821 234; 825 238; 826 238; 830 242; 840 242; 840 233; 833 226; 832 226; 825 219
112; 327 216; 325 218; 324 218; 324 227; 323 228; 321 228; 321 231; 322 232; 322 235; 325 235; 326 236; 326 240; 327 241; 327 243; 345 243; 344 242; 344 234; 343 233; 343 231; 342 230; 342 217; 343 216
113; 302 221; 300 223; 299 223; 297 225; 295 225; 294 226; 292 226; 290 228; 290 236; 291 237; 292 237; 293 238; 294 238; 295 239; 305 239; 306 240; 306 243; 314 243; 317 240; 318 240; 318 236; 319 235; 321 235; 321 232; 320 231; 320 228; 317 228; 316 227; 316 226; 313 223; 312 223; 310 221
114; 356 215; 356 218; 354 220; 354 228; 358 232; 358 233; 360 235; 360 241; 365 241; 366 242; 371 242; 372 241; 373 241; 374 240; 375 240; 376 239; 377 239; 378 238; 378 237; 380 235; 380 226; 376 222; 375 222; 374 221; 373 221; 372 220; 371 220; 367 216; 367 215
115; 433 215; 432 216; 432 217; 430 219; 429 219; 428 220; 427 220; 425 222; 424 222; 423 223; 422 223; 421 224; 420 224; 419 225; 419 233; 423 237; 423 238; 424 239; 432 239; 433 238; 434 238; 438 234; 439 234; 441 232; 442 232; 444 230; 445 230; 447 228; 447 220; 442 215
116; 579 224; 571 224; 564 221; 556 221; 555 227; 551 237; 551 247; 554 250; 564 250; 567 248; 569 242; 576 242
117; 576 242; 578 245; 592 245; 594 244; 600 229; 600 218; 593 218; 586 215; 583 216; 583 220; 579 224
118; 469 220; 467 222; 467 223; 466 224; 466 227; 463 230; 463 231; 462 232; 462 233; 461 234; 461 235; 460 236; 460 245; 461 245; 462 246; 466 246; 467 247; 477 247; 477 245; 478 244; 478 241; 479 240; 479 239; 480 238; 480 237; 481 236; 481 235; 482 234; 482 233; 484 231; 484 222; 482 220
119; 635 227; 634 228; 634 230; 633 231; 633 232; 632 233; 632 241; 633 242; 634 242; 635 243; 636 243; 637 244; 639 244; 640 245; 641 245; 642 246; 647 246; 648 247; 660 247; 660 232; 656 232; 655 231; 653 231; 652 230; 651 230; 650 229; 648 229; 647 228; 645 228; 644 227
120; 956 227; 955 228; 953 228; 952 229; 948 229; 947 230; 946 230; 945 231; 942 231; 941 232; 937 232; 937 248; 940 248; 941 249; 951 249; 952 248; 955 248; 956 247; 960 247; 961 246; 966 246; 967 245; 967 232; 966 231; 966 229; 964 227
121; 987 218; 986 219; 983 219; 982 220; 981 220; 981 228; 982 229; 982 230; 983 231; 983 234; 984 235; 984 238; 985 239; 985 242; 986 243; 986 244; 989 247; 990 247; 991 248; 1002 248; 1003 249; 1003 259; 1005 261; 1006 261; 1015 270; 1015 271; 1018 274; 1023 274; 1023 246; 1020 246; 1019 245; 1005 245; 1004 244; 1004 235; 1003 234; 1003 233; 1002 232; 1002 231; 1001 230; 1001 224; 1002 223; 1004 223; 1000 223; 999 222; 999 218
122; 908 230; 905 233; 905 246; 906 247; 906 248; 907 248; 908 249; 910 249; 911 250; 924 250; 925 249; 931 249; 932 248; 936 248; 936 232; 934 232; 933 231; 930 231; 929 230
123; 110 233; 109 234; 109 240; 107 242; 102 242; 102 251; 109 258; 117 258; 119 256; 120 256; 125 251; 125 250; 126 249; 126 248; 127 247; 127 246; 128 245; 128 237; 127 236; 126 236; 123 233
124; 661 233; 661 247; 662 247; 663 248; 663 261; 664 262; 666 262; 667 263; 679 263; 682 260; 682 256; 683 255; 686 255; 686 251; 684 251; 683 250; 683 236; 680 233
125; 502 232; 501 233; 500 233; 499 234; 498 234; 495 237; 494 237; 494 238; 492 240; 491 240; 487 244; 487 252; 493 258; 501 258; 511 248; 511 247; 513 245; 513 235; 510 232
126; 83 234; 83 235; 81 237; 81 238; 74 245; 74 246; 73 247; 73 256; 74 256; 76 258; 77 258; 78 259; 89 259; 91 257; 91 256; 92 255; 92 254; 93 253; 93 252; 95 250; 101 250; 101 242; 100 241; 100 234
127; 395 240; 392 243; 391 243; 390 244; 389 244; 388 245; 387 245; 386 246; 385 246; 384 247; 382 247; 381 248; 380 248; 378 250; 378 260; 382 260; 385 263; 393 263; 394 262; 395 262; 396 261; 398 261; 399 260; 400 260; 402 258; 403 258; 404 257; 406 257; 407 256; 409 256; 410 255; 410 245; 406 241; 405 241; 404 240
128; 32 238; 28 242; 28 251; 30 253; 31 253; 35 257; 36 257; 42 263; 43 263; 44 264; 52 264; 53 263; 53 262; 54 261; 54 257; 55 256; 55 248; 52 245; 51 245; 49 243; 48 243; 47 242; 46 242; 44 240; 43 240; 41 238
129; 352 242; 351 243; 346 243; 347 244; 347 252; 354 259; 354 260; 355 261; 355 262; 359 266; 360 266; 361 267; 370 267; 372 265; 372 264; 376 260; 377 260; 377 250; 372 250; 371 249; 371 243; 366 243; 365 242
130; 785 240; 784 241; 783 241; 782 242; 782 243; 781 244; 781 253; 782 254; 782 255; 783 255; 786 258; 787 258; 788 259; 789 259; 792 262; 793 262; 798 267; 806 267; 807 266; 812 266; 812 265; 813 264; 813 263; 812 262; 812 251; 811 250; 810 250; 808 248; 807 248; 806 247; 805 247; 803 245; 802 245; 801 244; 800 244; 799 243; 798 243; 797 242; 796 242; 795 241; 794 241; 793 240
131; 713 249; 692 249; 690 251; 687 251; 687 255; 689 255; 690 256; 690 263; 689 264; 689 267; 688 268; 688 278; 691 278; 692 279; 706 279; 708 277; 708 275; 709 274; 709 270; 710 269
132; 710 269; 716 269; 717 270; 726 270; 727 269; 735 269; 735 257; 734 256; 734 251; 733 250; 733 247; 732 246; 732 243; 731 242; 731 240; 719 240; 718 241; 716 241; 715 242; 715 244; 714 245; 714 248; 713 249
133; 603 251; 602 252; 602 253; 601 254; 601 256; 600 257; 600 265; 601 266; 601 267; 605 271; 606 271; 607 272; 608 272; 609 273; 610 273; 612 275; 614 275; 615 276; 616 276; 617 277; 625 277; 627 275; 627 274; 628 273; 628 272; 629 271; 629 270; 630 269; 630 261; 629 260; 628 260; 626 258; 625 258; 624 257; 623 257; 622 256; 621 256; 620 255; 619 255; 618 254; 617 254; 616 253; 615 253; 614 252; 613 252; 612 251
134; 208 253; 207 254; 206 254; 204 256; 203 256; 202 257; 202 266; 206 270; 206 271; 211 276; 211 277; 216 282; 216 283; 224 283; 230 277; 233 277; 233 275; 234 274; 234 272; 232 272; 231 271; 231 266; 230 266; 217 253
135; 248 259; 247 260; 246 260; 246 261; 244 263; 244 264; 243 265; 243 266; 241 268; 241 269; 238 272; 235 272; 235 274; 234 275; 234 277; 236 277; 237 278; 237 285; 238 285; 240 287; 241 287; 242 288; 243 288; 245 290; 253 290; 254 289; 254 288; 255 287; 255 286; 256 285; 256 284; 260 280; 260 279; 261 278; 261 277; 262 276; 262 274; 263 273; 263 264; 262 263; 262 262; 260 260; 258 260; 257 259
136; 822 258; 822 259; 820 261; 820 262; 819 263; 814 263; 814 264; 813 265; 813 266; 814 267; 814 274; 813 275; 813 284; 814 284; 815 285; 816 285; 818 287; 818 288; 819 288; 820 289; 821 289; 822 290; 831 290; 835 286; 835 285; 836 284; 836 281; 837 280; 837 277; 838 276; 838 273; 839 272; 839 271; 840 270; 840 262; 837 259; 835 259; 834 258
137; 316 267; 314 269; 314 270; 311 273; 311 274; 309 276; 309 277; 303 283; 303 291; 304 292; 304 293; 306 295; 307 295; 308 296; 309 296; 310 297; 319 297; 324 292; 324 291; 329 286; 329 285; 332 282; 332 274; 326 268; 325 268; 324 267
138; 875 294; 890 305; 899 305; 905 299; 905 289; 884 274
139; 884 274; 884 268; 886 265; 885 255; 866 249; 857 249; 853 256; 853 266; 855 268; 855 274
140; 855 274; 845 286; 845 295; 853 301; 862 301; 868 294; 875 294; 884 274
141; 727 270; 726 271; 717 271; 718 272; 718 289; 719 290; 719 291; 720 292; 746 292; 749 289; 749 288; 750 287; 750 275; 749 274; 749 273; 747 271; 738 271; 737 270
142; 959 310; 962 316; 969 320; 984 317; 984 311; 990 306; 990 296; 985 291; 972 291
143; 934 299; 918 317; 918 326; 924 332; 932 332; 951 310
144; 971 284; 986 283; 987 273; 971 262; 957 264; 955 269
145; 949 269; 946 264; 937 264; 919 275; 919 286; 925 291; 933 291
146; 933 291; 934 299; 951 310; 959 310; 972 291
147; 972 291; 971 284; 955 269; 949 269; 933 291
148; 668 278; 659 287; 659 288; 656 291; 655 291; 655 299; 656 300; 657 300; 661 304; 661 305; 662 306; 668 306; 669 307; 675 307; 675 302; 677 300; 678 300; 681 297; 682 297; 685 294; 685 286; 684 285; 684 281; 681 281; 678 278
149; 424 279; 423 280; 423 281; 422 282; 422 283; 421 284; 421 285; 420 286; 420 287; 419 288; 419 289; 418 290; 418 291; 417 292; 417 293; 414 296; 414 310; 418 310; 419 309; 430 309; 433 306; 433 305; 440 298; 440 297; 441 296; 441 294; 442 293; 442 285; 441 284; 440 284; 438 282; 437 282; 436 281; 435 281; 433 279
150; 548 284; 548 285; 546 287; 546 288; 545 289; 544 289; 541 292; 541 293; 535 299; 535 307; 536 308; 537 308; 538 309; 538 312; 551 312; 557 306; 557 305; 561 301; 562 301; 563 300; 564 300; 564 292; 557 285; 557 284
151; 481 292; 480 293; 479 293; 478 294; 477 294; 475 296; 475 307; 476 308; 477 308; 479 310; 480 310; 489 319; 498 319; 499 318; 499 317; 503 313; 503 305; 500 302; 499 302; 489 292
152; 203 293; 203 294; 199 298; 199 299; 198 300; 198 301; 197 302; 197 303; 193 307; 193 316; 195 318; 196 318; 197 319; 198 319; 199 320; 200 320; 201 321; 212 321; 213 320; 215 320; 215 314; 218 311; 218 310; 219 309; 219 299; 216 296; 215 296; 213 294; 212 294; 211 293
153; 783 300; 780 303; 780 304; 778 306; 776 306; 776 318; 780 318; 781 319; 782 319; 783 320; 784 320; 785 321; 786 321; 787 322; 788 322; 790 324; 791 324; 793 326; 794 326; 795 327; 803 327; 803 325; 806 322; 806 321; 807 320; 807 310; 806 309; 805 309; 803 307; 802 307; 800 305; 799 305; 798 304; 797 304; 796 303; 795 303; 793 301; 792 301; 791 300
154; 21 301; 20 302; 6 302; 5 303; 5 315; 6 316; 6 320; 8 322; 8 323; 17 323; 18 322; 30 322; 31 321; 32 321; 33 320; 33 319; 34 318; 34 305; 33 304; 33 303; 32 302; 31 302; 30 301
155; 333 301; 332 302; 332 304; 331 305; 331 306; 330 307; 330 308; 328 310; 328 311; 326 313; 326 315; 325 316; 325 328; 328 331; 338 331; 341 328; 341 327; 342 326; 342 325; 343 324; 343 322; 344 321; 344 320; 349 315; 349 307; 347 305; 346 305; 344 303; 343 303; 341 301
156; 745 302; 743 304; 743 321; 744 322; 745 322; 746 323; 752 323; 753 324; 757 324; 758 325; 768 325; 769 324; 770 324; 771 323; 771 321; 772 320; 772 319; 773 318; 775 318; 775 306; 772 306; 771 305; 770 305; 769 304; 757 304; 756 303; 754 303; 753 302
157; 371 305; 371 306; 370 307; 370 309; 369 310; 369 321; 370 322; 371 322; 372 323; 375 323; 376 324; 378 324; 379 325; 381 325; 382 326; 386 326; 387 327; 389 327; 390 328; 393 328; 393 320; 394 319; 394 309; 392 309; 391 308; 389 308; 388 307; 385 307; 384 306; 380 306; 379 305
158; 131 319; 128 322; 122 334; 122 343; 130 347; 139 347; 145 332; 149 327
159; 149 327; 156 313; 162 305; 162 297; 155 292; 146 292; 145 295; 141 299; 138 306; 133 311; 131 319
160; 669 308; 669 313; 668 314; 667 314; 664 317; 664 328; 665 329; 665 330; 666 331; 666 332; 667 333; 677 333; 678 332; 682 332; 683 331; 686 331; 687 330; 689 330; 690 329; 694 329; 695 328; 696 328; 696 319; 695 318; 695 315; 694 314; 694 311; 691 308; 683 308; 682 309; 676 309; 675 308
161; 247 314; 247 315; 246 316; 246 322; 245 323; 245 331; 246 332; 248 332; 249 333; 254 333; 255 334; 258 334; 259 335; 273 335; 274 334; 275 334; 276 333; 276 324; 275 323; 275 320; 273 318; 271 318; 270 317; 267 317; 266 316; 264 316; 263 315; 261 315; 260 314
162; 395 310; 395 319; 394 320; 394 328; 397 328; 398 329; 398 336; 399 337; 399 338; 401 340; 402 340; 403 341; 404 341; 405 342; 417 342; 420 339; 420 335; 421 334; 421 320; 420 319; 420 318; 418 316; 418 311; 414 311; 413 312; 398 312; 396 310
163; 525 316; 521 320; 521 321; 520 322; 520 325; 519 326; 519 327; 518 328; 518 329; 516 331; 516 332; 515 333; 515 342; 516 343; 517 343; 518 344; 519 344; 520 345; 521 345; 522 346; 532 346; 535 343; 535 342; 536 341; 536 340; 537 339; 537 338; 539 336; 539 335; 540 334; 540 333; 541 332; 541 322; 539 320; 538 320; 537 319; 537 316
164; 978 318; 977 319; 974 319; 972 321; 972 327; 970 329; 969 329; 968 330; 968 342; 973 347; 977 347; 978 348; 979 348; 981 346; 982 346; 983 345; 984 345; 985 344; 986 344; 987 343; 988 343; 990 341; 991 341; 992 340; 993 340; 996 337; 997 337; 999 335; 999 327; 998 326; 998 325; 996 323; 996 322; 992 318
165; 213 321; 212 322; 210 322; 210 339; 211 340; 211 346; 212 347; 212 348; 213 349; 213 350; 214 350; 215 351; 223 351; 224 352; 224 354; 228 354; 228 351; 229 350; 230 350; 231 349; 231 348; 232 347; 232 334; 231 333; 231 330; 230 329; 230 325; 229 324; 229 323; 227 321
166; 67 322; 67 323; 66 324; 66 325; 65 326; 65 328; 64 329; 64 330; 63 331; 63 332; 61 334; 61 346; 62 347; 64 347; 65 348; 67 348; 68 349; 70 349; 71 350; 85 350; 85 345; 86 344; 86 339; 85 338; 85 324; 84 323; 84 322
167; 843 329; 843 330; 842 331; 842 334; 841 335; 841 345; 842 346; 842 356; 845 359; 846 359; 847 360; 857 360; 859 358; 860 358; 861 357; 866 357; 866 341; 864 341; 863 340; 863 332; 861 330; 860 330; 859 329
168; 98 331; 97 332; 96 332; 96 333; 95 334; 95 335; 93 337; 93 338; 92 339; 87 339; 87 344; 86 345; 86 350; 87 351; 87 357; 88 358; 89 358; 91 360; 93 360; 94 361; 103 361; 104 360; 104 359; 105 358; 105 357; 106 356; 106 355; 107 354; 107 353; 108 352; 108 351; 109 350; 109 349; 110 348; 110 347; 111 346; 111 345; 112 344; 112 335; 109 332; 108 332; 107 331
169; 571 338; 570 339; 569 339; 568 340; 568 342; 567 343; 567 347; 566 348; 566 356; 567 356; 568 357; 569 357; 570 358; 573 358; 574 359; 575 359; 576 360; 577 360; 578 361; 579 361; 580 362; 581 362; 582 363; 584 363; 585 364; 593 364; 594 363; 594 362; 596 360; 596 359; 598 357; 598 348; 596 346; 595 346; 594 345; 592 345; 591 344; 590 344; 589 343; 588 343; 587 342; 586 342; 585 341; 584 341; 583 340; 582 340; 581 339; 580 339; 579 338
170; 867 341; 867 357; 868 358; 868 359; 870 361; 873 361; 874 362; 876 362; 877 363; 879 363; 880 364; 883 364; 884 365; 896 365; 897 364; 897 363; 898 362; 898 345; 889 345; 888 344; 887 344; 886 343; 884 343; 883 342; 881 342; 880 341
171; 922 340; 920 342; 919 342; 914 347; 914 348; 910 352; 909 352; 909 361; 910 362; 910 363; 912 365; 912 366; 913 367; 913 368; 915 370; 923 370; 929 364; 930 364; 933 361; 934 361; 935 360; 936 360; 937 359; 941 359; 941 345; 939 345; 937 343; 936 343; 934 341; 933 341; 932 340
172; 290 336; 289 337; 289 340; 288 341; 288 343; 287 344; 287 352; 288 353; 289 353; 290 354; 291 354; 299 362; 300 362; 301 363; 302 363; 303 364; 304 364; 305 365; 313 365; 313 364; 318 359; 318 351; 317 350; 317 348; 313 344; 312 344; 311 343; 310 343; 309 342; 308 342; 307 341; 306 341; 303 338; 301 338; 300 337; 299 337; 298 336
173; 450 342; 449 343; 448 343; 445 346; 445 347; 443 349; 443 357; 444 358; 444 359; 446 361; 446 362; 448 364; 448 365; 451 368; 451 369; 456 374; 464 374; 466 372; 467 372; 472 367; 472 359; 470 357; 469 357; 467 355; 467 354; 465 352; 465 351; 463 349; 463 348; 461 346; 461 345; 458 342
174; 670 342; 668 344; 668 345; 667 346; 667 359; 670 362; 672 362; 673 363; 675 363; 676 364; 679 364; 680 365; 681 365; 682 366; 683 366; 685 368; 694 368; 694 367; 695 366; 695 365; 696 364; 696 362; 698 360; 698 350; 696 348; 695 348; 694 347; 693 347; 692 346; 691 346; 689 344; 687 344; 686 343; 681 343; 680 342
175; 949 342; 948 343; 947 343; 947 344; 946 345; 942 345; 942 359; 944 359; 945 360; 945 361; 947 363; 948 363; 949 364; 951 364; 952 365; 954 365; 955 366; 974 366; 975 365; 975 353; 976 352; 976 351; 978 349; 977 348; 973 348; 968 343; 959 343; 958 342
176; 492 342; 492 343; 490 345; 490 346; 488 348; 488 349; 486 351; 486 352; 483 355; 482 355; 482 356; 480 358; 480 368; 482 370; 483 370; 485 372; 486 372; 487 373; 495 373; 502 366; 502 365; 508 359; 508 351; 505 351; 504 350; 504 349; 503 348; 503 346; 502 345; 502 344; 500 342
177; 802 351; 801 352; 800 352; 799 353; 797 353; 796 354; 792 354; 791 355; 787 355; 786 356; 785 356; 785 364; 786 365; 786 370; 787 371; 787 373; 788 374; 788 375; 789 376; 797 376; 798 375; 799 375; 800 374; 803 374; 804 373; 807 373; 808 372; 811 372; 812 371; 814 371; 815 370; 816 370; 817 369; 817 359; 816 358; 816 355; 815 354; 815 352; 814 351
178; 224 355; 224 358; 221 361; 220 361; 219 362; 219 363; 218 364; 218 373; 221 376; 222 376; 223 377; 225 377; 226 378; 228 378; 229 379; 230 379; 231 380; 232 380; 233 381; 234 381; 236 383; 247 383; 249 381; 249 380; 250 379; 250 378; 252 376; 252 367; 251 366; 250 366; 249 365; 247 365; 246 364; 245 364; 244 363; 243 363; 241 361; 240 361; 239 360; 238 360; 237 359; 235 359; 234 358; 229 358; 228 357; 228 355
179; 388 359; 387 360; 387 361; 386 362; 386 363; 385 364; 385 365; 384 366; 384 367; 383 368; 383 369; 381 371; 381 373; 380 374; 380 384; 382 386; 383 386; 384 387; 385 387; 386 388; 387 388; 388 389; 399 389; 400 388; 400 382; 401 381; 401 380; 402 379; 402 378; 404 376; 404 375; 405 374; 405 373; 406 372; 406 363; 405 362; 404 362; 403 361; 401 361; 400 360; 399 360; 398 359
180; 545 375; 543 377; 543 379; 542 380; 542 388; 544 390; 546 390; 547 391; 549 391; 550 392; 551 392; 552 393; 553 393; 554 394; 556 394; 557 395; 559 395; 560 396; 562 396; 563 397; 573 397; 573 385; 569 381; 568 381; 567 380; 565 380; 564 379; 561 379; 559 377; 558 377; 557 376; 556 376; 555 375
181; 642 399; 644 404; 657 417; 671 417; 677 415; 682 415; 682 407; 674 398; 668 398; 660 389
182; 660 389; 660 375; 653 366; 643 366; 628 377; 628 385; 630 387; 632 393; 635 396; 639 396; 642 399
183; 99 374; 98 375; 97 375; 96 376; 96 377; 95 378; 95 394; 96 395; 101 395; 102 396; 102 399; 114 399; 114 396; 115 395; 124 395; 126 393; 126 379; 123 376; 122 376; 121 375; 117 375; 116 374
184; 342 380; 338 378; 333 372; 323 373; 316 379; 316 387; 319 389; 319 396; 322 405; 331 405; 340 396
185; 340 396; 347 396; 351 400; 363 400; 363 393; 366 390; 367 386; 371 380; 371 372; 369 370; 360 370; 352 381; 342 380
186; 605 378; 604 379; 601 379; 598 382; 598 404; 599 405; 599 408; 618 408; 618 407; 619 406; 619 382; 618 381; 618 379; 617 378
187; 433 376; 432 377; 432 378; 431 379; 431 380; 430 381; 430 383; 429 384; 429 385; 428 386; 428 401; 431 401; 432 402; 442 402; 443 403; 444 403; 445 404; 447 404; 448 405; 448 408; 450 408; 451 407; 453 407; 453 404; 455 402; 456 402; 459 399; 459 388; 455 384; 454 384; 453 383; 452 383; 451 382; 450 382; 449 381; 448 381; 443 376
188; 763 378; 762 379; 761 379; 758 382; 758 392; 760 394; 760 395; 761 396; 761 397; 763 399; 763 400; 765 402; 765 403; 769 407; 769 409; 778 409; 780 407; 781 407; 782 406; 783 406; 785 404; 786 404; 787 403; 787 394; 781 388; 781 387; 779 385; 779 384; 773 378
189; 695 381; 694 382; 693 382; 692 383; 690 383; 689 384; 687 384; 686 385; 684 385; 683 386; 682 386; 681 387; 680 387; 678 389; 678 390; 677 391; 677 392; 675 394; 675 398; 678 401; 678 402; 683 407; 690 407; 691 406; 694 406; 695 405; 696 405; 697 404; 699 404; 700 403; 701 403; 702 402; 703 402; 704 401; 705 401; 707 399; 708 399; 708 391; 707 390; 707 388; 705 386; 705 385; 704 384; 704 383; 703 382; 703 381
190; 821 383; 820 384; 819 384; 818 385; 815 385; 814 386; 810 386; 809 387; 808 387; 807 388; 806 388; 804 390; 804 399; 805 400; 805 401; 806 402; 806 403; 807 404; 807 405; 808 406; 808 407; 809 408; 810 408; 811 409; 812 409; 814 411; 823 411; 827 407; 828 407; 830 405; 831 405; 833 403; 834 403; 835 402; 835 393; 834 392; 834 391; 833 390; 833 389; 832 388; 832 385; 831 384; 831 383
191; 894 394; 893 395; 892 395; 890 397; 888 397; 887 398; 886 398; 885 399; 884 399; 883 400; 882 400; 881 401; 880 401; 876 405; 876 415; 878 417; 879 417; 881 419; 881 422; 891 422; 891 419; 894 416; 895 416; 896 415; 898 415; 899 414; 903 414; 904 413; 905 413; 906 412; 907 412; 907 402; 906 401; 906 399; 905 398; 905 396; 903 394
192; 359 401; 359 407; 358 408; 358 419; 361 419; 363 421; 364 421; 368 425; 369 425; 370 426; 371 426; 373 428; 382 428; 383 427; 383 426; 384 425; 384 424; 386 422; 386 413; 384 411; 383 411; 380 408; 379 408; 372 401
193; 153 403; 152 404; 152 405; 151 406; 151 418; 153 420; 154 420; 155 421; 156 421; 157 422; 158 422; 159 423; 160 423; 161 424; 162 424; 163 425; 164 425; 165 426; 166 426; 167 427; 176 427; 176 426; 177 425; 177 424; 180 421; 180 412; 179 412; 178 411; 177 411; 176 410; 175 410; 172 407; 171 407; 169 405; 168 405; 167 404; 166 404; 165 403
194; 571 398; 571 404; 570 405; 569 405; 564 410; 564 418; 567 421; 567 422; 568 423; 568 425; 569 426; 569 427; 570 428; 570 429; 572 431; 580 431; 581 432; 585 432; 586 431; 590 431; 590 426; 592 424; 593 424; 594 423; 595 423; 596 422; 597 422; 598 421; 598 405; 597 404; 597 401; 591 401; 589 399; 588 399; 587 398
195; 102 400; 102 402; 101 403; 101 404; 100 405; 100 408; 99 409; 99 411; 98 412; 98 413; 97 414; 97 416; 96 417; 96 428; 97 429; 98 429; 99 430; 100 430; 101 431; 114 431; 114 430; 115 429; 115 419; 116 418; 116 415; 117 414; 117 404; 116 404; 114 402; 114 400
196; 943 410; 942 411; 941 411; 940 412; 939 412; 937 414; 936 414; 935 415; 933 415; 932 416; 928 416; 927 417; 926 417; 925 418; 925 427; 926 428; 926 430; 927 431; 927 432; 929 434; 929 435; 939 435; 940 434; 942 434; 943 433; 944 433; 945 432; 948 432; 949 431; 951 431; 952 430; 953 430; 954 429; 955 429; 956 428; 956 420; 955 419; 955 418; 954 417; 954 414; 953 413; 953 412; 952 411; 952 410
197; 324 413; 324 414; 323 415; 323 416; 324 416; 325 417; 325 429; 327 431; 328 431; 329 432; 330 432; 332 434; 333 434; 338 439; 339 439; 341 441; 349 441; 350 440; 351 440; 352 439; 352 438; 353 437; 353 423; 351 423; 349 421; 348 421; 345 418; 344 418; 342 416; 341 416; 338 413
198; 670 437; 655 437; 654 438; 654 441; 653 442; 653 444; 652 445; 652 448; 651 449; 651 465; 652 466; 658 466; 659 467; 668 467; 669 466; 670 466; 670 465; 671 464; 671 455; 672 454; 672 450; 673 449; 673 443; 674 442
199; 674 442; 680 442; 683 445; 693 445; 697 441; 697 430; 694 427; 694 426; 686 418; 686 417; 684 415; 683 415; 682 416; 677 416; 676 417; 672 417; 671 418; 671 436; 670 437
200; 748 407; 747 408; 747 417; 748 418; 748 422; 749 423; 749 425; 750 426; 750 427; 751 428; 751 429; 753 431; 753 433; 754 434; 754 436; 755 437; 755 438; 756 439; 756 440; 757 441; 757 442; 759 444; 759 445; 761 447; 771 447; 772 448; 772 450; 772 446; 773 445; 774 445; 775 444; 776 444; 777 443; 778 443; 778 435; 777 434; 777 433; 775 431; 775 430; 774 429; 774 427; 773 426; 773 425; 769 421; 769 420; 768 419; 768 418; 766 416; 766 414; 761 414; 759 412; 759 411; 758 410; 758 409; 756 407
201; 403 428; 391 441; 390 451; 387 452; 390 452; 407 462; 415 462; 426 447
202; 403 428; 426 447; 432 447; 431 422
203; 431 422; 435 418; 435 403; 417 402; 413 404; 404 405; 403 428
204; 881 423; 881 426; 879 428; 879 429; 877 431; 877 442; 879 444; 884 444; 885 445; 889 445; 890 446; 894 446; 895 447; 905 447; 906 446; 907 446; 907 445; 908 444; 908 443; 909 442; 909 432; 908 431; 908 430; 907 429; 906 429; 905 428; 903 428; 902 427; 894 427; 893 426; 892 426; 891 425; 891 423
205; 203 428; 203 429; 201 431; 201 443; 202 444; 202 445; 203 446; 204 446; 205 447; 229 447; 231 445; 231 431; 229 429; 220 429; 219 428
206; 260 418; 255 423; 255 431; 256 432; 256 435; 257 436; 257 439; 258 440; 258 442; 259 443; 259 446; 260 447; 260 449; 261 450; 266 450; 267 451; 267 453; 270 453; 271 452; 274 452; 274 448; 275 447; 278 447; 279 446; 280 446; 280 438; 279 437; 279 435; 278 434; 278 433; 277 432; 277 431; 276 430; 276 429; 275 428; 275 427; 274 426; 274 425; 273 424; 273 423; 272 422; 272 421; 269 418
207; 116 428; 116 429; 115 430; 115 441; 116 442; 116 443; 118 445; 119 445; 120 446; 121 446; 122 447; 130 447; 131 448; 132 448; 133 449; 142 449; 143 448; 144 448; 147 445; 147 434; 146 433; 146 432; 144 430; 143 430; 142 429; 137 429; 136 428
208; 475 433; 499 434; 502 428; 502 418; 500 416; 487 414; 484 412; 473 412; 471 417
209; 439 428; 433 429; 433 448; 446 457; 462 457; 463 440
210; 463 440; 467 436; 475 433; 471 417; 464 417; 457 411; 454 411; 453 408; 448 409; 445 416; 442 419; 438 419; 439 428
211; 294 420; 294 426; 289 441; 288 455; 308 455; 311 439; 311 430; 305 426; 305 420
212; 305 420; 316 416; 322 416; 323 414; 322 406; 318 396; 308 396; 291 403; 291 413; 294 420
213; 586 432; 585 433; 581 433; 581 450; 582 451; 582 452; 583 453; 583 454; 584 455; 584 458; 585 459; 585 461; 587 463; 598 463; 599 462; 600 462; 601 461; 602 461; 604 459; 604 446; 603 445; 603 442; 602 441; 602 438; 601 437; 601 435; 599 433; 591 433; 590 432
214; 993 443; 992 444; 990 444; 989 445; 988 445; 987 446; 986 446; 985 447; 984 447; 982 449; 981 449; 978 452; 978 460; 981 463; 985 463; 986 464; 1006 464; 1008 462; 1008 461; 1009 460; 1009 446; 1008 445; 1007 445; 1006 444; 1005 444; 1004 443
215; 369 445; 361 453; 361 454; 359 456; 359 457; 357 459; 357 468; 362 473; 370 473; 383 460; 383 453; 384 452; 386 452; 383 452; 379 448; 379 447; 377 445
216; 471 449; 470 450; 464 450; 464 453; 463 454; 463 457; 464 458; 464 460; 465 461; 465 463; 466 464; 466 466; 467 467; 467 473; 468 474; 468 477; 469 478; 469 479; 470 480; 481 480; 482 479; 485 479; 486 478; 486 467; 485 466; 485 462; 484 461; 484 457; 483 456; 483 452; 482 451; 482 450; 481 449
217; 19 462; 13 462; 11 460; 11 453; 10 452; 10 451; 8 449; 7 449; 6 448; 5 448; 4 447; 0 447; 0 482; 3 482; 6 485; 6 486; 10 490; 10 494; 18 494; 19 493; 20 493; 23 490; 24 490; 25 489; 25 488; 27 486; 27 476; 28 475
218; 28 475; 43 475; 44 476; 45 476; 45 458; 43 456; 43 455; 42 454; 42 453; 40 451; 40 450; 36 446; 36 445; 28 445; 27 446; 26 446; 25 447; 24 447; 23 448; 22 448; 21 449; 20 449; 20 461; 19 462
219; 772 451; 772 454; 770 456; 770 473; 775 473; 776 474; 781 474; 782 473; 788 473; 789 474; 797 474; 798 473; 799 473; 799 467; 800 466; 800 458; 797 455; 793 455; 792 454; 787 454; 786 453; 773 453; 772 452
220; 176 448; 173 451; 173 452; 167 458; 167 459; 165 461; 165 470; 166 471; 166 473; 167 474; 167 475; 168 475; 169 476; 170 476; 171 477; 179 477; 180 476; 180 475; 184 471; 184 470; 186 468; 186 467; 189 464; 189 463; 190 462; 190 452; 189 452; 185 448
221; 271 453; 270 454; 267 454; 267 457; 266 458; 266 466; 267 467; 267 469; 268 470; 268 472; 269 473; 269 475; 270 476; 270 482; 273 485; 282 485; 283 484; 285 484; 286 483; 287 483; 288 482; 288 469; 287 468; 287 465; 286 464; 286 456; 287 455; 275 455; 274 454; 274 453
222; 113 456; 111 458; 111 459; 110 460; 110 472; 111 473; 112 473; 113 474; 114 474; 117 477; 118 477; 119 478; 120 478; 121 479; 123 479; 125 481; 132 481; 133 482; 137 482; 137 477; 138 476; 138 465; 137 464; 136 464; 135 463; 134 463; 133 462; 131 462; 130 461; 129 461; 128 460; 127 460; 123 456
223; 56 453; 54 455; 54 456; 53 457; 53 458; 52 459; 46 459; 46 477; 49 480; 50 480; 51 481; 53 481; 54 482; 56 482; 57 483; 65 483; 66 482; 66 481; 67 480; 67 479; 68 478; 68 475; 69 474; 69 471; 70 470; 70 469; 71 468; 71 467; 72 466; 72 458; 67 453
224; 530 454; 529 455; 529 456; 525 460; 524 460; 523 461; 520 461; 519 462; 518 462; 516 464; 515 464; 514 465; 514 473; 515 474; 515 475; 516 476; 516 477; 518 479; 518 480; 527 480; 528 479; 529 479; 530 478; 531 478; 532 477; 533 477; 535 475; 536 475; 538 473; 540 473; 541 472; 542 472; 544 470; 544 462; 541 459; 541 458; 540 457; 540 456; 539 455; 539 454
225; 309 459; 309 462; 305 466; 305 467; 304 468; 304 469; 301 472; 301 482; 302 483; 302 484; 306 488; 314 488; 316 486; 316 485; 325 476; 325 475; 327 473; 328 473; 328 465; 327 465; 326 464; 325 464; 324 463; 323 463; 319 459
226; 881 456; 881 457; 880 458; 880 459; 876 463; 876 470; 875 471; 875 473; 880 473; 881 474; 882 474; 884 476; 884 477; 888 481; 889 481; 890 482; 891 482; 892 483; 900 483; 903 480; 903 479; 904 478; 904 476; 905 475; 905 467; 903 465; 902 465; 900 463; 899 463; 898 462; 897 462; 891 456
227; 684 459; 679 464; 679 474; 680 475; 680 476; 681 477; 681 478; 682 479; 682 480; 684 482; 684 483; 686 485; 686 486; 689 489; 703 489; 703 487; 704 486; 704 474; 703 473; 703 472; 702 471; 702 470; 701 469; 701 468; 692 459
228; 812 471; 812 472; 810 474; 809 474; 807 476; 805 476; 805 485; 807 487; 807 488; 808 488; 815 495; 816 495; 817 496; 817 497; 818 498; 827 498; 829 496; 830 496; 833 493; 834 493; 836 491; 836 487; 837 486; 838 486; 838 484; 837 483; 837 481; 832 481; 822 471
229; 770 474; 769 475; 757 475; 755 477; 755 478; 754 479; 754 480; 753 481; 753 482; 752 483; 752 492; 755 492; 756 493; 758 493; 759 494; 761 494; 762 495; 763 495; 764 496; 766 496; 767 497; 768 497; 769 498; 770 498; 771 499; 772 499; 773 500; 775 500; 776 501; 778 501; 778 500; 780 498; 780 497; 781 496; 781 495; 784 492; 784 482; 783 481; 782 481; 781 480; 781 475; 776 475; 775 474
230; 339 482; 339 491; 340 491; 341 492; 343 492; 345 494; 347 494; 348 495; 348 496; 349 497; 350 497; 351 498; 352 498; 354 500; 362 500; 362 492; 361 491; 360 491; 359 490; 358 490; 356 488; 354 488; 353 487; 353 486; 351 484; 350 484; 348 482
231; 223 474; 222 475; 222 476; 221 477; 221 479; 220 480; 220 481; 219 482; 219 483; 218 484; 216 484; 216 492; 217 493; 217 501; 223 501; 224 502; 227 502; 228 503; 236 503; 237 502; 237 500; 238 499; 238 498; 240 496; 240 476; 239 476; 238 475; 233 475; 232 474
232; 195 482; 192 485; 192 486; 191 487; 191 497; 192 498; 192 502; 193 503; 193 508; 198 513; 206 513; 207 512; 208 512; 209 511; 210 511; 210 510; 211 509; 211 508; 212 507; 212 503; 214 501; 216 501; 216 493; 215 492; 215 484; 211 484; 210 483; 209 483; 208 482
233; 705 484; 705 486; 704 487; 704 497; 711 504; 711 505; 712 506; 713 506; 719 512; 727 512; 728 511; 734 511; 734 497; 721 484
234; 603 478; 601 480; 601 482; 600 483; 600 484; 599 485; 599 503; 600 504; 600 505; 601 506; 602 506; 603 507; 620 507; 620 497; 619 496; 619 495; 618 494; 618 480; 616 480; 615 479; 614 479; 613 478
235; 847 488; 847 495; 846 496; 846 497; 845 498; 845 515; 844 516; 860 516; 861 515; 871 515; 874 512; 878 512; 878 506; 877 506; 876 505; 876 499; 874 497; 873 497; 872 496; 871 496; 869 494
236; 869 494; 869 488; 871 486; 872 486; 872 474; 873 473; 874 473; 874 471; 869 471; 868 470; 864 470; 863 469; 858 469; 857 468; 854 468; 853 467; 842 467; 840 469; 840 477; 839 478; 839 480; 838 481; 838 483; 839 484; 839 486; 843 486; 844 487; 846 487; 847 488
237; 141 507; 147 507; 151 511; 160 511; 164 504; 164 495; 161 492; 147 484; 138 484; 137 483; 133 483; 133 489; 131 493
238; 131 493; 115 492; 112 497; 109 499; 109 508; 117 513; 123 519; 137 519; 139 518; 139 511; 141 507
239; 639 530; 641 535; 641 542; 645 548; 645 553; 654 554; 655 557; 657 552; 662 551; 664 549; 664 538; 658 524; 653 522; 650 519
240; 650 519; 649 513; 640 495; 631 495; 628 497; 621 497; 621 507; 625 511; 631 523; 639 530
241; 389 499; 388 500; 388 501; 386 503; 386 504; 384 506; 384 514; 385 515; 386 515; 388 517; 389 517; 390 518; 391 518; 392 519; 393 519; 397 523; 398 523; 400 525; 409 525; 410 524; 410 523; 411 522; 411 521; 412 520; 412 519; 413 518; 413 510; 411 508; 410 508; 408 506; 407 506; 405 504; 404 504; 403 503; 402 503; 400 501; 399 501; 397 499
242; 552 503; 551 504; 549 504; 548 505; 547 505; 546 506; 546 518; 547 519; 547 520; 548 521; 548 525; 549 526; 549 530; 550 531; 550 532; 551 533; 566 533; 567 534; 568 533; 568 524; 567 523; 567 512; 566 511; 566 508; 565 507; 565 506; 563 504; 562 504; 561 503
243; 887 503; 885 505; 884 505; 883 506; 879 506; 879 512; 880 512; 881 513; 881 517; 887 523; 887 524; 893 530; 902 530; 907 525; 907 516; 906 515; 906 514; 903 511; 902 511; 900 509; 900 508; 895 503
244; 84 509; 83 510; 77 510; 76 511; 73 511; 72 512; 70 512; 69 513; 67 513; 66 514; 66 523; 67 524; 67 528; 68 529; 68 530; 69 531; 77 531; 78 530; 81 530; 82 529; 84 529; 85 528; 86 528; 87 527; 93 527; 93 510; 92 509
245; 267 511; 266 512; 263 512; 264 512; 265 513; 265 535; 266 536; 266 538; 267 539; 267 540; 279 540; 280 539; 282 539; 283 538; 284 538; 285 537; 285 512; 284 511
246; 434 507; 431 510; 430 510; 429 511; 428 511; 427 512; 426 512; 426 520; 434 528; 434 529; 436 531; 436 532; 438 534; 438 535; 439 535; 441 537; 449 537; 452 534; 452 533; 453 532; 453 522; 452 521; 452 520; 445 513; 445 512; 444 511; 444 510; 442 508; 442 507
247; 800 522; 800 535; 806 539; 814 539; 819 536; 826 529; 830 529; 830 527; 828 526; 828 519; 825 514; 811 514; 810 513
248; 810 513; 810 505; 794 492; 785 492; 782 495; 778 503; 789 516; 800 522
249; 728 512; 727 513; 720 513; 722 515; 722 526; 724 528; 724 530; 725 531; 725 532; 726 533; 726 534; 727 535; 727 536; 728 537; 728 538; 729 539; 729 540; 730 541; 730 544; 745 544; 745 541; 747 539; 747 529; 746 528; 746 527; 745 526; 745 525; 744 524; 744 523; 742 521; 742 520; 740 518; 740 517; 739 516; 739 515; 737 513; 736 513; 735 512
250; 235 517; 222 517; 216 521; 216 529; 219 533; 220 540; 224 545; 235 545; 236 547; 240 547; 240 528
251; 240 528; 244 526; 254 526; 257 513; 262 512; 259 511; 259 500; 254 497; 241 496; 236 504; 237 505; 237 515; 235 517
252; 138 519; 137 520; 136 520; 136 526; 135 527; 134 527; 132 529; 131 529; 130 530; 129 530; 129 539; 136 546; 140 546; 141 547; 141 550; 142 550; 143 549; 144 549; 144 546; 151 539; 152 539; 158 533; 158 525; 155 522; 154 522; 151 519
253; 33 496; 31 498; 31 499; 30 500; 30 501; 29 502; 29 503; 25 507; 24 507; 21 510; 21 520; 22 521; 24 521; 25 522; 28 522; 29 523; 29 539; 30 540; 31 540; 33 542; 34 542; 37 545; 38 545; 40 547; 41 547; 42 548; 43 548; 46 551; 47 551; 48 552; 52 552; 53 551; 57 551; 57 545; 58 544; 58 535; 57 535; 56 534; 55 534; 54 533; 53 533; 52 532; 51 532; 45 526; 44 526; 43 525; 42 525; 41 524; 40 524; 39 523; 38 523; 37 522; 37 514; 38 513; 38 511; 39 510; 39 508; 40 507; 40 506; 41 505; 41 496
254; 103 528; 101 530; 97 530; 97 541; 98 542; 98 544; 99 545; 99 546; 100 547; 100 548; 104 552; 104 558; 105 558; 106 559; 107 559; 108 558; 114 558; 115 557; 116 557; 119 554; 120 554; 122 552; 122 544; 121 543; 121 541; 120 540; 120 539; 119 538; 119 537; 118 536; 118 535; 111 528
255; 1003 528; 1002 529; 1000 529; 999 530; 998 530; 997 531; 996 531; 994 533; 994 536; 993 537; 993 545; 996 548; 996 549; 1001 554; 1001 555; 1004 558; 1005 558; 1006 559; 1015 559; 1018 556; 1023 556
256; 1023 556; 1023 509; 1012 509; 1010 511; 1009 511; 1008 512; 1007 512; 1004 515; 1004 518; 1003 519; 1003 528
257; 341 531; 341 537; 340 538; 339 538; 337 540; 337 546; 338 547; 338 556; 346 556; 347 557; 359 557; 359 552; 360 551; 361 551; 362 550; 364 550; 365 549; 367 549; 368 548; 368 536; 367 535; 367 534; 366 533; 365 533; 363 531; 360 531; 359 530; 357 530; 356 529
258; 356 529; 356 514; 355 513; 355 512; 353 510; 336 510; 335 511; 330 511; 329 512; 328 512; 327 513; 327 517; 326 518; 326 530; 340 530; 341 531
259; 906 538; 905 539; 899 539; 898 540; 896 540; 895 541; 895 553; 896 554; 896 557; 897 558; 897 559; 908 559; 909 558; 911 558; 912 557; 917 557; 918 556; 922 556; 923 555; 925 555; 927 553; 927 543; 922 538
260; 833 541; 831 543; 828 543; 827 544; 827 557; 828 558; 828 560; 829 561; 829 570; 830 570; 831 571; 846 571; 847 570; 847 569; 848 568; 848 560; 847 559; 847 549; 848 548; 848 547
261; 848 547; 849 546; 849 545; 850 544; 850 542; 851 541; 851 540; 852 539; 852 538; 857 533; 857 531; 858 530; 858 529; 859 528; 859 517; 843 517; 841 519; 841 520; 839 522; 839 523; 835 527; 831 527; 831 529; 832 529; 833 530; 833 541
262; 568 534; 567 535; 567 540; 566 541; 565 541; 561 545; 560 545; 559 546; 559 547; 557 549; 557 558; 562 563; 573 563; 573 562; 577 558; 577 557; 582 552; 582 551; 583 550; 583 541; 582 540; 581 540; 578 537; 577 537; 576 536; 569 536; 568 535
263; 530 545; 529 546; 527 546; 525 548; 525 562; 526 563; 526 571; 527 572; 530 572; 531 573; 534 573; 535 574; 538 574; 539 573; 543 573; 544 572; 545 572; 545 563; 544 562; 544 546; 543 545
264; 620 537; 618 539; 617 539; 616 540; 615 540; 614 541; 613 541; 611 543; 611 552; 612 553; 612 554; 614 556; 614 557; 615 558; 615 559; 617 561; 617 562; 618 563; 618 564; 620 566; 620 567; 621 568; 621 570; 631 570; 633 568; 634 568; 635 567; 636 567; 637 566; 638 566; 639 565; 645 565; 645 554; 644 553; 644 548; 643 547; 643 545; 640 542; 634 542; 631 539; 631 538; 630 537
265; 861 547; 859 549; 859 550; 857 552; 857 561; 860 564; 860 565; 861 566; 861 567; 865 571; 865 572; 866 573; 866 575; 867 576; 876 576; 879 573; 880 573; 881 572; 882 572; 882 563; 881 562; 881 561; 878 558; 878 557; 876 555; 876 554; 875 553; 875 552; 874 551; 874 550; 873 549; 873 548; 872 547
266; 730 545; 730 563; 731 564; 731 565; 732 566; 734 566; 735 567; 757 567; 760 564; 760 554; 759 553; 759 552; 758 551; 758 550; 756 548; 746 548; 745 547; 745 545
267; 236 548; 236 552; 235 553; 235 554; 234 555; 234 556; 233 557; 233 558; 232 559; 232 560; 230 562; 230 563; 228 565; 228 573; 234 579; 244 579; 245 578; 245 576; 246 575; 246 573; 247 572; 247 571; 249 569; 249 568; 253 564; 253 555; 252 554; 251 554; 248 551; 247 551; 246 550; 241 550; 240 549; 240 548
268; 305 550; 298 551; 293 556; 293 564; 297 568; 298 583; 305 579; 312 579; 314 576
269; 314 576; 331 577; 335 576; 338 573; 337 547; 326 545; 305 550
270; 326 545; 323 539; 323 531; 325 530; 325 518; 307 517; 303 519; 305 550
271; 53 552; 52 553; 48 553; 48 559; 46 561; 46 562; 43 565; 43 566; 42 567; 41 567; 37 571; 37 574; 39 576; 39 577; 40 578; 40 580; 42 582; 56 582; 58 580; 58 579; 60 577; 60 576; 66 570; 66 569; 67 568; 67 557; 66 556; 65 556; 64 555; 62 555; 61 554; 59 554; 57 552
272; 143 550; 142 551; 141 551; 141 555; 140 556; 140 557; 138 559; 138 561; 137 562; 137 563; 135 565; 135 566; 134 567; 134 568; 133 569; 133 577; 136 580; 137 580; 138 581; 139 581; 140 582; 149 582; 150 581; 150 580; 151 579; 151 578; 152 577; 152 575; 153 574; 153 573; 156 570; 156 569; 157 568; 157 566; 158 565; 158 557; 157 557; 156 556; 155 556; 153 554; 152 554; 151 553; 145 553; 144 552; 144 550
273; 957 552; 956 553; 956 561; 955 562; 955 568; 954 569; 954 579; 958 583; 966 583; 967 582; 971 582; 972 581; 973 581; 975 579; 975 555; 974 554; 974 553; 973 552
274; 347 558; 347 569; 348 570; 348 571; 349 572; 349 575; 352 578; 373 578; 374 577; 377 577; 378 576; 378 575; 379 574; 379 562; 378 561; 378 560; 376 558; 367 558; 366 559; 360 559; 359 558
275; 656 557; 655 558; 655 562; 652 565; 646 565; 646 572; 644 574; 644 583; 646 585; 647 585; 649 587; 650 587; 651 588; 659 588; 666 581; 666 580; 668 578; 668 577; 670 575; 670 566; 669 565; 669 564; 666 561; 665 561; 664 560; 657 560; 656 559
276; 276 564; 275 565; 273 565; 272 566; 271 566; 270 567; 269 567; 269 577; 270 578; 270 585; 271 586; 271 587; 273 589; 273 590; 274 591; 274 592; 275 593; 276 593; 278 595; 278 598; 280 598; 281 599; 283 599; 283 596; 284 595; 286 595; 292 589; 292 588; 293 587; 293 586; 296 583; 297 583; 297 573; 296 572; 296 568; 292 564
277; 894 567; 893 568; 893 569; 892 570; 892 575; 891 576; 891 582; 890 583; 890 591; 891 592; 891 593; 892 594; 893 594; 894 595; 907 595; 908 594; 909 594; 910 593; 910 591; 911 590; 911 568; 910 568; 909 567
278; 928 564; 928 565; 927 566; 927 569; 926 570; 926 572; 925 573; 925 575; 923 577; 923 578; 922 579; 922 580; 921 581; 921 591; 922 592; 924 592; 925 593; 929 593; 930 594; 931 594; 932 595; 940 595; 941 594; 941 593; 942 592; 942 588; 943 587; 943 583; 944 582; 944 578; 945 577; 945 566; 944 565; 943 565; 942 564
279; 0 568; 0 580; 7 580; 8 579; 12 579; 13 578; 20 578; 21 579; 21 602; 23 604; 28 604; 29 605; 38 605; 39 604; 39 603; 40 602; 40 593; 41 592; 41 582; 39 580; 39 578; 38 577; 38 576; 36 574; 29 574; 28 575; 26 575; 25 576; 17 576; 16 575; 16 570; 15 570; 14 569; 11 569; 10 568
280; 175 575; 173 577; 173 578; 171 580; 171 581; 170 582; 170 583; 169 584; 169 585; 167 587; 167 588; 165 590; 165 591; 164 592; 164 601; 169 601; 170 602; 172 602; 173 603; 181 603; 181 602; 182 601; 182 600; 186 596; 186 595; 188 593; 191 593; 191 580; 190 579; 190 578; 188 576; 187 576; 186 575
281; 505 580; 489 579; 484 584; 478 595; 478 603; 481 610; 483 612; 493 612; 498 606; 511 595
282; 511 595; 517 595; 526 600; 538 589; 538 586; 535 582; 535 575; 526 572; 511 572; 505 580
283; 598 586; 583 586; 581 588; 580 588; 577 591; 577 600; 578 600; 585 607; 585 608; 587 610; 587 611; 590 614; 598 614; 599 613; 600 613; 603 610; 603 609; 604 608
284; 604 608; 611 608; 615 604; 618 604; 619 603; 623 603; 626 600; 625 599; 625 593; 626 592; 626 583; 625 583; 619 577; 619 575; 614 575; 613 574; 612 574; 611 573; 603 573; 601 575; 601 576; 599 578; 599 585; 598 586
285; 205 583; 203 585; 203 587; 201 589; 201 590; 199 592; 199 593; 198 594; 195 594; 195 606; 196 607; 196 608; 198 610; 198 611; 199 612; 199 614; 201 614; 202 615; 204 615; 204 613; 205 612; 208 612; 209 611; 210 611; 210 610; 213 607; 213 606; 218 601; 218 600; 219 599; 219 598; 221 596; 221 587; 220 587; 218 585; 217 585; 215 583
286; 312 588; 311 589; 310 589; 309 590; 308 590; 303 595; 302 595; 300 597; 299 597; 298 598; 298 606; 301 609; 301 610; 302 611; 302 612; 304 614; 313 614; 314 613; 314 612; 318 608; 319 608; 324 603; 324 602; 326 600; 326 592; 324 590; 323 590; 321 588
287; 105 619; 124 620; 127 612; 127 604; 106 596
288; 92 587; 74 585; 64 597; 64 606; 72 613; 78 615
289; 78 615; 81 622; 88 627; 93 627; 99 626; 105 619; 106 596; 106 590; 92 587
290; 106 590; 114 586; 114 578; 107 565; 107 560; 105 559; 95 560; 90 566; 90 575; 93 580; 92 587
291; 539 589; 537 591; 536 591; 527 600; 527 609; 526 610; 526 613; 527 614; 527 615; 537 625; 540 622; 541 622; 543 620; 549 620; 552 617; 552 615; 553 614; 553 610; 555 608; 555 598; 548 591; 547 591; 546 590; 541 590; 540 589
292; 453 594; 453 595; 452 596; 452 597; 451 598; 451 603; 450 604; 450 606; 449 607; 449 610; 448 611; 448 621; 450 621; 451 622; 454 622; 455 623; 464 623; 466 621; 466 620; 467 619; 467 615; 468 614; 468 612; 469 611; 469 609; 470 608; 470 597; 468 597; 467 596; 465 596; 464 595; 462 595; 461 594
293; 278 599; 278 601; 277 602; 265 602; 264 603; 264 620; 265 621; 265 624; 266 625; 266 628; 268 630; 276 630; 277 629; 283 629; 285 627; 285 614; 284 613; 284 604; 283 603; 283 600; 281 600; 280 599
294; 148 603; 147 604; 144 604; 143 605; 140 605; 139 606; 137 606; 136 607; 135 607; 135 618; 136 619; 136 623; 137 624; 155 624; 156 623; 157 623; 158 622; 160 622; 161 621; 162 621; 163 620; 164 620; 164 612; 161 609; 161 603
295; 235 603; 233 605; 232 605; 231 606; 230 606; 229 607; 229 615; 230 616; 230 617; 231 618; 231 619; 232 620; 232 622; 233 623; 233 624; 234 625; 234 626; 235 627; 235 628; 236 629; 236 630; 238 632; 248 632; 249 631; 250 631; 251 630; 252 630; 254 628; 254 620; 253 619; 253 617; 252 616; 252 615; 250 613; 250 612; 249 611; 249 610; 248 609; 248 607; 247 606; 247 605; 246 604; 246 603
296; 420 648; 408 648; 403 652; 403 660; 414 675; 428 674; 426 654
297; 426 624; 424 614; 418 606; 409 602; 401 602; 398 604; 397 610; 393 616; 393 631; 397 634; 417 634
298; 417 634; 421 641; 420 648; 426 654; 443 654; 448 648; 448 643; 433 626; 428 626; 426 624
299; 626 601; 623 604; 619 604; 618 605; 615 605; 611 609; 611 611; 612 612; 612 614; 613 615; 613 616; 614 617; 614 618; 615 619; 615 622; 616 623; 616 632; 622 632; 623 633; 629 633; 630 632; 630 631; 633 628; 634 628; 635 627; 636 627; 636 619; 635 618; 635 617; 634 616; 634 614; 633 613; 633 612; 631 610; 631 609; 630 608; 630 605; 629 604; 629 602; 628 601
300; 556 608; 554 610; 554 614; 553 615; 553 617; 550 620; 550 633; 551 633; 552 634; 553 634; 554 635; 556 635; 557 636; 571 636; 572 637; 572 636; 573 635; 573 632; 574 631; 574 627; 575 626; 575 612; 574 612; 573 611; 572 611; 571 610; 569 610; 568 609; 566 609; 565 608
301; 790 603; 788 605; 786 605; 785 606; 783 606; 782 607; 782 618; 781 619; 781 627; 782 628; 782 633; 783 634; 801 634; 802 633; 803 633; 804 632; 804 624; 803 623; 803 614; 802 613; 802 610; 801 609; 801 607; 799 605; 799 604; 798 603
302; 504 635; 492 637; 490 641; 490 652; 491 653; 496 654; 507 660; 515 660; 519 656; 518 639
303; 518 639; 519 638; 529 638; 532 634; 533 629; 536 626; 525 613; 524 614; 508 613; 504 619; 504 635
304; 23 616; 23 620; 22 621; 22 623; 20 625; 20 634; 22 634; 23 635; 24 635; 25 636; 26 636; 28 638; 29 638; 30 639; 31 639; 32 640; 33 640; 34 641; 43 641; 48 636; 49 636; 50 635; 50 625; 49 624; 48 624; 47 623; 45 623; 44 622; 42 622; 41 621; 40 621; 39 620; 38 620; 37 619; 36 619; 35 618; 34 618; 32 616
305; 199 615; 199 618; 198 619; 194 619; 194 621; 192 623; 192 624; 191 625; 191 634; 193 636; 194 636; 195 637; 196 637; 197 638; 198 638; 199 639; 201 639; 202 640; 203 640; 205 642; 206 642; 207 643; 216 643; 217 642; 218 642; 221 639; 221 628; 220 627; 219 627; 218 626; 217 626; 216 625; 215 625; 214 624; 213 624; 212 623; 211 623; 210 622; 208 622; 207 621; 206 621; 204 619; 204 616; 202 616; 201 615
306; 769 620; 768 621; 762 621; 761 622; 760 622; 760 636; 761 637; 761 642; 762 643; 762 645; 763 646; 763 650; 771 650; 772 651; 780 651; 780 649; 782 647; 782 636; 783 635; 781 633; 781 628; 780 627; 780 620
307; 591 625; 590 626; 576 626; 575 627; 575 631; 574 632; 574 635; 573 636; 573 639; 574 640; 574 642; 577 645; 585 645; 586 646; 586 647; 590 647; 591 646; 595 646; 595 643; 596 642; 606 642; 606 641; 607 640; 607 639; 605 639; 604 638; 604 632; 603 631; 603 628; 602 627; 602 626; 601 625
308; 710 616; 708 618; 707 618; 706 619; 705 619; 704 620; 703 620; 702 621; 701 621; 701 632; 700 633; 703 636; 703 641; 704 642; 704 645; 705 646; 705 647; 707 649; 708 648; 720 648; 726 642; 726 634; 725 633; 725 632; 724 631; 724 630; 723 629; 723 626; 722 625; 722 623; 721 622; 721 620; 720 619; 720 618; 718 616
309; 85 641; 82 644; 81 644; 79 646; 78 646; 76 648; 75 648; 71 652; 71 660; 76 660; 77 661; 78 661; 81 664; 90 664; 93 661; 93 655; 95 653
310; 95 653; 106 653; 107 654; 122 654; 123 653; 123 651; 124 650; 124 649; 125 648; 125 639; 122 636; 110 636; 109 635; 108 635; 107 634; 105 634; 104 633; 100 633; 99 632; 99 630; 97 630; 96 631; 94 631; 94 634; 93 635; 91 635; 90 636; 89 636; 85 640; 85 641
311; 674 632; 672 634; 672 642; 673 643; 673 644; 675 646; 675 647; 676 648; 676 655; 677 656; 677 657; 678 658; 678 665; 696 665; 696 658; 697 657; 698 657; 699 656; 701 656; 702 655; 703 655; 704 654; 704 653; 706 651; 706 649; 704 647; 704 646; 703 645; 703 642; 702 641; 702 636; 700 634; 691 634; 690 633; 685 633; 684 632
312; 968 634; 967 635; 966 635; 965 636; 962 636; 961 637; 960 637; 960 647; 961 648; 961 650; 962 651; 962 653; 963 654; 963 656; 964 657; 964 660; 965 661; 965 663; 967 665; 970 665; 971 666; 977 666; 978 665; 982 665; 982 647; 981 646; 981 644; 980 643; 980 641; 979 640; 979 634
313; 634 660; 640 660; 643 668; 651 668; 659 664; 659 655; 651 636; 642 636; 636 641
314; 636 641; 630 641; 629 634; 616 633; 612 639; 608 639; 607 642; 611 643; 611 650; 609 651; 609 655; 614 655; 616 661; 619 665; 628 665; 634 660
315; 902 637; 901 638; 901 639; 900 640; 900 641; 899 642; 899 643; 897 645; 897 646; 895 648; 895 649; 894 650; 894 653; 893 654; 893 663; 894 663; 895 664; 896 664; 897 665; 898 665; 900 667; 908 667; 909 666; 909 665; 910 664; 910 663; 913 660; 913 659; 915 657; 915 656; 916 655; 916 653; 918 651; 918 643; 914 639; 913 639; 912 638; 911 638; 910 637
316; 153 643; 153 644; 152 645; 152 648; 151 649; 151 658; 152 659; 153 659; 154 660; 155 660; 156 661; 157 661; 159 663; 160 663; 162 665; 163 665; 164 666; 165 666; 166 667; 175 667; 175 666; 177 664; 178 664; 179 663; 179 654; 178 653; 178 652; 177 651; 177 650; 176 649; 175 649; 174 648; 173 648; 172 647; 169 647; 167 645; 166 645; 165 644; 164 644; 163 643
317; 449 648; 446 651; 446 652; 444 654; 444 667; 446 669; 446 675; 447 676; 448 675; 458 675; 463 670; 463 668; 465 666; 465 665; 466 664; 467 664; 469 662; 469 654; 467 652; 467 651; 466 650; 466 649; 465 648
318; 836 650; 835 651; 834 651; 830 655; 830 663; 832 665; 832 666; 833 667; 833 669; 834 670; 834 671; 836 673; 836 674; 838 676; 838 677; 840 679; 840 680; 848 680; 850 678; 851 678; 852 677; 853 677; 854 676; 855 676; 855 667; 854 666; 854 665; 852 663; 852 661; 851 660; 851 658; 850 657; 850 656; 847 653; 847 652; 845 650
319; 591 647; 590 648; 586 648; 586 652; 585 653; 584 653; 583 654; 581 654; 580 655; 579 655; 577 657; 577 658; 576 659; 576 668; 578 670; 579 670; 580 671; 581 671; 582 672; 587 672; 588 673; 588 675; 596 675; 597 674; 605 674; 605 670; 606 669; 607 669; 607 656; 608 655; 608 651; 604 651; 603 650; 596 650; 595 649; 595 647
320; 763 651; 763 653; 761 655; 753 655; 753 676; 755 676; 756 675; 781 675; 782 674; 782 658; 781 657; 781 656; 780 655; 780 652; 772 652; 771 651
321; 246 648; 244 650; 244 657; 243 658; 243 660; 241 662; 241 665; 240 666; 240 674; 241 675; 242 675; 243 676; 246 676; 247 677; 258 677; 259 676; 259 675; 260 674; 260 673; 261 672; 261 652; 260 651; 260 650; 258 648
322; 281 657; 280 658; 280 659; 277 662; 277 663; 275 665; 275 666; 274 667; 274 668; 273 669; 273 670; 272 671; 272 680; 274 682; 275 682; 279 686; 287 686; 288 685; 288 684; 290 682; 290 681; 291 680; 291 679; 292 678; 292 677; 293 676; 293 675; 294 674; 294 673; 297 670; 297 662; 293 658; 292 658; 291 657
323; 319 656; 318 657; 313 657; 312 658; 311 658; 309 660; 309 661; 307 663; 307 671; 308 672; 308 673; 311 676; 312 676; 322 686; 330 686; 331 685; 335 685; 336 684; 336 666
324; 336 666; 337 665; 342 665; 347 660; 347 652; 339 644; 338 644; 333 639; 324 639; 321 642; 321 643; 320 644; 320 646; 319 647; 319 656
325; 678 666; 678 687; 679 688; 679 690; 680 691; 688 691; 689 690; 694 690; 695 689; 697 689; 698 688; 698 672; 697 671; 697 666
326; 1010 670; 1004 670; 1002 668; 1001 668; 1000 667; 985 667; 984 666; 978 666; 977 667; 972 667; 973 668; 973 684; 972 685; 970 685; 971 686; 975 686; 976 687; 1000 687; 1002 685; 1002 684; 1004 682; 1010 682
327; 1010 682; 1011 683; 1011 690; 1012 691; 1012 697; 1023 697; 1023 644; 1015 644; 1012 647; 1012 668; 1010 670
328; 713 662; 712 663; 712 664; 711 665; 711 669; 710 670; 710 672; 709 673; 709 687; 710 688; 710 689; 713 692; 730 692; 733 689; 733 675; 732 674; 732 672; 731 671; 731 667; 730 666; 730 665; 728 663; 725 663; 724 662
329; 208 670; 202 676; 202 684; 203 685; 203 688; 209 688; 211 690; 212 690; 215 693; 216 693; 218 695; 226 695; 229 692; 229 691; 230 690; 230 689; 231 688; 231 680; 229 678; 228 678; 227 677; 226 677; 224 675; 223 675; 221 673; 220 673; 218 671; 217 671; 216 670
330; 425 675; 424 676; 421 676; 421 682; 418 685; 418 693; 419 694; 419 695; 420 696; 420 698; 421 699; 421 700; 431 700; 434 697; 435 697; 436 696; 438 696; 439 695; 441 695; 443 693; 444 693; 446 691; 446 690; 447 689; 447 677; 446 676; 429 676; 428 675
331; 734 676; 734 689; 731 692; 731 701; 732 702; 732 703; 734 705; 735 705; 737 707; 747 707; 750 704; 750 703; 751 702; 751 701; 752 700; 752 698; 753 697; 753 693; 754 692; 754 689; 755 688; 755 677; 742 677; 741 676
332; 178 673; 178 674; 176 676; 176 677; 175 678; 175 686; 179 690; 179 691; 180 692; 180 693; 181 694; 181 695; 182 696; 182 703; 189 703; 190 704; 197 704; 197 702; 199 700; 200 700; 201 699; 201 689; 202 688; 202 685; 201 684; 201 681; 195 681; 192 678; 192 677; 190 675; 190 674; 189 673
333; 818 682; 817 683; 815 683; 814 684; 812 684; 811 685; 809 685; 808 686; 807 686; 806 687; 805 687; 804 688; 803 688; 799 692; 799 700; 798 701; 798 705; 803 705; 804 706; 812 706; 813 705; 814 705; 815 704; 816 704; 817 703; 819 703; 820 702; 824 702; 825 701; 830 701; 830 699; 831 698; 831 690; 830 689; 830 688; 829 687; 829 686; 828 685; 828 684; 826 682
334; 943 680; 942 681; 941 681; 940 682; 940 691; 944 695; 946 695; 947 696; 950 696; 951 697; 952 697; 953 698; 954 698; 955 699; 956 699; 957 700; 958 700; 959 701; 969 701; 969 699; 968 698; 968 687; 969 686; 970 686; 969 685; 965 685; 964 684; 959 684; 958 683; 957 683; 956 682; 955 682; 953 680
335; 337 684; 335 686; 331 686; 330 687; 323 687; 324 688; 324 689; 325 690; 325 695; 326 696; 326 705; 338 705; 339 706; 341 706; 342 707; 344 707; 345 708; 353 708; 355 706; 355 704; 356 703; 356 702; 357 701; 357 692; 356 691; 355 691; 354 690; 352 690; 351 689; 350 689; 349 688; 347 688; 346 687; 345 687; 344 686; 341 686; 340 685; 338 685
336; 587 717; 587 728; 584 729; 588 730; 589 732; 606 731; 606 723; 609 722; 609 714; 604 713
337; 604 702; 608 698; 616 697; 617 682; 616 680; 606 678; 605 675; 588 676; 588 679; 583 687
338; 583 687; 562 686; 560 714; 584 713; 587 717; 604 713; 604 702
339; 50 701; 50 711; 53 714; 65 714; 77 702; 77 693; 71 688; 63 688; 59 691; 52 690
340; 52 682; 56 679; 63 679; 70 660; 70 652; 52 651; 43 674
341; 18 700; 7 706; 0 707; 0 725; 10 725; 29 716; 31 707
342; 31 707; 43 700; 50 701; 52 690; 52 682; 43 674; 22 693; 18 700
343; 639 703; 632 703; 631 704; 628 704; 627 705; 622 705; 621 706; 616 706; 615 707; 614 707; 613 708; 613 712; 611 714; 610 714; 610 722; 613 722; 615 724; 623 724; 624 723; 639 723; 640 722; 642 722; 643 721
344; 643 721; 655 721; 656 720; 658 720; 659 719; 661 719; 662 718; 664 718; 664 708; 663 707; 663 696; 662 695; 662 694; 660 692; 652 692; 651 693; 645 693; 644 694; 643 694; 642 695; 642 699; 641 700; 641 701; 639 703
345; 769 695; 768 696; 768 698; 766 700; 766 701; 765 702; 765 710; 766 711; 767 711; 768 712; 770 712; 772 714; 772 719; 776 719; 777 720; 781 720; 782 719; 792 719; 793 718; 793 716; 794 715; 794 713; 795 712; 795 711; 796 710; 796 706; 797 705; 797 701; 792 701; 791 700; 789 700; 788 699; 786 699; 785 698; 783 698; 782 697; 781 697; 780 696; 778 696; 777 695
346; 380 701; 379 702; 378 702; 376 704; 375 704; 373 706; 372 706; 371 707; 370 707; 369 708; 368 708; 366 710; 365 710; 365 711; 364 712; 364 720; 369 725; 377 725; 378 724; 380 724; 381 723; 382 723; 384 721; 385 721; 386 720; 392 720; 394 718; 394 717; 395 716; 395 711; 394 710; 394 709; 392 707; 392 706; 391 705; 391 702; 390 701
347; 520 697; 518 699; 518 700; 517 701; 517 704; 516 705; 516 706; 512 710; 512 711; 511 712; 511 722; 513 724; 514 724; 515 725; 516 725; 517 726; 526 726; 527 725; 527 724; 528 723; 528 722; 529 721; 529 720; 530 719; 530 718; 531 717; 533 717; 533 710; 534 709; 534 701; 533 700; 532 700; 530 698; 529 698; 528 697
348; 307 706; 307 734; 322 734; 323 733; 324 733; 326 731; 326 706
349; 979 697; 978 698; 977 698; 976 699; 970 699; 970 701; 971 702; 971 709; 975 713; 975 714; 978 717; 978 718; 979 719; 979 721; 980 722; 980 723; 983 726; 991 726; 992 725; 993 725; 998 720; 998 712; 996 710; 996 709; 994 707; 994 706; 992 704; 992 703; 989 700; 989 699; 987 697
350; 918 707; 917 708; 917 709; 916 710; 916 713; 915 714; 915 717; 914 718; 914 720; 913 721; 913 723; 912 724; 912 732; 914 732; 915 733; 917 733; 918 734; 929 734; 929 733; 930 732; 930 728; 931 727; 931 726; 933 724; 933 723; 934 722; 934 720; 935 719; 935 710; 934 710; 933 709; 932 709; 931 708; 929 708; 928 707
351; 265 708; 262 711; 262 719; 261 720; 260 720; 260 726; 265 726; 267 728; 267 729; 268 730; 268 731; 270 733; 270 734; 271 735; 271 736; 272 737; 272 738; 282 738; 282 734; 285 731; 286 731; 286 722; 280 716; 280 715; 279 714; 279 713; 278 712; 278 710; 276 708
352; 840 706; 832 706; 831 709; 824 712; 824 722; 834 738; 850 737; 851 734; 850 723
353; 850 723; 863 716; 870 715; 875 712; 875 703; 872 695; 861 695; 858 697; 849 698; 845 700; 840 706
354; 725 714; 724 715; 724 728; 725 729; 725 739; 726 740; 726 741; 727 742; 728 742; 730 744; 738 744; 740 742; 740 732; 739 731; 739 720; 738 719; 738 717; 735 714
355; 182 704; 182 705; 180 707; 179 707; 179 719; 180 720; 180 729; 179 730; 179 734; 192 734; 193 733; 200 733; 200 729; 201 728; 201 724; 200 723; 200 722; 199 721; 199 720; 198 719; 198 715; 197 714; 197 705; 190 705; 189 704
356; 242 715; 241 716; 239 716; 238 717; 235 717; 235 725; 236 726; 236 728; 237 729; 237 733; 238 734; 238 739; 239 740; 239 742; 240 742; 241 743; 254 743; 258 739; 258 727; 259 726; 259 720; 255 720; 253 718; 253 717; 251 715
357; 685 717; 684 718; 682 718; 681 719; 679 719; 678 720; 678 728; 679 729; 679 730; 680 731; 680 732; 681 733; 681 736; 682 737; 682 738; 684 740; 685 740; 686 741; 687 741; 690 744; 698 744; 701 741; 702 741; 703 740; 703 731; 701 729; 701 727; 700 726; 700 725; 699 724; 699 723; 696 720; 696 718; 695 717
358; 210 720; 210 721; 207 724; 202 724; 202 728; 201 729; 201 733; 202 734; 202 735; 203 736; 203 745; 204 746; 205 746; 206 747; 206 749; 213 749; 214 748; 221 748; 221 742; 222 741; 222 738; 223 737; 223 736; 224 735; 224 733; 225 732; 225 722; 224 722; 223 721; 221 721; 220 720
359; 561 745; 562 746; 562 753; 565 756; 566 756; 567 757; 577 757; 579 755; 580 755; 581 754; 581 753; 582 752; 582 747; 583 746; 585 746; 585 744; 582 744; 581 743; 581 731; 582 730; 584 730; 583 729; 580 729; 578 727; 577 727; 576 726; 567 726; 566 727; 560 727
360; 560 727; 558 725; 558 722; 557 721; 557 718; 538 718; 538 745; 539 745; 540 746; 542 746; 543 747; 552 747; 553 746; 554 746; 555 745; 561 745
361; 772 720; 771 721; 770 721; 769 722; 768 722; 767 723; 766 723; 765 724; 764 724; 763 725; 762 725; 760 727; 759 727; 758 728; 757 728; 756 729; 755 729; 754 730; 754 740; 755 741; 755 743; 756 744; 756 745; 757 746; 771 746; 774 743; 776 743; 777 742; 784 742; 784 741; 782 739; 782 729; 781 728; 781 721; 777 721; 776 720
362; 160 721; 159 722; 157 722; 156 723; 154 723; 154 733; 155 734; 155 735; 156 736; 156 740; 157 741; 157 744; 158 745; 158 746; 159 747; 159 748; 161 750; 170 750; 171 749; 172 749; 176 745; 176 735; 177 734; 178 734; 178 730; 173 730; 171 728; 171 727; 170 726; 170 722; 169 721
363; 85 728; 84 729; 79 729; 76 732; 76 733; 75 734; 75 742; 78 745; 78 746; 79 747; 102 747; 103 746; 107 746; 107 737; 106 736; 106 733; 105 732; 105 730; 103 728
364; 869 732; 868 731; 860 731; 859 732; 852 732; 852 734; 851 735; 851 737; 852 738; 852 744; 851 745; 851 753; 850 754; 850 762; 866 762; 867 761; 868 761; 870 759; 870 758; 872 756
365; 872 756; 878 756; 879 757; 897 757; 897 742; 896 741; 896 731; 895 730; 894 730; 893 729; 881 729; 880 730; 879 730; 877 732; 869 732
366; 598 732; 597 733; 589 733; 589 743; 588 744; 586 744; 586 746; 589 746; 590 747; 590 749; 592 751; 592 752; 594 754; 594 756; 595 757; 595 758; 598 761; 609 761; 612 758; 612 745; 611 744; 611 743; 610 742; 610 741; 609 740; 609 739; 608 738; 608 736; 607 735; 607 734; 606 733; 606 732
367; 307 735; 306 736; 302 736; 300 738; 300 740; 299 741; 299 742; 298 743; 298 744; 297 745; 297 749; 296 750; 296 756; 302 756; 303 757; 305 757; 306 758; 308 758; 309 759; 311 759; 312 760; 313 760; 314 761; 314 763; 324 763; 324 759; 326 757; 326 744; 325 743; 324 743; 323 742; 322 742; 321 741; 321 735
368; 409 746; 409 747; 410 748; 410 759; 417 766; 426 766; 430 762; 431 762; 432 761; 441 761; 442 760; 442 751; 441 750; 441 748; 437 744; 437 743; 434 740; 433 740; 432 739; 423 739; 421 737
369; 421 737; 421 730; 420 729; 419 729; 413 723; 412 723; 411 722; 410 722; 409 721; 408 721; 406 719; 405 719; 402 716; 396 716; 395 717; 395 718; 393 720; 393 731; 399 737; 400 737; 409 746
370; 272 739; 272 743; 270 745; 270 756; 271 757; 271 758; 272 759; 272 764; 273 765; 273 771; 284 771; 285 770; 286 770; 287 769; 288 769; 289 768; 291 768; 293 766; 293 757; 294 756; 295 756; 295 750; 290 750; 287 747; 287 745; 286 744; 286 743; 284 741; 283 741; 282 740; 282 739
371; 124 728; 123 729; 123 730; 122 731; 122 745; 121 746; 118 746; 117 747; 110 747; 109 746; 108 746; 107 747; 103 747; 102 748; 98 748; 98 767; 100 769; 111 769; 112 768; 116 768; 117 767; 121 767; 122 766; 125 766; 126 765; 126 751; 127 750; 133 750; 134 751; 135 751; 137 753; 145 753; 146 752; 146 743; 142 739; 141 739; 139 737; 139 736; 137 734; 137 733; 135 731; 135 730; 134 730; 132 728
372; 214 749; 213 750; 206 750; 206 753; 203 756; 203 757; 202 758; 202 771; 204 773; 219 773; 220 774; 232 774; 232 757; 230 755; 228 755; 227 754; 223 754; 221 752; 221 749
373; 916 756; 915 757; 906 757; 905 758; 897 758; 897 769; 900 772; 910 772; 911 771; 916 771; 917 770; 926 770; 927 769; 928 769; 929 768; 929 759; 926 756
374; 821 761; 820 761; 819 762; 809 762; 808 763; 807 763; 805 765; 801 765; 801 767; 803 767; 804 768; 804 784; 805 785; 805 789; 806 790; 806 791; 823 791; 824 790; 825 790; 825 782; 826 781; 826 779; 827 778
375; 827 778; 833 778; 834 779; 844 779; 846 777; 846 776; 847 775; 847 774; 848 773; 848 763; 849 762; 849 754; 844 754; 843 753; 843 751; 842 750; 842 748; 840 746; 832 746; 831 747; 829 747; 828 748; 826 748; 825 749; 824 749; 824 757; 823 758; 823 759; 821 761
376; 341 748; 340 749; 340 754; 339 755; 339 757; 338 758; 338 760; 337 761; 337 769; 336 770; 334 770; 334 778; 338 778; 340 780; 349 780; 350 779; 356 779; 357 780; 357 779; 358 778; 358 751; 357 750; 356 750; 355 749; 352 749; 351 748
377; 671 752; 670 753; 669 753; 665 757; 665 766; 667 768; 667 769; 670 772; 671 772; 674 775; 674 776; 676 778; 676 779; 677 780; 686 780; 689 777; 690 777; 691 776; 691 775; 693 773; 693 764; 688 759; 687 759; 685 757; 684 757; 679 752
378; 1018 731; 1016 733; 1015 733; 1015 734; 1014 735; 1013 735; 1008 740; 1007 740; 1005 742; 1005 756; 1004 757; 988 757; 987 758; 987 759; 985 761; 985 762; 984 763; 984 764; 983 765; 983 773; 984 774; 985 774; 986 775; 987 775; 988 776; 989 776; 990 777; 992 777; 993 778; 995 778; 996 779; 998 779; 999 780; 1009 780; 1009 779; 1012 776; 1012 775; 1013 774; 1013 765; 1012 764; 1012 758; 1013 757; 1023 757; 1023 731
379; 770 756; 757 756; 756 757; 754 757; 751 760; 751 771; 764 784; 772 784; 776 780; 777 780; 778 779; 779 779; 782 776
380; 782 776; 783 776; 784 775; 786 775; 787 774; 788 774; 793 769; 794 769; 796 767; 800 767; 800 765; 799 765; 798 764; 798 758; 796 756; 796 755; 793 752; 793 751; 791 749; 791 748; 790 747; 789 747; 788 746; 788 745; 787 744; 786 744; 785 743; 777 743; 776 744; 774 744; 771 747; 771 755; 770 756
381; 314 764; 314 768; 313 769; 313 770; 312 771; 312 781; 311 782; 311 785; 310 786; 310 795; 312 797; 315 797; 316 798; 324 798; 325 797; 326 797; 328 795; 328 793; 329 792; 329 782; 330 781; 330 780; 332 778; 333 778; 333 770; 330 770; 328 768; 327 768; 324 765; 324 764
382; 19 769; 15 773; 14 773; 11 776; 11 777; 6 782; 6 796; 5 797; 0 797; 0 816; 12 816; 15 813; 15 811; 16 810; 16 798; 17 797; 19 797; 25 791; 26 791; 26 790; 32 784; 33 784; 34 783; 34 775; 32 773; 32 772; 30 770; 29 770; 28 769
383; 479 767; 478 768; 477 768; 476 769; 476 770; 475 771; 475 777; 474 778; 474 794; 475 795; 476 795; 477 796; 491 796; 492 795; 493 795; 493 793; 494 792; 494 785; 495 784; 495 782; 496 781; 496 773; 495 772; 495 771; 494 770; 493 770; 491 768; 490 768; 489 767
384; 628 767; 626 769; 626 770; 620 776; 620 778; 619 779; 619 782; 618 783; 618 792; 622 796; 623 796; 624 797; 632 797; 633 796; 635 796; 637 794; 637 792; 638 791; 638 789; 641 786; 641 785; 644 782; 644 781; 645 780; 645 771; 644 770; 643 770; 642 769; 641 769; 640 768; 639 768; 638 767
385; 232 775; 232 784; 231 785; 231 787; 229 789; 229 790; 228 791; 228 792; 227 793; 227 803; 229 805; 230 805; 231 806; 231 809; 242 809; 242 806; 244 804; 244 803; 245 802; 245 801; 246 800; 246 799; 248 797; 252 797; 252 793; 253 792; 253 788; 252 788; 251 787; 251 782; 246 777; 245 777; 244 776; 233 776
386; 376 791; 376 797; 372 805; 372 813; 375 815; 384 817; 390 821; 398 821; 401 812; 401 800
387; 401 800; 418 800; 422 795; 423 784; 416 780; 405 776; 391 776; 376 791
388; 391 776; 387 772; 381 771; 374 767; 359 767; 358 782; 361 786; 361 790; 372 789; 376 791
389; 73 780; 72 781; 72 782; 70 784; 70 785; 69 786; 69 787; 68 788; 68 789; 67 790; 67 791; 65 793; 65 794; 64 795; 64 805; 69 805; 70 806; 71 806; 72 807; 82 807; 82 805; 83 804; 83 803; 84 802; 84 801; 85 800; 85 799; 86 798; 86 797; 87 796; 87 795; 88 794; 88 793; 89 792; 89 783; 88 783; 87 782; 86 782; 85 781; 84 781; 83 780
390; 578 781; 577 782; 577 784; 576 785; 576 787; 575 788; 575 799; 577 801; 578 801; 579 802; 594 802; 596 804; 601 804; 602 803; 606 803; 606 786; 605 785; 604 785; 603 784; 602 784; 601 783; 596 783; 595 782; 591 782; 590 781
391; 263 811; 264 821; 266 826; 266 835; 268 837; 286 836; 288 833; 287 828; 283 820; 283 814; 282 813; 282 803
392; 282 803; 286 800; 286 792; 283 785; 281 783; 268 783; 262 787; 254 788; 253 797; 255 798; 256 802; 261 807; 263 811
393; 110 782; 109 783; 108 783; 108 806; 109 807; 109 808; 112 811; 127 811; 129 809; 129 808; 130 807; 130 795; 129 794; 129 783; 128 782
394; 361 791; 361 792; 360 793; 348 793; 347 794; 346 794; 344 796; 344 797; 343 798; 343 801; 342 802; 342 822; 343 823; 347 823; 348 824; 357 824; 358 823; 359 823; 359 822; 360 821; 360 815; 361 814; 361 812; 362 811; 362 807; 363 806; 363 798; 362 797; 362 792
395; 696 790; 691 795; 690 795; 689 796; 688 796; 687 797; 686 797; 684 799; 683 799; 682 800; 681 800; 681 810; 683 812; 683 813; 686 816; 686 817; 687 817; 688 818; 692 818; 693 819; 699 819; 700 818; 704 818; 705 817; 706 817; 705 816; 705 809; 706 808; 707 808; 708 807; 709 807; 710 806; 710 797; 709 796; 709 795; 705 791; 705 790
396; 926 796; 918 804; 917 804; 913 808; 913 816; 915 818; 916 818; 917 819; 917 820; 918 821; 918 822; 919 823; 928 823; 932 819; 933 819; 935 817; 936 817; 942 811; 942 803; 935 796
397; 868 797; 864 801; 863 801; 862 802; 861 802; 860 803; 860 811; 873 824; 873 825; 874 826; 881 826; 882 825; 889 825; 889 824; 888 823; 888 813; 885 810; 885 809; 883 807; 883 806; 882 805; 882 804; 876 798; 876 797
398; 652 797; 651 798; 650 798; 649 799; 648 799; 646 801; 645 801; 645 809; 646 810; 646 811; 647 812; 647 813; 648 814; 648 815; 649 816; 649 818; 650 819; 650 820; 651 821; 651 822; 653 824; 653 825; 655 827; 656 827; 657 828; 666 828; 666 827; 667 826; 667 825; 668 824; 668 823; 669 822; 669 811; 668 810; 668 807; 667 806; 667 805; 666 804; 666 803; 663 800; 663 799; 662 798; 662 797
399; 777 800; 777 801; 775 803; 775 804; 774 805; 773 805; 772 806; 772 814; 775 817; 776 817; 786 827; 796 827; 797 826; 798 826; 799 825; 799 823; 800 822; 800 813; 798 811; 798 810; 796 808; 795 808; 794 807; 793 807; 789 803; 789 802; 787 800
400; 300 808; 299 809; 298 809; 297 810; 297 811; 294 814; 294 824; 295 825; 295 826; 296 827; 303 827; 304 828; 322 828; 324 826; 324 819; 325 818; 325 810; 323 808
401; 602 804; 601 805; 597 805; 597 811; 596 812; 596 814; 595 815; 595 818; 594 819; 594 821; 593 822; 593 823; 592 824; 592 828; 591 829; 590 829; 590 832; 591 833; 591 836; 607 836; 608 835; 609 835; 610 834; 610 833; 611 832; 611 828; 612 827; 612 825; 613 824; 613 820; 614 819; 614 818; 615 817; 615 808; 614 807; 609 807; 606 804
402; 231 810; 231 812; 225 818; 224 818; 218 824; 218 833; 223 838; 223 841; 227 841; 228 842; 232 842; 232 839; 236 835; 236 834; 241 829; 242 829; 244 827; 244 815; 243 814; 243 813; 242 812; 242 810
403; 726 844; 723 866; 725 866; 727 870; 739 870; 740 864; 746 853; 745 836
404; 745 836; 750 832; 750 823; 737 809; 728 809; 722 814; 721 824; 726 844
405; 721 824; 715 824; 708 818; 694 820; 695 832; 705 840; 707 844; 726 844
406; 964 841; 970 867; 980 867; 986 865; 986 820
407; 986 820; 982 815; 965 816; 954 823; 954 832; 964 841
408; 986 820; 999 819; 1005 814; 1005 803; 997 789; 987 789; 980 793; 980 802; 983 807; 982 815
409; 22 823; 21 824; 20 824; 19 825; 18 825; 17 826; 16 826; 14 828; 13 828; 11 830; 10 830; 9 831; 8 831; 7 832; 7 841; 8 842; 8 843; 11 846; 11 847; 20 847; 21 846; 23 846; 24 845; 26 845; 28 843; 29 843; 30 842; 31 842; 32 841; 33 841; 34 840; 35 840; 36 839; 37 839; 37 829; 36 828; 36 827; 33 824; 32 824; 31 823
410; 88 833; 88 841; 90 843; 94 852; 100 852; 101 854; 105 854; 105 850; 120 843; 121 841; 121 833; 115 829; 112 824
411; 112 824; 111 811; 107 806; 102 806; 90 812; 84 812; 84 814; 81 817; 81 825; 88 833
412; 890 825; 889 826; 882 826; 881 827; 874 827; 875 828; 875 829; 876 830; 876 834; 877 835; 877 840; 878 841; 878 846; 880 846; 881 847; 883 847; 884 846; 890 846; 891 847; 892 847; 893 848; 894 848; 895 849; 896 849; 897 850; 905 850; 908 847; 908 846; 909 845; 909 843; 910 842; 910 834; 909 834; 908 833; 907 833; 906 832; 905 832; 904 831; 903 831; 902 830; 900 830; 899 829; 897 829; 896 828; 895 828; 894 827; 893 827; 892 826; 891 826
413; 571 818; 570 819; 568 819; 567 820; 565 820; 564 821; 564 831; 565 832; 565 836; 566 837; 566 841; 567 842; 567 844; 569 846; 569 847; 570 847; 571 848; 580 848; 581 847; 583 847; 584 846; 586 846; 587 845; 588 845; 588 837; 589 836; 590 836; 590 833; 589 832; 589 829; 585 829; 584 828; 584 827; 583 826; 583 823; 582 822; 582 821; 579 818
414; 193 843; 198 837; 199 816; 196 814; 183 813; 176 835
415; 176 835; 175 853; 177 865; 206 867; 207 852; 193 849; 193 843
416; 176 835; 161 834; 147 840; 143 840; 143 849; 147 857; 175 853
417; 273 854; 268 859; 268 877; 272 877; 273 878; 277 878; 280 875; 282 875; 283 874; 292 874; 293 873; 294 873; 295 872; 295 860
418; 295 860; 299 856; 300 856; 301 855; 302 855; 303 854; 303 840; 300 837; 294 837; 293 836; 291 836; 290 835; 288 835; 286 837; 280 837; 279 838; 269 838; 272 841; 272 844; 273 845; 273 854
419; 370 841; 368 843; 367 843; 365 845; 364 845; 362 847; 361 847; 359 849; 358 849; 356 851; 356 859; 358 861; 358 862; 359 863; 359 864; 360 865; 368 865; 369 864; 371 864; 373 862; 374 862; 375 861; 376 861; 377 860; 379 860; 380 859; 382 859; 383 858; 384 858; 385 857; 385 848; 384 847; 384 846; 379 841
420; 223 842; 223 844; 220 847; 219 847; 218 848; 217 848; 215 850; 214 850; 212 852; 208 852; 208 859; 207 860; 207 867; 209 867; 211 869; 219 869; 221 867; 222 867; 223 866; 224 866; 225 865; 227 865; 228 864; 229 864; 232 861; 233 861; 234 860; 234 859; 235 858; 235 850; 234 849; 234 848; 232 846; 232 843; 228 843; 227 842
421; 533 849; 533 850; 532 851; 532 855; 531 856; 531 858; 530 859; 530 861; 529 862; 529 864; 528 865; 528 875; 529 876; 530 876; 531 877; 542 877; 543 876; 543 874; 544 873; 544 868; 545 867; 545 866; 547 864; 547 863; 548 862; 548 861; 549 860; 549 851; 548 851; 547 850; 545 850; 544 849
422; 791 843; 790 844; 789 844; 787 846; 787 853; 786 854; 784 854; 784 864; 787 864; 788 865; 788 866; 789 867; 789 872; 790 873; 791 873; 792 874; 801 874; 802 873; 803 873; 804 872; 804 871; 805 870; 805 869; 806 868; 806 847; 803 844; 801 844; 800 843
423; 878 847; 877 848; 866 848; 863 851; 862 851; 861 852; 861 862; 864 865; 865 865; 866 866; 867 866; 868 867; 869 867; 873 871; 874 871; 875 872; 876 872; 877 873; 887 873; 887 872; 888 871; 888 870; 889 869; 889 868; 890 867; 890 859; 885 854; 884 854; 883 853; 883 848; 881 848; 880 847
424; 423 850; 417 850; 413 843; 405 843; 399 848; 399 857; 404 865; 405 873; 424 871
425; 455 867; 471 866; 481 856; 484 856; 484 844; 479 842; 463 842
426; 463 842; 462 825; 444 818; 436 818; 433 820; 433 841; 455 867
427; 424 871; 425 882; 427 884; 452 887; 455 880; 455 867
428; 455 867; 433 841; 426 842; 423 850; 424 871
429; 695 849; 695 850; 691 854; 691 863; 692 863; 695 866; 695 867; 699 871; 699 872; 703 876; 712 876; 712 875; 713 874; 713 873; 715 871; 715 862; 710 857; 710 856; 705 851; 705 849
430; 767 850; 765 852; 764 852; 759 857; 758 857; 756 859; 756 860; 754 862; 754 863; 752 865; 752 866; 751 867; 751 874; 755 878; 766 878; 780 864; 783 864; 783 854; 780 854; 779 853; 779 852; 778 852; 777 851; 776 851; 775 850
431; 503 854; 501 856; 501 857; 499 859; 498 859; 497 860; 488 860; 488 870; 489 871; 514 871; 516 869; 516 857; 514 855; 512 855; 511 854
432; 632 855; 631 856; 631 857; 630 858; 630 869; 631 870; 632 870; 640 878; 640 882; 640 881; 641 880; 651 880; 652 879; 652 878; 654 876; 658 876; 658 866; 655 866; 648 859; 647 859; 644 856; 643 856; 642 855
433; 919 855; 918 856; 917 856; 915 858; 914 858; 913 859; 911 859; 910 860; 909 860; 908 861; 907 861; 906 862; 904 862; 903 863; 903 872; 904 873; 904 875; 905 876; 905 877; 907 879; 915 879; 916 878; 917 878; 918 877; 919 877; 920 876; 921 876; 923 874; 924 874; 925 873; 926 873; 927 872; 928 872; 929 871; 930 871; 932 869; 932 861; 931 860; 931 859; 927 855
434; 592 861; 591 862; 591 863; 587 867; 587 875; 589 877; 590 877; 593 880; 594 880; 599 885; 600 885; 601 886; 609 886; 611 884; 612 884; 613 883; 613 882; 615 880; 615 872; 614 871; 613 871; 608 866; 607 866; 605 864; 604 864; 603 863; 602 863; 600 861
435; 665 863; 662 866; 659 866; 659 876; 661 876; 664 879; 664 880; 668 884; 669 884; 675 890; 676 890; 677 891; 681 891; 682 892; 686 892; 690 888; 690 876; 687 873; 686 873; 684 871; 683 871; 677 865; 676 865; 674 863
436; 99 865; 85 865; 84 866; 82 866; 81 867; 81 868; 80 869; 80 891; 82 893; 91 893; 92 892; 96 892; 97 891; 98 891; 100 889; 100 888; 101 887; 101 886; 104 883
437; 104 883; 114 883; 115 884; 123 884; 123 874; 121 872; 121 870; 120 869; 120 858; 119 857; 106 857; 105 856; 105 855; 101 855; 101 862; 100 863; 100 864; 99 865
438; 820 872; 819 873; 818 873; 817 874; 816 874; 814 876; 814 887; 815 888; 815 889; 817 891; 818 891; 819 892; 832 892; 833 891; 842 891; 842 883; 841 882; 841 872
439; 727 871; 727 874; 725 876; 725 890; 727 892; 734 892; 735 893; 749 893; 750 892; 752 892; 754 890; 754 878; 750 874; 740 874; 739 873; 739 871
440; 130 873; 129 874; 124 874; 124 884; 125 884; 126 885; 126 889; 127 888; 133 888; 134 889; 134 890; 136 890; 138 892; 139 892; 140 893; 141 893; 142 894; 151 894; 153 892; 153 891; 154 890; 154 889; 155 888; 155 878; 153 878; 152 877; 150 877; 149 876; 147 876; 146 875; 144 875; 143 874; 141 874; 140 873
441; 338 875; 336 877; 330 877; 330 881; 329 882; 329 886; 330 887; 330 898; 331 898; 332 899; 333 899; 334 900; 344 900; 344 899; 348 895; 348 894; 350 892; 350 891; 353 888; 353 878; 352 878; 351 877; 350 877; 349 876; 348 876; 347 875
442; 187 879; 185 881; 185 885; 184 886; 184 903; 185 904; 185 908; 195 908; 196 907; 200 907; 201 906; 201 905; 202 904; 202 891; 203 890; 203 880; 202 879
443; 476 878; 475 879; 475 880; 474 881; 474 884; 473 885; 473 893; 475 893; 476 894; 477 894; 481 898; 481 903; 487 903; 488 904; 494 904; 495 903; 497 903; 498 902; 499 902; 502 899; 502 888; 500 886; 499 886; 498 885; 497 885; 495 883; 494 883; 493 882; 492 882; 490 880; 488 880; 487 879; 486 879; 485 878
444; 996 885; 993 882; 985 882; 976 886; 968 892; 968 900; 966 901; 966 903; 970 903; 972 906; 982 906; 992 901; 998 896
445; 998 896; 1023 897; 1023 869; 1013 869; 1008 874; 1006 880; 1002 885; 996 885
446; 640 883; 640 884; 639 885; 625 885; 617 893; 616 893; 612 897; 612 905; 617 910; 617 911; 625 911; 627 909; 628 909; 632 905; 633 905; 635 903; 636 903; 640 899; 640 898; 641 897; 641 889; 640 888
447; 704 887; 703 888; 691 888; 687 892; 687 899; 688 900; 688 904; 690 906; 715 906; 717 904; 717 892; 716 891; 716 890; 713 887
448; 221 887; 219 889; 219 890; 218 891; 218 892; 217 893; 217 904; 218 905; 218 909; 219 910; 219 911; 220 912; 245 912; 245 911; 246 910; 246 906; 247 905; 247 904; 248 903; 248 896; 247 895; 247 889; 246 890; 239 890; 238 889; 236 889; 235 888; 232 888; 231 887
449; 278 885; 277 879; 268 878; 264 882; 253 883; 248 888; 249 902; 264 900; 273 902
450; 312 894; 323 886; 328 886; 329 871; 324 865; 316 865; 299 883
451; 307 922; 311 926; 320 926; 324 923; 325 913; 311 901
452; 273 908; 268 915; 268 925; 275 933; 283 937; 284 941; 294 941; 301 922
453; 311 901; 312 894; 299 883; 278 885; 273 902
454; 273 902; 273 908; 301 922; 307 922; 311 901
455; 126 890; 126 891; 125 892; 114 892; 110 896; 109 896; 107 898; 107 901; 106 902; 106 908; 112 908; 116 912; 117 912; 119 914; 119 919; 122 919; 123 920; 126 920; 126 919; 127 918; 128 918; 129 917; 131 917; 132 916; 133 916; 134 915; 134 914; 135 913; 135 903; 129 897; 129 896; 127 896; 126 895
456; 441 897; 440 898; 439 898; 438 899; 437 899; 437 900; 436 901; 436 913; 437 914; 437 916; 446 916; 447 915; 456 915; 456 914; 455 913; 455 902; 454 901; 454 899; 452 897
457; 949 898; 944 903; 943 903; 942 904; 941 904; 940 905; 939 905; 938 906; 935 906; 934 907; 934 916; 935 917; 935 918; 936 919; 936 920; 937 921; 947 921; 948 920; 949 920; 950 919; 951 919; 952 918; 953 918; 954 917; 955 917; 957 915; 958 915; 959 914; 960 914; 961 913; 963 913; 963 904; 964 903; 965 903; 965 901; 961 901; 959 899; 959 898
458; 407 893; 407 894; 406 895; 406 896; 405 897; 405 898; 404 899; 404 901; 399 906; 399 907; 397 909; 397 917; 399 919; 402 919; 403 920; 410 920; 411 921; 411 922; 415 922; 415 917; 416 916; 416 915; 417 914; 417 913; 419 911; 419 910; 421 908; 421 907; 422 906; 422 897; 421 897; 419 895; 418 895; 417 894; 416 894; 415 893
459; 903 899; 902 900; 899 900; 898 901; 896 901; 895 902; 891 902; 890 903; 888 903; 886 905; 886 919; 887 920; 901 920; 902 919; 904 919; 905 918; 909 918; 910 917; 913 917; 914 916; 915 916; 915 902; 912 899
460; 87 902; 86 903; 85 903; 85 912; 86 913; 86 915; 87 916; 87 918; 88 919; 88 920; 89 921; 89 925; 90 926; 90 930; 106 930; 106 927; 107 926; 107 924; 108 923; 108 921; 107 920; 107 918; 106 917; 106 916; 105 915; 105 902
461; 52 905; 51 906; 50 906; 49 907; 48 907; 47 908; 46 908; 46 916; 49 919; 49 920; 51 922; 51 923; 54 926; 54 927; 55 928; 55 929; 56 930; 56 932; 57 933; 67 933; 68 932; 69 932; 69 920; 64 915; 64 909; 63 908; 63 907; 61 905
462; 524 896; 524 897; 523 898; 523 899; 522 900; 522 902; 521 903; 521 905; 520 906; 520 908; 519 909; 519 910; 518 911; 518 920; 522 924; 533 924; 534 923; 534 922; 535 921; 535 920; 536 919; 536 918; 537 917; 537 915; 538 914; 538 911; 539 910; 539 909; 540 908; 540 899; 539 899; 538 898; 536 898; 535 897; 534 897; 533 896
463; 185 909; 185 910; 184 911; 178 911; 177 912; 177 914; 176 915; 176 918; 175 919; 175 928; 177 928; 178 929; 180 929; 181 930; 182 930; 183 931; 185 931; 186 932; 187 932; 188 933; 190 933; 192 935; 196 935; 197 934; 201 934; 201 919; 198 916; 197 916; 195 914; 195 909
464; 579 906; 574 911; 574 921; 573 922; 573 932; 579 932; 580 933; 580 934; 581 935; 581 940; 589 940; 589 936; 590 935; 592 935; 593 934; 595 934; 596 933; 597 933; 597 922; 596 921; 596 919; 595 918; 595 916; 594 915; 594 914; 593 913; 593 912; 592 911; 592 910; 591 909; 591 908; 590 907; 590 906
465; 706 916; 706 917; 705 918; 705 920; 704 921; 704 922; 702 924; 702 932; 704 932; 705 933; 706 933; 707 934; 708 934; 710 936; 711 936; 715 940; 716 940; 717 941; 726 941; 726 939; 727 938; 727 937; 729 935; 729 927; 726 924; 725 924; 724 923; 723 923; 718 918; 717 918; 716 917; 715 917; 714 916
466; 806 914; 805 915; 804 915; 803 916; 801 916; 800 917; 800 926; 801 927; 801 928; 802 929; 802 931; 803 932; 803 937; 804 938; 804 939; 806 941; 819 941; 820 940; 821 940; 822 939; 822 931; 821 930; 821 926; 820 925; 820 923; 819 922; 819 921; 818 920; 818 918; 817 917; 817 915; 816 914
467; 771 915; 754 915; 753 916; 749 916; 749 926; 750 927; 750 930; 751 931; 751 945; 753 945; 754 946; 761 946; 764 943; 765 943; 766 942; 767 942; 768 941; 769 941; 775 935
468; 775 935; 788 935; 789 934; 792 934; 792 908; 790 906; 789 906; 788 905; 776 905; 775 906; 774 906; 772 908; 772 914; 771 915
469; 556 919; 553 922; 553 923; 545 931; 544 931; 544 940; 547 943; 548 943; 550 945; 560 945; 563 942; 564 942; 566 940; 567 940; 568 939; 568 938; 569 937; 569 936; 572 933; 572 922; 566 922; 564 920; 564 919
470; 639 917; 638 918; 635 918; 634 919; 634 936; 635 937; 635 943; 638 946; 651 946; 652 945; 653 945; 654 944; 654 930; 653 929; 653 923; 652 922; 652 920; 650 918; 648 918; 647 917
471; 136 928; 128 927; 126 925; 126 921; 119 920; 118 922; 115 923; 109 923; 107 927; 107 933; 111 938; 122 946; 132 947; 140 939
472; 140 939; 152 939; 155 936; 158 929; 163 923; 163 914; 159 910; 149 910; 143 921; 136 928
473; 437 927; 411 923; 412 952; 414 954; 423 954
474; 423 954; 431 960; 440 960; 447 956; 450 949; 437 927
475; 450 949; 457 930; 456 916; 437 917; 437 927
476; 493 933; 500 929; 500 920; 494 911; 494 905; 481 904; 476 909; 476 917; 480 922; 479 930
477; 479 930; 457 930; 450 949; 467 950; 479 948; 489 943; 493 939; 493 933
478; 15 931; 10 936; 10 945; 12 947; 13 947; 16 950; 17 950; 23 956; 24 956; 26 958; 33 958; 35 960; 35 951; 36 950; 36 941; 33 938; 32 938; 30 936; 29 936; 25 932; 24 932; 23 931
479; 197 935; 196 936; 192 936; 192 966; 191 967; 191 968; 192 969; 195 969; 196 970; 200 970; 202 972; 204 970; 208 970; 209 969; 211 969; 212 968; 212 943; 211 942; 211 941; 210 940; 208 940; 207 939; 206 939; 205 938; 204 938; 202 936; 202 935
480; 493 940; 489 944; 487 944; 486 945; 484 945; 481 948; 480 948; 479 949; 480 950; 480 954; 481 955; 481 956; 482 957; 483 957; 484 958; 487 958; 488 959; 488 964; 500 964; 500 963; 501 962; 511 962; 511 956; 512 955; 512 947; 511 946; 511 945; 509 943; 509 942; 508 942; 507 941; 504 941; 503 940
481; 284 942; 284 944; 280 948; 280 950; 279 951; 279 959; 282 962; 282 968; 287 968; 288 969; 306 969; 308 967; 308 965; 309 964; 309 953; 308 953; 307 952; 305 952; 304 951; 302 951; 298 947; 297 947; 296 946; 295 946; 294 945; 294 942
482; 727 946; 727 949; 726 950; 726 952; 725 953; 725 963; 727 965; 732 965; 733 966; 735 966; 736 967; 739 967; 740 968; 755 968; 757 966; 757 955; 756 954; 756 947; 754 947; 753 946; 751 946; 750 947; 742 947; 741 946
483; 165 947; 164 948; 164 949; 162 951; 162 952; 160 954; 160 955; 159 956; 159 957; 155 961; 155 969; 157 971; 158 971; 159 972; 160 972; 162 974; 173 974; 174 973; 179 973; 179 971; 178 970; 178 964; 179 963; 179 962; 180 961; 180 960; 181 959; 181 950; 180 949; 179 949; 178 948; 177 948; 176 947
484; 970 947; 970 964; 971 965; 971 969; 972 970; 972 976; 984 976; 985 975; 990 975; 991 974; 992 974; 994 972; 994 963; 993 962; 993 955; 992 954; 992 952; 991 951; 991 949; 990 948
485; 990 948; 990 945; 989 944; 989 939; 988 938; 988 933; 987 932; 987 919; 984 916; 971 916; 970 917; 968 917; 968 941; 969 942; 969 946; 970 947
486; 84 964; 92 963; 93 951; 85 938; 85 933; 66 934; 66 953
487; 58 953; 37 942; 36 961; 40 965; 56 973
488; 56 973; 63 982; 80 990; 89 990; 91 992; 93 973; 87 973; 84 970; 84 964; 66 953; 58 953
489; 93 952; 93 965; 94 966; 94 970; 100 970; 101 971; 101 978; 108 978; 109 979; 117 979; 121 975; 121 973; 122 972; 122 962; 120 960; 119 960; 118 959; 117 959; 114 956; 113 956; 111 954; 109 954; 108 953; 95 953; 94 952
490; 840 962; 840 968; 839 969; 839 979; 842 982; 850 982; 851 983; 860 983; 861 982; 870 982; 871 981; 871 980; 872 979; 872 969; 871 968; 871 964; 869 962; 869 961; 867 959
491; 867 959; 867 952; 866 951; 866 944; 864 942; 864 941; 863 941; 862 940; 838 940; 837 941; 837 960; 838 960; 840 962
492; 521 962; 520 963; 515 963; 515 973; 516 974; 516 976; 517 977; 517 979; 518 980; 518 981; 519 982; 519 984; 520 985; 520 987; 521 988; 521 989; 523 991; 532 991; 533 990; 534 990; 535 989; 536 989; 537 988; 538 988; 539 987; 539 978; 538 977; 538 974; 537 973; 537 971; 536 970; 536 967; 535 966; 535 964; 533 962
493; 385 967; 384 968; 381 968; 380 969; 379 969; 378 970; 377 970; 376 971; 374 971; 373 972; 371 972; 371 983; 372 984; 372 987; 373 988; 373 989; 382 989; 385 986; 387 986; 388 985; 392 985; 393 984; 399 984; 401 982; 401 981; 402 980; 402 972; 401 971; 401 970; 398 967
494; 581 941; 580 942; 580 943; 579 944; 579 945; 578 946; 578 954; 581 954; 582 955; 585 955; 586 956; 588 956; 589 957; 590 957; 591 958; 592 958; 593 959; 594 959; 596 961; 596 968; 595 969; 593 969; 592 970; 590 970; 587 973; 586 973; 585 974; 584 974; 582 976; 582 986; 587 991; 596 991; 597 990; 598 990; 600 988; 601 988; 602 987; 603 987; 604 986; 607 986; 608 985; 611 985; 613 983; 613 973; 612 972; 612 971; 611 970; 611 968; 608 965; 607 965; 605 963; 605 952; 602 949; 601 949; 600 948; 599 948; 598 947; 596 947; 595 946; 594 946; 592 944; 591 944; 589 942; 589 941
495; 344 966; 342 968; 339 968; 335 972; 333 979; 333 987; 335 989; 342 991; 349 995; 359 995; 362 986; 362 972
496; 362 972; 366 971; 366 963; 368 957; 368 943; 362 941; 351 941; 350 942; 350 950; 344 963; 344 966
497; 268 969; 266 971; 266 973; 265 974; 265 987; 268 987; 269 988; 272 988; 273 989; 274 989; 275 990; 278 990; 279 991; 292 991; 292 990; 293 989; 293 970; 288 970; 287 969
498; 488 965; 487 966; 483 966; 482 967; 482 968; 481 969; 481 975; 480 976; 480 979; 479 980; 479 982; 478 983; 478 993; 479 994; 480 994; 481 995; 483 995; 484 996; 486 996; 487 997; 495 997; 496 996; 496 993; 497 992; 497 988; 499 986; 499 985; 500 984; 500 982; 501 981; 501 970; 500 969; 500 965
499; 190 968; 188 970; 186 970; 185 971; 180 971; 180 973; 181 974; 181 999; 183 1001; 195 1001; 196 1000; 201 1000; 201 997; 202 996; 202 993; 201 993; 200 992; 200 974; 201 973; 201 972; 200 971; 196 971; 195 970; 192 970
500; 689 973; 686 976; 686 977; 685 978; 685 988; 693 996; 694 996; 696 998; 697 998; 698 999; 710 999; 711 998; 713 998; 713 997; 714 996; 714 988; 713 987; 713 986; 712 986; 701 975; 700 975; 698 973
501; 94 979; 93 980; 93 984; 92 985; 92 993; 94 995; 95 995; 97 997; 98 997; 100 999; 101 999; 103 1001; 104 1001; 107 1004; 108 1004; 110 1006; 118 1006; 121 1003; 121 1002; 122 1001; 122 1000; 125 997; 125 993; 122 990; 121 990; 120 989; 119 989; 118 988; 117 988; 116 987; 116 980; 109 980; 108 979
502; 649 979; 647 981; 647 984; 645 986; 645 995; 646 996; 646 997; 647 998; 647 999; 665 999; 666 1000; 675 1000; 675 981; 674 980; 663 980; 662 979
503; 17 981; 16 982; 14 982; 13 983; 11 983; 10 984; 7 984; 6 985; 4 985; 3 986; 0 986; 0 1023; 13 1023; 13 1019; 12 1019; 11 1018; 10 1018; 9 1017; 8 1017; 6 1015; 6 1007; 7 1006; 8 1006; 9 1005; 11 1005; 12 1004; 14 1004; 15 1003; 17 1003; 18 1002; 19 1002; 21 1000; 22 1000; 23 999; 25 999; 26 998; 28 998; 30 996; 30 985; 29 984; 29 983; 27 981
504; 958 980; 957 981; 956 981; 955 982; 953 982; 951 984; 949 984; 948 985; 946 985; 945 986; 944 986; 943 987; 942 987; 941 988; 940 988; 940 1002; 944 1002; 945 1003; 955 1003; 956 1002; 957 1002; 960 999; 961 999; 964 996; 965 996; 966 995; 969 995; 970 994; 970 985; 969 984; 969 980
505; 1000 985; 998 987; 996 987; 994 989; 994 999; 999 1004; 1000 1004; 1001 1005; 1002 1005; 1003 1006; 1004 1006; 1006 1008; 1007 1008; 1009 1010; 1010 1010; 1011 1011; 1012 1011; 1013 1012; 1023 1012; 1023 992; 1019 992; 1018 991; 1017 991; 1013 987; 1012 987; 1010 985
506; 307 983; 305 985; 305 987; 304 988; 304 990; 303 991; 303 993; 302 994; 302 996; 301 997; 301 1000; 300 1001; 300 1023; 319 1023; 319 1007; 320 1006; 320 1005; 321 1004; 321 1003; 322 1002; 322 1000; 323 999; 323 985; 320 985; 319 984; 318 984; 317 983
507; 918 984; 917 985; 916 985; 914 987; 914 1003; 915 1004; 915 1010; 916 1011; 916 1012; 917 1013; 918 1013; 919 1014; 931 1014; 932 1013; 934 1013; 936 1011; 936 1010; 937 1009; 937 1003; 938 1002; 939 1002; 939 988; 934 988; 933 987; 933 986; 932 985; 931 985; 930 984
508; 137 989; 136 990; 136 991; 134 993; 134 994; 133 995; 133 996; 132 997; 126 997; 123 1000; 123 1001; 122 1002; 122 1003; 119 1006; 119 1013; 117 1015; 117 1016; 115 1018; 115 1023; 130 1023; 130 1018; 131 1017; 146 1017; 146 1016; 147 1015; 147 1012; 148 1011; 148 1010; 149 1009; 149 1008; 151 1006; 151 1005; 152 1004; 152 1003; 153 1002; 153 993; 152 993; 151 992; 150 992; 149 991; 148 991; 146 989
509; 209 991; 207 993; 203 993; 203 996; 202 997; 202 1000; 203 1000; 204 1001; 204 1003; 205 1004; 205 1006; 206 1007; 206 1013; 207 1014; 207 1017; 208 1018; 208 1023; 228 1023; 228 1013; 227 1012; 227 1007; 226 1006; 226 1004; 225 1003; 225 1000; 224 999; 224 994; 221 991
510; 440 999; 438 1001; 438 1003; 437 1004; 437 1008; 436 1009; 436 1010; 435 1011; 435 1012; 434 1013; 434 1015; 433 1016; 433 1023; 456 1023; 456 1019; 457 1018; 457 1015; 458 1014; 458 1004; 455 1001; 454 1001; 453 1000; 451 1000; 450 999
511; 556 996; 554 998; 554 999; 553 1000; 553 1001; 552 1002; 552 1011; 554 1013; 554 1014; 555 1015; 556 1015; 557 1016; 557 1017; 560 1020; 560 1023; 580 1023; 580 1012; 577 1009; 577 1008; 576 1007; 576 1006; 569 999; 569 998; 567 996
512; 785 997; 784 998; 783 998; 782 999; 781 999; 780 1000; 779 1000; 778 1001; 777 1001; 776 1002; 774 1002; 773 1003; 766 1003; 765 1004; 764 1004; 763 1005; 762 1005; 761 1006; 760 1006; 759 1007; 757 1007; 756 1008; 755 1008; 754 1009; 753 1009; 753 1017; 756 1020; 756 1023; 803 1023; 803 1013; 802 1012; 802 1011; 801 1010; 801 1008; 800 1007; 800 1006; 799 1005; 799 1004; 796 1001; 796 1000; 795 999; 795 998; 794 997
