0; 51 0; 51 10; 52 11; 66 11; 67 12; 81 12; 82 13; 82 24; 103 24; 104 25; 104 29; 114 29; 114 13; 115 12; 115 0; 87 0; 87 11; 86 12; 77 12; 76 11; 76 4; 75 3; 75 0
1; 131 0; 131 4; 130 5; 130 8; 129 9; 129 15; 128 16; 128 25; 129 26; 138 26; 139 25; 139 23; 140 22; 146 22; 147 23; 147 24; 150 24; 151 25; 151 26; 154 26; 155 25; 158 25; 158 21; 160 19; 162 19; 163 18; 170 18; 171 19; 171 20; 172 21; 172 24; 177 24; 178 25; 182 25; 183 26; 183 33; 184 34; 184 37; 192 37; 192 26; 191 25; 191 24; 188 24; 187 23; 187 11; 175 11; 174 10; 174 7; 173 6; 170 6; 167 3; 167 0
2; 354 7; 342 19; 342 31; 343 32; 346 32; 347 33; 349 33; 351 35; 352 35; 353 36; 354 36; 355 37; 356 37; 357 38; 360 38; 361 39; 367 39; 367 38; 371 34; 371 28; 363 28; 362 27; 362 21; 363 20; 372 20; 373 21; 373 26; 384 26; 384 18; 383 17; 382 17; 381 16; 374 16; 373 15; 373 12; 371 12; 370 11; 369 11; 368 10; 360 10; 359 9; 356 9
3; 402 0; 402 9; 403 9; 404 10; 406 10; 408 12; 409 12; 412 15; 412 16; 417 21; 418 21; 422 25; 423 25; 424 26; 424 31; 428 31; 428 30; 429 29; 442 29; 442 18; 443 17; 443 0
4; 541 0; 541 9; 540 10; 540 11; 539 12; 538 12; 537 13; 534 13; 534 27; 533 28; 533 37; 544 37; 544 33; 545 32; 551 32; 552 33; 552 40; 562 40; 562 37; 563 36; 563 34; 564 33; 564 32; 565 31; 565 26; 566 25; 566 21; 567 20; 567 19; 568 18; 568 16; 569 15; 569 13; 570 12; 570 10; 571 9; 571 6; 572 5; 572 0
5; 782 0; 782 9; 783 10; 783 11; 789 11; 791 13; 792 13; 793 14; 794 14; 798 18; 798 19; 800 19; 807 26; 807 27; 808 28; 808 32; 816 32; 816 31; 818 29; 818 20; 819 19; 820 19; 821 18; 822 18; 825 15; 825 14; 827 12; 827 0; 807 0; 807 3; 806 4; 800 4; 799 3; 799 0
6; 967 42; 967 51; 982 60; 1006 60; 1009 42; 1013 40; 1013 31
7; 1013 31; 1010 15; 1005 14; 1004 10; 998 10; 986 4; 978 4; 971 8; 970 12; 964 12; 964 41; 967 42
8; 306 0; 306 5; 305 6; 305 9; 304 10; 304 17; 303 18; 300 18; 299 19; 298 19; 298 20; 297 21; 297 33; 304 33; 305 34; 305 36; 306 37; 306 40; 307 41; 313 41; 317 45; 325 45; 325 39; 326 38; 326 37; 327 36; 327 35; 328 34; 328 32; 329 31; 329 29; 330 28; 330 19; 331 18; 342 18; 353 7; 353 6; 352 5; 352 4; 351 3; 351 0
9; 935 6; 935 25; 934 26; 934 32; 933 33; 931 33; 931 34; 930 35; 930 46; 931 47; 940 47; 941 48; 941 54; 945 54; 946 53; 959 53; 960 52; 959 51; 959 42; 960 41; 963 41; 963 12; 957 12; 956 11; 955 11; 953 9; 952 9; 950 7; 944 7; 943 6
10; 656 13; 655 14; 652 14; 651 15; 643 15; 642 16; 638 16; 637 17; 635 17; 635 25; 639 25; 640 26; 640 32; 639 33; 638 33; 637 34; 632 34; 632 42; 633 43; 633 48; 642 48; 643 47; 646 47; 647 46; 665 46; 668 43; 668 35; 667 34; 667 23; 666 22; 666 13
11; 584 12; 584 13; 583 14; 583 15; 582 16; 582 18; 581 19; 581 24; 579 26; 578 26; 577 27; 577 35; 578 36; 579 36; 580 37; 581 37; 582 38; 583 38; 585 40; 585 42; 605 42; 606 43; 607 43; 608 44; 616 44; 618 42; 618 32; 617 32; 616 31; 615 31; 605 21; 604 21; 600 17; 599 17; 597 15; 596 15; 593 12
12; 722 0; 722 4; 724 4; 725 5; 729 5; 730 6; 732 6; 733 7; 734 7; 735 8; 735 14; 734 15; 730 15; 729 16; 721 16; 719 14; 710 14; 710 18; 709 19; 704 19; 704 34; 705 35; 705 33; 706 32; 712 32; 713 33; 714 33; 715 34; 716 34; 717 35; 718 35; 724 41; 724 47; 734 47; 735 46; 749 46; 749 38; 750 37; 750 33; 753 30; 753 20; 751 18; 751 12; 753 10; 754 10; 755 9; 756 9; 757 8; 757 0
13; 45 21; 44 22; 43 22; 41 24; 41 34; 42 34; 43 35; 43 42; 42 43; 42 52; 44 54; 53 54; 54 53; 71 53; 72 52; 81 52; 81 44; 80 43; 80 25; 66 25; 66 32; 64 34; 58 34; 57 33; 57 22; 56 22; 55 21
14; 770 9; 769 10; 769 11; 768 12; 768 13; 767 14; 767 15; 766 16; 766 17; 765 18; 765 20; 764 21; 764 23; 763 24; 763 25; 762 26; 762 27; 761 28; 761 29; 760 30; 754 30; 751 33; 751 37; 750 38; 750 50; 751 51; 751 55; 752 56; 752 61; 760 61; 760 60; 761 59; 767 59; 771 63; 773 63; 775 61; 776 61; 777 60; 778 60; 784 54; 784 48; 785 47; 785 45; 786 44; 786 43; 787 42; 787 41; 789 39; 789 38; 792 35; 792 34; 793 33; 793 25; 790 25; 788 23; 787 23; 784 20; 783 20; 782 19; 782 10; 781 9
15; 221 26; 214 28; 211 32; 207 43; 207 53; 214 57; 228 61; 246 63; 247 54; 250 49; 250 39; 234 34; 230 30
16; 230 30; 231 23; 244 22; 244 0; 212 0; 212 15; 216 19; 221 20; 221 26
17; 512 35; 512 38; 511 39; 511 40; 510 41; 509 41; 508 42; 507 42; 506 43; 505 43; 502 46; 502 54; 503 55; 504 55; 505 56; 506 56; 509 59; 516 59; 517 60; 517 75; 516 76; 515 76; 515 78; 521 78; 522 79; 530 79; 532 77; 532 75; 533 74; 533 64; 534 63; 544 63; 545 62; 545 54; 544 53; 543 53; 541 51; 540 51; 539 50; 538 50; 537 49; 536 49; 533 46; 532 46; 530 44; 530 41; 526 41; 524 39; 523 39; 520 36; 520 35
18; 423 66; 432 60; 436 51; 436 43; 428 36; 428 32; 417 33; 409 28; 401 28; 400 33; 392 42; 392 56
19; 392 56; 391 70; 393 78; 389 80; 388 89; 406 96; 417 106; 417 110; 423 110; 427 103; 427 96; 430 94; 430 86; 425 84; 423 78; 423 66
20; 392 56; 384 57; 378 51; 378 36; 372 34; 367 40; 369 48; 368 63; 376 64; 377 70; 391 70
21; 454 0; 454 8; 455 9; 455 10; 457 12; 457 18; 456 19; 456 20; 455 21; 455 22; 453 24; 453 25; 452 26; 452 35; 453 35; 454 36; 455 36; 456 37; 456 38; 462 44; 462 45; 465 48; 465 49; 466 50; 466 51; 467 52; 467 55; 468 56; 468 57; 469 58; 469 59; 471 61; 480 61; 481 60; 482 60; 483 59; 484 59; 487 56; 488 56; 488 47; 485 44; 484 44; 476 36; 476 35; 471 30; 470 30; 466 26; 466 0
22; 824 37; 823 38; 822 38; 822 39; 821 40; 815 40; 812 43; 810 43; 809 44; 809 58; 810 59; 810 61; 819 61; 820 62; 821 62; 822 63; 822 64; 823 65; 823 80; 824 81; 829 81; 833 85; 834 85; 835 86; 846 86; 846 82; 845 82; 844 81; 844 78; 843 77; 843 71; 844 70; 849 70; 849 62; 842 62; 841 61; 841 55; 842 54; 844 54; 844 46; 842 46; 839 43; 839 41; 838 40; 838 38; 837 37
23; 891 32; 882 34; 875 40; 869 40; 854 46; 854 61; 850 62; 850 70; 857 70; 858 75; 866 75; 867 72; 874 67; 889 67; 897 63; 897 58; 905 50; 906 42
24; 906 42; 909 39; 916 39; 916 31; 909 22; 900 4; 900 0; 881 0; 881 13; 887 18; 891 26; 891 32
25; 260 27; 260 77; 268 77; 273 72; 291 73; 292 62; 288 51; 288 31; 282 29
26; 282 29; 284 9; 280 7; 280 0; 257 0; 256 12; 246 15; 245 22; 247 23; 247 26; 260 27
27; 155 26; 154 27; 151 27; 151 41; 149 43; 147 43; 144 46; 138 46; 137 45; 137 40; 136 39; 127 39; 126 40; 125 40; 123 42; 123 48; 122 49; 122 50; 120 52; 120 53; 119 54; 119 55; 118 56; 118 57; 116 59; 116 60; 115 61; 115 62; 114 63; 114 78; 130 78; 131 79; 131 81; 133 81; 134 82; 142 82; 142 81; 143 80; 143 77; 144 76; 144 73; 146 71; 146 60; 147 59; 153 59; 159 53; 162 53; 164 51; 164 44; 166 42; 166 41; 168 39; 169 39; 169 28; 159 28; 158 27; 158 26
28; 573 47; 572 48; 572 49; 571 50; 571 63; 570 64; 562 64; 560 66; 560 77; 564 77; 565 78; 568 78; 569 79; 576 79; 577 80; 578 80; 579 81; 581 81; 582 82; 584 82; 585 83; 586 83; 587 84; 588 84; 590 86; 599 86; 600 85; 600 78; 601 77; 601 76; 602 75; 604 75; 605 74; 607 74; 607 64; 606 63; 606 62; 605 61; 605 58; 603 56; 602 56; 601 55; 590 55; 588 53; 586 53; 585 52; 585 51; 583 49; 583 47
29; 792 54; 791 55; 784 55; 778 61; 777 61; 776 62; 775 62; 773 64; 774 65; 774 71; 771 74; 770 74; 768 76; 768 86; 771 86; 772 87; 773 87; 776 90; 776 96; 788 96; 796 88; 797 88; 798 87; 799 87; 800 86; 801 86; 802 85; 803 85; 810 78; 810 69; 809 68; 809 59; 808 58; 808 56; 802 56; 800 54
30; 164 52; 162 54; 159 54; 154 59; 154 67; 158 71; 159 71; 162 74; 163 74; 164 75; 164 76; 166 78; 166 79; 170 83; 171 83; 178 90; 178 91; 179 92; 195 92; 196 91; 199 91; 197 91; 196 90; 196 84; 200 80; 200 72; 199 71; 199 70; 197 68; 197 67; 196 67; 194 65; 193 65; 192 64; 190 64; 189 63; 188 63; 182 57; 182 56; 178 52
31; 653 60; 653 68; 654 69; 654 70; 655 71; 656 71; 658 73; 658 74; 660 76; 660 77; 663 80; 663 81; 664 82; 664 83; 669 88; 670 88; 672 90; 672 91; 682 91; 682 86; 684 84; 685 84; 685 76; 672 63; 664 63; 661 60
32; 95 64; 94 65; 91 65; 90 66; 85 66; 84 67; 83 67; 82 68; 80 68; 78 70; 77 70; 75 72; 69 72; 69 80; 70 81; 70 86; 72 88; 72 90; 73 91; 73 92; 74 93; 74 95; 75 96; 75 97; 83 97; 85 95; 86 95; 87 94; 88 94; 89 93; 97 93; 98 94; 107 94; 108 93; 109 93; 110 92; 111 92; 113 90; 113 68; 107 68; 105 66; 105 65; 104 64
33; 317 66; 315 68; 315 69; 314 70; 314 71; 313 72; 311 72; 310 73; 305 73; 303 75; 303 76; 302 77; 302 78; 301 79; 301 87; 302 88; 302 93; 303 92; 309 92; 310 93; 311 93; 313 95; 314 95; 315 96; 316 96; 318 98; 319 98; 325 104; 325 106; 326 107; 326 108; 335 108; 336 109; 336 99; 337 98; 337 97; 339 95; 340 95; 342 93; 342 84; 337 79; 336 79; 330 73; 330 72; 329 71; 329 70; 328 69; 328 67; 327 66
34; 941 55; 941 56; 940 57; 936 57; 935 58; 935 67; 936 68; 936 74; 935 75; 925 75; 925 84; 926 85; 926 88; 927 89; 927 90; 928 91; 929 91; 930 92; 933 92; 935 94; 936 94; 937 95; 937 96; 942 96; 943 97; 943 103; 944 104; 945 104; 946 105; 955 105; 955 94; 956 93; 960 93; 962 91; 966 91; 966 87; 964 87; 963 86; 963 82; 958 77; 958 76; 950 68; 950 67; 948 65; 948 64; 945 61; 945 55
35; 694 87; 690 97; 693 100; 713 101; 717 105; 729 105; 732 102; 733 91; 737 87; 737 80; 740 72; 744 68; 744 60; 735 59
36; 735 59; 734 48; 718 49; 705 49; 705 36; 695 37; 692 59; 694 87
37; 28 67; 27 68; 27 79; 26 80; 14 80; 14 88; 16 90; 16 91; 19 94; 19 100; 35 100; 35 91; 34 90; 34 89; 33 88; 33 82; 34 81; 44 81; 44 73; 43 73; 39 69; 38 69; 36 67
38; 998 108; 1004 117; 1004 130; 1009 131; 1009 137; 1003 146; 1003 154; 1005 156; 1013 156; 1014 161; 1017 158; 1023 158; 1023 83; 1008 80
39; 1008 80; 1006 78; 1006 71; 996 71; 993 73; 981 73; 978 71; 978 76; 972 80; 972 86; 967 87; 969 97; 973 99; 973 106; 983 113; 989 113; 991 108; 998 108
40; 619 61; 619 70; 618 71; 618 79; 617 80; 613 80; 613 81; 612 82; 612 84; 611 85; 611 86; 610 87; 610 88; 609 89; 609 90; 608 91; 608 99; 607 100; 606 100; 606 102; 610 102; 611 103; 612 103; 615 106; 615 107; 616 108; 616 114; 618 114; 619 113; 632 113; 632 112; 635 109; 635 108; 638 105; 638 95; 639 94; 639 93; 640 92; 640 90; 641 89; 641 87; 642 86; 643 86; 643 84; 644 83; 644 75; 643 74; 638 74; 637 73; 637 63; 631 63; 630 62; 628 62; 627 61
41; 858 76; 858 79; 856 81; 852 81; 851 82; 847 82; 847 86; 848 86; 849 87; 849 99; 851 101; 851 107; 852 108; 852 112; 860 112; 860 111; 862 109; 863 109; 864 108; 872 108; 873 109; 891 109; 891 97; 892 96; 892 95; 894 93; 894 84; 893 83; 874 83; 873 82; 869 82; 868 81; 867 81; 866 80; 866 76
42; 220 71; 220 73; 219 74; 219 75; 218 76; 218 77; 215 80; 215 81; 207 89; 206 89; 204 91; 200 91; 202 91; 203 92; 203 100; 207 104; 207 110; 211 110; 212 111; 216 111; 217 110; 231 110; 231 108; 232 107; 232 106; 234 104; 234 103; 235 102; 235 101; 237 99; 237 98; 238 97; 238 96; 239 95; 239 93; 241 91; 241 90; 247 84; 247 76; 246 75; 246 74; 236 74; 233 71
43; 487 69; 486 70; 486 73; 485 74; 485 75; 484 76; 484 77; 482 79; 482 80; 481 81; 481 82; 480 83; 480 85; 478 87; 478 88; 476 90; 476 91; 475 92; 475 94; 474 95; 474 96; 472 98; 470 98; 469 99; 468 99; 468 105; 469 106; 469 110; 470 111; 470 112; 471 111; 487 111; 488 112; 500 112; 501 111; 501 110; 502 109; 502 108; 504 106; 504 104; 505 103; 505 98; 506 97; 508 97; 508 94; 509 93; 509 90; 510 89; 510 88; 511 87; 511 86; 513 84; 513 79; 514 78; 514 76; 497 76; 496 75; 496 69
44; 377 71; 376 72; 364 72; 364 82; 363 83; 357 83; 355 85; 355 87; 354 88; 354 89; 351 92; 351 93; 350 94; 350 95; 349 96; 349 107; 349 106; 350 105; 356 105; 357 106; 357 113; 356 114; 355 114; 355 126; 365 126; 367 124; 368 124; 370 122; 370 118; 371 117; 371 114; 372 113; 384 113; 385 112; 384 112; 383 111; 383 90; 384 89; 387 89; 387 85; 388 84; 388 80; 385 80; 384 79; 384 72; 381 72; 380 71
45; 546 78; 545 79; 545 80; 544 81; 544 92; 543 93; 543 94; 542 95; 542 96; 541 97; 541 99; 540 100; 540 101; 539 102; 539 103; 538 104; 538 105; 535 108; 535 116; 536 117; 545 117; 549 121; 550 121; 551 122; 561 122; 561 118; 563 116; 563 115; 564 114; 564 113; 566 111; 566 110; 567 109; 567 108; 568 107; 568 106; 569 105; 569 102; 570 101; 570 100; 571 99; 571 98; 573 96; 573 88; 572 88; 571 87; 570 87; 569 86; 569 80; 568 79; 565 79; 564 78
46; 283 89; 282 90; 282 104; 281 105; 276 105; 276 113; 277 114; 277 115; 279 115; 280 116; 281 116; 284 119; 284 120; 288 120; 289 121; 289 128; 288 129; 288 130; 289 130; 291 132; 293 132; 295 134; 297 134; 300 137; 306 137; 308 135; 308 131; 309 130; 309 127; 311 125; 311 124; 312 123; 313 123; 314 122; 315 122; 316 121; 317 121; 317 113; 316 113; 313 110; 312 110; 305 103; 305 102; 302 99; 302 94; 301 95; 295 95; 294 94; 294 92; 291 89
47; 445 96; 445 100; 444 101; 444 103; 442 105; 442 107; 441 108; 441 109; 440 110; 440 111; 439 112; 439 113; 435 117; 434 117; 431 120; 429 120; 429 126; 430 127; 430 133; 441 133; 445 137; 455 137; 456 136; 456 135; 457 134; 457 133; 458 132; 458 131; 459 130; 459 129; 460 128; 460 127; 462 125; 462 124; 466 120; 466 119; 467 118; 467 117; 468 116; 468 115; 469 114; 469 111; 468 110; 468 106; 467 105; 467 99; 465 99; 464 100; 458 100; 456 98; 455 98; 453 96
48; 649 92; 649 93; 648 94; 648 96; 647 97; 647 104; 646 105; 647 106; 652 106; 653 107; 653 113; 660 113; 661 114; 667 114; 669 116; 670 115; 676 115; 677 116; 677 123; 680 126; 681 126; 683 128; 683 129; 684 130; 685 130; 687 132; 688 132; 689 133; 694 133; 695 134; 703 134; 704 133; 704 132; 705 131; 705 129; 711 123; 718 123; 718 113; 717 112; 717 106; 713 102; 704 102; 703 101; 693 101; 690 98; 683 98; 682 97; 682 92; 672 92; 672 96; 671 97; 669 97; 668 98; 667 98; 667 99; 666 100; 660 100; 659 99; 659 94; 657 92
49; 792 135; 809 136; 814 131; 814 124; 822 123; 832 112; 829 108; 817 107; 817 95; 805 95; 793 112; 787 112
50; 769 97; 755 85; 746 85; 734 91; 730 112; 746 120; 751 125
51; 751 125; 751 130; 765 132; 766 138; 791 138; 792 135; 787 112; 786 97; 769 97
52; 730 112; 719 113; 719 124; 740 149; 748 149; 747 132; 739 127; 740 120; 746 120
53; 588 98; 587 99; 586 99; 584 101; 584 103; 583 104; 583 107; 581 109; 581 110; 576 115; 576 123; 578 125; 579 125; 582 128; 583 128; 584 129; 585 129; 589 133; 590 133; 593 136; 594 136; 595 137; 596 137; 603 144; 603 145; 611 145; 611 134; 613 132; 615 132; 616 131; 616 130; 617 129; 617 127; 618 126; 618 115; 609 115; 603 109; 603 103; 604 102; 605 102; 605 100; 601 100; 600 99; 598 99; 597 98
54; 639 105; 636 108; 636 109; 633 112; 633 113; 632 114; 632 126; 634 128; 635 128; 636 129; 637 129; 638 130; 638 134; 648 134; 648 133; 649 132; 655 132; 656 133; 656 135; 664 135; 664 133; 665 132; 665 130; 666 129; 666 127; 667 126; 667 121; 668 120; 668 116; 667 115; 661 115; 660 114; 645 114; 644 113; 644 107; 645 106; 646 106; 645 105
55; 417 111; 417 112; 416 113; 397 113; 396 112; 386 112; 385 113; 386 113; 387 114; 387 124; 384 127; 384 129; 383 130; 383 140; 391 140; 392 141; 396 141; 397 142; 398 142; 399 143; 409 143; 413 139; 421 139; 422 138; 422 137; 426 133; 429 133; 429 127; 428 126; 428 120; 425 120; 424 119; 424 115; 423 114; 423 111
56; 517 114; 515 116; 513 116; 512 117; 511 117; 509 119; 509 120; 505 124; 504 124; 503 125; 502 125; 501 126; 500 126; 499 127; 498 127; 497 128; 496 128; 495 129; 494 129; 492 131; 492 141; 491 142; 490 142; 490 144; 494 144; 495 145; 496 145; 497 146; 501 146; 502 147; 502 154; 510 154; 511 153; 512 153; 514 151; 515 151; 517 149; 518 149; 519 148; 520 148; 521 147; 522 147; 523 146; 524 146; 525 145; 526 145; 527 144; 532 144; 532 142; 534 140; 535 140; 535 130; 534 129; 534 118; 535 117; 534 116; 528 116; 526 114
57; 833 113; 823 123; 823 141; 822 142; 822 143; 831 143; 832 144; 840 144; 841 145; 843 145; 844 144; 851 144; 852 145; 856 145; 857 146; 862 146; 863 147; 875 147; 875 131; 877 129; 877 121; 874 118; 861 118; 860 117; 860 113; 852 113; 852 115; 851 116; 837 116; 836 115; 835 115
58; 205 111; 204 112; 203 112; 202 113; 200 113; 198 115; 197 115; 196 116; 195 116; 194 117; 191 117; 190 118; 188 118; 187 119; 186 119; 184 121; 183 121; 182 122; 181 122; 180 123; 179 123; 178 124; 177 124; 176 125; 176 126; 173 129; 173 134; 172 135; 171 135; 171 136; 172 137; 172 138; 179 138; 180 139; 180 149; 181 150; 193 150; 194 149; 196 149; 201 144; 202 144; 204 142; 205 142; 206 141; 207 141; 208 140; 209 140; 210 139; 212 139; 213 138; 214 138; 215 137; 219 137; 219 128; 217 126; 217 125; 216 124; 216 112; 212 112; 211 111
59; 15 101; 14 102; 13 102; 9 106; 9 107; 8 108; 8 109; 7 110; 7 111; 6 112; 0 112; 0 125; 3 125; 4 126; 4 127; 6 129; 6 130; 8 132; 9 132; 13 136; 13 137; 15 139; 15 140; 17 142; 17 143; 18 144; 18 145; 20 147; 34 147; 34 136; 35 135; 41 135; 41 126; 40 126; 37 123; 24 123; 23 122; 23 115; 24 114; 27 114; 27 101
60; 957 107; 957 117; 958 117; 959 118; 959 124; 958 125; 949 125; 949 133; 950 133; 951 134; 952 134; 953 135; 954 135; 955 136; 956 136; 958 138; 958 145; 960 147; 961 147; 962 148; 969 148; 970 149; 982 149; 983 150; 986 150; 987 149; 993 149; 993 133; 994 132; 994 123; 988 123; 987 122; 985 122; 983 120; 983 114; 980 111; 979 111; 978 110; 976 110; 973 107
61; 349 108; 349 110; 348 111; 337 111; 336 110; 336 124; 335 125; 331 125; 331 127; 330 128; 330 129; 327 132; 326 132; 324 134; 324 153; 325 154; 326 154; 328 156; 344 156; 345 157; 348 157; 349 158; 352 158; 354 160; 362 160; 362 159; 363 158; 363 157; 364 156; 364 154; 365 153; 365 151; 372 144; 372 136; 362 136; 361 135; 360 135; 359 134; 351 134; 350 133; 350 127; 351 126; 354 126; 354 114; 350 114; 349 113
62; 104 129; 102 131; 101 131; 98 134; 98 142; 99 143; 99 154; 98 155; 98 157; 97 158; 97 159; 96 160; 96 161; 95 162; 95 163; 97 165; 100 165; 101 166; 104 166; 106 168; 107 167; 113 167; 115 169; 124 169; 124 157; 125 156; 125 153; 126 152; 126 150; 127 149; 127 148; 128 147; 128 146; 129 145; 129 144; 130 143; 130 132; 122 132; 121 131; 120 131; 119 130; 117 130; 116 129
63; 921 125; 920 126; 919 126; 918 127; 916 127; 915 128; 914 128; 913 129; 912 129; 912 145; 918 151; 919 151; 929 161; 945 161; 945 149; 943 147; 943 146; 942 145; 942 141; 941 140; 941 138; 940 137; 940 135; 939 134; 939 125
64; 143 132; 142 133; 142 136; 141 137; 141 141; 140 142; 140 145; 139 146; 139 147; 137 149; 137 150; 136 151; 136 154; 135 155; 135 157; 134 158; 134 167; 135 168; 137 168; 138 169; 139 169; 140 170; 140 171; 142 173; 142 184; 143 184; 144 185; 144 186; 153 186; 153 180; 154 179; 156 179; 157 178; 158 178; 160 176; 160 174; 161 173; 161 168; 162 167; 162 160; 163 159; 163 158; 165 156; 165 155; 166 154; 166 153; 167 152; 167 151; 168 150; 168 149; 169 148; 169 145; 170 144; 170 139; 171 138; 171 137; 170 136; 170 135; 158 135; 157 134; 156 134; 155 133; 154 133; 153 132
65; 766 139; 766 141; 765 142; 760 142; 758 144; 757 144; 757 153; 760 156; 760 157; 762 159; 763 159; 764 160; 765 160; 766 161; 767 161; 768 162; 774 162; 776 164; 777 164; 785 172; 794 172; 794 165; 795 164; 795 163; 796 162; 797 162; 798 161; 803 161; 803 153; 802 152; 801 152; 800 151; 800 150; 794 144; 793 144; 791 142; 791 139
66; 287 130; 286 131; 285 131; 284 132; 283 132; 281 134; 281 135; 280 136; 280 137; 279 138; 278 138; 272 144; 272 146; 269 149; 268 149; 268 158; 269 159; 269 160; 275 160; 276 161; 276 163; 280 163; 281 164; 282 164; 291 173; 291 174; 299 174; 301 172; 302 172; 304 170; 304 169; 309 164; 309 163; 310 162; 310 154; 308 152; 307 152; 303 148; 301 148; 300 147; 300 139; 301 138; 300 138; 297 135; 295 135; 293 133; 291 133; 289 131; 288 131
67; 43 139; 43 143; 42 144; 42 147; 41 148; 38 148; 38 155; 32 161; 32 162; 31 163; 31 164; 29 166; 29 174; 30 175; 30 176; 40 176; 43 179; 43 180; 45 182; 45 186; 51 186; 51 184; 52 183; 53 183; 53 181; 54 180; 54 177; 61 170; 61 169; 66 164; 67 164; 69 162; 69 161; 70 160; 70 149; 69 148; 69 143; 57 143; 55 141; 54 141; 52 139
68; 231 134; 231 135; 226 140; 223 140; 223 148; 222 149; 215 149; 214 150; 213 150; 212 151; 212 152; 211 153; 211 155; 210 156; 210 157; 208 159; 208 167; 209 167; 210 168; 212 168; 213 169; 219 169; 220 170; 220 172; 221 172; 225 176; 233 176; 234 175; 234 174; 239 169; 243 169; 243 163; 244 162; 244 161; 247 158; 254 158; 254 150; 255 149; 255 141; 254 140; 244 140; 243 139; 243 138; 239 134
69; 821 144; 821 145; 820 146; 820 149; 818 151; 818 152; 816 154; 816 155; 815 156; 815 158; 814 159; 814 167; 816 169; 817 169; 820 172; 821 172; 822 173; 823 173; 824 174; 826 174; 827 175; 828 175; 833 180; 834 180; 836 182; 837 182; 840 185; 840 186; 846 186; 847 185; 852 185; 852 176; 853 175; 855 175; 855 168; 856 167; 856 159; 854 159; 853 158; 852 158; 851 157; 850 157; 849 156; 841 156; 840 155; 840 145; 832 145; 831 144
70; 898 145; 897 146; 897 147; 896 148; 896 149; 895 150; 878 150; 878 155; 876 157; 876 166; 882 166; 883 167; 883 173; 882 174; 876 174; 876 175; 875 176; 875 177; 872 180; 872 189; 873 190; 873 191; 884 191; 884 190; 888 186; 889 186; 890 185; 893 185; 893 180; 894 179; 894 178; 895 177; 897 177; 898 176; 904 176; 905 175; 915 175; 915 170; 916 169; 929 169; 929 162; 919 152; 918 152; 911 145
71; 477 142; 476 143; 475 143; 472 146; 461 146; 460 147; 460 157; 463 160; 463 161; 465 163; 465 164; 467 166; 467 167; 471 171; 471 173; 472 174; 472 179; 473 180; 473 183; 475 185; 483 185; 484 184; 485 184; 485 177; 486 176; 501 176; 501 166; 500 165; 500 163; 499 162; 499 160; 495 160; 492 157; 492 156; 491 155; 491 154; 488 154; 487 153; 487 145; 488 144; 489 144; 489 142
72; 638 135; 638 137; 635 140; 634 140; 633 141; 632 141; 632 163; 633 163; 635 165; 636 165; 639 168; 640 168; 644 172; 644 173; 649 178; 650 178; 653 181; 654 181; 655 182; 665 182; 668 179; 668 170; 672 166; 672 158; 671 158; 670 157; 666 157; 665 156; 663 156; 661 154; 660 154; 653 147; 653 146; 651 144; 651 143; 650 142; 650 141; 649 141; 648 140; 648 135
73; 419 147; 418 148; 418 156; 417 157; 405 157; 404 158; 404 166; 405 166; 406 167; 407 167; 408 168; 410 168; 412 170; 413 170; 415 172; 416 172; 420 176; 420 177; 421 178; 421 184; 420 185; 427 185; 429 187; 429 188; 444 188; 444 187; 445 186; 445 184; 446 183; 446 180; 447 179; 447 178; 449 176; 450 176; 451 175; 451 166; 450 166; 449 165; 448 165; 443 160; 442 160; 441 159; 438 159; 437 158; 436 158; 433 155; 433 154; 431 152; 431 151; 429 149; 429 148; 428 147
74; 954 145; 952 147; 952 148; 951 149; 946 149; 946 161; 947 161; 948 162; 948 163; 949 164; 949 175; 957 175; 958 176; 958 182; 962 186; 965 186; 966 187; 968 187; 970 189; 971 189; 973 191; 974 191; 975 190; 983 190; 984 189; 991 189; 992 188; 992 183; 993 182; 993 177; 994 176; 994 167; 991 164; 990 164; 984 158; 983 158; 982 157; 982 150; 970 150; 969 149; 962 149; 961 148; 960 148; 957 145
75; 599 153; 597 155; 597 161; 595 163; 594 163; 593 164; 593 171; 592 172; 591 172; 591 180; 593 182; 598 182; 599 183; 599 189; 602 192; 609 192; 612 195; 612 196; 626 196; 626 194; 627 193; 627 184; 628 183; 629 183; 630 182; 631 182; 631 174; 630 174; 626 170; 625 170; 622 167; 621 167; 620 166; 619 166; 614 161; 614 159; 608 153
76; 788 173; 788 189; 791 189; 793 191; 804 191; 805 192; 807 192; 808 191; 810 191; 810 180; 809 180; 808 179; 806 179; 805 178; 804 178; 799 173
77; 255 158; 254 159; 254 169; 253 170; 246 170; 246 183; 247 183; 251 187; 251 188; 256 193; 257 193; 258 194; 258 196; 259 197; 259 199; 260 200; 260 206; 262 206; 263 207; 265 207; 266 206; 272 206; 273 205; 275 205; 276 204; 278 204; 278 200; 279 199; 279 194; 280 193; 281 193; 283 191; 285 191; 286 190; 286 182; 285 181; 285 180; 284 180; 275 171; 274 171; 273 170; 273 168; 269 168; 268 167; 268 159; 267 158
78; 321 165; 320 166; 320 173; 319 174; 319 176; 317 178; 317 179; 316 180; 316 190; 318 192; 333 192; 334 193; 335 193; 336 194; 337 194; 339 196; 340 196; 342 198; 343 198; 344 199; 352 199; 353 198; 354 198; 356 196; 356 195; 357 194; 357 193; 359 191; 359 172; 358 171; 346 171; 345 170; 343 170; 342 169; 341 169; 340 168; 339 168; 338 167; 336 167; 335 166; 332 166; 331 165
79; 543 209; 542 242; 557 243; 555 226; 562 223; 565 213; 565 205; 559 204
80; 559 204; 557 197; 557 177; 561 167; 561 157; 556 155; 551 148; 534 149; 533 174; 529 181; 529 193; 524 194; 524 202; 526 206; 538 206; 543 209
81; 106 185; 105 168; 95 164; 79 163; 76 170; 62 186; 62 197; 66 197; 81 207
82; 81 207; 88 217; 95 218; 100 226; 108 226; 111 224; 116 215; 120 212; 124 212; 124 209; 129 205; 123 193; 117 185; 106 185
83; 1014 162; 1014 163; 1013 164; 1005 164; 1005 172; 1001 176; 995 176; 994 177; 994 182; 993 183; 993 188; 992 189; 992 197; 993 197; 994 198; 996 198; 998 200; 999 200; 1000 201; 1002 201; 1003 202; 1004 202; 1005 203; 1006 203; 1007 204; 1008 204; 1009 205; 1010 205; 1012 207; 1013 207; 1014 208; 1015 208; 1016 209; 1023 209; 1023 192; 1017 192; 1016 191; 1016 185; 1017 184; 1023 184; 1023 173; 1017 173; 1016 172; 1016 162
84; 725 167; 725 168; 724 169; 724 171; 723 172; 723 174; 721 176; 721 177; 717 181; 716 181; 715 182; 709 182; 709 185; 706 188; 705 188; 704 189; 704 197; 707 200; 708 200; 709 201; 715 201; 717 203; 717 211; 718 212; 718 213; 722 213; 723 214; 723 216; 724 216; 725 215; 726 215; 726 210; 727 209; 727 206; 730 203; 731 203; 731 194; 729 194; 728 193; 728 187; 731 184; 732 184; 733 183; 733 182; 734 181; 734 179; 735 178; 735 177; 736 176; 736 168; 734 168; 733 167
85; 847 186; 846 187; 841 187; 841 188; 842 189; 842 196; 840 198; 840 208; 839 209; 838 209; 839 210; 844 210; 846 212; 846 213; 847 214; 855 214; 855 212; 856 211; 863 211; 864 212; 864 213; 867 216; 867 217; 868 218; 868 222; 876 222; 878 220; 879 220; 880 219; 881 219; 881 211; 880 211; 876 207; 876 206; 874 204; 874 203; 873 202; 873 201; 871 199; 871 192; 872 191; 872 190; 871 189; 871 188; 865 188; 863 186
86; 393 178; 393 180; 392 181; 392 182; 391 183; 391 184; 390 185; 390 187; 389 188; 389 190; 388 191; 388 194; 387 195; 387 196; 386 197; 386 198; 385 199; 385 200; 384 201; 384 202; 383 203; 383 204; 382 205; 382 209; 381 210; 379 210; 379 211; 380 212; 380 213; 383 213; 384 214; 389 214; 390 215; 391 215; 392 216; 392 217; 393 217; 396 220; 404 220; 404 217; 405 216; 405 214; 406 213; 406 212; 407 211; 407 210; 408 209; 408 208; 409 207; 409 206; 410 205; 410 202; 411 201; 413 201; 414 200; 415 200; 417 198; 417 197; 419 195; 419 185; 404 185; 403 184; 403 178
87; 681 176; 680 177; 679 177; 678 178; 677 178; 676 179; 669 179; 666 182; 666 201; 665 202; 665 211; 666 212; 666 213; 668 215; 668 217; 669 218; 669 219; 677 219; 678 218; 678 217; 679 216; 695 216; 695 206; 694 205; 694 198; 693 197; 693 178; 691 176
88; 744 184; 743 185; 742 185; 741 186; 741 194; 744 197; 744 217; 750 217; 751 216; 753 216; 754 215; 772 215; 773 216; 781 216; 781 209; 782 208; 782 205; 783 204; 783 202; 784 201; 784 193; 774 193; 773 192; 769 192; 768 191; 766 191; 765 190; 763 190; 762 189; 762 188; 761 187; 759 187; 758 186; 757 186; 756 185; 754 185; 753 184
89; 588 190; 586 192; 586 195; 585 196; 582 196; 581 197; 579 197; 578 198; 577 198; 576 199; 575 199; 574 200; 573 200; 573 208; 574 208; 576 210; 577 210; 581 214; 582 214; 584 216; 585 216; 587 218; 588 218; 599 229; 607 229; 608 228; 610 228; 611 227; 612 227; 615 224; 615 223; 616 222; 616 221; 617 220; 617 209; 616 209; 615 208; 614 208; 612 206; 603 206; 602 205; 602 193; 599 190
90; 28 237; 20 237; 7 223; 0 221; 0 256; 4 256; 8 262; 24 261; 24 251; 30 248; 30 235
91; 30 189; 28 174; 20 174; 4 162; 0 162; 0 211; 19 209
92; 19 209; 20 223; 25 224; 29 230; 28 237; 30 235; 39 234; 47 224; 56 222; 59 198; 52 197; 51 187; 30 189
93; 471 199; 470 200; 470 211; 469 212; 469 214; 468 215; 468 216; 467 217; 467 220; 466 221; 466 224; 465 225; 465 227; 464 228; 464 237; 465 238; 480 238; 482 240; 490 240; 490 226; 491 225; 491 224; 492 223; 492 222; 494 220; 494 219; 496 217; 496 216; 497 215; 497 213; 498 212; 498 204; 497 203; 497 202; 496 201; 484 201; 483 200; 481 200; 480 199
94; 946 183; 946 188; 945 189; 945 191; 944 192; 944 194; 943 195; 943 199; 942 200; 942 202; 941 203; 941 205; 939 207; 939 208; 938 209; 938 210; 937 211; 937 212; 936 213; 936 220; 935 221; 938 224; 944 224; 945 225; 951 225; 954 228; 961 228; 961 227; 962 226; 962 225; 963 224; 963 223; 965 221; 965 220; 966 219; 966 208; 967 207; 968 207; 968 205; 969 204; 969 203; 971 201; 971 199; 972 198; 972 191; 971 190; 970 190; 968 188; 966 188; 965 187; 962 187; 958 183
95; 808 192; 807 193; 805 193; 805 205; 804 206; 800 206; 800 214; 801 215; 802 215; 807 220; 807 221; 808 222; 808 229; 810 231; 810 232; 811 233; 811 234; 813 236; 825 236; 825 234; 826 233; 826 231; 827 230; 827 229; 830 226; 832 226; 833 225; 835 225; 837 223; 837 211; 838 210; 837 209; 833 209; 831 207; 830 207; 822 199; 821 199; 819 197; 818 197; 816 195; 816 194; 815 193; 811 193; 810 192
96; 298 195; 294 199; 293 199; 285 207; 283 207; 283 231; 285 233; 285 239; 288 239; 289 240; 292 240; 293 239; 299 239; 301 241; 301 242; 302 243; 302 248; 304 248; 304 247; 305 246; 311 246; 311 241; 312 240; 312 238; 313 237; 313 233; 314 232; 314 230; 315 229; 322 229; 324 227; 324 222; 325 221; 325 210; 324 209; 324 208; 322 206; 322 205; 321 204; 321 203; 319 201; 312 201; 311 200; 310 200; 307 197; 307 196; 306 195
97; 175 202; 173 204; 172 204; 170 206; 170 207; 169 208; 169 209; 168 210; 168 211; 163 216; 162 216; 160 218; 159 218; 159 219; 155 223; 155 231; 157 233; 167 233; 168 234; 168 241; 176 241; 182 235; 189 235; 189 229; 191 227; 192 227; 193 226; 198 226; 199 225; 198 225; 197 224; 197 216; 196 216; 195 215; 194 215; 193 214; 192 214; 191 213; 190 213; 189 212; 188 212; 186 210; 186 206; 185 205; 185 204; 184 203; 184 202
98; 641 189; 639 191; 628 191; 628 193; 627 194; 627 201; 628 202; 628 204; 629 205; 629 206; 630 207; 630 226; 631 227; 632 227; 633 228; 634 228; 635 229; 644 229; 646 231; 647 231; 648 232; 660 232; 660 224; 659 223; 659 219; 658 218; 658 216; 657 215; 657 211; 649 211; 649 212; 648 213; 642 213; 641 212; 641 211; 640 210; 640 201; 642 199; 643 199; 644 198; 656 198; 656 190; 650 190; 649 189
99; 343 210; 342 211; 336 211; 334 213; 327 213; 326 212; 326 221; 325 222; 325 227; 322 230; 322 234; 329 234; 330 235; 331 235; 332 236; 332 237; 333 238; 350 238; 353 235; 354 235; 355 234; 356 234; 357 233; 367 233; 368 232; 371 232; 373 230; 373 227; 374 226; 374 221; 375 220; 375 219; 376 218; 376 214; 377 213; 379 213; 379 212; 378 211; 378 210; 365 210; 364 211; 352 211; 351 210
100; 429 205; 427 207; 427 208; 426 209; 426 211; 425 212; 425 213; 424 214; 424 215; 423 216; 423 218; 422 219; 422 220; 421 221; 421 222; 419 224; 419 225; 417 227; 417 228; 416 229; 416 238; 418 240; 419 240; 420 241; 423 241; 424 242; 425 242; 426 243; 426 249; 425 250; 425 252; 429 252; 430 253; 436 253; 437 254; 439 254; 439 245; 440 244; 440 239; 441 238; 441 237; 450 228; 450 227; 452 225; 452 224; 453 223; 453 214; 452 214; 451 213; 440 213; 438 211; 438 210; 437 209; 437 205
101; 897 187; 897 201; 896 202; 896 204; 895 205; 895 212; 894 213; 893 213; 893 214; 892 215; 892 216; 891 217; 891 219; 890 220; 890 229; 893 232; 894 232; 896 234; 897 234; 898 235; 903 235; 907 239; 914 239; 916 237; 917 237; 918 236; 919 236; 919 235; 920 234; 920 225; 919 224; 919 214; 920 213; 920 212; 922 210; 922 209; 923 208; 923 206; 924 205; 924 196; 923 196; 922 195; 920 195; 919 194; 916 194; 915 193; 908 193; 906 191; 906 190; 905 189; 905 187
102; 256 207; 254 209; 254 213; 253 214; 253 219; 252 220; 249 220; 246 223; 240 223; 239 222; 231 222; 231 223; 230 224; 230 225; 228 227; 228 236; 229 236; 230 237; 243 237; 244 238; 244 244; 252 244; 252 242; 253 241; 253 239; 254 238; 254 236; 255 235; 255 234; 256 233; 256 229; 257 228; 257 223; 258 222; 261 222; 261 221; 265 217; 265 208; 263 208; 262 207
103; 728 255; 723 260; 723 269; 732 276; 743 276; 746 274; 747 263
104; 747 263; 750 260; 766 259; 766 253; 768 252; 767 229; 755 227; 750 223; 750 218; 727 219; 725 216; 723 217; 723 221; 717 230; 717 245; 722 245; 728 248; 728 255
105; 773 224; 772 225; 771 225; 770 226; 770 228; 769 229; 768 229; 768 240; 769 241; 769 252; 775 252; 776 253; 779 253; 780 254; 783 254; 784 255; 794 255; 795 256; 797 256; 799 258; 807 258; 807 248; 809 246; 809 245; 812 242; 812 236; 810 234; 810 233; 809 232; 809 231; 807 229; 785 229; 784 228; 783 228; 781 226; 781 224
106; 128 216; 128 226; 129 227; 129 233; 128 234; 124 234; 123 235; 122 235; 121 236; 121 244; 122 245; 122 246; 124 248; 124 249; 125 250; 125 251; 130 256; 130 258; 131 259; 131 260; 132 261; 132 262; 133 263; 133 265; 134 266; 134 270; 142 270; 143 269; 148 269; 149 268; 150 268; 152 266; 153 266; 155 264; 156 264; 159 261; 159 253; 156 250; 155 250; 154 249; 154 248; 153 247; 153 246; 152 245; 152 244; 151 243; 151 242; 150 241; 150 240; 144 234; 144 232; 143 231; 143 220; 142 219; 141 219; 138 216
107; 933 222; 932 223; 930 223; 930 234; 928 236; 928 244; 925 247; 925 255; 926 255; 927 256; 929 256; 930 257; 932 257; 933 258; 935 258; 936 259; 939 259; 940 260; 943 260; 944 261; 958 261; 959 262; 959 263; 964 263; 965 262; 970 262; 970 255; 967 252; 967 239; 966 238; 965 238; 964 237; 955 237; 954 236; 954 229; 951 226; 945 226; 944 225; 938 225; 935 222
108; 1008 232; 1007 233; 979 233; 979 248; 980 249; 980 258; 981 259; 995 259; 996 260; 1001 260; 1002 261; 1003 261; 1004 262; 1005 262; 1006 263; 1008 263; 1009 264; 1009 273; 1010 274; 1010 284; 1011 285; 1011 296; 1014 296; 1015 295; 1023 295; 1023 232
109; 842 232; 840 234; 840 235; 835 240; 835 241; 834 242; 834 252; 833 253; 833 255; 832 256; 832 257; 831 258; 831 259; 830 260; 830 269; 831 269; 832 270; 834 270; 835 271; 841 271; 842 272; 843 272; 845 274; 853 274; 853 273; 856 270; 856 269; 857 268; 857 266; 858 265; 858 261; 859 260; 859 259; 860 258; 860 256; 861 255; 861 254; 862 253; 862 252; 863 251; 863 250; 864 249; 864 248; 865 247; 865 238; 864 237; 863 237; 861 235; 861 232
110; 888 229; 887 230; 885 230; 884 231; 884 240; 882 242; 876 242; 876 250; 882 256; 882 257; 883 258; 883 260; 884 261; 884 263; 886 265; 886 266; 889 269; 889 270; 891 272; 891 274; 892 275; 892 277; 902 277; 902 276; 903 275; 903 273; 904 272; 914 272; 915 273; 917 273; 917 263; 908 254; 908 252; 907 251; 907 240; 903 236; 898 236; 897 235; 896 235; 894 233; 893 233; 889 229
111; 58 217; 58 219; 57 220; 57 237; 56 238; 48 238; 48 239; 47 240; 47 242; 46 243; 46 244; 43 247; 43 255; 46 258; 48 258; 49 259; 49 267; 63 267; 64 266; 65 266; 66 265; 67 265; 67 264; 73 258; 73 250; 74 249; 74 247; 76 245; 76 244; 79 241; 80 241; 80 239; 82 237; 82 236; 83 235; 83 226; 72 226; 71 225; 71 217
112; 681 232; 680 233; 680 234; 679 235; 679 237; 678 238; 676 238; 675 239; 674 239; 670 243; 670 251; 671 251; 673 253; 674 253; 676 255; 677 255; 682 260; 682 261; 684 263; 684 269; 685 270; 686 270; 687 271; 689 271; 690 272; 703 272; 706 269; 706 263; 710 259; 712 259; 713 258; 714 258; 714 247; 710 247; 706 243; 705 243; 704 242; 703 242; 702 241; 700 241; 699 240; 695 240; 694 239; 694 236; 690 232
113; 200 225; 199 226; 200 227; 200 233; 196 237; 190 237; 190 249; 193 252; 193 253; 197 257; 197 264; 198 265; 198 267; 199 268; 199 269; 200 270; 206 270; 208 272; 209 272; 210 273; 219 273; 229 263; 229 252; 226 249; 226 248; 224 246; 224 245; 222 243; 222 242; 221 242; 218 239; 218 238; 216 236; 216 235; 215 234; 215 233; 214 232; 214 231; 213 230; 213 228; 210 225
114; 398 245; 398 247; 397 248; 397 249; 396 250; 396 251; 395 252; 395 256; 394 257; 394 259; 393 260; 393 264; 392 265; 392 266; 391 267; 391 268; 390 269; 390 270; 388 272; 388 281; 389 281; 390 282; 391 282; 394 285; 394 286; 395 287; 395 288; 396 288; 397 289; 412 289; 413 288; 413 286; 414 285; 414 276; 415 275; 415 273; 419 269; 419 268; 421 266; 421 265; 422 264; 422 253; 423 252; 424 252; 424 250; 419 250; 418 249; 416 249; 415 248; 412 248; 411 247; 410 247; 409 246; 407 246; 406 245
115; 275 240; 275 242; 274 243; 274 245; 270 249; 267 249; 267 251; 266 252; 266 264; 272 264; 274 266; 275 266; 277 268; 277 275; 282 280; 295 280; 295 279; 300 274; 301 274; 303 272; 303 271; 304 270; 304 268; 307 265; 308 265; 309 264; 309 256; 307 256; 306 255; 305 255; 304 254; 304 249; 302 249; 301 250; 294 250; 293 249; 293 247; 292 246; 292 241; 289 241; 288 240
116; 518 240; 518 241; 517 242; 517 247; 516 248; 516 252; 515 253; 514 253; 513 254; 513 255; 511 257; 511 259; 509 261; 509 262; 506 265; 506 275; 509 275; 510 276; 513 276; 516 279; 516 280; 518 282; 518 283; 527 283; 528 282; 528 280; 530 278; 530 277; 535 272; 535 271; 536 270; 536 268; 538 266; 538 265; 539 264; 540 264; 540 260; 541 259; 541 258; 544 255; 544 244; 543 243; 535 243; 533 241; 530 241; 529 240
117; 97 243; 95 245; 94 245; 93 246; 92 246; 91 247; 86 247; 86 257; 87 258; 87 270; 89 272; 89 273; 90 274; 90 283; 98 283; 98 282; 99 281; 106 281; 109 284; 109 287; 113 287; 114 286; 118 286; 118 281; 119 280; 120 280; 121 279; 121 271; 120 270; 118 270; 116 268; 116 266; 115 265; 115 264; 114 263; 114 260; 113 259; 113 256; 112 255; 112 243
118; 353 248; 352 249; 351 249; 350 250; 350 251; 342 259; 341 259; 340 260; 339 260; 338 261; 336 261; 335 262; 334 262; 332 264; 332 265; 329 268; 329 277; 330 277; 331 278; 333 278; 334 279; 335 279; 338 282; 339 282; 341 284; 341 285; 342 286; 350 286; 353 283; 354 283; 356 281; 357 281; 358 280; 358 279; 364 273; 365 273; 366 272; 367 272; 368 271; 369 271; 371 269; 372 269; 372 261; 369 258; 369 256; 368 255; 368 254; 367 253; 367 252; 366 251; 365 251; 364 250; 363 250; 361 248
119; 175 259; 175 260; 174 261; 174 262; 173 263; 173 264; 171 266; 171 267; 169 269; 169 270; 162 277; 162 278; 156 284; 155 284; 154 285; 154 290; 153 291; 151 291; 151 293; 152 294; 152 296; 169 296; 170 297; 170 304; 180 304; 180 301; 181 300; 181 298; 182 297; 182 285; 183 284; 198 284; 199 283; 199 270; 198 269; 198 268; 197 267; 197 265; 196 264; 190 264; 188 262; 187 262; 185 260; 184 260; 183 259
120; 437 255; 437 270; 438 271; 438 284; 439 285; 440 285; 441 286; 452 286; 453 285; 461 285; 462 284; 476 284; 476 275; 477 274; 477 261; 476 260; 468 260; 467 261; 456 261; 453 258; 447 258; 446 257; 440 257; 439 256; 439 255
121; 654 261; 651 264; 651 270; 649 272; 648 272; 647 273; 645 273; 644 274; 642 274; 642 282; 648 282; 649 283; 651 283; 653 285; 654 285; 655 286; 664 286; 665 287; 665 295; 666 295; 667 296; 668 296; 669 297; 679 297; 682 294; 683 294; 684 293; 685 293; 686 292; 687 292; 688 291; 688 287; 689 286; 689 284; 690 283; 690 273; 689 272; 687 272; 686 271; 685 271; 684 270; 676 270; 675 269; 674 269; 673 268; 672 268; 670 266; 669 266; 666 263; 665 263; 664 262; 663 262; 662 261
122; 241 305; 242 306; 243 306; 244 307; 244 308; 245 309; 246 309; 247 310; 248 310; 249 311; 251 311; 253 313; 259 313; 260 312; 266 312; 266 308; 269 305; 277 305; 277 298; 280 295; 281 295; 281 280; 276 275; 268 275; 267 274; 266 274; 265 273
123; 265 273; 265 260; 259 260; 258 259; 257 259; 253 255; 245 255; 240 260; 239 260; 238 261; 238 262; 236 264; 229 264; 219 274; 219 293; 220 294; 220 300; 222 302; 229 302; 231 304; 231 305; 241 305
124; 989 273; 989 277; 990 277; 991 278; 991 284; 990 285; 989 285; 989 288; 988 289; 986 289; 986 293; 989 293; 990 294; 990 295; 991 296; 991 297; 992 297; 993 298; 1006 298; 1007 297; 1010 297; 1010 285; 1009 284; 1009 274; 1008 273
125; 558 264; 556 266; 548 266; 547 267; 546 267; 546 272; 545 273; 545 281; 546 282; 547 282; 556 291; 557 291; 560 294; 561 294; 568 301; 568 302; 569 303; 578 303; 579 302; 582 302; 583 301; 583 300; 584 299; 584 297; 585 296; 585 293; 589 289; 589 281; 588 281; 580 273; 579 273; 578 272; 576 272; 575 271; 574 271; 571 268; 570 268; 566 264
126; 706 270; 703 273; 703 279; 700 282; 700 290; 703 293; 703 294; 704 295; 704 296; 705 297; 705 298; 711 304; 711 305; 714 308; 715 308; 716 309; 727 309; 728 310; 728 311; 738 311; 738 302; 740 300; 740 299; 741 298; 741 295; 742 294; 742 285; 736 285; 735 284; 733 284; 732 283; 732 277; 729 274; 728 274; 727 273; 726 273; 723 270
127; 965 263; 964 264; 959 264; 959 273; 958 274; 954 274; 953 275; 951 275; 951 284; 950 285; 950 294; 953 294; 954 295; 954 297; 955 298; 955 299; 956 300; 956 307; 955 308; 960 308; 961 309; 966 309; 967 308; 981 308; 982 307; 982 294; 983 293; 985 293; 985 289; 982 289; 981 288; 981 280; 982 279; 983 279; 983 278; 984 277; 988 277; 988 273; 986 273; 985 272; 985 269; 980 269; 978 267; 978 266; 971 266; 970 265; 970 263
128; 936 273; 935 274; 934 274; 933 275; 918 275; 917 274; 915 274; 915 283; 914 284; 914 288; 913 289; 912 289; 912 295; 916 295; 917 296; 917 297; 918 298; 918 303; 919 304; 919 307; 920 308; 920 314; 929 314; 930 313; 931 313; 932 312; 937 312; 938 311; 940 311; 941 310; 948 310; 947 310; 946 309; 946 295; 947 294; 949 294; 949 285; 950 284; 950 275; 947 275; 945 273
129; 606 283; 606 290; 594 299; 594 313; 598 317; 612 318; 613 310; 625 310; 639 303; 646 303; 646 295; 639 295; 631 292; 631 273; 625 272
130; 625 272; 626 265; 637 265; 638 253; 633 250; 630 243; 619 243; 608 262; 600 269; 600 277; 606 283
131; 757 295; 757 301; 755 304; 755 318; 757 322; 783 322; 784 324; 792 324; 792 312; 795 309; 795 294; 799 291; 799 282; 778 278
132; 778 278; 776 276; 776 261; 757 261; 759 277; 758 284; 754 286; 754 294; 757 295
133; 308 285; 304 289; 303 289; 303 290; 302 291; 301 291; 300 292; 299 292; 292 299; 292 300; 286 306; 277 306; 277 317; 290 317; 293 320; 293 321; 294 322; 294 323; 296 325; 304 325; 310 319; 311 319; 311 318; 315 314; 316 314; 317 313; 321 313; 322 312; 323 312; 327 308; 327 300; 325 298; 324 298; 321 295; 321 293; 320 292; 320 291; 319 290; 319 289; 316 286; 316 285
134; 814 276; 814 277; 813 278; 813 283; 812 284; 812 287; 811 288; 811 289; 810 290; 810 291; 809 292; 809 294; 808 295; 808 296; 807 297; 807 298; 806 299; 806 300; 805 301; 805 302; 804 303; 804 313; 805 313; 806 314; 807 314; 809 316; 809 317; 810 318; 812 318; 813 317; 823 317; 824 316; 836 316; 836 315; 834 313; 834 301; 835 300; 836 300; 836 298; 837 297; 837 296; 838 295; 841 295; 842 294; 840 294; 839 293; 839 283; 837 281; 831 281; 830 280; 828 280; 827 279; 826 279; 823 276
135; 114 287; 113 288; 109 288; 109 291; 107 293; 103 293; 103 302; 104 302; 105 303; 106 303; 107 304; 108 304; 109 305; 110 305; 111 306; 112 306; 113 307; 113 308; 115 310; 115 318; 114 319; 114 324; 115 325; 115 330; 121 330; 124 327; 124 326; 125 325; 125 324; 127 322; 127 314; 128 313; 129 313; 130 312; 131 312; 133 310; 133 309; 134 308; 140 308; 141 309; 142 309; 143 308; 144 308; 144 302; 145 301; 146 301; 147 300; 147 297; 148 296; 151 296; 151 294; 150 293; 150 291; 147 291; 146 290; 146 287; 129 287; 129 294; 128 295; 122 295; 121 294; 121 293; 118 290; 118 287
136; 530 293; 529 294; 529 295; 528 296; 528 300; 527 301; 527 302; 525 304; 524 304; 523 305; 522 305; 520 307; 520 315; 521 316; 522 316; 527 321; 529 321; 530 322; 532 322; 533 323; 535 323; 536 324; 537 324; 545 332; 554 332; 554 330; 555 329; 555 328; 556 327; 557 327; 560 324; 561 324; 562 323; 564 323; 565 322; 565 314; 564 314; 561 311; 560 311; 554 305; 551 305; 550 304; 550 301; 549 300; 548 300; 547 299; 546 299; 540 293
137; 898 288; 898 298; 897 299; 893 299; 893 307; 894 307; 895 308; 895 325; 896 326; 896 329; 901 329; 902 330; 907 330; 907 328; 908 327; 910 327; 910 314; 909 313; 909 296; 910 295; 911 295; 911 289; 907 289; 906 288
138; 362 294; 362 295; 361 296; 361 298; 360 299; 360 300; 359 301; 359 302; 357 304; 355 304; 354 305; 353 305; 350 308; 350 310; 349 311; 349 312; 348 313; 348 322; 349 322; 350 323; 358 323; 359 322; 359 321; 361 319; 361 318; 364 315; 364 314; 365 313; 365 312; 369 308; 369 307; 374 302; 374 294
139; 199 284; 198 285; 198 293; 195 296; 195 297; 191 301; 191 302; 190 303; 190 304; 189 305; 189 306; 187 308; 185 308; 185 326; 190 326; 191 327; 193 327; 195 329; 209 329; 209 328; 213 324; 213 323; 214 322; 214 316; 215 315; 215 313; 216 312; 216 311; 219 308; 219 307; 222 304; 222 303; 219 300; 219 294; 218 293; 218 284
140; 47 308; 30 308; 27 310; 27 320; 41 327; 38 348; 40 349; 40 367; 44 368; 54 363; 58 353; 71 340; 72 331
141; 72 331; 78 330; 76 291; 67 284; 63 268; 48 268; 47 277; 38 279; 38 287; 49 299; 49 306; 47 308
142; 881 289; 879 291; 879 294; 878 295; 862 295; 861 294; 858 294; 857 293; 847 293; 846 294; 843 294; 842 295; 844 295; 845 296; 845 314; 844 315; 844 333; 845 334; 845 335; 853 335; 853 334; 855 332; 871 332; 871 324; 872 323; 872 311; 874 309; 874 308; 876 306; 882 306; 883 307; 892 307; 892 299; 891 299; 890 298; 890 289
143; 387 306; 387 310; 386 311; 386 312; 383 315; 383 317; 382 318; 382 319; 381 320; 381 328; 384 331; 385 331; 386 332; 399 332; 400 333; 400 339; 404 343; 414 343; 414 335; 415 334; 415 333; 418 330; 419 330; 420 329; 420 328; 421 327; 421 326; 422 325; 422 324; 423 323; 423 315; 421 313; 420 313; 419 312; 412 312; 411 311; 409 311; 408 310; 407 310; 406 309; 403 309; 402 308; 398 308; 397 307; 396 307; 395 306
144; 647 303; 648 304; 648 312; 647 313; 646 313; 645 314; 644 314; 642 316; 642 326; 647 326; 648 327; 651 327; 652 328; 654 328; 655 329; 658 329; 659 330; 662 330; 664 332; 664 333; 665 334; 665 347; 667 347; 670 344; 673 344; 674 343; 676 343; 679 340; 679 333; 680 332; 680 329; 681 328; 681 327; 682 326; 682 325; 684 323; 684 310; 681 310; 680 309; 671 309; 671 316; 670 317; 662 317; 661 316; 660 316; 659 315; 659 304; 657 304; 656 303
145; 86 304; 85 305; 84 305; 83 306; 79 306; 79 330; 80 331; 81 331; 82 332; 82 333; 86 337; 86 338; 87 339; 87 344; 97 344; 97 343; 98 342; 99 342; 100 341; 101 341; 102 340; 110 340; 111 339; 111 338; 112 337; 112 331; 113 330; 114 330; 114 325; 113 324; 113 319; 108 319; 107 318; 106 318; 104 316; 103 316; 99 312; 99 311; 98 311; 97 310; 97 307; 96 307; 95 306; 95 304
146; 260 313; 259 314; 253 314; 253 319; 252 320; 239 320; 239 324; 242 327; 242 332; 243 333; 243 336; 246 339; 253 339; 254 340; 255 340; 260 345; 260 346; 261 347; 261 348; 262 349; 262 350; 264 352; 264 353; 265 354; 265 356; 273 356; 277 352; 278 352; 279 351; 279 349; 281 347; 287 347; 287 339; 285 337; 285 336; 282 333; 282 332; 281 331; 281 330; 276 325; 276 315; 267 315; 266 314; 266 313
147; 579 314; 578 315; 577 315; 577 326; 576 327; 576 335; 577 336; 577 342; 578 343; 578 352; 579 353; 580 352; 588 352; 589 351; 605 351; 605 340; 604 339; 604 331; 610 325; 610 323; 611 322; 611 321; 612 320; 612 319; 603 319; 602 318; 598 318; 594 314
148; 143 309; 142 310; 141 310; 141 317; 138 320; 137 320; 135 322; 129 322; 128 321; 128 322; 126 324; 126 325; 125 326; 125 327; 122 330; 122 344; 123 344; 124 345; 126 345; 132 351; 132 352; 133 353; 133 354; 134 355; 134 356; 135 357; 135 358; 136 359; 137 359; 139 357; 143 357; 144 356; 148 356; 149 355; 149 349; 151 347; 151 346; 154 343; 154 342; 156 340; 156 339; 157 338; 157 337; 158 336; 158 335; 160 333; 160 323; 158 323; 157 322; 155 322; 152 319; 151 319; 150 318; 150 317; 149 316; 149 309
149; 824 317; 823 318; 813 318; 812 319; 813 320; 813 326; 811 328; 809 328; 807 330; 807 331; 806 332; 804 332; 804 342; 807 342; 809 344; 809 346; 810 347; 810 354; 811 355; 811 361; 810 362; 809 362; 809 366; 821 366; 822 367; 822 368; 830 368; 831 367; 839 367; 839 358; 837 356; 837 348; 836 347; 836 317
150; 507 326; 506 327; 504 327; 503 328; 475 328; 475 337; 476 338; 476 339; 479 342; 479 351; 480 352; 480 354; 490 354; 491 353; 499 353; 500 352; 511 352; 512 353; 518 353; 519 352; 521 352; 521 345; 520 344; 520 343; 518 341; 518 331; 517 330; 517 329; 516 328; 516 327; 515 326
151; 954 309; 953 310; 949 310; 951 310; 952 311; 952 338; 956 342; 956 347; 957 348; 957 359; 958 358; 960 358; 963 355; 977 355; 978 354; 979 354; 980 353; 981 353; 981 338; 980 337; 980 335; 979 334; 979 332; 978 331; 978 327; 977 326; 977 320; 966 320; 965 319; 965 312; 966 311; 966 310; 961 310; 960 309
152; 327 323; 326 324; 325 324; 322 327; 321 327; 319 329; 318 329; 317 330; 316 330; 315 331; 314 331; 313 332; 311 332; 310 333; 309 333; 308 334; 306 334; 305 335; 303 335; 302 336; 302 344; 303 345; 303 360; 304 361; 304 362; 313 362; 313 361; 316 358; 317 358; 318 357; 321 357; 322 356; 324 356; 329 351; 330 351; 332 349; 333 349; 334 348; 336 348; 337 347; 343 347; 343 339; 342 338; 340 338; 338 336; 338 325; 337 324; 337 323
153; 728 312; 728 317; 726 319; 725 319; 724 320; 719 320; 718 321; 717 321; 715 323; 714 323; 713 324; 713 333; 714 334; 714 335; 716 337; 716 338; 717 339; 717 340; 719 340; 720 341; 720 348; 721 349; 721 351; 722 352; 722 353; 723 354; 723 355; 724 356; 724 360; 725 361; 725 360; 726 359; 733 359; 734 358; 735 358; 736 357; 743 357; 745 355; 745 354; 748 351; 749 351; 749 342; 747 340; 747 339; 746 338; 746 337; 744 335; 744 331; 743 330; 743 329; 742 328; 742 327; 740 325; 740 324; 739 323; 739 316; 738 315; 738 312
154; 784 325; 784 329; 781 332; 776 332; 775 333; 772 333; 771 334; 760 334; 760 357; 791 357; 792 356; 799 356; 799 344; 801 342; 803 342; 803 332; 800 332; 798 330; 797 330; 795 328; 795 327; 793 327; 792 326; 792 325
155; 238 324; 237 325; 230 325; 230 335; 229 336; 216 336; 216 342; 215 343; 212 343; 213 344; 216 344; 221 349; 221 350; 222 351; 222 352; 223 353; 223 354; 224 355; 224 357; 226 359; 226 361; 227 362; 227 369; 228 370; 228 371; 231 374; 231 375; 232 376; 240 376; 240 366; 241 365; 252 365; 254 363; 254 357; 250 353; 250 352; 249 351; 247 351; 246 350; 246 340; 242 336; 242 333; 241 332; 241 327
156; 625 329; 624 330; 624 331; 623 332; 623 336; 622 337; 622 338; 621 339; 621 341; 620 342; 620 343; 619 344; 619 346; 618 347; 618 348; 617 349; 617 350; 616 351; 616 352; 615 353; 615 355; 613 357; 613 358; 612 359; 612 367; 615 370; 622 370; 623 371; 623 373; 624 374; 624 376; 625 377; 637 377; 638 376; 638 367; 639 366; 639 364; 640 363; 640 360; 641 359; 641 357; 642 356; 642 355; 643 354; 643 353; 644 352; 644 351; 646 349; 646 348; 647 347; 647 339; 643 339; 642 338; 641 338; 637 334; 637 329
157; 178 327; 177 328; 177 329; 172 334; 172 335; 168 339; 168 347; 169 347; 172 350; 173 350; 174 351; 174 359; 176 361; 177 361; 181 365; 197 365; 199 363; 205 363; 206 362; 206 354; 209 351; 209 345; 210 344; 212 344; 211 343; 207 343; 205 341; 204 341; 203 340; 202 340; 201 339; 200 339; 199 338; 198 338; 197 337; 196 337; 195 336; 195 330; 193 328; 191 328; 190 327
158; 1012 376; 1000 377; 997 381; 998 392; 1002 392; 1006 399; 1014 399; 1016 395
159; 1016 395; 1023 394; 1023 327; 1015 327; 1011 321; 997 321; 996 329; 991 342; 989 360; 993 361; 996 365; 1009 365; 1013 368; 1012 376
160; 933 329; 932 330; 930 330; 929 331; 928 331; 927 332; 926 332; 925 333; 916 333; 916 343; 917 344; 917 347; 918 348; 918 350; 919 351; 919 353; 920 354; 920 358; 921 359; 921 370; 922 371; 943 371; 945 369; 946 369; 947 368; 949 368; 951 366; 951 365; 952 364; 952 362; 955 359; 956 359; 956 348; 955 347; 955 342; 951 338; 945 338; 943 336; 943 335; 942 334; 942 330; 941 329
161; 863 340; 862 341; 861 341; 858 344; 858 345; 857 346; 846 346; 846 355; 847 356; 847 359; 848 360; 848 383; 858 383; 860 385; 860 386; 868 386; 869 385; 869 384; 872 381; 872 380; 873 379; 873 374; 874 373; 876 373; 876 367; 873 367; 872 366; 872 354; 873 353; 874 353; 874 347; 873 346; 873 340
162; 87 345; 87 350; 86 351; 86 352; 84 354; 83 354; 82 355; 78 355; 77 356; 76 356; 76 365; 77 365; 78 366; 81 366; 82 367; 83 367; 85 369; 86 369; 87 370; 88 370; 89 371; 90 371; 91 372; 91 378; 93 380; 96 380; 97 381; 110 381; 111 382; 111 383; 113 383; 113 366; 114 365; 119 365; 119 355; 118 354; 116 354; 115 353; 114 353; 111 350; 98 350; 97 349; 97 345
163; 896 330; 896 332; 895 333; 895 336; 894 337; 894 339; 892 341; 885 341; 884 340; 884 336; 875 336; 875 339; 874 340; 874 346; 875 347; 875 353; 880 353; 881 354; 881 356; 882 357; 882 363; 880 365; 880 366; 879 367; 877 367; 877 373; 881 373; 886 378; 886 379; 887 380; 888 380; 889 381; 889 384; 889 382; 890 381; 899 381; 900 380; 903 380; 904 379; 908 379; 909 378; 910 378; 911 377; 912 377; 913 376; 913 367; 912 366; 912 363; 911 362; 911 360; 910 359; 910 357; 909 356; 909 350; 908 349; 908 347; 907 346; 907 331; 902 331; 901 330
164; 538 343; 535 346; 534 346; 534 352; 533 353; 519 353; 518 354; 516 354; 516 360; 514 362; 514 369; 513 370; 513 371; 514 372; 514 373; 518 373; 519 374; 520 374; 523 377; 523 378; 524 379; 525 379; 527 381; 528 381; 530 383; 538 383; 546 375; 546 374; 547 373; 547 372; 551 368; 551 367; 553 365; 553 364; 554 363; 554 362; 557 359; 557 351; 556 350; 554 350; 553 349; 552 349; 549 346; 549 345; 547 343
165; 149 356; 148 357; 144 357; 143 358; 139 358; 138 359; 138 366; 137 367; 136 367; 133 370; 133 371; 131 373; 131 384; 132 383; 147 383; 148 384; 148 392; 156 392; 157 391; 158 391; 165 384; 166 384; 171 379; 171 378; 174 375; 181 375; 181 366; 177 362; 176 362; 173 359; 172 360; 170 360; 169 361; 161 361; 160 360; 160 356
166; 651 376; 638 377; 638 384; 632 395; 631 405; 649 407; 659 412; 667 412; 668 402; 678 402; 681 400; 682 389
167; 682 389; 687 388; 687 366; 685 365; 685 359; 687 356; 691 356; 692 354; 689 352; 689 346; 684 341; 679 341; 676 344; 670 345; 668 347; 667 355; 657 355; 656 360; 652 365; 651 376
168; 693 353; 693 354; 692 355; 692 356; 693 356; 694 357; 694 364; 692 366; 688 366; 688 388; 690 388; 691 389; 692 389; 693 390; 694 390; 695 391; 695 404; 697 404; 698 405; 699 405; 700 406; 703 406; 704 405; 710 405; 712 407; 712 400; 713 399; 713 394; 714 393; 714 386; 716 384; 716 383; 720 379; 726 379; 727 378; 727 368; 725 366; 725 362; 724 361; 724 362; 723 363; 717 363; 716 362; 716 361; 715 360; 715 359; 710 354; 709 354; 708 353
169; 792 357; 791 358; 784 358; 784 364; 782 366; 772 366; 771 367; 761 367; 760 368; 760 376; 761 377; 761 384; 759 386; 758 386; 758 387; 757 388; 753 388; 753 398; 756 398; 757 399; 757 401; 761 401; 762 400; 766 400; 766 396; 768 394; 769 394; 770 393; 773 393; 774 392; 779 392; 780 391; 798 391; 799 392; 799 393; 805 393; 805 367; 806 366; 808 366; 808 362; 804 362; 803 361; 803 360; 801 358; 800 358; 799 357
170; 322 367; 322 368; 320 370; 320 371; 317 374; 316 374; 315 375; 314 375; 312 377; 312 385; 314 387; 314 388; 316 390; 324 390; 324 389; 325 388; 331 388; 333 390; 333 396; 332 397; 328 397; 328 405; 329 406; 339 406; 339 395; 340 394; 354 394; 354 386; 348 380; 347 380; 346 379; 345 379; 343 377; 342 377; 339 374; 338 374; 337 373; 336 373; 334 371; 333 371; 332 370; 332 369; 331 368; 331 367
171; 831 368; 830 369; 822 369; 822 374; 820 376; 819 376; 818 377; 816 377; 815 378; 815 387; 816 388; 816 390; 817 391; 827 391; 828 392; 828 398; 827 399; 818 399; 818 405; 819 406; 819 407; 821 409; 821 411; 822 412; 822 414; 824 416; 826 416; 827 415; 828 415; 829 414; 830 414; 832 412; 833 412; 834 411; 844 411; 845 410; 846 410; 847 409; 849 409; 849 400; 848 399; 848 397; 847 396; 847 394; 846 393; 846 384; 847 383; 847 373; 841 373; 840 372; 840 370; 839 369; 839 368
172; 195 374; 195 375; 194 376; 181 376; 181 388; 191 388; 192 389; 192 395; 194 397; 198 397; 199 398; 207 398; 207 390; 208 389; 212 389; 212 385; 211 385; 210 384; 210 378; 209 377; 208 377; 207 376; 205 376; 203 374
173; 254 364; 252 366; 252 376; 251 377; 251 378; 249 380; 249 383; 248 384; 248 387; 247 388; 237 388; 237 400; 236 401; 235 401; 236 402; 247 402; 247 401; 248 400; 248 395; 249 394; 255 394; 257 396; 271 396; 272 395; 275 395; 276 394; 280 394; 281 393; 285 393; 286 392; 296 392; 296 384; 294 382; 293 382; 292 381; 291 381; 290 380; 290 365; 279 365; 278 366; 276 366; 276 374; 275 375; 275 376; 274 377; 267 377; 266 376; 266 364
174; 17 352; 16 353; 16 354; 14 356; 14 358; 13 359; 13 362; 7 368; 6 368; 5 369; 5 378; 6 379; 8 379; 9 380; 10 380; 11 381; 12 381; 13 382; 14 382; 18 386; 19 386; 21 388; 22 388; 23 389; 23 395; 25 397; 26 397; 27 398; 39 398; 44 393; 44 386; 48 382; 48 374; 47 373; 47 369; 44 369; 43 368; 40 368; 40 370; 39 371; 37 371; 37 374; 36 375; 30 375; 28 373; 27 373; 26 372; 26 366; 27 365; 32 365; 32 357; 31 356; 30 356; 26 352
175; 578 353; 577 354; 571 354; 571 356; 570 357; 570 358; 567 361; 567 363; 566 364; 566 365; 564 367; 564 368; 562 370; 562 371; 560 373; 560 374; 556 378; 556 379; 554 381; 554 398; 557 401; 561 401; 562 402; 567 402; 569 404; 582 404; 586 400; 586 396; 587 395; 587 389; 590 386; 590 379; 591 378; 591 377; 592 376; 592 366; 591 365; 589 365; 588 364; 586 364; 585 363; 582 363; 579 360; 579 354
176; 68 377; 57 388; 56 388; 54 390; 54 392; 53 393; 45 393; 39 399; 39 408; 40 409; 41 408; 52 408; 53 409; 53 414; 54 415; 63 415; 64 414; 64 411; 65 410; 71 410; 72 409; 73 409; 74 408; 95 408; 96 409; 97 409; 98 410; 99 410; 100 411; 108 411; 108 402; 109 401; 109 395; 104 395; 103 394; 103 382; 97 382; 96 381; 93 381; 91 379; 79 379; 77 377
177; 496 364; 495 365; 495 366; 491 370; 486 370; 485 371; 484 371; 482 373; 482 383; 483 384; 483 385; 484 386; 484 387; 485 388; 485 389; 486 390; 488 390; 489 391; 489 408; 490 409; 490 410; 491 411; 491 413; 495 413; 496 414; 500 414; 500 412; 501 411; 501 410; 503 408; 507 408; 508 407; 509 407; 514 402; 516 402; 516 401; 519 398; 519 390; 516 387; 516 386; 513 383; 513 382; 511 380; 511 374; 512 373; 513 373; 513 372; 512 371; 512 370; 507 370; 506 369; 506 367; 505 366; 505 364
178; 111 384; 111 394; 110 395; 110 401; 115 401; 116 402; 116 414; 126 414; 129 411; 131 411; 132 410; 135 410; 135 409; 136 408; 136 407; 134 407; 133 406; 133 401; 132 400; 132 392; 131 391; 131 385; 131 386; 130 387; 124 387; 123 386; 114 386; 113 385; 113 384
179; 987 381; 981 387; 980 387; 979 388; 977 388; 976 389; 971 389; 970 390; 968 390; 967 391; 965 391; 964 392; 963 392; 962 393; 954 393; 954 401; 953 402; 953 421; 965 421; 966 420; 969 420; 972 417; 973 417; 974 416; 977 416; 978 415; 980 415; 981 414; 983 414; 984 413; 988 413; 989 412; 993 412; 993 404; 992 403; 992 397; 995 394; 995 393; 996 392; 997 392; 997 387; 996 386; 996 381
180; 728 377; 728 378; 727 379; 727 392; 726 393; 715 393; 714 394; 714 399; 713 400; 713 408; 714 409; 714 411; 718 411; 719 412; 721 412; 722 413; 722 414; 723 415; 723 419; 724 420; 724 421; 732 421; 738 415; 738 412; 739 411; 739 409; 741 407; 741 406; 749 398; 752 398; 752 388; 748 388; 746 386; 746 385; 745 384; 745 382; 744 381; 743 381; 742 380; 741 380; 740 379; 739 379; 738 378; 737 378; 736 377
181; 178 396; 178 397; 176 399; 176 401; 175 402; 175 408; 182 415; 207 415; 207 413; 206 413; 205 412; 205 402; 206 401; 206 399; 199 399; 198 398; 194 398; 192 396
182; 592 426; 595 430; 595 438; 600 443; 606 443; 608 447; 615 447; 620 442; 621 422; 627 416; 628 406; 630 405; 624 404; 621 401
183; 621 401; 618 395; 617 388; 604 388; 602 386; 591 386; 588 389; 587 400; 583 404; 583 412; 577 419; 577 421; 585 427; 592 426
184; 889 385; 889 387; 888 388; 881 388; 876 393; 875 393; 875 394; 873 396; 873 401; 872 402; 872 403; 867 408; 866 408; 865 409; 863 409; 860 412; 860 423; 861 424; 863 424; 864 425; 875 425; 880 430; 889 430; 890 429; 890 428; 891 427; 891 426; 892 425; 892 424; 893 423; 893 422; 894 421; 894 420; 896 418; 896 417; 898 415; 898 414; 899 413; 899 412; 900 411; 900 403; 901 402; 908 402; 908 394; 900 394; 900 402; 899 403; 890 403; 889 402
185; 218 384; 217 385; 213 385; 213 389; 214 389; 215 390; 215 406; 214 407; 214 409; 213 410; 213 412; 212 413; 208 413; 208 415; 209 415; 210 416; 210 426; 212 426; 213 427; 215 427; 215 426; 216 425; 225 425; 226 426; 237 426; 237 421; 238 420; 238 411; 234 411; 232 409; 232 403; 233 402; 235 402; 234 401; 230 401; 226 397; 226 384
186; 10 396; 10 408; 9 409; 0 409; 0 422; 3 422; 4 423; 5 423; 11 429; 26 429; 28 431; 29 431; 32 428; 37 428; 38 427; 42 427; 45 424; 45 423; 44 422; 44 420; 43 419; 43 418; 42 417; 42 416; 41 416; 40 415; 40 410; 39 409; 38 410; 32 410; 27 405; 27 399; 26 398; 25 398; 23 396
187; 546 399; 546 402; 544 404; 544 405; 542 407; 542 408; 540 410; 540 411; 539 412; 539 414; 538 415; 538 416; 537 417; 537 418; 536 419; 536 420; 534 422; 534 423; 531 426; 531 428; 530 429; 529 429; 529 437; 533 437; 534 438; 534 442; 544 442; 544 440; 545 439; 554 439; 555 438; 555 437; 556 436; 557 436; 557 434; 559 432; 560 432; 560 431; 562 429; 562 428; 563 427; 568 427; 568 425; 569 424; 569 422; 568 421; 568 415; 569 414; 569 405; 567 403; 562 403; 561 402; 557 402; 554 399
188; 292 400; 292 406; 291 407; 286 407; 285 408; 283 408; 283 409; 282 410; 282 419; 283 420; 283 421; 286 424; 286 430; 285 431; 277 431; 276 432; 276 440; 278 440; 279 441; 280 441; 281 442; 282 442; 283 443; 290 443; 291 444; 291 433; 292 432; 298 432; 304 438; 305 438; 307 440; 307 443; 317 443; 318 442; 318 441; 319 440; 319 432; 320 431; 321 431; 322 430; 323 430; 324 429; 324 419; 323 418; 322 418; 320 416; 320 415; 319 414; 311 414; 310 413; 310 403; 309 402; 309 401; 308 400
189; 799 394; 799 398; 798 399; 797 399; 796 400; 794 400; 793 401; 793 402; 791 404; 790 404; 789 405; 786 405; 786 413; 788 415; 788 418; 789 419; 789 428; 788 429; 788 435; 794 435; 795 436; 795 437; 796 438; 796 441; 798 441; 798 440; 799 439; 808 439; 809 438; 816 438; 817 437; 817 436; 819 434; 820 434; 821 433; 822 433; 823 432; 823 418; 824 417; 821 414; 821 412; 820 411; 820 409; 818 407; 818 406; 811 406; 810 405; 810 404; 809 403; 809 401; 808 400; 808 397; 806 397; 805 396; 805 394
190; 762 401; 761 402; 757 402; 757 415; 756 416; 746 416; 746 425; 748 427; 748 429; 750 429; 755 434; 755 435; 757 437; 757 438; 763 444; 763 445; 764 446; 764 453; 772 453; 772 452; 773 451; 773 446; 774 445; 774 444; 775 443; 783 443; 784 444; 785 444; 786 443; 787 443; 787 429; 782 429; 781 428; 781 427; 780 426; 780 425; 777 425; 776 424; 776 411; 775 410; 775 407; 773 407; 772 406; 768 406; 767 405; 767 403; 766 402; 766 401
191; 144 405; 143 406; 141 406; 140 407; 137 407; 137 408; 136 409; 136 410; 138 410; 139 411; 139 419; 138 420; 138 421; 137 422; 137 439; 136 440; 134 440; 134 442; 137 442; 141 446; 141 448; 152 448; 153 447; 164 447; 164 439; 165 438; 165 424; 166 423; 181 423; 181 415; 174 408; 154 408; 153 407; 153 406; 152 405
192; 393 407; 392 408; 392 409; 390 411; 390 413; 389 414; 389 415; 386 418; 381 418; 380 419; 379 419; 377 421; 377 429; 381 433; 381 434; 384 437; 385 437; 392 444; 392 445; 394 447; 394 448; 396 450; 396 454; 407 454; 407 453; 408 452; 408 446; 409 445; 419 445; 419 435; 404 435; 403 434; 403 433; 400 430; 400 423; 401 422; 406 422; 406 414; 405 413; 405 412; 403 410; 403 409; 401 407
193; 491 414; 491 417; 490 418; 489 418; 488 419; 482 419; 481 420; 481 436; 480 437; 480 448; 482 450; 486 450; 487 451; 497 451; 497 443; 496 443; 495 442; 495 436; 496 435; 503 435; 503 421; 502 421; 500 419; 500 415; 496 415; 495 414
194; 513 420; 512 421; 504 421; 504 435; 505 435; 506 436; 506 445; 520 445; 520 439; 521 438; 523 438; 524 437; 528 437; 528 429; 524 429; 521 426; 521 420
195; 691 405; 684 412; 684 413; 683 414; 677 414; 676 413; 676 410; 668 410; 668 419; 670 419; 671 418; 680 418; 681 419; 681 425; 677 429; 674 429; 674 432; 673 433; 673 436; 674 436; 675 437; 675 442; 681 442; 682 443; 682 449; 683 450; 684 450; 687 453; 687 454; 689 456; 697 456; 701 452; 707 452; 707 445; 708 444; 708 429; 709 428; 709 427; 710 426; 710 416; 704 416; 703 415; 702 415; 700 413; 700 407; 699 406; 698 406; 697 405
196; 46 424; 42 428; 38 428; 37 429; 32 429; 29 432; 31 434; 31 445; 30 446; 30 448; 35 448; 36 449; 36 450; 37 451; 37 452; 38 453; 39 453; 40 454; 41 454; 42 455; 44 455; 46 457; 49 457; 50 458; 50 466; 49 467; 42 467; 42 472; 41 473; 41 478; 42 478; 43 479; 43 485; 41 487; 39 487; 39 492; 45 498; 52 498; 53 499; 53 485; 54 484; 60 484; 62 486; 62 485; 63 484; 63 478; 64 477; 64 474; 66 472; 66 471; 67 470; 67 464; 73 458; 75 458; 76 457; 76 449; 75 448; 74 448; 66 440; 65 440; 63 438; 62 438; 58 434; 58 433; 57 432; 57 431; 56 430; 56 428; 55 427; 55 426; 48 426
197; 654 422; 653 421; 652 421; 649 418; 648 418; 647 417; 644 417; 643 416; 641 416; 640 415; 628 415; 628 416; 622 422; 622 430; 621 431; 621 442; 616 447; 616 457; 658 457; 658 456; 664 450; 664 448; 665 447; 665 445; 666 444; 666 438
198; 109 425; 104 430; 101 430; 100 431; 95 431; 95 432; 94 433; 87 433; 87 441; 91 441; 92 442; 92 448; 90 450; 90 458; 98 458; 99 457; 101 457; 102 456; 105 456; 106 455; 113 455; 114 454; 120 454; 121 453; 125 453; 126 452; 130 452; 130 443; 131 442; 133 442; 133 440; 130 440; 129 439; 128 439; 126 437; 125 437; 124 436; 122 436; 121 435; 121 425
199; 210 427; 210 428; 209 429; 207 429; 205 431; 198 431; 195 428; 184 428; 184 430; 183 431; 183 440; 184 441; 184 446; 185 447; 185 471; 186 472; 194 472; 195 471; 202 471; 203 472; 211 472; 212 471; 215 471; 215 463; 213 463; 211 461; 211 451; 212 450; 212 448; 213 447; 213 441; 214 440; 214 439; 215 438; 215 428; 213 428; 212 427
200; 859 423; 858 424; 856 424; 855 425; 851 425; 850 426; 848 426; 847 427; 842 427; 842 441; 843 442; 843 455; 842 456; 842 465; 855 465; 856 464; 857 464; 858 463; 872 463; 873 464; 873 465; 874 465; 875 464; 876 464; 876 454; 875 453; 875 452; 874 451; 874 450; 873 449; 873 445; 872 444; 872 442; 870 440; 870 439; 868 437; 868 436; 867 435; 867 428; 868 427; 868 426; 864 426; 863 425; 861 425
201; 434 434; 433 435; 433 436; 431 438; 431 439; 429 441; 429 442; 428 443; 428 447; 427 448; 420 448; 420 461; 424 461; 425 462; 425 475; 427 477; 438 477; 440 475; 440 474; 442 472; 442 471; 444 469; 444 468; 445 467; 445 466; 450 461; 450 460; 451 459; 451 458; 452 457; 452 456; 453 455; 454 455; 458 451; 458 443; 457 442; 457 441; 455 441; 454 440; 453 440; 452 439; 450 439; 448 437; 447 437; 444 434
202; 735 434; 734 435; 733 435; 732 436; 727 436; 726 437; 709 437; 709 444; 708 445; 708 454; 709 455; 709 456; 710 457; 710 459; 711 460; 711 461; 712 462; 712 463; 713 464; 713 465; 714 466; 714 470; 732 470; 732 468; 737 463; 738 463; 742 459; 744 459; 745 458; 749 458; 750 457; 752 457; 753 456; 753 448; 752 447; 751 447; 750 446; 748 446; 747 445; 746 445; 744 443; 744 441; 743 440; 743 434
203; 576 421; 575 422; 570 422; 570 424; 569 425; 569 427; 570 428; 570 438; 569 439; 567 439; 564 442; 563 442; 563 450; 570 457; 570 458; 571 459; 571 461; 572 462; 572 468; 575 471; 577 471; 578 472; 580 472; 583 475; 598 475; 598 474; 599 473; 599 465; 602 462; 606 462; 606 458; 603 458; 602 457; 602 453; 601 453; 600 452; 600 451; 599 450; 599 443; 594 438; 588 438; 586 436; 586 435; 585 435; 584 434; 584 427; 582 425; 581 425; 579 423; 578 423
204; 291 445; 291 450; 290 451; 275 451; 274 450; 266 450; 266 459; 271 464; 272 464; 273 465; 274 465; 275 466; 278 466; 279 467; 281 467; 282 468; 284 468; 285 469; 286 469; 287 470; 288 470; 290 472; 291 472; 292 473; 300 473; 300 472; 303 469; 303 468; 305 466; 310 466; 309 466; 308 465; 308 452; 307 452; 306 451; 305 451; 304 450; 304 447; 292 447; 291 446
205; 360 436; 360 437; 358 439; 350 439; 350 443; 348 445; 346 445; 345 446; 342 446; 342 454; 344 456; 345 456; 349 460; 349 461; 350 462; 351 462; 356 467; 356 468; 358 470; 358 471; 360 473; 361 473; 367 479; 378 479; 378 473; 379 472; 386 472; 388 470; 388 469; 389 468; 391 468; 391 457; 387 457; 386 456; 385 456; 384 455; 384 454; 379 449; 375 449; 374 448; 374 443; 371 440; 371 439; 370 438; 370 437; 369 436
206; 796 442; 796 444; 795 445; 788 445; 787 444; 786 444; 785 445; 784 445; 784 452; 783 453; 783 456; 782 457; 782 459; 781 460; 781 461; 780 462; 780 463; 778 465; 778 466; 777 467; 777 468; 776 469; 776 470; 775 471; 775 472; 770 477; 770 478; 769 479; 769 485; 768 486; 768 487; 767 488; 767 489; 779 489; 780 490; 788 490; 791 493; 793 493; 793 492; 796 489; 796 488; 797 487; 797 486; 798 485; 798 484; 800 482; 800 481; 802 479; 802 478; 803 477; 803 476; 804 475; 804 473; 810 467; 810 466; 811 465; 811 455; 808 452; 808 450; 807 449; 801 449; 798 446; 798 442
207; 153 448; 152 449; 141 449; 141 452; 140 453; 134 453; 134 462; 136 464; 136 468; 137 468; 138 469; 138 482; 147 482; 148 481; 149 481; 150 480; 151 480; 152 479; 159 479; 160 480; 161 480; 163 482; 164 482; 166 484; 166 486; 174 486; 174 483; 176 481; 176 480; 177 479; 177 471; 176 470; 176 469; 175 468; 175 452; 174 451; 165 451; 164 450; 164 448
208; 534 443; 534 447; 532 449; 532 450; 531 451; 530 451; 520 461; 515 461; 515 466; 514 467; 514 477; 524 477; 527 480; 527 485; 529 487; 544 487; 544 486; 545 485; 545 484; 546 483; 546 482; 548 480; 548 471; 549 470; 549 469; 550 468; 550 467; 554 463; 554 454; 552 454; 550 452; 549 452; 548 451; 548 450; 544 446; 544 443
209; 242 440; 242 441; 239 444; 227 444; 227 461; 226 462; 220 462; 219 463; 216 463; 216 471; 219 471; 221 473; 221 480; 237 480; 239 482; 240 482; 241 483; 250 483; 250 482; 251 481; 251 462; 252 461; 252 443; 251 442; 251 441; 250 440
210; 607 458; 607 462; 608 462; 609 463; 609 466; 610 467; 610 477; 612 477; 614 479; 614 493; 616 493; 616 492; 617 491; 635 491; 636 492; 637 492; 640 495; 641 495; 642 496; 644 496; 645 497; 655 497; 656 496; 657 496; 657 495; 658 494; 661 494; 661 488; 659 488; 658 487; 658 481; 657 480; 657 468; 656 467; 656 460; 657 459; 657 458
211; 12 442; 11 443; 9 443; 8 444; 7 444; 5 446; 5 447; 4 448; 4 449; 3 450; 0 450; 0 465; 3 465; 8 470; 8 480; 14 480; 16 482; 16 483; 17 484; 26 484; 27 483; 27 481; 28 480; 28 479; 29 478; 40 478; 40 473; 41 472; 41 467; 40 467; 39 466; 39 465; 38 464; 30 464; 30 465; 29 466; 23 466; 21 464; 21 458; 22 457; 28 457; 28 449; 29 448; 29 446; 24 446; 20 442
212; 485 460; 484 461; 484 462; 483 463; 482 463; 479 466; 478 466; 476 468; 471 468; 471 479; 475 483; 475 484; 477 486; 477 487; 478 488; 478 489; 479 490; 479 491; 482 494; 483 494; 487 498; 488 498; 490 500; 491 500; 494 503; 494 509; 495 508; 504 508; 506 506; 506 501; 507 500; 507 498; 508 497; 508 495; 512 491; 512 480; 507 480; 503 476; 503 475; 502 474; 502 472; 501 471; 501 464; 500 463; 499 463; 498 462; 497 462; 496 461; 495 461; 494 460
213; 317 464; 315 466; 311 466; 312 467; 312 473; 311 474; 311 476; 310 477; 310 481; 309 482; 309 483; 308 484; 308 485; 306 487; 306 488; 305 489; 305 490; 303 492; 303 501; 304 502; 308 502; 309 503; 310 503; 312 505; 313 505; 314 506; 315 506; 317 508; 325 508; 326 507; 326 505; 327 504; 327 500; 328 499; 328 498; 332 494; 333 494; 335 492; 336 492; 336 491; 338 489; 338 487; 341 484; 341 475; 340 474; 339 474; 338 473; 336 473; 335 472; 331 472; 328 469; 328 468; 327 467; 327 466; 325 464
214; 561 469; 561 470; 558 473; 558 476; 557 477; 557 479; 556 480; 549 480; 547 482; 547 483; 546 484; 546 485; 545 486; 545 487; 544 488; 544 489; 545 490; 545 491; 547 493; 548 493; 549 494; 550 494; 551 495; 552 495; 553 496; 554 496; 555 497; 557 497; 563 503; 564 503; 565 504; 566 504; 570 508; 570 509; 571 510; 581 510; 581 499; 582 498; 594 498; 594 485; 586 485; 585 484; 584 484; 583 483; 583 476; 580 473; 578 473; 577 472; 575 472; 572 469
215; 402 467; 401 468; 400 468; 399 469; 399 470; 398 471; 396 471; 396 476; 395 477; 395 483; 394 484; 394 492; 393 493; 393 500; 394 501; 394 508; 399 508; 400 509; 400 511; 410 511; 411 510; 412 510; 414 508; 414 507; 415 506; 415 504; 417 502; 417 501; 418 500; 418 499; 424 493; 424 492; 427 489; 427 488; 428 487; 428 478; 427 478; 425 476; 414 476; 413 475; 413 467
216; 714 471; 714 475; 713 476; 703 476; 703 484; 705 486; 705 490; 706 491; 706 498; 707 498; 709 496; 715 496; 716 497; 716 505; 726 505; 727 504; 729 504; 730 503; 733 503; 734 502; 735 502; 736 501; 744 501; 748 497; 748 496; 749 495; 749 494; 753 490; 753 480; 752 479; 752 478; 751 477; 751 476; 750 475; 750 474; 741 474; 740 475; 733 475; 732 474; 732 471
217; 669 474; 668 475; 667 475; 667 476; 666 477; 666 487; 665 488; 662 488; 662 494; 664 494; 665 495; 665 497; 666 497; 672 503; 685 503; 686 504; 686 511; 698 511; 698 509; 702 505; 702 504; 703 503; 703 502; 706 499; 705 498; 705 491; 704 490; 704 486; 702 484; 695 484; 694 483; 693 483; 691 481; 690 481; 687 478; 686 478; 682 474
218; 1004 479; 1003 480; 1002 480; 1001 481; 1000 481; 998 483; 998 484; 997 485; 987 485; 987 493; 993 499; 993 500; 994 501; 994 502; 996 504; 996 506; 997 507; 997 508; 998 509; 998 510; 999 511; 999 513; 1000 514; 1000 517; 1001 518; 1001 519; 1002 520; 1002 521; 1004 523; 1013 523; 1014 524; 1016 524; 1017 525; 1023 525; 1023 486; 1018 486; 1017 485; 1016 485; 1015 484; 1015 483; 1014 482; 1014 479
219; 166 487; 166 490; 165 491; 159 491; 158 492; 156 492; 155 493; 138 493; 137 492; 134 492; 134 496; 133 497; 133 502; 134 503; 138 503; 139 504; 140 504; 141 505; 141 518; 160 518; 161 519; 161 522; 165 522; 166 523; 170 523; 170 520; 171 519; 175 519; 176 518; 178 518; 179 517; 181 517; 182 516; 183 516; 183 508; 182 507; 182 506; 179 503; 179 501; 178 500; 178 490; 175 490; 174 489; 174 487
220; 257 490; 256 491; 256 506; 255 507; 247 507; 245 509; 244 509; 243 510; 243 511; 242 512; 242 524; 244 524; 245 525; 248 525; 249 526; 262 526; 263 527; 263 530; 272 530; 276 526; 276 524; 277 523; 277 519; 278 518; 278 515; 279 514; 279 513; 280 512; 280 510; 281 509; 281 506; 282 505; 282 496; 275 496; 274 495; 274 494; 273 493; 273 492; 271 490
221; 520 498; 519 499; 519 507; 520 508; 520 513; 521 514; 521 515; 522 516; 531 516; 532 517; 534 517; 536 519; 537 519; 538 520; 539 520; 540 521; 541 521; 545 525; 558 525; 559 524; 559 517; 558 516; 557 516; 555 514; 554 514; 553 513; 551 513; 550 512; 548 512; 547 511; 546 511; 545 510; 544 510; 542 508; 540 508; 539 507; 538 507; 537 506; 536 506; 535 505; 534 505; 532 503; 531 503; 530 502; 530 501; 528 499; 528 498
222; 754 490; 750 494; 750 495; 749 496; 749 497; 745 501; 745 515; 746 516; 746 518; 748 520; 749 520; 751 522; 751 528; 754 531; 761 531; 762 532; 775 532; 782 525; 788 525; 789 526; 789 535; 791 537; 791 538; 792 539; 804 539; 804 531; 803 530; 802 530; 800 528; 799 528; 798 527; 791 527; 790 526; 790 514; 787 514; 786 513; 786 507; 788 505; 789 505; 790 504; 790 493; 788 491; 780 491; 779 490; 766 490; 764 492; 758 492; 756 490
223; 821 493; 821 496; 820 497; 807 497; 807 499; 806 500; 806 508; 810 512; 810 513; 811 514; 811 515; 812 516; 812 517; 824 529; 824 530; 827 533; 837 533; 839 531; 839 529; 840 528; 840 525; 843 522; 852 522; 852 520; 853 519; 853 517; 851 517; 850 516; 850 514; 848 512; 848 511; 845 508; 844 508; 842 506; 840 506; 839 505; 838 505; 835 502; 834 502; 832 500; 832 499; 831 498; 831 497; 830 496; 830 495; 829 494; 829 493
224; 873 486; 864 499; 860 514; 857 517; 854 517; 853 522; 855 522; 859 527; 859 531; 872 531; 873 542; 881 542; 883 539; 901 539; 899 514; 894 513; 894 492; 889 492; 887 489
225; 887 489; 887 483; 892 482; 892 474; 888 472; 887 468; 877 468; 875 465; 873 466; 873 486
226; 614 494; 614 496; 613 497; 608 497; 606 499; 606 500; 605 501; 605 505; 602 508; 593 508; 593 516; 594 517; 594 518; 595 519; 595 521; 599 525; 599 526; 600 527; 601 527; 602 528; 602 529; 603 530; 603 536; 604 537; 604 539; 608 543; 608 547; 615 547; 621 541; 621 535; 622 534; 633 534; 634 533; 634 524; 633 523; 633 522; 623 512; 623 511; 622 510; 622 509; 621 508; 621 506; 620 505; 620 504; 619 503; 619 502; 617 500; 617 499; 616 498; 616 494
227; 386 493; 385 494; 379 494; 378 495; 365 495; 364 496; 364 500; 363 501; 363 502; 362 503; 362 509; 361 510; 358 510; 358 512; 357 513; 357 516; 356 517; 356 520; 355 521; 355 536; 380 536; 381 535; 381 533; 382 532; 382 530; 383 529; 383 528; 384 527; 384 526; 385 525; 385 518; 386 517; 386 516; 387 515; 387 514; 388 513; 388 512; 391 509; 392 509; 393 508; 393 501; 392 500; 392 493
228; 44 529; 56 527; 61 521; 67 520; 66 501; 53 500; 53 506; 46 507; 44 498; 39 493; 28 493; 26 503
229; 26 503; 17 503; 11 492; 7 491; 7 478; 0 478; 0 510; 8 513; 8 519; 4 523; 4 531; 9 535; 8 543; 0 543; 0 557; 7 554; 8 543; 22 543; 26 547; 26 551; 43 549; 44 529
230; 80 522; 71 523; 68 535; 68 551; 74 564; 85 553; 91 553
231; 124 545; 136 540; 139 531; 137 521; 130 518; 123 508; 80 515
232; 80 515; 80 522; 91 553; 96 564; 103 568; 110 562; 121 561; 127 555; 124 545
233; 84 470; 67 471; 63 487; 67 493; 67 511; 80 515; 123 508; 123 502
234; 123 502; 132 502; 133 496; 129 472; 123 462; 96 467; 84 470
235; 672 514; 669 517; 667 517; 666 518; 666 519; 665 520; 665 521; 661 525; 660 525; 659 526; 658 526; 655 529; 654 529; 653 530; 649 530; 649 542; 656 549; 656 556; 658 558; 658 561; 659 562; 659 564; 660 565; 660 566; 661 567; 669 567; 670 568; 671 568; 671 563; 672 562; 672 550; 677 545; 678 545; 679 544; 681 544; 682 543; 683 543; 684 542; 685 542; 686 541; 687 541; 688 540; 689 540; 690 539; 691 539; 691 524; 690 523; 689 523; 687 521; 686 521; 685 520; 685 519; 684 518; 684 514
236; 494 510; 493 511; 485 511; 484 512; 479 512; 479 514; 478 515; 478 516; 477 517; 477 518; 474 521; 474 522; 473 523; 466 523; 465 522; 457 522; 457 523; 456 524; 456 526; 455 527; 455 538; 457 540; 468 540; 469 541; 469 545; 480 545; 481 544; 481 542; 482 541; 482 540; 483 539; 483 536; 484 535; 484 532; 486 530; 486 529; 490 525; 490 524; 493 521; 493 520; 494 519
237; 914 511; 914 512; 913 513; 913 520; 910 523; 909 523; 907 525; 907 526; 906 527; 902 527; 902 539; 906 539; 907 540; 909 540; 910 541; 912 541; 913 542; 914 542; 915 543; 917 543; 918 544; 919 544; 920 545; 921 545; 922 546; 923 546; 925 548; 926 548; 934 556; 944 556; 944 544; 946 542; 946 533; 945 532; 945 531; 944 530; 944 529; 943 529; 940 526; 931 526; 930 525; 930 516; 927 513; 926 513; 925 512; 924 512; 923 511
238; 510 524; 508 526; 508 534; 507 535; 506 535; 504 537; 504 540; 502 542; 502 543; 501 544; 501 552; 502 553; 508 553; 509 554; 511 554; 512 555; 514 555; 515 556; 516 556; 517 557; 517 559; 523 559; 524 560; 525 560; 526 561; 527 561; 528 562; 528 564; 538 564; 538 559; 539 558; 539 557; 540 556; 540 554; 541 553; 541 552; 543 550; 543 549; 544 548; 544 540; 543 539; 540 539; 539 538; 537 538; 536 537; 535 537; 534 536; 533 536; 532 535; 531 535; 525 529; 525 528; 523 526; 523 525; 522 524
239; 161 523; 161 525; 160 526; 159 526; 157 528; 155 528; 154 529; 153 529; 152 530; 150 530; 149 531; 147 531; 146 532; 139 532; 138 533; 138 536; 137 537; 137 540; 135 542; 135 549; 136 550; 136 557; 139 560; 148 560; 149 559; 151 559; 151 558; 152 557; 159 557; 164 552; 169 552; 170 551; 184 551; 180 547; 180 546; 179 545; 179 538; 178 537; 178 536; 177 535; 176 535; 175 534; 172 534; 171 533; 171 531; 170 530; 170 524; 166 524; 165 523
240; 560 524; 559 525; 560 526; 560 532; 557 535; 556 535; 555 536; 553 536; 553 544; 554 545; 554 546; 557 549; 557 550; 563 556; 564 556; 569 561; 569 562; 571 564; 571 566; 572 567; 585 567; 586 568; 586 569; 587 568; 587 563; 588 562; 595 562; 595 557; 596 556; 596 551; 590 545; 590 544; 586 540; 586 539; 584 537; 584 536; 583 535; 583 534; 582 533; 582 531; 581 530; 581 529; 580 528; 580 527; 578 525; 578 524
241; 208 528; 207 529; 207 531; 206 532; 206 537; 205 538; 205 540; 204 541; 204 543; 203 544; 203 545; 202 546; 202 547; 201 548; 201 550; 200 551; 200 552; 199 553; 199 554; 198 555; 198 556; 199 557; 199 562; 200 563; 200 567; 201 568; 202 568; 203 567; 210 567; 211 568; 212 568; 213 569; 222 569; 223 568; 223 566; 224 565; 224 564; 225 563; 225 562; 226 561; 226 560; 227 559; 227 558; 228 557; 228 556; 229 555; 229 553; 231 551; 231 550; 233 548; 233 547; 235 545; 235 536; 234 535; 234 534; 233 533; 232 533; 231 532; 223 532; 219 528
242; 732 527; 732 528; 730 530; 729 530; 727 532; 727 540; 725 542; 725 551; 726 551; 728 553; 729 553; 732 556; 733 556; 734 557; 735 557; 736 558; 742 558; 743 559; 744 559; 745 560; 749 560; 750 561; 750 562; 753 562; 754 563; 763 563; 763 562; 764 561; 764 558; 765 557; 765 555; 768 552; 770 552; 771 551; 771 538; 773 536; 773 535; 775 533; 762 533; 761 532; 754 532; 751 529; 744 529; 743 528; 742 528; 741 527
243; 982 527; 982 529; 973 538; 972 538; 968 542; 967 542; 966 543; 966 544; 960 550; 960 558; 961 559; 962 559; 963 560; 974 560; 975 561; 975 569; 976 570; 976 571; 977 572; 985 572; 987 570; 987 569; 992 564; 992 563; 993 562; 993 561; 994 560; 994 559; 995 558; 995 557; 996 556; 996 555; 998 553; 998 552; 1002 548; 1002 547; 1003 546; 1003 538; 1002 537; 1001 537; 1000 536; 997 536; 996 535; 995 535; 993 533; 993 532; 992 531; 992 530; 991 529; 991 528; 990 527
244; 410 524; 409 525; 409 527; 408 528; 408 536; 407 537; 397 537; 396 538; 396 547; 398 549; 399 549; 403 553; 404 553; 405 554; 405 555; 409 559; 409 560; 412 563; 413 563; 416 566; 416 567; 418 569; 418 570; 426 570; 427 569; 428 569; 428 568; 429 567; 429 559; 430 558; 434 558; 435 557; 436 557; 437 556; 438 556; 438 548; 436 546; 435 546; 432 543; 432 542; 431 541; 424 541; 423 540; 423 529; 418 524
245; 344 541; 343 542; 340 542; 339 543; 338 543; 337 544; 336 544; 333 547; 332 547; 330 549; 329 549; 328 550; 315 550; 314 551; 313 551; 313 559; 314 560; 314 581; 322 581; 323 580; 323 579; 326 576; 329 576; 330 575; 331 575; 332 574; 334 574; 336 572; 337 572; 338 571; 339 571; 340 570; 342 570; 343 569; 348 569; 349 568; 357 568; 357 557; 358 556; 358 548; 357 548; 354 545; 354 541
246; 66 536; 56 546; 55 546; 53 548; 52 548; 51 549; 44 549; 43 550; 42 550; 41 551; 40 551; 39 552; 39 573; 45 573; 46 574; 46 580; 47 581; 60 581; 63 578; 64 578; 65 577; 67 577; 69 575; 69 569; 73 565; 73 564; 70 561; 70 554; 67 551; 67 536
247; 696 547; 694 549; 693 549; 692 550; 691 550; 690 551; 689 551; 688 552; 687 552; 686 553; 685 553; 684 554; 683 554; 681 556; 680 556; 679 557; 673 557; 673 562; 672 563; 672 569; 673 570; 673 574; 674 575; 674 577; 675 578; 675 579; 677 581; 677 585; 683 585; 683 584; 684 583; 689 583; 690 582; 692 582; 693 581; 700 581; 701 582; 701 591; 709 591; 710 592; 711 592; 712 593; 713 593; 714 594; 714 593; 717 590; 717 589; 722 584; 722 573; 718 573; 716 571; 716 570; 715 569; 715 565; 714 564; 714 555; 708 555; 707 554; 707 549; 706 548; 706 547
248; 455 550; 452 553; 450 553; 450 562; 449 563; 449 564; 448 565; 447 565; 446 566; 446 575; 448 577; 449 577; 450 578; 452 578; 453 579; 460 579; 461 580; 462 580; 463 581; 464 581; 465 582; 466 582; 467 583; 469 583; 470 584; 470 588; 471 588; 472 589; 473 589; 474 588; 485 588; 485 582; 486 581; 486 580; 487 579; 493 579; 493 575; 494 574; 494 567; 493 566; 493 565; 491 563; 490 563; 489 562; 487 562; 486 561; 485 561; 484 560; 483 560; 482 559; 478 559; 477 558; 477 556; 476 555; 474 555; 473 554; 471 554; 470 553; 469 553; 468 552; 468 550
249; 814 542; 814 549; 813 550; 805 550; 805 551; 804 552; 792 552; 791 553; 786 553; 782 557; 781 557; 781 558; 774 565; 774 566; 771 569; 771 570; 772 571; 772 572; 774 574; 777 574; 789 586; 800 586; 803 583; 804 583; 806 581; 807 581; 808 580; 808 565; 809 564; 810 564; 812 562; 813 562; 814 561; 823 561; 823 556; 825 554; 827 554; 830 551; 830 542
250; 127 556; 121 562; 115 562; 114 563; 110 563; 108 565; 107 565; 103 569; 104 570; 104 572; 105 573; 105 575; 106 576; 106 581; 111 581; 116 586; 116 587; 117 588; 117 589; 118 590; 118 591; 119 592; 119 593; 137 593; 139 591; 142 591; 143 590; 149 590; 149 589; 148 588; 148 581; 149 580; 149 577; 148 576; 148 573; 142 573; 139 570; 139 569; 138 568; 138 560; 135 557; 129 557; 128 556
251; 250 549; 249 550; 249 551; 248 552; 248 553; 247 554; 247 555; 246 556; 246 557; 244 559; 244 560; 242 562; 242 563; 241 564; 241 565; 231 575; 231 583; 233 585; 238 585; 239 586; 241 586; 242 587; 242 588; 243 589; 243 590; 244 591; 244 592; 260 592; 261 591; 261 588; 262 587; 262 586; 263 585; 263 584; 264 583; 264 582; 267 579; 267 578; 271 574; 272 574; 274 572; 274 571; 275 570; 275 560; 273 558; 261 558; 260 557; 260 549
252; 175 591; 176 603; 188 604; 203 615; 206 620; 221 620; 223 601; 227 595; 224 592; 209 588; 202 583; 199 578
253; 199 578; 199 571; 201 569; 199 567; 198 557; 187 558; 184 552; 164 553; 159 558; 159 564; 149 571; 150 580; 158 582; 159 591; 175 591
254; 613 557; 607 557; 606 551; 597 551; 596 569; 587 569; 585 575; 585 585; 591 592; 591 603; 605 612; 611 610; 612 602; 625 594; 626 581
255; 626 581; 632 581; 636 585; 644 585; 653 572; 661 569; 655 556; 646 557; 630 542; 621 542; 615 548; 615 555; 613 557
256; 504 564; 503 565; 503 567; 502 568; 502 569; 501 570; 495 570; 495 574; 494 575; 494 579; 495 580; 495 589; 493 591; 490 591; 490 602; 500 602; 501 603; 502 603; 503 604; 506 604; 507 605; 508 605; 509 606; 510 606; 511 607; 520 607; 521 606; 521 605; 522 604; 522 603; 523 602; 523 601; 525 599; 531 599; 531 592; 532 591; 532 584; 531 583; 531 574; 527 574; 525 572; 525 569; 521 569; 520 568; 518 568; 516 566; 516 564
257; 76 622; 100 636; 102 640; 110 640; 110 628; 118 627; 119 616; 117 609; 110 609; 105 606
258; 105 606; 104 584; 95 583; 93 576; 89 572; 81 572; 76 576; 69 576; 63 579; 60 582; 60 588; 56 592; 55 613; 67 613; 76 622
259; 358 573; 358 576; 357 577; 357 579; 355 581; 355 582; 354 583; 354 585; 352 587; 352 588; 351 589; 350 589; 350 590; 348 592; 348 593; 347 594; 347 595; 346 596; 346 597; 342 601; 342 609; 343 609; 344 610; 346 610; 349 613; 349 614; 350 615; 350 622; 352 622; 353 623; 362 623; 364 621; 364 620; 367 617; 367 616; 369 614; 370 614; 371 613; 371 612; 373 610; 373 608; 374 607; 374 605; 375 604; 375 603; 380 598; 381 598; 384 595; 384 586; 382 584; 382 583; 381 582; 381 580; 380 579; 380 578; 379 577; 372 577; 368 573
260; 19 572; 18 573; 18 574; 17 575; 17 577; 16 578; 16 579; 15 580; 15 581; 14 582; 14 584; 13 585; 13 586; 12 587; 12 589; 9 592; 0 592; 0 600; 3 600; 4 601; 4 613; 7 616; 13 616; 14 617; 21 617; 23 619; 29 619; 31 617; 31 616; 33 614; 33 612; 34 611; 34 604; 42 596; 42 595; 45 592; 45 591; 47 589; 47 582; 46 581; 38 581; 37 580; 37 574; 30 574; 29 573; 28 573; 27 572
261; 554 604; 555 615; 560 619; 560 624; 569 625; 569 633; 573 640; 582 640; 588 634; 588 622; 602 621; 604 612; 598 610; 590 603; 580 601; 574 593; 573 588; 559 588
262; 559 588; 558 581; 562 576; 562 568; 555 565; 547 565; 540 582; 533 584; 532 600; 539 607; 540 611; 541 607; 554 604
263; 677 586; 677 587; 676 588; 674 588; 673 589; 657 589; 656 590; 656 592; 655 593; 655 596; 654 597; 654 598; 651 601; 651 602; 649 604; 648 604; 647 605; 642 605; 641 606; 639 606; 638 607; 638 617; 639 618; 645 618; 646 619; 647 619; 650 622; 650 626; 654 626; 655 627; 656 627; 661 632; 661 633; 670 633; 670 632; 671 631; 671 627; 672 626; 672 625; 673 624; 673 623; 674 622; 674 621; 676 619; 676 618; 678 616; 678 614; 679 613; 679 612; 680 611; 680 610; 681 609; 681 608; 682 607; 682 606; 685 603; 686 603; 687 602; 689 602; 689 594; 687 594; 686 593; 685 593; 684 592; 684 591; 683 590; 683 586
264; 748 604; 734 620; 734 628; 747 630; 747 646; 763 644; 766 628; 769 625; 775 625; 780 619; 777 599
265; 777 599; 789 592; 789 587; 770 570; 757 580; 751 580; 747 597; 748 604
266; 751 580; 745 568; 734 568; 730 570; 730 583; 723 584; 715 593; 717 606; 727 606; 740 597; 747 597
267; 227 598; 224 601; 224 608; 223 609; 223 619; 222 620; 222 637; 223 638; 232 638; 236 642; 236 643; 237 644; 238 644; 239 645; 241 645; 242 646; 250 646; 251 645; 251 644; 252 643; 252 635; 253 634; 253 632; 254 631; 254 630; 255 629; 255 626; 256 625; 256 624; 257 623; 257 622; 260 619; 266 619; 266 605; 267 604; 267 601; 248 601; 247 600; 244 600; 243 599; 243 598
268; 275 604; 274 605; 267 605; 267 627; 268 627; 278 637; 278 638; 282 638; 283 639; 283 643; 287 647; 287 651; 288 652; 294 652; 295 653; 308 640; 308 639; 309 638; 309 627; 307 625; 306 625; 302 621; 301 621; 296 616; 296 615; 295 614; 295 613; 294 612; 294 611; 290 607; 289 607; 286 604
269; 470 589; 470 590; 469 591; 457 591; 456 592; 456 593; 455 594; 455 596; 454 597; 454 599; 453 600; 453 602; 451 604; 451 606; 449 608; 449 609; 448 610; 448 611; 446 613; 446 614; 444 616; 444 618; 441 621; 441 629; 442 630; 442 631; 446 635; 446 638; 451 638; 452 639; 457 639; 457 637; 458 636; 468 636; 468 635; 469 634; 469 632; 470 631; 470 627; 471 626; 471 623; 472 622; 472 620; 473 619; 473 618; 482 609; 482 600; 477 600; 474 597; 474 596; 473 595; 473 590; 472 590; 471 589
270; 151 628; 151 634; 153 636; 160 639; 167 639; 171 643; 179 646; 185 651; 186 616; 176 611; 176 604; 165 604
271; 165 604; 159 598; 159 592; 139 592; 137 594; 137 605; 129 606; 127 610; 127 615; 132 620; 141 620; 146 623; 151 628
272; 1000 601; 999 602; 999 605; 998 606; 998 607; 997 608; 997 609; 996 610; 996 611; 994 613; 994 614; 993 615; 993 616; 992 617; 992 618; 990 620; 990 621; 987 624; 987 625; 984 628; 984 636; 985 637; 985 638; 987 640; 999 640; 1000 641; 1000 643; 1003 646; 1012 646; 1013 645; 1014 645; 1015 644; 1016 644; 1016 639; 1017 638; 1017 637; 1018 636; 1023 636; 1023 605; 1017 605; 1016 604; 1015 604; 1012 601
273; 614 613; 614 617; 609 622; 604 622; 604 631; 608 635; 608 636; 617 645; 617 646; 618 647; 618 650; 619 651; 619 653; 620 654; 620 655; 632 655; 633 654; 640 654; 641 653; 650 653; 649 652; 649 651; 648 650; 648 638; 646 636; 646 635; 645 634; 645 629; 639 629; 638 628; 638 618; 631 618; 630 617; 630 616; 629 615; 629 614; 628 613
274; 398 613; 397 614; 396 614; 394 616; 394 627; 393 628; 391 628; 391 646; 392 647; 392 649; 414 649; 414 646; 415 645; 426 645; 429 642; 430 642; 431 641; 433 641; 435 639; 434 638; 434 637; 433 636; 433 635; 432 634; 432 620; 430 618; 421 618; 420 619; 413 619; 412 618; 412 617; 408 613
275; 187 617; 187 633; 186 634; 186 652; 187 653; 188 653; 190 655; 204 655; 205 656; 206 656; 207 655; 208 655; 208 650; 209 649; 209 646; 210 645; 210 643; 211 642; 211 634; 210 633; 208 633; 206 631; 205 631; 204 630; 204 629; 202 627; 202 625; 199 625; 197 623; 196 623; 195 622; 194 622; 193 621; 192 621; 190 619; 189 619
276; 492 614; 492 622; 491 623; 491 624; 488 627; 487 627; 487 632; 486 633; 486 634; 485 635; 485 636; 484 637; 484 638; 482 640; 482 654; 483 655; 483 654; 484 653; 491 653; 492 654; 493 654; 496 657; 498 657; 499 658; 509 658; 512 655; 516 655; 516 647; 515 647; 514 646; 514 640; 515 639; 515 636; 516 635; 516 632; 517 631; 517 628; 518 627; 518 626; 519 625; 519 616; 503 616; 501 614
277; 539 611; 539 613; 538 614; 532 614; 532 623; 531 624; 531 625; 530 626; 530 628; 529 629; 529 630; 528 631; 528 632; 527 633; 527 635; 526 636; 526 639; 525 640; 525 641; 524 642; 524 643; 523 644; 523 645; 521 647; 517 647; 517 655; 518 655; 519 656; 519 664; 547 664; 547 663; 549 661; 549 660; 550 659; 550 657; 552 655; 552 653; 553 652; 553 651; 554 650; 554 649; 555 648; 555 646; 556 645; 556 642; 557 641; 557 639; 558 638; 558 637; 559 636; 559 626; 553 626; 552 625; 551 625; 549 623; 543 623; 542 622; 541 622; 540 621; 540 612
278; 781 619; 778 622; 778 623; 776 625; 776 632; 773 635; 767 635; 766 636; 766 639; 765 640; 765 643; 764 644; 764 657; 769 657; 770 658; 780 658; 781 659; 781 664; 789 664; 790 663; 794 663; 795 662; 796 662; 797 661; 797 654; 798 653; 798 651; 799 650; 799 649; 801 647; 801 646; 802 645; 802 644; 804 642; 804 641; 806 639; 806 630; 805 629; 805 628; 804 628; 801 625; 801 619
279; 120 616; 120 621; 119 622; 119 627; 120 628; 120 637; 118 639; 118 640; 117 641; 116 641; 116 650; 117 651; 118 651; 119 652; 120 652; 121 653; 122 653; 123 654; 124 654; 125 655; 126 655; 133 662; 133 663; 134 664; 134 665; 135 666; 135 668; 137 670; 147 670; 150 667; 150 664; 151 663; 151 662; 152 661; 152 660; 156 656; 157 656; 160 653; 160 640; 158 638; 156 638; 155 637; 153 637; 151 635; 144 635; 143 634; 141 634; 139 632; 138 632; 136 630; 135 630; 132 627; 132 621; 127 616
280; 9 654; 15 654; 23 663; 29 666; 29 670; 33 670; 34 668; 39 668; 43 663; 47 652; 50 651; 51 640; 41 639; 23 626; 23 620; 21 618; 7 617; 4 614; 0 614; 0 651; 6 652
281; 446 639; 446 641; 445 642; 439 642; 438 641; 437 641; 436 640; 435 640; 433 642; 431 642; 430 643; 429 643; 426 646; 426 657; 429 660; 431 660; 432 661; 433 661; 434 662; 435 662; 436 663; 437 663; 443 669; 443 670; 447 674; 448 674; 450 676; 451 676; 453 678; 453 684; 459 684; 460 683; 469 683; 470 682; 471 682; 473 680; 473 670; 474 669; 482 669; 483 668; 483 656; 482 655; 481 656; 472 656; 472 664; 471 665; 465 665; 464 664; 463 664; 462 663; 462 657; 463 656; 464 656; 464 648; 463 648; 462 647; 461 647; 457 643; 457 640; 452 640; 451 639
282; 61 632; 60 633; 60 647; 59 648; 59 652; 58 653; 58 655; 57 656; 56 656; 56 658; 55 659; 55 660; 54 661; 54 663; 53 664; 53 666; 52 667; 52 668; 50 670; 50 678; 49 679; 49 681; 54 681; 57 684; 57 687; 67 687; 68 686; 78 686; 78 677; 79 676; 79 675; 80 674; 80 673; 81 672; 81 671; 82 670; 82 669; 83 668; 83 667; 85 665; 85 664; 86 663; 86 662; 87 661; 87 660; 88 659; 88 657; 89 656; 89 647; 88 647; 87 646; 84 646; 83 645; 82 645; 80 643; 80 642; 79 641; 79 640; 77 638; 72 638; 71 637; 71 636; 70 635; 70 632
283; 309 639; 309 640; 296 653; 296 654; 297 655; 297 658; 298 659; 298 660; 300 662; 300 669; 303 672; 304 672; 305 673; 307 673; 309 675; 316 675; 317 676; 319 676; 320 677; 322 677; 323 678; 324 678; 325 679; 325 683; 337 683; 337 682; 339 680; 339 679; 341 677; 341 676; 342 675; 342 674; 343 673; 343 671; 346 668; 347 668; 348 667; 350 667; 351 666; 351 658; 350 657; 348 657; 347 656; 344 656; 343 655; 342 655; 337 650; 336 650; 335 649; 334 649; 333 648; 332 648; 331 647; 330 647; 329 646; 328 646; 321 639
284; 904 641; 903 642; 903 643; 902 644; 902 645; 901 646; 901 647; 900 648; 900 649; 892 657; 892 665; 898 671; 899 671; 902 674; 903 674; 905 676; 906 676; 907 677; 908 677; 909 678; 914 678; 919 683; 928 683; 929 682; 931 682; 931 676; 934 673; 935 673; 936 672; 936 671; 937 670; 937 669; 938 668; 944 668; 945 667; 945 659; 944 659; 943 658; 936 658; 935 657; 934 657; 933 656; 932 656; 929 653; 929 652; 926 649; 925 649; 924 648; 923 648; 922 647; 921 647; 918 644; 917 644; 916 643; 915 643; 913 641
285; 392 650; 392 653; 391 654; 387 654; 386 655; 374 655; 374 679; 373 680; 373 693; 376 693; 377 694; 378 694; 379 693; 386 693; 387 692; 394 692; 394 685; 395 684; 412 684; 413 683; 413 682; 414 681; 414 680; 415 679; 415 654; 414 653; 414 650
286; 207 656; 206 657; 205 657; 205 662; 202 665; 202 666; 201 667; 201 672; 200 673; 191 673; 189 675; 189 676; 188 677; 188 679; 187 680; 187 688; 189 690; 190 690; 191 691; 192 691; 198 697; 199 697; 200 698; 201 698; 202 699; 203 699; 204 700; 204 701; 212 701; 214 699; 214 698; 216 696; 216 695; 219 692; 219 691; 228 682; 232 682; 232 674; 233 673; 233 665; 232 665; 231 664; 231 663; 230 662; 230 661; 221 661; 217 657; 209 657; 208 656
287; 747 647; 747 648; 746 649; 737 649; 735 651; 735 652; 734 653; 734 654; 733 655; 733 656; 728 661; 727 661; 726 662; 725 662; 724 663; 724 671; 725 672; 728 672; 729 673; 731 673; 739 681; 740 681; 742 683; 743 683; 749 689; 749 690; 751 692; 760 692; 761 691; 763 691; 764 690; 766 690; 767 689; 768 689; 769 688; 774 688; 774 676; 773 675; 773 668; 770 665; 770 659; 769 658; 757 658; 756 657; 755 657; 753 655; 752 655; 749 652; 749 647
288; 641 654; 640 655; 633 655; 632 656; 632 662; 630 664; 629 664; 627 666; 626 666; 624 668; 623 668; 622 669; 620 669; 619 670; 617 670; 617 679; 619 681; 619 682; 620 683; 620 695; 632 695; 633 694; 640 694; 646 688; 651 688; 652 687; 657 687; 663 681; 663 669; 661 667; 660 667; 659 666; 658 666; 656 664; 656 661; 655 660; 655 659; 653 657; 653 656; 651 654
289; 242 658; 242 659; 241 660; 241 661; 240 662; 240 664; 239 665; 234 665; 234 673; 233 674; 233 682; 235 682; 236 683; 236 684; 237 685; 238 685; 239 686; 243 686; 244 687; 246 687; 247 688; 248 688; 249 689; 250 689; 252 691; 252 697; 254 699; 260 699; 261 700; 267 700; 269 702; 274 702; 275 701; 281 701; 281 683; 280 682; 280 667; 275 667; 274 666; 273 666; 271 664; 270 664; 269 663; 268 663; 267 662; 265 662; 264 661; 261 661; 260 660; 257 660; 256 659; 254 659; 253 658
290; 985 655; 983 657; 983 658; 979 662; 977 662; 976 663; 973 663; 972 664; 972 665; 971 666; 971 667; 970 668; 970 679; 972 679; 973 680; 973 684; 980 684; 981 685; 985 685; 994 694; 995 694; 999 698; 1008 698; 1008 694; 1010 692; 1010 691; 1013 688; 1013 687; 1016 684; 1016 675; 1015 675; 1008 668; 1007 668; 1006 667; 1005 667; 1003 665; 1002 665; 999 662; 999 661; 998 660; 998 659; 997 658; 997 657; 995 655
291; 798 661; 796 663; 795 663; 794 664; 790 664; 789 665; 781 665; 781 667; 782 668; 782 675; 781 676; 775 676; 775 688; 776 689; 776 690; 777 691; 777 697; 778 698; 778 699; 779 699; 781 701; 782 701; 783 702; 784 702; 786 704; 786 705; 787 706; 787 710; 793 710; 793 707; 794 706; 797 706; 797 705; 803 699; 804 699; 808 695; 809 695; 812 692; 813 692; 817 688; 818 688; 819 687; 819 678; 818 678; 817 677; 816 677; 815 676; 814 676; 812 674; 812 673; 811 672; 811 670; 808 667; 806 667; 805 666; 804 666; 801 663; 801 662; 800 661
292; 518 665; 518 668; 511 675; 511 676; 510 677; 510 678; 509 679; 509 680; 508 681; 508 682; 505 685; 505 686; 502 689; 502 698; 505 701; 506 701; 507 702; 508 702; 509 703; 510 703; 511 704; 512 704; 513 705; 514 705; 515 706; 515 709; 516 709; 517 710; 518 710; 518 709; 519 708; 534 708; 534 707; 535 706; 535 705; 533 705; 532 704; 532 698; 533 697; 533 695; 534 694; 534 693; 536 691; 536 690; 539 687; 539 686; 541 684; 541 674; 540 673; 539 673; 537 671; 537 665
293; 29 671; 29 672; 28 673; 23 673; 19 677; 19 678; 18 679; 18 680; 17 681; 17 683; 16 684; 16 689; 15 690; 15 691; 14 692; 14 693; 10 697; 10 698; 9 699; 9 700; 8 701; 8 702; 6 704; 6 713; 7 714; 15 714; 16 715; 17 715; 19 717; 29 717; 32 714; 32 713; 33 712; 33 711; 34 710; 34 709; 36 707; 36 706; 37 705; 37 704; 38 703; 38 702; 42 698; 43 698; 45 696; 45 695; 46 694; 47 694; 47 682; 48 681; 48 679; 39 679; 38 678; 36 678; 33 675; 33 671
294; 672 679; 672 680; 670 682; 663 682; 657 688; 652 688; 651 689; 646 689; 640 695; 640 705; 641 706; 641 715; 642 716; 643 716; 644 717; 645 717; 649 721; 649 722; 650 723; 650 724; 651 725; 651 726; 661 726; 661 718; 664 715; 665 715; 666 714; 668 714; 669 713; 672 713; 673 712; 674 712; 675 711; 676 711; 678 709; 679 709; 680 708; 682 708; 683 707; 686 707; 686 698; 685 698; 682 695; 682 692; 681 691; 681 690; 680 689; 680 679
295; 294 670; 293 671; 293 681; 292 682; 291 682; 290 683; 282 683; 282 701; 283 702; 284 702; 288 706; 288 707; 289 707; 291 709; 293 709; 294 710; 295 710; 296 711; 297 711; 298 712; 299 712; 302 715; 302 717; 310 717; 311 718; 321 718; 321 717; 323 715; 323 710; 324 709; 327 709; 330 706; 330 705; 331 704; 331 703; 333 701; 333 693; 327 693; 324 690; 324 686; 318 686; 317 685; 316 685; 315 684; 313 684; 312 683; 310 683; 309 682; 309 676; 307 674; 305 674; 304 673; 303 673; 300 670
296; 68 687; 67 688; 57 688; 57 700; 56 701; 56 702; 55 703; 55 714; 56 714; 57 715; 59 715; 60 716; 61 716; 63 718; 64 718; 65 719; 72 719; 73 720; 75 720; 76 721; 77 721; 78 722; 79 722; 82 725; 91 725; 92 724; 92 720; 93 719; 93 710; 94 709; 98 709; 99 708; 100 708; 101 707; 102 707; 102 705; 103 704; 103 696; 90 696; 89 695; 87 695; 86 694; 84 694; 83 693; 82 693; 81 692; 80 692; 78 690; 78 687
297; 558 681; 556 683; 556 684; 550 690; 550 691; 547 694; 547 695; 546 696; 546 697; 545 698; 545 699; 539 705; 536 705; 536 706; 535 707; 535 708; 538 708; 539 709; 539 713; 542 716; 543 716; 549 722; 549 723; 550 724; 563 724; 569 718; 569 717; 573 713; 573 712; 575 710; 575 705; 577 703; 577 702; 580 699; 581 699; 583 697; 583 696; 580 693; 580 692; 579 691; 579 690; 578 689; 578 688; 577 688; 576 687; 573 687; 567 681
298; 947 676; 946 677; 945 677; 941 681; 940 681; 938 683; 936 683; 936 689; 935 690; 934 690; 934 699; 935 699; 936 700; 939 700; 940 701; 941 701; 945 705; 945 706; 947 708; 947 709; 948 710; 948 711; 949 712; 949 713; 954 718; 954 719; 955 720; 966 720; 967 721; 967 720; 974 713; 974 712; 979 707; 978 706; 978 699; 977 698; 977 697; 976 697; 973 694; 972 694; 970 692; 970 687; 966 687; 965 686; 965 684; 963 684; 961 682; 960 682; 958 680; 958 679; 955 676
299; 453 685; 452 686; 447 686; 446 687; 445 687; 444 688; 444 689; 443 690; 443 694; 441 696; 441 698; 440 699; 440 701; 439 702; 439 714; 443 714; 444 715; 446 715; 448 717; 448 719; 452 719; 453 720; 454 720; 455 721; 456 721; 460 725; 460 731; 461 731; 463 733; 468 733; 469 732; 470 732; 471 731; 482 731; 482 723; 483 722; 483 706; 482 705; 480 705; 478 703; 477 703; 476 702; 475 702; 471 698; 470 698; 469 697; 468 697; 466 695; 464 695; 463 694; 462 694; 459 691; 459 685
300; 395 692; 394 693; 387 693; 386 694; 379 694; 379 711; 378 712; 378 715; 377 716; 377 718; 376 719; 376 721; 375 722; 375 731; 378 734; 378 738; 382 738; 383 739; 387 739; 387 738; 388 737; 400 737; 400 731; 401 730; 401 728; 402 727; 402 726; 403 725; 403 724; 404 723; 404 722; 405 721; 405 720; 407 718; 407 717; 408 716; 408 713; 409 712; 409 710; 410 709; 410 708; 411 707; 411 695; 397 695; 396 694; 396 692
301; 911 703; 910 704; 901 704; 900 705; 900 708; 899 709; 899 711; 898 712; 898 713; 897 714; 897 715; 896 716; 896 717; 895 718; 895 720; 894 721; 894 722; 891 725; 891 726; 889 728; 889 729; 888 730; 888 731; 887 732; 887 742; 895 742; 896 741; 897 741; 899 739; 900 739; 901 738; 902 738; 903 737; 903 736; 904 735; 904 728; 905 727; 905 725; 908 722; 915 722; 916 721; 917 721; 917 720; 918 719; 918 718; 919 717; 919 713; 921 711; 922 711; 922 703
302; 244 698; 243 699; 243 701; 242 702; 242 703; 241 704; 240 704; 239 705; 238 705; 237 706; 237 707; 236 708; 236 712; 235 713; 235 715; 233 717; 233 718; 228 723; 228 724; 227 725; 227 728; 226 729; 224 729; 223 730; 222 730; 221 731; 221 742; 231 742; 232 743; 252 743; 252 739; 253 738; 253 737; 254 736; 254 734; 255 733; 255 732; 256 731; 256 730; 258 728; 258 727; 259 726; 259 725; 261 723; 261 722; 263 720; 263 719; 266 716; 266 715; 268 713; 268 712; 269 711; 269 703; 267 701; 261 701; 260 700; 254 700; 252 698
303; 721 692; 721 701; 720 702; 707 702; 707 710; 710 710; 711 711; 711 715; 712 716; 713 716; 716 719; 716 720; 717 721; 717 722; 718 723; 718 724; 719 725; 719 726; 721 728; 721 729; 723 731; 723 732; 724 733; 724 734; 726 736; 726 737; 735 737; 735 736; 736 735; 736 725; 737 724; 747 724; 748 723; 752 723; 753 722; 757 722; 757 714; 756 714; 755 713; 754 713; 753 712; 751 712; 748 709; 739 709; 738 708; 738 699; 731 692
304; 347 688; 346 689; 345 689; 344 690; 343 690; 343 696; 342 697; 342 699; 341 700; 341 703; 340 704; 340 709; 339 710; 339 713; 338 714; 338 716; 337 717; 337 718; 336 719; 336 720; 335 721; 335 730; 336 730; 338 732; 339 732; 340 733; 344 733; 345 734; 348 734; 349 735; 351 735; 352 736; 360 736; 361 735; 361 734; 363 732; 363 731; 365 729; 365 727; 366 726; 366 713; 367 712; 367 709; 368 708; 368 707; 369 706; 369 695; 357 695; 356 694; 356 688
305; 185 705; 184 706; 184 707; 183 708; 183 711; 182 712; 182 716; 181 717; 181 727; 180 728; 180 729; 179 730; 179 731; 178 732; 178 742; 180 742; 181 743; 183 743; 184 744; 190 744; 191 745; 191 746; 192 747; 192 749; 193 750; 193 751; 194 751; 195 752; 196 752; 198 754; 204 754; 206 752; 206 743; 207 742; 207 741; 208 740; 208 739; 209 738; 209 737; 210 736; 210 732; 211 731; 211 728; 212 727; 212 726; 217 721; 217 713; 215 711; 209 711; 207 709; 196 709; 194 707; 194 706; 193 705
306; 492 710; 492 711; 491 712; 491 713; 490 714; 484 714; 484 722; 483 723; 483 731; 482 732; 482 733; 483 733; 484 734; 493 734; 494 735; 495 735; 496 736; 497 736; 498 737; 499 737; 501 739; 502 739; 505 742; 506 742; 507 743; 509 743; 510 744; 513 744; 514 745; 524 745; 524 740; 525 739; 525 736; 526 735; 526 734; 527 733; 527 731; 528 730; 532 730; 532 722; 531 721; 531 720; 530 719; 529 719; 528 718; 527 718; 526 717; 523 717; 522 716; 519 716; 518 715; 518 711; 517 711; 516 710; 515 710; 515 712; 514 713; 508 713; 507 712; 504 712; 503 711; 502 711; 501 710
307; 764 710; 764 712; 762 714; 758 714; 758 722; 759 722; 760 723; 760 751; 762 751; 763 752; 774 752; 775 753; 776 753; 777 754; 780 754; 781 755; 785 755; 786 756; 786 758; 787 758; 788 757; 789 757; 789 743; 790 742; 790 731; 791 730; 791 728; 792 727; 792 725; 793 724; 793 711; 787 711; 787 712; 786 713; 777 713; 774 710
308; 584 697; 581 700; 580 700; 578 702; 578 703; 576 705; 576 710; 574 712; 574 713; 570 717; 570 718; 563 725; 563 731; 562 732; 562 741; 563 742; 564 742; 565 743; 566 743; 567 744; 568 744; 569 745; 569 746; 570 747; 570 749; 571 750; 571 756; 584 756; 585 755; 586 755; 586 754; 593 747; 593 746; 594 745; 594 744; 604 734; 604 720; 602 718; 601 718; 600 717; 599 717; 598 716; 598 713; 597 712; 597 710; 592 705; 592 700; 587 700
309; 812 708; 811 709; 810 709; 810 710; 809 711; 809 715; 808 716; 808 718; 807 719; 807 725; 806 726; 806 727; 804 729; 804 737; 805 738; 805 740; 806 741; 821 741; 822 742; 823 742; 824 743; 826 743; 827 744; 829 744; 830 745; 832 745; 833 746; 835 746; 837 748; 845 748; 845 738; 847 736; 847 735; 848 734; 848 721; 847 720; 846 720; 845 719; 840 719; 839 718; 834 718; 833 717; 830 717; 829 716; 827 716; 823 712; 823 710; 821 708
310; 979 708; 975 712; 975 713; 968 720; 968 724; 969 725; 969 726; 972 729; 973 729; 975 731; 976 731; 977 732; 977 736; 983 736; 991 744; 991 750; 997 750; 998 751; 1000 751; 1001 752; 1002 752; 1003 753; 1005 753; 1006 754; 1007 754; 1008 755; 1009 755; 1011 757; 1011 760; 1023 760; 1023 725; 1018 725; 1017 724; 1016 724; 1011 719; 1001 719; 999 717; 998 717; 993 712; 993 711; 992 710; 992 709; 991 708
311; 301 725; 301 730; 300 731; 300 732; 299 733; 298 733; 295 736; 294 736; 294 737; 290 741; 290 749; 291 749; 292 750; 294 750; 295 751; 296 751; 297 752; 298 752; 299 753; 300 753; 301 754; 304 754; 305 755; 307 755; 308 756; 308 760; 309 761; 309 764; 311 766; 312 766; 314 768; 314 769; 324 769; 326 767; 326 766; 327 765; 327 764; 328 763; 328 762; 331 759; 331 755; 332 754; 332 753; 334 751; 335 751; 335 742; 334 742; 333 741; 332 741; 330 739; 329 739; 327 737; 326 737; 325 736; 324 736; 322 734; 321 734; 318 731; 317 731; 315 729; 314 729; 313 728; 312 728; 309 725
312; 674 723; 674 724; 672 726; 672 727; 671 728; 671 729; 670 730; 663 730; 661 728; 661 727; 651 727; 651 732; 650 733; 650 735; 649 736; 649 748; 648 749; 641 749; 641 760; 646 760; 647 761; 647 764; 649 766; 650 766; 651 767; 654 767; 655 768; 656 768; 657 769; 658 769; 660 771; 671 771; 672 770; 672 763; 673 762; 673 760; 674 759; 674 754; 675 753; 675 750; 676 749; 682 749; 683 750; 683 724; 682 723
313; 438 769; 445 770; 455 768; 454 759; 457 749; 463 747; 463 734; 461 732; 453 732; 446 727; 445 724; 419 721; 412 737; 412 745; 423 757
314; 605 734; 595 744; 595 745; 594 746; 594 747; 587 754; 587 755; 586 756; 585 756; 584 757; 585 758; 585 770; 584 771; 583 771; 583 773; 589 773; 590 774; 591 774; 592 775; 593 775; 595 777; 595 779; 596 780; 596 781; 598 783; 598 784; 599 785; 607 785; 609 783; 610 783; 613 780; 613 779; 617 775; 617 774; 618 773; 618 771; 628 761; 628 749; 627 748; 627 746; 626 745; 626 742; 617 742; 615 740; 615 738; 614 737; 614 735; 613 734
315; 967 739; 965 741; 965 742; 962 745; 962 748; 961 749; 961 750; 960 751; 960 752; 959 753; 959 754; 957 756; 957 757; 956 758; 956 761; 955 762; 955 763; 954 764; 954 765; 951 768; 950 768; 949 769; 947 769; 946 770; 945 770; 944 771; 944 781; 945 782; 945 783; 957 783; 958 784; 960 784; 962 786; 963 786; 964 787; 965 787; 966 788; 977 788; 978 789; 978 778; 979 777; 979 775; 980 774; 980 773; 981 772; 981 770; 982 769; 982 768; 983 767; 983 766; 984 765; 984 764; 988 760; 988 751; 980 751; 977 748; 977 746; 976 745; 976 739
316; 540 741; 534 747; 533 747; 531 749; 526 749; 526 752; 522 756; 521 756; 520 757; 519 757; 518 758; 517 758; 517 767; 518 768; 519 768; 520 769; 521 769; 522 770; 523 770; 524 771; 524 784; 525 785; 540 785; 542 783; 544 783; 545 782; 546 782; 548 780; 548 774; 552 770; 553 770; 555 768; 556 768; 557 767; 558 767; 559 766; 560 766; 561 765; 562 765; 562 756; 561 756; 557 752; 557 751; 556 750; 556 749; 555 748; 555 746; 554 745; 554 744; 553 743; 552 743; 551 742; 550 742; 549 741
317; 699 732; 693 738; 692 738; 691 739; 684 739; 684 751; 686 753; 686 754; 689 757; 690 757; 696 763; 696 764; 698 766; 698 767; 699 768; 699 769; 700 770; 700 771; 701 772; 701 773; 702 774; 702 775; 703 776; 703 777; 705 779; 706 779; 707 780; 709 780; 712 777; 713 777; 715 775; 719 775; 720 774; 724 774; 730 768; 730 755; 723 748; 717 748; 716 747; 716 744; 711 739; 711 738; 710 737; 710 736; 709 735; 709 734; 707 732
318; 221 743; 220 744; 220 745; 213 752; 207 752; 205 754; 205 762; 203 764; 202 764; 202 773; 203 773; 207 777; 207 784; 212 784; 215 787; 224 787; 226 785; 227 785; 229 783; 230 783; 231 782; 231 781; 232 780; 232 779; 233 778; 233 776; 234 775; 234 774; 236 772; 236 771; 245 762; 245 754; 243 752; 243 751; 242 750; 242 744; 232 744; 231 743
319; 378 739; 378 740; 377 741; 376 741; 375 742; 374 742; 373 743; 372 743; 371 744; 370 744; 368 746; 368 757; 369 758; 369 759; 370 760; 370 762; 372 764; 372 765; 377 770; 377 771; 379 773; 379 774; 381 776; 381 777; 384 780; 384 781; 385 782; 385 784; 386 785; 394 785; 397 782; 397 781; 398 780; 398 779; 403 774; 403 765; 401 763; 401 762; 399 760; 398 760; 397 759; 396 759; 391 754; 391 753; 390 752; 390 751; 389 750; 389 746; 387 744; 387 740; 383 740; 382 739
320; 854 750; 853 751; 848 751; 848 759; 847 760; 847 761; 843 765; 842 765; 842 766; 834 774; 834 782; 838 786; 838 787; 839 787; 840 788; 840 798; 841 799; 847 799; 848 800; 857 800; 857 799; 858 798; 858 795; 859 794; 859 793; 860 792; 860 791; 863 788; 863 787; 879 771; 880 771; 880 763; 879 763; 877 761; 876 761; 875 760; 872 760; 869 757; 869 755; 868 754; 868 753; 865 750
321; 18 750; 18 751; 11 758; 10 758; 9 759; 8 759; 7 760; 6 760; 4 762; 0 762; 0 795; 12 795; 14 793; 15 793; 19 789; 20 789; 24 785; 24 784; 28 780; 29 780; 33 776; 34 776; 35 775; 35 767; 31 763; 31 758; 30 757; 30 752; 29 751; 27 751; 26 750
322; 82 745; 82 746; 81 747; 81 748; 79 750; 78 750; 74 754; 73 754; 70 757; 67 757; 66 758; 64 758; 62 760; 61 760; 60 761; 58 761; 57 762; 55 762; 54 763; 53 763; 51 765; 51 779; 52 779; 53 780; 54 780; 55 781; 55 782; 59 786; 59 787; 60 788; 60 789; 73 789; 74 790; 76 790; 77 789; 79 789; 79 783; 80 782; 81 782; 82 781; 83 781; 84 780; 85 780; 86 779; 87 779; 88 778; 89 778; 91 776; 92 776; 93 775; 94 775; 95 774; 96 774; 96 765; 93 762; 93 749; 90 746; 90 745
323; 788 758; 787 759; 786 759; 786 762; 785 763; 770 763; 768 765; 768 766; 767 767; 767 787; 768 788; 768 797; 767 798; 767 807; 768 808; 778 808; 782 804; 783 804; 784 803; 799 803; 799 792; 798 791; 798 789; 797 788; 797 779; 798 778; 798 777; 799 776; 799 764; 797 762; 796 762; 795 761; 790 761; 789 760; 789 758
324; 466 748; 466 754; 465 755; 465 759; 464 760; 464 767; 462 769; 451 769; 450 770; 446 770; 446 772; 447 773; 447 781; 454 781; 455 782; 456 782; 457 783; 457 784; 458 785; 458 793; 488 793; 488 792; 489 791; 489 787; 490 786; 490 781; 491 780; 491 772; 492 771; 498 771; 501 768; 501 757; 500 756; 499 756; 498 755; 496 755; 495 754; 494 754; 492 752; 480 752; 479 751; 479 750; 477 748
325; 730 769; 724 775; 720 775; 719 776; 715 776; 713 778; 712 778; 709 781; 710 782; 710 789; 711 790; 711 798; 712 799; 720 799; 722 801; 723 801; 726 804; 726 805; 728 807; 728 814; 729 815; 741 815; 745 811; 746 811; 748 809; 749 809; 750 808; 755 808; 756 807; 757 807; 758 806; 758 805; 759 804; 759 794; 758 794; 749 785; 749 784; 747 782; 747 781; 744 778; 744 777; 740 773; 740 772; 739 771; 739 770; 738 769
326; 132 774; 131 775; 126 775; 125 776; 123 776; 122 777; 119 777; 118 778; 117 778; 116 779; 115 779; 114 780; 113 780; 111 782; 110 782; 109 783; 107 783; 106 784; 102 784; 102 795; 104 797; 104 806; 103 807; 103 811; 124 811; 125 810; 126 810; 129 807; 130 807; 131 806; 133 806; 134 805; 137 805; 138 804; 143 804; 144 803; 146 803; 146 792; 147 791; 147 790; 148 789; 148 780; 143 780; 141 778; 141 774
327; 629 761; 619 771; 619 773; 618 774; 618 775; 614 779; 614 780; 610 784; 609 784; 608 785; 608 800; 611 803; 611 809; 614 812; 616 812; 617 813; 624 813; 625 814; 642 814; 646 810; 646 803; 647 802; 647 795; 651 791; 651 777; 649 777; 648 776; 647 776; 646 775; 645 775; 644 774; 642 774; 640 772; 640 768; 639 767; 639 762; 633 762; 632 761
328; 572 771; 569 774; 567 774; 566 775; 564 775; 563 776; 562 776; 561 777; 560 777; 558 779; 557 779; 555 781; 548 781; 546 783; 545 783; 544 784; 542 784; 540 786; 540 795; 542 797; 542 805; 546 809; 546 810; 547 811; 547 814; 555 814; 556 813; 564 813; 564 810; 565 809; 565 808; 568 805; 572 805; 572 804; 573 803; 574 803; 575 802; 576 802; 577 801; 578 801; 579 800; 582 800; 583 799; 586 799; 587 798; 587 790; 583 786; 583 785; 582 784; 582 782; 581 781; 581 774; 582 773; 582 771
329; 171 780; 170 781; 170 783; 169 784; 169 785; 168 786; 168 787; 167 788; 167 789; 165 791; 165 792; 164 793; 164 794; 162 796; 162 797; 161 798; 161 799; 160 800; 160 801; 159 802; 159 803; 158 804; 158 805; 156 807; 156 808; 155 809; 154 809; 151 812; 151 821; 155 821; 156 822; 159 822; 160 823; 161 822; 168 822; 169 823; 179 823; 180 822; 181 822; 182 821; 183 821; 184 820; 184 818; 185 817; 185 814; 186 813; 186 812; 187 811; 187 810; 188 809; 188 808; 189 807; 189 806; 191 804; 191 803; 193 801; 193 800; 195 798; 195 788; 194 788; 193 787; 192 787; 190 785; 189 785; 188 784; 186 784; 185 783; 184 783; 182 781; 181 781; 180 780
330; 991 788; 988 788; 985 791; 978 790; 978 795; 965 807; 957 811; 957 822; 969 823; 970 836; 978 836; 990 823; 1010 811
331; 1010 811; 1023 811; 1023 761; 1011 761; 1011 763; 1005 767; 1003 775; 992 785; 991 788
332; 815 789; 813 791; 813 792; 812 793; 812 794; 811 795; 811 796; 810 797; 810 799; 809 800; 809 801; 808 802; 808 803; 806 805; 802 805; 802 810; 800 812; 800 813; 796 817; 790 817; 790 825; 791 826; 792 826; 795 829; 797 829; 798 830; 804 830; 809 835; 821 835; 823 833; 824 833; 827 830; 827 824; 832 819; 833 819; 836 816; 836 815; 838 813; 839 813; 840 812; 840 799; 839 798; 839 795; 829 795; 825 791; 825 790; 824 789
333; 457 794; 457 796; 456 797; 456 804; 455 805; 455 807; 454 808; 454 812; 453 813; 453 815; 452 816; 452 818; 451 819; 451 820; 449 822; 449 830; 453 834; 454 834; 455 835; 456 835; 457 836; 457 842; 461 842; 462 843; 465 843; 466 844; 474 844; 477 841; 477 839; 479 837; 482 837; 482 820; 483 819; 487 819; 487 817; 486 817; 485 816; 485 810; 486 809; 486 794
334; 652 791; 648 795; 648 802; 647 803; 647 810; 643 814; 643 821; 645 823; 650 823; 651 824; 655 824; 658 827; 666 827; 667 828; 668 828; 670 830; 670 831; 679 831; 679 828; 680 827; 680 826; 681 825; 688 825; 690 827; 690 820; 691 819; 691 814; 692 813; 692 809; 689 806; 688 806; 686 804; 684 804; 680 800; 679 800; 678 799; 674 799; 673 798; 671 798; 670 797; 669 797; 668 796; 667 796; 665 794; 664 794; 662 792; 661 792; 660 791
335; 77 790; 76 791; 74 791; 74 796; 72 798; 71 798; 69 800; 68 800; 67 801; 66 801; 65 802; 65 803; 61 807; 60 807; 59 808; 57 808; 56 809; 53 809; 52 810; 51 810; 50 811; 49 811; 49 821; 62 821; 63 822; 63 835; 64 836; 80 836; 81 835; 81 829; 82 828; 82 827; 85 824; 86 824; 89 821; 90 821; 94 817; 95 817; 96 816; 98 816; 99 815; 102 815; 102 807; 96 807; 95 806; 94 806; 93 805; 93 804; 90 801; 90 800; 89 799; 89 798; 88 797; 88 791; 80 791; 79 790
336; 384 793; 384 795; 383 796; 383 797; 382 798; 382 799; 381 800; 381 801; 379 803; 379 804; 377 806; 377 807; 371 813; 371 814; 369 816; 369 817; 365 821; 365 832; 372 832; 377 837; 378 837; 379 838; 388 838; 388 837; 401 824; 402 824; 403 823; 404 823; 405 822; 406 822; 407 821; 408 821; 410 819; 410 805; 408 805; 407 804; 405 804; 404 803; 403 803; 402 802; 401 802; 400 801; 400 800; 398 800; 393 795; 393 794; 392 793
337; 580 810; 579 811; 575 811; 575 816; 574 817; 571 817; 571 821; 575 821; 576 822; 576 829; 575 830; 575 842; 584 842; 585 841; 589 841; 590 840; 597 840; 598 841; 598 845; 603 845; 604 844; 609 844; 609 841; 610 840; 613 840; 614 839; 615 839; 617 837; 617 814; 616 813; 614 813; 611 810; 609 810; 607 812; 598 812; 597 811; 595 811; 594 810
338; 700 799; 700 812; 699 813; 693 813; 692 814; 692 819; 691 820; 691 827; 693 829; 694 829; 697 832; 698 832; 701 835; 702 835; 703 836; 703 842; 706 845; 707 845; 709 847; 721 847; 722 846; 722 845; 724 843; 725 843; 726 842; 726 841; 727 840; 733 840; 733 825; 732 824; 731 824; 730 823; 729 823; 728 822; 728 815; 727 814; 721 814; 719 812; 718 812; 713 807; 713 800; 712 800; 711 799
339; 19 805; 19 806; 18 807; 18 815; 17 816; 17 818; 16 819; 16 826; 15 827; 14 827; 14 831; 13 832; 13 833; 12 834; 6 834; 5 833; 5 826; 7 824; 8 824; 8 813; 7 812; 7 811; 4 808; 0 808; 0 850; 4 850; 4 844; 6 842; 12 842; 13 843; 13 845; 14 845; 15 846; 20 846; 22 848; 23 848; 28 853; 28 855; 29 856; 30 856; 31 857; 39 857; 39 856; 40 855; 40 852; 41 851; 41 850; 42 849; 42 842; 43 841; 43 840; 44 839; 44 824; 45 823; 45 822; 46 821; 48 821; 48 811; 43 811; 41 809; 41 808; 40 807; 40 806; 29 806; 28 805
340; 511 814; 511 816; 510 817; 488 817; 488 819; 489 819; 490 820; 490 828; 491 829; 491 830; 492 831; 492 855; 493 856; 493 857; 494 858; 494 859; 496 861; 498 861; 499 862; 511 862; 511 861; 512 860; 512 859; 514 857; 521 857; 521 853; 522 852; 526 852; 526 824; 523 824; 522 823; 522 819; 521 818; 521 816; 519 814
341; 633 822; 631 824; 631 825; 630 826; 630 827; 628 829; 627 829; 627 838; 628 839; 628 844; 629 845; 629 846; 631 848; 632 848; 634 850; 634 851; 635 852; 635 856; 636 857; 640 857; 641 858; 642 858; 643 859; 644 859; 646 861; 647 861; 648 862; 650 862; 651 863; 652 863; 656 867; 656 875; 658 875; 659 874; 667 874; 667 856; 669 854; 670 854; 671 853; 671 849; 672 848; 672 840; 671 840; 670 839; 668 839; 667 838; 667 837; 663 837; 662 836; 661 836; 660 835; 659 835; 658 834; 658 828; 655 825; 651 825; 650 824; 645 824; 643 822
342; 126 819; 126 821; 125 822; 125 824; 124 825; 124 826; 123 827; 123 828; 122 829; 122 838; 121 839; 121 841; 120 842; 120 844; 119 845; 114 845; 114 848; 113 849; 113 852; 114 853; 114 859; 118 859; 118 858; 119 857; 125 857; 127 859; 128 859; 129 860; 130 860; 131 861; 133 861; 134 862; 142 862; 143 861; 143 860; 144 859; 144 856; 145 855; 145 851; 146 850; 152 850; 155 847; 155 841; 156 840; 156 834; 157 833; 157 832; 159 830; 159 823; 156 823; 155 822; 148 822; 147 823; 141 823; 140 822; 137 822; 134 819
343; 556 814; 555 815; 547 815; 547 818; 545 820; 543 820; 542 821; 539 821; 538 822; 536 822; 535 823; 533 823; 532 824; 527 824; 527 852; 528 852; 529 853; 529 855; 545 855; 546 854; 562 854; 562 850; 563 849; 563 848; 564 847; 573 847; 573 843; 574 842; 574 830; 569 830; 568 829; 568 822; 569 821; 570 821; 570 817; 565 817; 564 816; 564 814
344; 348 818; 344 822; 342 822; 342 828; 341 829; 326 829; 326 838; 329 841; 329 842; 332 845; 332 846; 333 847; 333 848; 334 849; 334 853; 335 854; 335 855; 341 861; 341 863; 343 865; 344 865; 345 866; 351 866; 352 867; 352 868; 355 868; 356 867; 359 867; 359 862; 363 858; 364 858; 367 855; 367 847; 366 846; 366 845; 365 844; 365 843; 364 842; 364 840; 363 839; 363 833; 364 832; 364 822; 358 822; 357 821; 357 820; 356 819; 356 818
345; 204 829; 203 830; 202 830; 202 831; 201 832; 201 833; 200 834; 200 838; 199 839; 199 841; 198 842; 198 846; 197 847; 197 859; 198 860; 202 860; 203 861; 209 861; 210 862; 212 862; 213 863; 214 863; 215 864; 216 864; 217 865; 218 865; 219 866; 227 866; 227 856; 228 855; 240 855; 240 854; 241 853; 241 851; 242 850; 242 841; 241 840; 234 840; 233 839; 231 839; 229 837; 228 837; 226 835; 225 835; 224 834; 222 834; 221 833; 219 833; 218 832; 217 832; 216 831; 215 831; 214 830; 213 830; 212 829
346; 159 831; 158 832; 158 833; 157 834; 157 840; 156 841; 156 847; 153 850; 153 858; 152 859; 152 863; 151 864; 151 873; 160 873; 163 876; 163 880; 164 881; 164 882; 180 882; 181 881; 181 863; 182 862; 182 861; 183 860; 183 859; 184 858; 184 857; 185 856; 185 853; 186 852; 186 850; 187 849; 187 848; 188 847; 188 839; 187 839; 186 838; 182 838; 181 837; 180 837; 178 835; 178 834; 175 831
347; 81 836; 80 837; 77 837; 77 850; 80 850; 81 851; 81 859; 80 860; 80 861; 78 863; 78 864; 77 865; 71 865; 70 864; 70 859; 62 859; 60 861; 60 868; 61 869; 61 870; 74 870; 75 871; 75 882; 87 882; 88 881; 89 881; 89 880; 92 877; 97 877; 97 864; 98 863; 98 862; 100 860; 100 859; 107 852; 112 852; 112 849; 113 848; 113 845; 112 844; 111 844; 110 843; 108 843; 107 842; 106 842; 105 841; 98 841; 97 840; 96 840; 93 837; 92 837; 91 836
348; 745 835; 745 836; 744 837; 743 837; 742 838; 734 838; 734 846; 735 846; 736 847; 737 847; 738 848; 738 866; 763 866; 764 865; 767 865; 768 864; 775 864; 776 865; 784 865; 784 857; 782 855; 782 854; 781 853; 781 839; 780 839; 778 837; 770 837; 769 838; 758 838; 757 837; 756 837; 754 835
349; 827 831; 824 834; 823 834; 821 836; 821 843; 820 844; 820 846; 817 849; 816 849; 816 857; 818 857; 819 858; 820 858; 821 859; 822 859; 826 863; 826 864; 832 870; 833 870; 838 875; 839 875; 840 876; 841 876; 843 878; 843 880; 846 880; 847 879; 850 879; 850 875; 851 874; 851 873; 852 872; 852 871; 853 870; 853 869; 854 868; 854 867; 856 865; 856 864; 857 863; 857 862; 858 861; 858 860; 860 858; 861 858; 861 850; 860 850; 859 849; 858 849; 856 847; 855 847; 851 843; 850 843; 848 841; 847 841; 846 840; 845 840; 844 839; 843 839; 842 838; 841 838; 840 837; 838 837; 835 834; 835 833; 834 832; 834 831
350; 988 840; 987 841; 987 843; 986 844; 986 846; 982 850; 982 851; 980 853; 980 854; 978 856; 978 864; 979 865; 979 866; 983 870; 984 870; 985 871; 988 871; 989 872; 992 872; 993 873; 994 873; 995 874; 997 874; 998 875; 1000 875; 1001 876; 1002 876; 1004 878; 1004 882; 1010 882; 1010 881; 1011 880; 1014 880; 1015 879; 1023 879; 1023 852; 1017 852; 1016 851; 1015 851; 1013 849; 1013 846; 1008 846; 1007 845; 1006 845; 1005 844; 1003 844; 1002 843; 1001 843; 999 841; 998 841; 997 840
351; 445 843; 443 845; 443 857; 442 858; 434 858; 434 861; 433 862; 433 871; 434 872; 436 872; 437 873; 438 873; 439 874; 449 874; 450 875; 451 875; 452 876; 452 881; 458 881; 459 880; 472 880; 473 879; 473 876; 474 875; 474 874; 477 871; 477 870; 478 869; 478 865; 480 863; 480 855; 474 855; 473 854; 471 854; 470 853; 469 853; 468 852; 467 852; 466 851; 466 845; 465 844; 462 844; 461 843
352; 546 855; 545 856; 529 856; 529 859; 528 860; 522 860; 522 872; 527 877; 527 885; 529 887; 529 888; 530 889; 530 892; 542 892; 542 888; 544 886; 548 886; 549 885; 552 885; 553 884; 555 884; 556 883; 566 883; 566 880; 567 879; 567 877; 568 876; 568 873; 567 872; 567 864; 565 862; 565 861; 562 858; 562 855
353; 604 845; 603 846; 598 846; 598 850; 597 851; 597 854; 593 858; 592 858; 591 859; 589 859; 588 860; 588 874; 589 875; 589 876; 592 879; 598 879; 599 880; 599 887; 600 888; 600 890; 603 893; 620 893; 620 890; 621 889; 621 886; 622 885; 622 884; 623 883; 630 883; 631 884; 631 889; 639 889; 639 883; 640 882; 640 873; 633 873; 632 872; 631 872; 626 867; 626 866; 623 863; 623 862; 619 858; 619 857; 618 857; 617 856; 616 856; 610 850; 610 849; 609 848; 609 845
354; 686 895; 683 901; 677 901; 677 922; 685 927; 692 923; 697 923; 692 917; 692 910; 701 909; 701 895
355; 701 895; 722 892; 725 889; 726 880; 729 877; 729 872; 726 867; 726 855; 710 855; 709 848; 703 843; 692 843; 692 860; 685 875; 686 895
356; 937 851; 937 858; 936 859; 925 859; 924 860; 924 862; 923 863; 923 864; 921 866; 921 874; 922 875; 922 899; 934 899; 935 900; 935 901; 936 902; 936 903; 940 907; 949 907; 949 893; 950 892; 950 890; 951 889; 951 880; 952 879; 952 877; 953 876; 953 873; 954 872; 954 863; 953 862; 949 862; 947 860; 947 857; 946 856; 946 853; 945 852; 945 851
357; 894 859; 893 860; 892 860; 890 862; 876 862; 875 863; 874 863; 874 871; 875 872; 875 873; 876 874; 876 875; 877 876; 877 877; 878 878; 878 880; 879 881; 879 883; 880 884; 880 885; 881 886; 881 887; 883 889; 883 890; 897 890; 898 889; 911 889; 911 887; 910 886; 910 882; 909 881; 909 879; 907 877; 907 876; 906 875; 906 873; 905 872; 905 871; 904 870; 904 865; 903 864; 903 860; 902 859
358; 114 860; 114 862; 113 863; 110 863; 110 866; 109 867; 109 869; 108 870; 108 872; 107 873; 107 874; 106 875; 106 879; 105 880; 105 893; 106 893; 107 894; 118 894; 119 895; 121 895; 122 896; 123 896; 124 897; 125 897; 126 898; 127 898; 129 900; 129 907; 139 907; 140 906; 141 906; 141 905; 142 904; 142 898; 145 895; 149 895; 150 894; 150 883; 149 882; 149 881; 148 880; 148 877; 143 877; 142 876; 139 876; 138 875; 136 875; 135 874; 134 874; 133 873; 132 873; 130 871; 129 871; 128 870; 126 870; 125 869; 123 869; 122 868; 121 868; 118 865; 118 860
359; 356 868; 355 869; 352 869; 352 880; 354 882; 354 888; 353 889; 353 903; 366 903; 367 902; 369 902; 370 901; 374 901; 375 900; 397 900; 397 892; 396 892; 395 891; 394 891; 393 890; 393 874; 392 873; 370 873; 369 872; 369 871; 366 871; 365 870; 362 870; 361 869; 360 869; 359 868
360; 182 870; 182 881; 181 882; 181 890; 180 891; 180 892; 179 893; 179 896; 178 897; 178 898; 177 899; 177 902; 176 903; 176 912; 178 914; 179 914; 180 915; 189 915; 193 919; 201 919; 201 918; 202 917; 202 914; 203 913; 203 912; 204 911; 204 910; 205 909; 205 906; 206 905; 206 903; 207 902; 207 900; 208 899; 208 897; 209 896; 209 894; 210 893; 210 892; 211 891; 211 890; 212 889; 212 880; 210 878; 209 878; 208 877; 207 877; 206 876; 204 876; 203 875; 198 875; 195 872; 195 871; 194 870
361; 730 877; 727 880; 727 884; 726 885; 726 889; 723 892; 723 900; 726 903; 726 904; 730 904; 731 905; 749 905; 750 906; 753 906; 754 907; 764 907; 764 896; 763 895; 757 895; 756 894; 756 888; 757 887; 765 887; 765 878; 764 877
362; 28 868; 28 870; 27 871; 27 876; 26 877; 25 877; 24 878; 21 878; 20 879; 19 879; 16 882; 16 883; 15 884; 15 893; 16 894; 16 901; 18 903; 19 903; 24 908; 27 908; 28 909; 30 909; 34 913; 35 913; 40 918; 43 918; 44 917; 45 917; 46 916; 47 916; 48 915; 48 913; 49 912; 49 908; 50 907; 50 906; 52 904; 54 904; 57 901; 57 887; 58 886; 63 886; 63 878; 61 878; 60 877; 60 869; 59 868; 49 868; 49 873; 48 874; 42 874; 38 870; 38 869; 37 868
363; 648 876; 648 884; 649 885; 649 886; 650 887; 650 890; 651 891; 651 893; 652 894; 654 894; 656 896; 656 902; 655 903; 642 903; 640 905; 634 905; 633 904; 633 899; 623 899; 623 909; 633 909; 634 910; 634 919; 635 920; 648 920; 650 918; 650 917; 652 915; 652 914; 653 913; 654 913; 654 912; 655 911; 667 911; 668 910; 675 910; 675 906; 676 905; 676 901; 675 900; 675 889; 674 888; 673 888; 671 886; 671 884; 661 884; 658 881; 658 876
364; 259 864; 259 865; 258 866; 258 867; 257 868; 257 870; 256 871; 256 872; 255 873; 255 875; 254 876; 254 878; 253 879; 253 882; 252 883; 252 884; 251 885; 251 886; 249 888; 249 889; 244 894; 244 903; 245 903; 246 904; 247 904; 250 907; 250 912; 251 913; 253 913; 254 914; 257 914; 258 915; 268 915; 268 914; 269 913; 269 911; 270 910; 271 910; 272 909; 273 909; 274 908; 274 898; 276 896; 276 895; 278 893; 278 892; 280 890; 280 889; 283 886; 283 878; 281 876; 280 876; 279 875; 278 875; 277 874; 275 874; 274 873; 272 873; 271 872; 270 872; 268 870; 268 867; 267 866; 267 864
365; 577 874; 575 876; 569 876; 568 877; 568 879; 567 880; 567 892; 564 895; 564 896; 560 900; 559 900; 559 901; 560 902; 560 913; 561 914; 561 926; 562 925; 566 925; 567 924; 579 924; 580 923; 580 922; 581 921; 581 920; 584 917; 588 917; 588 911; 593 906; 596 906; 596 902; 598 900; 598 899; 602 895; 602 893; 599 890; 599 888; 598 887; 592 887; 591 886; 591 879; 588 876; 588 875; 587 874
366; 452 882; 451 883; 450 883; 448 885; 447 885; 446 886; 436 886; 435 885; 427 885; 426 884; 417 884; 417 892; 415 894; 415 907; 416 908; 416 909; 417 910; 417 915; 432 915; 433 916; 433 918; 434 918; 435 917; 436 917; 436 913; 437 912; 456 912; 456 896; 457 895; 457 892; 458 891; 458 882
367; 847 880; 846 881; 843 881; 843 884; 840 887; 839 887; 837 889; 828 889; 828 890; 827 891; 827 897; 832 902; 832 910; 833 911; 833 918; 837 922; 837 923; 844 923; 849 928; 858 928; 859 927; 864 927; 865 926; 865 925; 866 924; 866 923; 867 922; 867 921; 873 915; 873 906; 870 903; 869 903; 867 901; 867 900; 865 898; 865 897; 859 891; 859 890; 857 888; 857 887; 854 884; 854 883; 851 883; 850 882; 850 880
368; 493 881; 491 883; 491 886; 490 887; 490 888; 489 889; 489 894; 488 895; 488 896; 487 897; 486 897; 485 898; 481 898; 481 907; 480 908; 480 909; 477 912; 477 921; 491 921; 492 922; 494 922; 495 923; 496 923; 498 925; 507 925; 507 924; 508 923; 508 920; 509 919; 509 916; 510 915; 510 914; 513 911; 513 902; 514 901; 514 899; 516 897; 516 895; 518 893; 518 885; 510 885; 509 884; 507 884; 506 883; 505 883; 504 882; 503 882; 502 881
369; 1004 883; 1004 884; 1003 885; 999 885; 998 886; 997 886; 997 887; 996 888; 996 902; 995 903; 992 903; 991 904; 988 904; 988 916; 990 916; 991 917; 992 917; 993 918; 994 918; 995 919; 995 926; 994 927; 993 927; 993 935; 1006 935; 1006 929; 1007 928; 1007 927; 1010 924; 1011 924; 1012 923; 1023 923; 1023 893; 1014 893; 1010 889; 1010 883
370; 530 893; 530 901; 527 904; 526 904; 526 905; 522 909; 522 917; 528 923; 528 929; 529 930; 530 930; 531 931; 533 931; 534 932; 541 932; 543 934; 543 935; 544 936; 544 937; 545 938; 545 939; 546 940; 546 941; 555 941; 555 934; 559 930; 559 929; 560 928; 560 914; 559 913; 559 902; 551 902; 550 901; 550 900; 548 898; 548 897; 547 897; 546 896; 545 896; 544 895; 543 895; 542 894; 542 893
371; 812 898; 812 899; 811 900; 810 900; 809 901; 807 901; 806 902; 805 902; 802 905; 801 905; 800 906; 798 906; 797 907; 796 907; 796 916; 800 920; 800 921; 806 927; 806 928; 807 929; 807 937; 817 937; 818 938; 829 938; 830 937; 830 936; 835 931; 836 931; 837 930; 837 924; 836 923; 836 922; 832 918; 832 911; 831 910; 831 902; 827 898
372; 960 890; 959 891; 959 892; 958 893; 958 896; 957 897; 957 900; 956 901; 950 901; 950 914; 949 915; 949 916; 948 917; 948 918; 947 919; 947 920; 946 921; 946 930; 947 930; 948 931; 950 931; 951 932; 955 932; 958 935; 958 938; 968 938; 968 936; 969 935; 977 935; 979 933; 979 932; 980 931; 980 929; 981 928; 981 925; 982 924; 982 919; 983 918; 983 917; 984 916; 987 916; 987 904; 984 904; 983 903; 983 897; 982 897; 981 896; 980 896; 978 894; 978 890
373; 890 929; 890 939; 891 940; 891 948; 892 949; 903 949; 905 951; 905 953; 913 953; 913 952; 914 951; 914 950; 915 949; 916 949; 917 948; 919 948; 920 947; 920 913; 919 912
374; 919 912; 919 906; 914 906; 913 905; 913 891; 912 890; 898 890; 897 891; 884 891; 884 892; 885 893; 885 896; 886 897; 886 900; 887 901; 887 909; 886 910; 886 918; 887 919; 887 922; 888 923; 888 926; 889 927; 889 928; 890 929
375; 8 901; 7 902; 7 905; 6 906; 6 907; 4 909; 0 909; 0 932; 3 932; 4 933; 5 933; 6 934; 7 934; 8 935; 9 935; 14 940; 14 946; 19 946; 20 947; 24 947; 25 948; 31 948; 32 947; 32 946; 33 945; 33 938; 35 936; 36 936; 39 933; 39 918; 35 914; 34 914; 30 910; 28 910; 27 909; 24 909; 19 904; 18 904; 15 901
376; 93 894; 92 895; 91 895; 91 896; 90 897; 90 898; 89 899; 89 903; 88 904; 88 908; 87 909; 87 910; 85 912; 83 912; 82 913; 82 920; 81 921; 73 921; 72 920; 71 920; 66 915; 58 915; 58 923; 59 924; 59 925; 60 926; 60 930; 68 930; 69 929; 75 929; 75 922; 76 921; 83 921; 84 922; 85 922; 86 923; 88 923; 89 924; 90 924; 91 925; 91 931; 94 934; 100 934; 101 935; 107 935; 111 939; 115 939; 116 938; 116 930; 118 928; 122 928; 123 927; 124 927; 125 926; 125 925; 126 924; 126 920; 128 918; 128 910; 119 910; 118 909; 116 909; 115 908; 114 908; 109 903; 109 902; 108 901; 108 895; 107 895; 106 894
377; 606 908; 605 909; 604 909; 603 910; 600 910; 600 913; 599 914; 599 915; 597 917; 596 917; 595 918; 591 918; 591 927; 592 928; 593 928; 594 929; 595 929; 599 933; 599 934; 601 936; 602 936; 604 938; 605 938; 609 942; 610 942; 612 944; 613 944; 615 946; 615 947; 617 949; 617 950; 625 950; 627 948; 627 947; 631 943; 633 943; 634 942; 636 942; 637 941; 638 941; 639 940; 639 930; 638 930; 635 927; 635 921; 634 920; 626 920; 623 917; 622 917; 621 916; 621 910; 622 909; 616 909; 615 908
378; 340 908; 339 909; 334 909; 333 910; 331 910; 327 914; 326 914; 324 916; 323 916; 320 919; 319 919; 318 920; 317 920; 316 921; 311 921; 311 929; 312 930; 312 931; 313 932; 313 934; 314 935; 314 936; 315 937; 315 951; 316 952; 325 952; 331 946; 332 946; 334 944; 335 944; 336 943; 337 943; 339 941; 340 941; 345 936; 347 936; 348 935; 352 935; 353 934; 355 934; 356 933; 356 916; 354 914; 353 914; 349 910; 349 908
379; 692 924; 689 927; 688 927; 687 928; 686 928; 688 930; 688 931; 689 932; 689 941; 690 942; 694 942; 695 943; 696 943; 699 946; 699 947; 707 947; 707 946; 709 944; 709 936; 707 934; 707 932; 706 931; 706 929; 704 927; 701 927; 698 924
380; 382 918; 382 919; 381 920; 381 922; 380 923; 380 924; 378 926; 378 927; 376 929; 376 930; 375 931; 375 932; 374 933; 374 934; 373 935; 373 936; 372 937; 372 938; 371 939; 371 940; 369 942; 369 943; 366 946; 365 946; 365 955; 366 955; 367 956; 367 962; 372 962; 373 963; 391 963; 391 961; 392 960; 392 959; 393 958; 393 957; 394 956; 394 955; 400 949; 401 949; 403 947; 404 947; 411 940; 412 940; 412 931; 411 931; 410 930; 405 930; 403 928; 403 927; 402 926; 402 925; 401 924; 401 923; 399 921; 399 920; 392 920; 390 918
381; 226 920; 226 921; 225 922; 212 922; 212 929; 210 931; 210 940; 211 941; 211 942; 212 943; 213 943; 215 945; 216 945; 218 947; 219 947; 223 951; 224 951; 225 952; 225 953; 226 954; 226 955; 227 956; 227 957; 229 959; 230 959; 231 960; 232 960; 233 961; 234 961; 235 962; 247 962; 248 961; 249 961; 250 960; 250 953; 253 950; 254 950; 254 949; 256 947; 256 946; 257 945; 257 937; 256 936; 254 936; 253 935; 252 935; 251 934; 250 934; 247 931; 247 930; 245 928; 244 928; 241 925; 240 925; 239 924; 238 924; 234 920
382; 435 918; 434 919; 433 919; 433 922; 432 923; 432 924; 431 925; 431 929; 430 930; 430 939; 429 940; 429 941; 428 942; 428 944; 427 945; 427 950; 426 951; 426 953; 425 954; 425 956; 424 957; 424 959; 423 960; 423 966; 424 967; 425 967; 426 968; 427 968; 428 969; 431 969; 431 968; 432 967; 445 967; 446 966; 451 966; 451 962; 452 961; 452 959; 453 958; 453 956; 454 955; 454 952; 455 951; 455 950; 456 949; 462 949; 462 930; 460 928; 459 928; 457 926; 449 926; 446 923; 446 920; 437 920; 436 919; 436 918
383; 753 924; 752 925; 741 925; 740 926; 721 926; 721 934; 723 936; 723 942; 722 943; 722 956; 730 956; 731 955; 743 955; 744 956; 744 959; 745 959; 746 960; 749 960; 750 961; 757 961; 761 957; 761 938; 762 937; 762 925; 761 924
384; 516 930; 514 932; 513 932; 512 933; 505 933; 504 934; 504 953; 505 954; 505 957; 506 958; 506 959; 507 960; 507 963; 508 964; 508 976; 512 976; 513 975; 517 975; 518 974; 519 974; 520 973; 538 973; 538 967; 537 967; 536 966; 536 960; 535 959; 535 941; 534 940; 534 933; 533 932; 531 932; 530 931; 529 931; 528 930
385; 76 932; 76 945; 75 946; 75 949; 74 950; 74 952; 72 954; 72 955; 71 956; 71 958; 70 959; 70 970; 71 970; 72 971; 73 971; 75 973; 76 973; 77 974; 78 974; 79 975; 79 976; 80 977; 80 979; 83 982; 84 982; 85 983; 95 983; 95 982; 96 981; 96 980; 95 979; 95 972; 96 971; 96 969; 97 968; 97 967; 98 966; 98 965; 99 964; 99 962; 102 959; 102 958; 105 955; 105 954; 106 953; 110 953; 110 939; 107 936; 101 936; 100 935; 94 935; 91 932
386; 463 931; 463 952; 464 953; 464 955; 465 956; 465 974; 466 974; 467 975; 482 975; 483 974; 484 974; 485 973; 494 973; 494 935; 493 934; 493 933; 487 933; 486 932; 478 932; 477 933; 466 933; 465 932; 464 932
387; 805 938; 804 939; 787 939; 787 943; 786 944; 786 953; 785 954; 785 956; 786 957; 786 958; 787 959; 787 962; 788 963; 788 966; 789 967; 789 968; 790 969; 791 968; 793 968; 794 967; 796 967; 797 966; 821 966; 822 967; 822 968; 826 968; 826 964; 827 963; 828 963; 828 940; 829 939; 818 939; 817 938
388; 931 938; 930 939; 930 953; 927 956; 927 966; 928 967; 931 967; 932 968; 932 971; 933 972; 933 969; 934 968; 945 968; 946 969; 948 969; 949 970; 951 970; 953 972; 954 972; 955 973; 964 973; 966 971; 966 970; 967 969; 967 956; 969 954; 976 954; 977 953; 977 952; 979 950; 979 945; 977 943; 969 943; 968 942; 968 939; 958 939; 958 941; 957 942; 950 942; 949 941; 947 941; 946 940; 943 940; 942 939; 941 939; 940 938
389; 1010 946; 1007 949; 1005 949; 1004 950; 980 950; 978 952; 978 953; 977 954; 977 977; 988 977; 989 978; 991 978; 992 979; 993 979; 994 980; 1002 980; 1003 981; 1006 981; 1007 982; 1023 982; 1023 947; 1019 947; 1018 946
390; 311 952; 310 953; 308 953; 307 954; 305 954; 304 955; 299 955; 298 956; 294 956; 293 957; 284 957; 283 958; 272 958; 272 966; 275 966; 276 967; 277 967; 279 969; 279 970; 280 971; 280 975; 281 976; 281 986; 289 986; 290 985; 291 985; 292 984; 293 984; 294 983; 298 983; 299 982; 305 982; 306 983; 307 983; 308 984; 308 988; 318 988; 318 985; 319 984; 320 984; 321 983; 321 970; 319 970; 318 969; 318 963; 319 962; 319 953; 316 953; 315 952
391; 555 942; 555 949; 554 950; 554 951; 553 952; 553 953; 552 954; 552 956; 550 958; 550 959; 545 964; 545 965; 543 967; 539 967; 539 973; 540 973; 541 974; 541 978; 549 978; 551 980; 551 983; 553 985; 554 985; 555 986; 556 986; 557 987; 558 987; 559 988; 560 988; 562 990; 570 990; 570 989; 571 988; 571 986; 572 985; 572 982; 573 981; 573 980; 574 979; 575 979; 575 975; 576 974; 576 973; 577 972; 577 970; 578 969; 578 968; 579 967; 579 965; 584 960; 587 960; 587 959; 588 958; 588 957; 587 957; 586 956; 586 950; 579 950; 578 949; 577 949; 575 947; 574 947; 573 946; 572 946; 571 945; 570 945; 569 944; 568 944; 567 943; 556 943
392; 784 956; 783 957; 769 957; 768 958; 761 958; 757 962; 757 968; 756 969; 756 970; 750 976; 745 976; 745 988; 748 991; 749 991; 751 993; 751 994; 752 995; 752 996; 753 997; 753 1003; 754 1004; 762 1004; 762 1003; 763 1002; 763 1001; 766 998; 767 998; 769 996; 770 996; 771 995; 772 995; 773 994; 774 994; 779 989; 779 988; 788 979; 788 972; 789 971; 789 969; 788 968; 788 967; 787 966; 787 963; 786 962; 786 959; 785 958; 785 957
393; 605 1005; 605 1011; 601 1014; 600 1023; 637 1023; 637 1020; 641 1017; 641 1009; 632 1006; 632 999; 630 997; 613 995
394; 613 995; 613 989; 622 974; 621 964; 614 963; 605 954; 596 954; 593 957; 589 957; 588 960; 591 961; 591 974; 586 975; 581 982; 581 991; 595 992; 596 1001; 599 1004; 605 1005
395; 671 958; 670 959; 669 959; 668 960; 667 960; 666 961; 657 961; 656 960; 647 960; 646 961; 645 961; 644 962; 644 970; 645 971; 645 973; 646 974; 646 980; 645 981; 645 989; 647 991; 647 992; 648 993; 648 994; 657 994; 659 992; 660 992; 662 990; 664 990; 665 989; 668 989; 669 988; 675 988; 676 987; 680 987; 681 986; 683 986; 684 985; 688 985; 689 984; 689 976; 687 976; 683 972; 683 971; 682 970; 682 968; 681 967; 681 962; 680 961; 680 958
396; 853 968; 852 969; 849 969; 848 970; 843 970; 843 989; 852 989; 853 990; 853 996; 852 997; 852 998; 851 999; 850 999; 850 1013; 849 1014; 848 1014; 847 1015; 847 1023; 860 1023; 860 1018; 859 1017; 859 1016; 858 1015; 858 1007; 859 1006; 860 1006; 861 1005; 862 1005; 863 1004; 866 1004; 866 988; 865 988; 863 986; 863 969; 862 968
397; 822 969; 822 979; 821 980; 821 981; 819 983; 819 992; 820 993; 821 993; 822 994; 831 994; 832 993; 833 993; 834 992; 835 992; 836 991; 838 991; 839 990; 840 990; 841 989; 842 989; 842 970; 841 970; 840 971; 827 971; 826 970; 826 969
398; 184 965; 183 966; 178 966; 177 967; 177 975; 178 976; 178 986; 176 988; 176 996; 187 996; 188 995; 199 995; 200 996; 201 996; 202 997; 203 997; 205 999; 216 999; 216 998; 218 996; 218 988; 217 988; 216 987; 216 980; 217 979; 217 971; 214 968; 206 968; 205 969; 196 969; 195 968; 195 965
399; 410 967; 408 969; 408 970; 407 971; 407 973; 406 974; 406 976; 405 977; 405 979; 404 980; 404 982; 403 983; 403 984; 402 985; 402 986; 401 987; 401 988; 399 990; 399 991; 394 996; 394 1004; 397 1004; 398 1005; 399 1005; 400 1006; 400 1014; 399 1015; 389 1015; 388 1016; 387 1016; 386 1017; 382 1017; 382 1023; 404 1023; 404 1015; 405 1014; 408 1014; 409 1013; 418 1013; 418 1012; 419 1011; 419 1009; 420 1008; 420 1006; 421 1005; 421 1004; 423 1002; 423 1001; 425 999; 425 998; 427 996; 427 995; 433 989; 434 989; 435 988; 437 988; 437 980; 431 980; 428 977; 428 970; 427 969; 426 969; 425 968; 424 968; 423 967
400; 365 963; 364 964; 363 964; 360 967; 360 968; 358 970; 358 971; 356 973; 356 980; 355 981; 350 981; 347 984; 347 985; 345 987; 344 987; 344 997; 345 998; 345 999; 350 999; 351 1000; 353 1000; 354 1001; 355 1001; 357 1003; 357 1008; 360 1008; 361 1009; 364 1009; 365 1008; 368 1008; 371 1005; 371 1004; 377 998; 377 997; 378 996; 378 995; 379 994; 379 992; 380 991; 380 990; 382 988; 382 987; 384 985; 384 977; 379 977; 378 976; 378 964; 373 964; 372 963
401; 98 997; 91 998; 88 996; 79 996; 79 1001; 71 1015; 71 1023; 115 1023; 115 1019; 119 1015; 120 1010
402; 120 1010; 128 996; 130 987; 138 976; 138 968; 135 964; 128 962; 124 954; 113 954; 112 966; 107 975; 102 980; 97 980; 96 982; 98 984; 98 997
403; 706 1008; 696 1009; 686 1006; 681 1002; 673 1002; 666 1014; 659 1017; 658 1023; 711 1023; 711 1018; 707 1015; 707 1007
404; 707 1007; 732 1006; 736 997; 737 987; 744 986; 742 970; 740 968; 712 966; 709 971; 706 987; 706 1008
405; 932 972; 932 974; 931 975; 925 975; 924 976; 923 976; 923 977; 921 979; 920 979; 918 981; 917 981; 916 982; 915 982; 914 983; 912 983; 911 984; 910 984; 909 985; 909 986; 908 987; 908 988; 905 991; 904 991; 903 992; 902 992; 901 993; 900 993; 899 994; 898 994; 898 1008; 897 1009; 886 1009; 886 1010; 883 1013; 883 1017; 882 1018; 875 1018; 874 1019; 873 1019; 873 1023; 899 1023; 899 1019; 900 1018; 915 1018; 917 1016; 918 1016; 919 1015; 920 1015; 921 1014; 922 1014; 923 1013; 924 1013; 925 1012; 926 1012; 927 1011; 928 1011; 933 1006; 934 1006; 936 1004; 937 1004; 938 1003; 940 1003; 941 1002; 942 1002; 942 994; 941 993; 940 993; 937 990; 937 986; 936 985; 936 979; 935 978; 935 977; 933 975; 933 973
406; 964 989; 962 991; 962 1000; 963 1001; 963 1007; 962 1008; 950 1008; 950 1016; 951 1016; 954 1019; 954 1023; 967 1023; 967 1019; 968 1018; 968 1005; 969 1004; 978 1004; 978 996; 974 992; 974 991; 972 989
407; 245 979; 245 991; 244 992; 231 992; 230 993; 230 1003; 231 1004; 232 1004; 233 1005; 236 1005; 237 1006; 239 1006; 240 1007; 241 1007; 244 1010; 245 1010; 247 1012; 248 1012; 255 1019; 255 1023; 292 1023; 292 1013; 283 1013; 282 1012; 282 1004; 281 1003; 281 1002; 279 1000; 278 1000; 277 999; 276 999; 275 998; 274 998; 264 988; 263 988; 257 982; 256 982; 253 979
408; 508 977; 507 978; 504 978; 503 979; 501 979; 501 990; 500 991; 500 992; 499 993; 499 995; 498 996; 498 998; 497 999; 497 1002; 496 1003; 496 1008; 495 1009; 495 1011; 494 1012; 494 1013; 493 1014; 493 1015; 492 1016; 492 1023; 524 1023; 524 1005; 525 1004; 525 1003; 526 1002; 526 1001; 527 1000; 527 991; 526 991; 524 989; 523 989; 522 988; 515 988; 513 986; 513 985; 512 984; 512 977
409; 0 1023; 51 1023; 51 1020; 54 1017; 54 1005; 53 1004; 53 1000; 52 999; 52 995; 50 993; 42 993; 41 994; 35 994; 31 990
410; 31 990; 31 973; 32 972; 32 968; 20 968; 19 967; 4 962; 3 963; 0 963; 0 1023
411; 19 967; 20 966; 32 966; 32 957; 29 957; 28 956; 26 956; 25 955; 25 949; 24 948; 20 948; 19 947; 11 947; 10 948; 7 948; 6 949; 6 952; 5 953; 5 959; 4 960; 4 962
412; 308 989; 308 992; 307 993; 307 994; 303 998; 302 998; 301 999; 298 999; 297 1000; 296 1000; 293 1003; 293 1017; 299 1017; 301 1019; 302 1019; 303 1020; 303 1023; 368 1023; 368 1019; 367 1018; 366 1018; 365 1017; 365 1016; 364 1015; 364 1010; 361 1010; 360 1009; 357 1009; 356 1010; 353 1010; 352 1011; 351 1011; 350 1012; 350 1013; 348 1015; 342 1015; 340 1013; 339 1013; 329 1003; 328 1003; 324 999; 324 998; 318 992; 318 989
413; 467 983; 464 986; 464 987; 462 989; 455 989; 454 990; 442 990; 442 1007; 440 1009; 440 1017; 441 1018; 458 1018; 459 1017; 467 1017; 468 1016; 471 1016; 472 1015; 475 1015; 476 1014; 481 1014; 482 1013; 484 1013; 484 1004; 482 1002; 482 996; 483 995; 483 986; 481 984; 480 984; 479 983
414; 993 990; 993 991; 992 992; 992 999; 989 1002; 988 1002; 987 1003; 987 1004; 985 1006; 985 1015; 987 1015; 988 1016; 992 1016; 993 1017; 995 1017; 996 1018; 997 1018; 999 1020; 999 1023; 1023 1023; 1023 1000; 1017 1000; 1016 999; 1015 999; 1014 998; 1013 998; 1012 997; 1011 997; 1010 996; 1009 996; 1007 994; 1006 994; 1003 991; 1002 991; 1001 990
