0; 29 0; 29 4; 28 5; 28 8; 24 12; 24 13; 23 14; 23 15; 22 16; 22 18; 21 19; 21 21; 18 24; 18 32; 19 32; 24 37; 25 37; 26 38; 27 38; 28 39; 28 45; 39 45; 42 42; 42 41; 43 40; 43 39; 46 36; 46 35; 47 34; 47 33; 48 32; 48 30; 49 29; 49 28; 50 27; 50 26; 51 25; 51 24; 52 23; 52 22; 55 19; 55 18; 57 16; 58 16; 58 0
1; 126 0; 126 3; 125 4; 109 4; 109 13; 110 14; 110 24; 112 26; 113 26; 114 27; 115 27; 117 29; 117 30; 118 31; 118 35; 137 35; 138 36; 138 41; 150 41; 151 40; 162 40; 162 30; 160 28; 160 27; 158 25; 157 25; 156 24; 153 24; 152 23; 147 23; 146 22; 146 16; 149 13; 150 13; 151 12; 153 12; 154 11; 155 11; 157 9; 157 0
2; 211 0; 211 4; 212 5; 212 6; 213 7; 213 8; 215 10; 215 11; 216 12; 216 14; 217 15; 217 18; 218 19; 218 20; 219 21; 219 22; 220 23; 220 24; 221 25; 221 26; 224 26; 225 27; 225 36; 234 36; 235 35; 242 35; 244 33; 244 26; 245 25; 246 25; 247 24; 249 24; 249 16; 248 15; 248 14; 247 13; 247 11; 246 10; 246 6; 245 5; 234 5; 233 4; 233 0
3; 475 0; 475 13; 479 17; 479 18; 480 19; 480 21; 499 21; 500 20; 501 20; 503 18; 503 17; 504 16; 504 6; 495 6; 494 5; 494 0
4; 570 0; 570 10; 569 11; 569 13; 568 14; 568 16; 567 17; 567 25; 568 25; 569 26; 594 26; 595 25; 595 7; 586 7; 585 6; 585 0
5; 699 0; 699 4; 698 5; 697 5; 697 6; 696 7; 696 8; 692 12; 692 13; 691 14; 691 28; 693 30; 704 30; 706 32; 707 32; 708 33; 709 33; 710 34; 718 34; 719 33; 719 30; 720 29; 720 27; 721 26; 721 24; 722 23; 722 21; 723 20; 723 13; 724 12; 724 9; 725 8; 725 6; 726 5; 726 0
6; 357 0; 357 3; 355 5; 355 6; 354 7; 354 15; 363 15; 365 17; 365 18; 366 19; 366 21; 369 24; 380 24; 380 17; 382 15; 382 14; 383 13; 389 13; 390 14; 390 22; 391 22; 392 23; 393 23; 393 21; 394 20; 406 20; 406 19; 407 18; 413 18; 414 19; 415 19; 418 22; 419 22; 422 25; 422 26; 423 27; 423 29; 424 29; 425 30; 425 34; 433 34; 433 29; 436 26; 436 25; 437 24; 437 14; 436 14; 435 13; 432 13; 431 12; 429 12; 428 11; 426 11; 425 10; 423 10; 422 9; 421 9; 419 7; 418 7; 416 5; 415 5; 413 3; 413 0; 400 0; 400 5; 399 6; 399 7; 398 8; 398 9; 396 11; 395 11; 394 12; 384 12; 383 11; 383 5; 378 5; 376 3; 376 0
7; 648 0; 648 10; 647 11; 647 12; 645 14; 645 15; 644 16; 644 17; 643 18; 643 20; 642 21; 642 30; 643 31; 643 32; 655 32; 656 33; 656 40; 664 40; 666 38; 666 37; 667 36; 667 35; 668 34; 668 33; 669 32; 669 31; 670 30; 670 29; 671 28; 671 19; 672 18; 677 18; 677 17; 678 16; 678 13; 679 12; 679 11; 680 10; 680 0
8; 744 0; 744 11; 743 12; 743 15; 742 16; 742 18; 741 19; 741 30; 742 31; 743 31; 744 32; 745 32; 748 35; 758 35; 759 34; 764 34; 767 31; 767 29; 768 28; 768 27; 769 26; 769 25; 770 24; 770 12; 762 12; 761 11; 761 5; 762 4; 763 4; 763 0
9; 934 0; 934 3; 932 5; 928 5; 928 13; 929 14; 929 15; 930 16; 930 17; 931 18; 931 25; 932 26; 932 27; 933 28; 933 29; 934 30; 934 32; 935 33; 935 36; 936 37; 936 41; 937 42; 937 43; 938 44; 939 44; 940 45; 950 45; 953 42; 953 40; 954 39; 954 38; 957 35; 962 35; 963 34; 963 26; 962 25; 962 21; 961 21; 960 20; 960 17; 959 16; 959 15; 958 14; 958 13; 957 13; 956 12; 956 10; 955 9; 955 7; 954 6; 954 5; 953 4; 953 0
10; 533 0; 533 4; 534 5; 534 13; 533 14; 523 14; 523 16; 522 17; 522 26; 524 28; 524 54; 526 54; 527 53; 537 53; 540 56; 540 57; 548 57; 548 48; 549 47; 549 44; 550 43; 550 37; 551 36; 551 34; 552 33; 552 32; 553 31; 553 27; 554 26; 554 18; 553 17; 553 14; 546 14; 545 13; 544 13; 542 11; 542 0
11; 326 0; 326 3; 325 4; 325 13; 324 14; 313 14; 312 13; 311 13; 310 12; 300 12; 300 17; 298 19; 298 20; 297 21; 297 22; 295 24; 295 25; 294 26; 294 29; 293 30; 291 30; 285 36; 284 36; 283 37; 283 46; 284 46; 285 47; 286 47; 287 48; 288 48; 292 52; 299 52; 302 55; 302 56; 303 57; 311 57; 312 56; 312 55; 313 54; 313 53; 314 52; 314 51; 315 50; 315 49; 316 48; 316 47; 317 46; 317 45; 322 40; 322 39; 323 38; 323 37; 324 36; 324 33; 325 32; 327 32; 328 31; 330 31; 330 14; 331 13; 333 13; 335 11; 337 11; 340 8; 340 6; 341 5; 341 0
12; 839 13; 838 14; 837 14; 834 17; 833 17; 832 18; 831 18; 830 19; 829 19; 828 20; 825 20; 825 21; 824 22; 823 22; 822 23; 821 23; 819 25; 818 25; 817 26; 815 26; 814 27; 814 35; 816 37; 816 43; 820 47; 820 48; 821 49; 821 50; 822 51; 822 52; 823 53; 839 53; 840 52; 844 52; 844 46; 845 45; 848 45; 850 43; 851 43; 853 41; 854 41; 855 40; 857 40; 858 39; 860 39; 860 30; 859 30; 858 29; 857 29; 855 27; 855 23; 850 18; 850 17; 849 16; 849 15; 848 14; 848 13
13; 884 20; 884 21; 883 22; 883 23; 879 27; 879 28; 877 30; 877 31; 876 32; 876 33; 874 35; 874 36; 872 38; 872 39; 870 41; 870 42; 869 43; 868 43; 868 51; 878 51; 879 52; 879 61; 882 64; 890 64; 890 61; 891 60; 891 59; 894 56; 894 55; 895 54; 896 54; 897 53; 897 48; 898 47; 905 47; 907 45; 907 44; 908 43; 908 41; 909 40; 909 39; 912 36; 912 28; 906 28; 905 27; 903 27; 902 26; 901 26; 899 24; 898 24; 897 23; 896 23; 893 20
14; 198 21; 197 22; 192 22; 191 23; 190 23; 190 24; 189 25; 189 27; 186 30; 181 30; 180 31; 179 31; 178 32; 176 32; 176 40; 181 45; 181 46; 184 49; 184 50; 186 52; 187 52; 192 57; 192 58; 193 59; 193 61; 194 62; 194 66; 202 66; 202 63; 205 60; 206 60; 207 59; 211 59; 217 53; 217 43; 216 42; 216 41; 213 38; 213 37; 210 37; 209 36; 209 29; 208 28; 208 25; 207 24; 207 21
15; 1000 20; 997 23; 997 25; 996 26; 996 27; 995 28; 995 29; 992 32; 990 32; 989 33; 988 33; 986 35; 986 43; 993 50; 993 51; 996 54; 996 55; 997 56; 997 57; 998 58; 998 62; 999 63; 999 65; 1000 66; 1000 73; 1001 74; 1001 75; 1009 75; 1009 74; 1010 73; 1010 72; 1015 67; 1015 66; 1017 64; 1017 63; 1018 62; 1023 62; 1023 34; 1017 34; 1013 30; 1013 28; 1012 27; 1012 26; 1011 25; 1011 24; 1009 22; 1009 21; 1008 20
16; 335 35; 335 40; 334 41; 334 43; 333 44; 333 46; 332 47; 332 55; 331 56; 331 57; 330 58; 330 60; 328 62; 328 71; 333 71; 334 72; 334 73; 335 74; 335 75; 337 77; 338 77; 339 78; 340 78; 342 80; 350 80; 352 78; 352 77; 354 75; 354 74; 355 73; 355 65; 349 65; 348 64; 348 57; 349 56; 349 55; 350 54; 356 54; 357 55; 357 61; 365 61; 366 62; 366 64; 367 63; 367 59; 368 58; 368 57; 369 56; 369 47; 368 46; 355 46; 354 45; 354 40; 353 39; 353 37; 352 37; 351 36; 348 36; 347 35
17; 457 22; 457 23; 454 26; 454 36; 453 37; 443 37; 442 38; 442 47; 443 47; 445 49; 446 49; 455 58; 455 59; 470 59; 471 58; 471 52; 472 51; 478 51; 478 50; 479 49; 479 43; 478 42; 473 42; 472 41; 472 31; 471 30; 471 29; 468 26; 468 25; 466 23; 466 22
18; 390 23; 390 25; 389 26; 384 26; 384 35; 383 36; 380 36; 380 42; 379 43; 379 45; 378 46; 378 55; 379 56; 380 56; 382 58; 384 58; 385 59; 388 59; 389 60; 395 60; 396 61; 399 61; 400 62; 401 62; 402 63; 411 63; 411 57; 412 56; 417 56; 418 55; 421 55; 422 54; 422 51; 423 50; 423 42; 422 41; 422 40; 415 40; 414 39; 412 39; 411 38; 409 38; 408 37; 407 37; 406 36; 405 36; 402 33; 394 33; 393 32; 393 24; 392 24; 391 23
19; 85 32; 82 35; 80 35; 79 36; 78 36; 77 37; 76 37; 75 38; 75 39; 74 40; 74 49; 73 50; 72 50; 72 53; 73 54; 73 57; 77 57; 78 58; 79 58; 81 60; 82 60; 83 61; 84 61; 85 62; 86 62; 88 64; 89 64; 91 66; 91 67; 98 74; 106 74; 107 73; 107 72; 108 71; 108 70; 114 64; 116 64; 117 63; 119 63; 120 62; 120 52; 118 50; 117 50; 116 49; 115 49; 105 39; 104 39; 102 37; 101 37; 100 36; 99 36; 97 34; 96 34; 94 32
20; 612 0; 612 3; 611 4; 611 13; 612 14; 612 20; 611 21; 610 21; 610 24; 609 25; 609 26; 607 28; 607 38; 606 39; 600 39; 600 40; 599 41; 599 43; 598 44; 598 46; 597 47; 597 48; 596 49; 596 50; 595 51; 595 59; 596 60; 596 61; 598 63; 598 66; 598 64; 599 63; 606 63; 608 65; 608 66; 609 67; 609 69; 610 70; 619 70; 619 69; 620 68; 620 67; 623 64; 623 63; 624 62; 624 55; 625 54; 625 53; 626 52; 626 51; 627 50; 627 49; 629 47; 629 45; 630 44; 630 42; 631 41; 631 40; 632 39; 632 31; 631 30; 628 30; 627 29; 627 23; 628 22; 629 22; 630 21; 630 20; 631 19; 631 18; 633 16; 633 15; 635 13; 635 11; 636 10; 636 0
21; 683 38; 682 39; 682 40; 680 42; 679 42; 679 54; 678 55; 677 55; 676 56; 676 65; 677 66; 679 66; 680 67; 681 67; 683 69; 694 69; 695 70; 697 70; 698 71; 701 71; 702 72; 704 72; 705 73; 715 73; 715 72; 716 71; 716 56; 717 55; 720 55; 720 47; 717 47; 716 46; 712 46; 711 45; 708 45; 707 44; 706 44; 705 43; 704 43; 703 42; 702 42; 701 41; 700 41; 699 40; 697 40; 696 39; 694 39; 693 38
22; 641 43; 639 45; 639 46; 638 47; 638 48; 637 49; 637 51; 636 52; 636 56; 635 57; 635 58; 634 59; 634 60; 633 61; 633 62; 632 63; 632 64; 631 65; 631 70; 630 71; 630 72; 628 74; 628 75; 627 76; 627 84; 628 84; 629 85; 636 85; 638 87; 639 87; 640 88; 641 88; 644 91; 653 91; 653 84; 654 83; 654 81; 655 80; 655 79; 656 78; 656 77; 657 76; 657 75; 658 74; 658 73; 659 72; 659 71; 660 70; 660 69; 661 68; 661 67; 663 65; 663 64; 664 63; 664 53; 651 53; 650 52; 650 43
23; 54 44; 54 50; 51 53; 43 53; 42 54; 40 54; 38 56; 37 56; 36 57; 36 66; 38 68; 38 69; 39 70; 39 71; 40 72; 40 74; 41 75; 41 76; 42 77; 42 78; 46 82; 46 83; 47 84; 47 85; 48 86; 48 88; 49 89; 49 91; 50 92; 50 93; 52 95; 52 96; 53 97; 63 97; 63 96; 64 95; 64 92; 65 91; 76 91; 77 90; 77 74; 76 73; 76 72; 74 70; 74 69; 71 69; 70 68; 70 58; 71 57; 72 57; 72 54; 71 53; 71 50; 66 50; 62 46; 62 44
24; 840 53; 839 54; 835 54; 835 60; 833 62; 832 62; 830 64; 829 64; 829 65; 828 66; 827 66; 825 68; 824 68; 824 76; 826 76; 827 77; 828 77; 830 79; 831 79; 837 85; 837 86; 841 90; 842 90; 846 94; 860 94; 861 93; 868 93; 872 89; 872 79; 871 78; 870 78; 867 75; 867 74; 866 73; 866 72; 865 71; 865 70; 863 68; 863 67; 856 60; 856 59; 852 55; 852 53
25; 488 47; 487 48; 480 48; 480 49; 479 50; 479 58; 478 59; 471 59; 470 60; 463 60; 463 71; 465 73; 465 78; 466 79; 466 85; 467 86; 476 86; 477 87; 477 89; 478 90; 478 91; 489 91; 489 88; 490 87; 490 80; 491 79; 491 77; 492 76; 492 75; 493 74; 493 73; 495 71; 495 70; 502 63; 502 54; 501 53; 501 51; 500 50; 500 49; 498 47
26; 788 44; 787 45; 787 58; 786 59; 777 59; 777 68; 779 70; 779 71; 780 71; 781 72; 781 81; 782 82; 782 86; 784 86; 785 87; 785 88; 786 89; 786 90; 787 91; 787 93; 799 93; 800 94; 800 95; 801 96; 803 96; 804 95; 805 95; 806 94; 808 94; 809 93; 809 87; 810 86; 811 86; 812 85; 814 85; 814 77; 812 75; 812 73; 811 72; 811 69; 810 68; 810 66; 809 65; 809 63; 808 62; 808 61; 805 61; 804 60; 804 55; 803 54; 803 53; 801 51; 801 49; 800 48; 800 46; 798 44
27; 237 51; 236 52; 236 54; 234 56; 234 57; 232 59; 231 59; 230 60; 230 67; 229 68; 221 68; 219 70; 218 70; 218 80; 219 80; 221 82; 221 83; 222 84; 223 84; 224 85; 229 85; 231 87; 231 95; 233 95; 234 96; 236 96; 237 97; 248 97; 248 96; 249 95; 249 94; 248 93; 248 86; 251 83; 251 74; 246 74; 245 73; 245 65; 246 64; 252 64; 253 65; 253 69; 261 69; 262 68; 263 68; 264 67; 266 67; 266 59; 265 59; 264 58; 248 58; 247 57; 247 54; 246 53; 246 52; 245 51
28; 138 42; 136 44; 136 45; 135 46; 135 48; 134 49; 134 60; 133 61; 133 62; 132 63; 132 65; 131 66; 131 67; 130 68; 130 69; 129 70; 129 72; 128 73; 128 77; 127 78; 127 88; 129 88; 130 89; 134 89; 137 92; 138 92; 139 93; 147 93; 148 94; 149 94; 150 95; 154 95; 155 94; 155 90; 156 89; 156 87; 158 85; 158 74; 159 73; 159 68; 160 67; 160 65; 161 64; 161 51; 154 51; 150 47; 150 42
29; 524 55; 523 56; 517 56; 516 57; 516 66; 515 67; 515 68; 514 69; 514 73; 513 74; 513 75; 512 76; 512 87; 513 88; 520 88; 521 89; 522 89; 523 90; 524 90; 527 93; 527 99; 528 100; 530 100; 531 101; 533 101; 534 102; 547 102; 549 100; 549 88; 550 87; 550 86; 551 85; 556 85; 555 85; 554 84; 554 74; 553 73; 552 73; 551 72; 550 72; 549 71; 548 71; 547 70; 545 70; 544 69; 541 69; 540 68; 538 68; 537 67; 536 67; 534 65; 533 65; 530 62; 529 62; 528 61; 527 61; 526 60; 526 55
30; 958 56; 958 67; 957 68; 948 68; 948 76; 949 77; 949 79; 950 80; 950 82; 959 91; 959 92; 960 93; 960 94; 963 97; 976 97; 976 93; 979 90; 979 89; 984 84; 984 76; 979 71; 979 70; 971 70; 970 69; 970 59; 967 56
31; 444 67; 443 68; 443 74; 441 76; 434 76; 433 77; 427 77; 427 86; 431 90; 431 91; 436 96; 436 97; 437 98; 437 99; 438 100; 438 102; 440 104; 440 105; 445 110; 445 115; 446 116; 446 117; 457 117; 457 111; 459 109; 460 109; 461 108; 462 108; 464 106; 466 106; 467 105; 468 105; 469 104; 469 96; 466 93; 466 86; 465 85; 465 79; 464 78; 464 73; 462 71; 456 71; 452 67
32; 575 58; 575 59; 574 60; 574 64; 573 65; 573 66; 571 68; 571 69; 569 71; 569 72; 568 73; 568 74; 567 75; 567 76; 566 77; 566 78; 565 79; 565 80; 562 83; 562 84; 561 85; 557 85; 558 86; 558 96; 561 96; 562 97; 562 100; 563 101; 563 103; 564 104; 574 104; 577 107; 579 107; 580 108; 589 108; 589 99; 590 98; 590 97; 591 96; 591 93; 592 92; 592 91; 593 90; 593 89; 595 87; 595 86; 596 85; 596 84; 597 83; 597 82; 598 81; 598 80; 599 79; 599 71; 598 70; 598 67; 598 69; 597 70; 586 70; 585 69; 585 64; 584 63; 584 61; 583 60; 583 58
33; 903 63; 901 65; 900 65; 897 68; 897 76; 898 77; 898 99; 899 100; 899 102; 900 103; 900 107; 917 107; 918 106; 927 106; 927 94; 928 93; 928 90; 929 89; 929 88; 930 87; 930 66; 922 66; 921 67; 921 68; 920 69; 920 72; 919 73; 919 74; 918 75; 912 75; 911 74; 911 63
34; 173 71; 173 72; 172 73; 172 74; 171 75; 171 76; 168 79; 168 80; 167 81; 167 82; 166 83; 166 84; 165 85; 159 85; 157 87; 157 89; 156 90; 156 94; 155 95; 155 104; 158 107; 159 107; 161 109; 168 109; 169 110; 184 110; 186 112; 187 111; 194 111; 197 108; 197 102; 200 99; 201 99; 204 96; 204 87; 196 87; 195 86; 195 83; 194 83; 193 82; 193 81; 191 79; 191 77; 190 76; 190 75; 189 74; 188 74; 187 73; 183 73; 181 71
35; 752 81; 752 82; 751 83; 734 83; 732 85; 732 86; 731 87; 731 89; 730 90; 730 91; 729 92; 729 105; 728 106; 724 106; 724 109; 723 110; 723 119; 724 119; 725 120; 731 120; 733 122; 737 122; 738 123; 741 123; 743 125; 744 125; 745 126; 753 126; 753 125; 754 124; 754 121; 755 120; 755 117; 756 116; 756 103; 757 102; 757 100; 759 98; 759 97; 760 96; 760 94; 761 93; 761 92; 762 91; 768 91; 769 92; 769 101; 777 101; 777 91; 765 91; 764 90; 764 82; 763 82; 762 81
36; 679 79; 679 86; 678 87; 666 87; 665 88; 665 97; 666 98; 666 99; 667 100; 667 101; 669 103; 669 104; 670 105; 670 106; 672 108; 672 109; 673 110; 673 111; 679 111; 680 112; 680 118; 681 119; 681 120; 683 122; 687 122; 688 123; 689 123; 690 122; 691 122; 691 116; 692 115; 698 115; 701 112; 702 112; 703 111; 704 111; 705 110; 705 109; 706 108; 706 99; 705 99; 704 98; 703 98; 700 95; 699 95; 696 92; 696 91; 693 88; 693 87; 692 86; 692 85; 690 83; 690 82; 689 81; 689 80; 688 79
37; 259 80; 259 86; 258 87; 258 90; 257 91; 257 92; 255 94; 250 94; 250 95; 249 96; 249 97; 250 98; 250 108; 253 108; 254 109; 255 109; 258 112; 258 113; 259 114; 266 114; 267 115; 267 122; 269 124; 269 125; 273 129; 281 129; 282 128; 282 125; 283 124; 284 124; 285 123; 286 123; 288 121; 288 117; 291 114; 292 114; 294 112; 294 111; 296 109; 296 100; 295 99; 293 99; 292 98; 290 98; 289 97; 288 97; 286 95; 285 95; 283 93; 282 93; 280 91; 279 91; 276 88; 275 88; 274 87; 273 87; 272 86; 271 86; 269 84; 269 83; 267 81; 267 80
38; 367 64; 366 65; 366 75; 365 76; 365 77; 364 78; 364 79; 363 80; 363 81; 362 82; 362 83; 361 84; 361 85; 359 87; 359 88; 357 90; 357 91; 356 92; 356 94; 355 95; 355 99; 354 100; 354 109; 356 111; 358 111; 363 116; 379 116; 381 114; 381 113; 382 112; 382 110; 383 109; 383 108; 385 106; 385 103; 386 102; 386 98; 387 97; 387 94; 388 93; 388 90; 389 89; 389 87; 390 86; 390 85; 391 84; 391 76; 382 76; 381 75; 380 75; 379 74; 379 73; 377 71; 377 70; 376 69; 376 68; 375 67; 375 66; 368 66; 367 65
39; 872 90; 868 94; 861 94; 860 95; 846 95; 848 97; 848 98; 849 99; 849 113; 851 113; 853 115; 853 117; 854 118; 854 125; 856 125; 858 127; 858 128; 860 130; 868 130; 871 127; 872 127; 874 125; 875 125; 877 123; 879 123; 880 122; 882 122; 883 121; 894 121; 895 120; 896 120; 898 118; 898 117; 899 116; 899 103; 898 102; 898 100; 897 99; 891 99; 888 96; 888 93; 887 92; 887 90
40; 992 107; 992 116; 993 117; 993 124; 991 126; 990 126; 990 136; 991 136; 992 137; 995 137; 996 138; 998 138; 999 139; 1008 139; 1009 140; 1009 144; 1010 144; 1011 145; 1012 145; 1013 146; 1014 146; 1015 147; 1023 147; 1023 115; 1016 115; 1015 114; 1013 114; 1008 109; 1007 109; 1006 108; 1003 108; 1002 107
41; 938 103; 937 104; 937 113; 930 120; 929 120; 928 121; 928 129; 929 129; 930 130; 937 130; 938 131; 940 131; 941 132; 942 132; 943 133; 945 133; 946 134; 950 134; 951 135; 954 135; 955 136; 963 136; 963 130; 964 129; 977 129; 977 111; 975 109; 974 109; 973 108; 971 108; 970 107; 969 107; 968 106; 951 106; 950 105; 949 105; 948 104; 947 104; 946 103
42; 145 104; 143 106; 143 119; 142 120; 135 120; 132 123; 132 131; 134 133; 135 133; 136 134; 137 134; 139 136; 140 136; 142 138; 143 138; 148 143; 148 144; 154 144; 155 145; 155 152; 156 153; 170 153; 171 152; 171 151; 172 150; 172 149; 173 148; 173 137; 174 136; 180 136; 184 132; 184 127; 182 125; 182 118; 183 117; 183 116; 185 114; 185 112; 184 111; 169 111; 168 110; 161 110; 159 108; 158 108; 154 104
43; 809 94; 808 95; 806 95; 805 96; 804 96; 803 97; 803 106; 802 107; 802 109; 801 110; 801 111; 800 112; 800 113; 794 119; 794 120; 793 121; 793 123; 792 124; 792 133; 793 133; 795 135; 795 137; 796 138; 799 138; 800 139; 800 141; 802 143; 802 146; 803 146; 804 147; 805 147; 805 146; 806 145; 818 145; 820 143; 820 142; 821 141; 821 136; 822 135; 822 130; 823 129; 824 129; 827 126; 827 125; 828 124; 828 122; 829 121; 829 119; 830 118; 830 117; 831 116; 831 106; 826 106; 825 105; 824 105; 821 102; 820 102; 817 99; 817 98; 815 96; 814 96; 813 95; 812 95; 811 94
44; 471 113; 467 117; 466 117; 464 119; 458 119; 457 118; 455 118; 455 124; 454 125; 454 130; 453 131; 447 131; 446 132; 441 132; 440 133; 432 133; 432 141; 431 142; 430 142; 431 143; 435 143; 436 144; 436 146; 437 147; 452 147; 453 148; 453 149; 456 152; 465 152; 466 151; 466 150; 467 149; 468 149; 470 147; 471 147; 471 143; 472 142; 482 142; 488 136; 489 136; 493 132; 493 121; 489 117; 488 117; 487 116; 485 116; 482 113
45; 194 131; 185 132; 181 136; 181 147; 173 149; 171 153; 171 162; 189 164; 192 155; 202 150
46; 229 117; 226 113; 226 106; 197 109; 194 112; 194 131; 202 150; 208 150
47; 208 150; 214 155; 228 155; 231 158; 244 157; 244 139; 242 128; 242 118; 229 117
48; 44 115; 43 116; 43 117; 41 119; 41 120; 40 121; 40 132; 39 133; 39 134; 38 135; 38 136; 37 137; 37 138; 35 140; 35 141; 33 143; 33 151; 34 152; 34 153; 35 154; 35 155; 36 156; 39 156; 40 157; 49 157; 49 146; 50 145; 56 145; 57 146; 57 147; 69 147; 69 145; 70 144; 70 142; 69 142; 68 141; 68 134; 69 133; 69 132; 70 131; 70 121; 69 121; 67 119; 67 118; 66 117; 66 116; 55 116; 54 115
49; 507 123; 506 146; 498 152; 498 158; 510 161; 520 156; 525 149; 533 149; 537 153; 537 112; 534 109
50; 534 109; 534 103; 527 100; 520 100; 514 96; 512 88; 504 89; 502 87; 491 87; 490 98; 482 103; 482 112; 493 120; 501 120; 507 123
51; 548 112; 548 114; 547 115; 547 117; 546 118; 546 119; 545 120; 545 122; 544 123; 538 123; 538 153; 548 153; 549 154; 560 154; 560 151; 561 150; 561 149; 563 147; 563 137; 564 136; 568 136; 568 135; 569 134; 569 133; 570 132; 570 131; 571 130; 571 129; 573 127; 573 126; 574 125; 575 125; 575 116; 564 116; 560 112
52; 639 121; 637 123; 637 135; 636 136; 635 136; 635 138; 634 139; 633 139; 632 140; 632 148; 634 148; 635 149; 636 149; 637 150; 638 150; 639 151; 640 151; 641 152; 642 152; 643 153; 645 153; 646 154; 647 154; 649 156; 650 156; 652 158; 653 158; 654 159; 655 159; 656 160; 657 160; 658 161; 667 161; 667 154; 668 153; 669 153; 670 152; 670 151; 671 150; 671 147; 672 146; 672 137; 671 136; 668 136; 667 135; 666 135; 665 134; 664 134; 661 131; 660 131; 659 130; 658 130; 656 128; 651 128; 650 127; 650 123; 649 123; 647 121
53; 690 123; 689 124; 688 124; 688 129; 687 130; 687 153; 690 153; 691 154; 695 154; 696 155; 698 155; 699 156; 702 156; 703 157; 706 157; 707 158; 710 158; 711 159; 713 159; 714 160; 716 160; 717 161; 719 161; 720 162; 728 162; 728 136; 727 135; 722 135; 721 134; 718 134; 717 133; 712 133; 711 132; 710 132; 705 127; 703 127; 702 126; 699 126; 698 125; 692 125; 691 124; 691 123
54; 389 127; 388 128; 376 128; 376 129; 372 133; 371 133; 371 138; 370 139; 370 161; 379 161; 380 162; 380 163; 381 164; 381 165; 382 166; 382 169; 383 170; 383 173; 391 173; 391 172; 392 171; 392 170; 393 169; 394 169; 395 168; 396 168; 398 166; 398 145; 399 144; 402 144; 402 143; 403 142; 403 140; 404 139; 404 131; 403 130; 403 129; 402 129; 401 128; 399 128; 398 127
55; 320 132; 319 133; 319 134; 318 135; 318 136; 314 140; 311 140; 310 141; 308 141; 306 143; 306 153; 307 153; 310 156; 311 156; 314 159; 315 159; 318 162; 319 162; 326 169; 327 169; 331 173; 340 173; 340 171; 342 169; 343 169; 344 168; 345 168; 346 167; 346 166; 347 165; 347 164; 350 161; 354 161; 355 160; 355 152; 353 152; 352 151; 349 151; 347 149; 346 149; 343 146; 337 146; 336 145; 336 139; 335 138; 334 138; 330 134; 330 133; 329 132
56; 416 142; 415 143; 415 144; 412 147; 411 147; 410 148; 410 156; 415 161; 415 162; 418 165; 418 166; 421 169; 433 169; 436 172; 436 175; 437 175; 438 176; 440 176; 441 177; 445 177; 446 176; 447 176; 448 175; 449 175; 450 174; 450 160; 449 159; 435 159; 433 157; 432 157; 430 155; 430 154; 429 153; 429 152; 428 151; 428 144; 429 143; 430 143; 429 142
57; 587 117; 585 119; 585 121; 584 122; 584 130; 593 130; 594 131; 594 137; 592 139; 586 139; 585 138; 577 138; 577 139; 576 140; 576 143; 575 144; 575 146; 572 149; 572 150; 571 151; 571 162; 572 163; 572 164; 583 164; 584 165; 585 165; 586 166; 587 166; 588 167; 596 167; 598 165; 598 163; 599 162; 599 158; 600 157; 600 155; 601 154; 601 153; 602 152; 602 151; 603 150; 603 149; 605 147; 605 141; 606 140; 606 139; 607 138; 607 129; 606 128; 598 128; 597 127; 597 120; 596 119; 596 118; 595 117
58; 873 144; 873 145; 872 146; 871 146; 870 147; 866 147; 866 150; 865 151; 850 151; 850 159; 851 160; 851 166; 852 167; 860 167; 861 168; 862 168; 864 170; 875 170; 876 171; 876 177; 883 184; 883 185; 891 185; 895 181; 895 178; 896 177; 900 177; 901 176; 905 176; 905 166; 904 166; 902 164; 901 164; 898 161; 898 160; 897 159; 897 158; 891 152; 890 152; 888 150; 887 150; 886 149; 885 149; 881 145; 881 144
59; 922 145; 922 149; 920 151; 920 164; 919 165; 911 165; 910 166; 906 166; 906 176; 908 176; 909 177; 909 178; 911 180; 912 180; 913 181; 914 181; 915 182; 924 182; 925 183; 925 186; 928 186; 929 187; 937 187; 938 186; 938 180; 939 179; 939 177; 940 176; 940 175; 941 174; 941 172; 942 171; 942 169; 943 168; 943 165; 944 164; 944 161; 946 159; 946 150; 942 150; 941 149; 940 149; 939 148; 938 148; 937 147; 936 147; 935 146; 932 146; 931 145
60; 770 117; 770 138; 769 139; 762 139; 761 138; 760 138; 759 137; 758 137; 757 136; 748 136; 748 138; 747 139; 747 143; 746 144; 746 145; 745 146; 745 147; 740 152; 740 153; 739 154; 739 155; 738 156; 738 164; 737 165; 732 165; 732 173; 746 173; 747 174; 747 176; 765 176; 766 175; 766 169; 767 168; 767 167; 769 165; 769 164; 770 163; 770 159; 771 158; 771 156; 772 155; 772 153; 773 152; 773 138; 774 137; 778 137; 779 136; 780 136; 781 135; 781 127; 779 125; 779 118; 778 117
61; 71 142; 71 144; 70 145; 70 147; 71 148; 71 155; 70 156; 70 157; 69 158; 69 159; 66 162; 66 164; 65 165; 65 168; 64 169; 64 179; 65 179; 66 180; 69 180; 70 181; 72 181; 73 182; 74 182; 75 183; 76 183; 80 187; 88 187; 90 185; 90 183; 91 182; 91 178; 92 177; 92 175; 95 172; 95 171; 99 167; 100 167; 101 166; 104 166; 104 162; 103 162; 102 161; 102 149; 100 149; 99 148; 85 148; 84 147; 84 144; 83 143; 83 142
62; 802 147; 802 149; 801 150; 789 150; 789 152; 788 153; 788 162; 792 162; 794 164; 794 172; 793 173; 793 174; 795 176; 799 176; 800 177; 809 177; 809 175; 810 174; 810 171; 811 170; 811 168; 813 166; 813 165; 814 164; 814 156; 811 156; 810 155; 809 155; 807 153; 806 153; 805 152; 805 148; 804 148; 803 147
63; 485 159; 484 160; 482 160; 482 171; 481 172; 479 172; 479 174; 480 175; 480 177; 483 177; 484 178; 485 178; 486 179; 488 179; 489 180; 491 180; 492 181; 493 181; 495 183; 495 185; 497 187; 505 187; 506 186; 507 186; 507 170; 508 169; 508 161; 507 161; 506 160; 504 160; 503 159
64; 112 154; 111 155; 111 158; 110 159; 110 161; 109 162; 105 162; 105 166; 107 166; 108 167; 108 173; 107 174; 107 175; 106 176; 106 177; 103 180; 103 181; 99 185; 99 193; 100 193; 101 194; 104 194; 107 197; 118 197; 119 198; 129 198; 129 196; 130 195; 130 188; 131 187; 131 186; 132 185; 132 184; 134 182; 134 181; 135 180; 135 179; 136 178; 136 174; 137 173; 137 171; 138 170; 138 169; 139 168; 143 168; 143 166; 141 166; 140 165; 140 159; 139 158; 127 158; 124 155; 123 155; 122 154
65; 238 158; 237 159; 231 159; 231 164; 227 168; 227 176; 226 177; 226 178; 224 180; 224 181; 221 184; 221 193; 222 193; 223 194; 224 194; 227 197; 228 197; 231 200; 231 202; 232 203; 232 204; 235 207; 241 207; 245 203; 245 197; 247 195; 247 194; 249 192; 249 191; 252 188; 252 187; 254 185; 254 184; 257 181; 257 180; 260 177; 260 167; 258 167; 257 166; 256 166; 255 165; 254 165; 253 164; 252 164; 251 163; 249 163; 248 162; 247 162; 244 159; 244 158
66; 284 160; 282 162; 281 162; 279 164; 278 164; 277 165; 275 165; 274 166; 272 166; 271 167; 271 178; 275 182; 276 182; 285 191; 285 195; 291 195; 293 197; 293 198; 295 200; 295 201; 296 202; 304 202; 305 201; 308 201; 309 200; 310 200; 311 199; 311 198; 312 197; 312 195; 313 194; 313 192; 314 191; 314 190; 315 189; 315 179; 314 178; 314 177; 312 175; 311 175; 308 172; 307 172; 301 166; 300 166; 297 163; 296 163; 293 160
67; 676 163; 675 164; 672 164; 672 179; 671 180; 671 184; 670 185; 670 186; 669 187; 669 188; 668 189; 668 197; 669 197; 671 199; 673 199; 674 200; 678 200; 681 203; 681 204; 682 205; 691 205; 691 199; 692 198; 692 197; 694 195; 694 194; 696 192; 696 191; 697 190; 697 188; 698 187; 698 185; 699 184; 699 183; 700 182; 700 180; 701 179; 701 178; 702 177; 702 166; 701 165; 688 165; 687 164; 686 164; 685 163
68; 625 163; 625 173; 626 174; 626 189; 627 189; 628 190; 641 190; 642 191; 642 197; 645 197; 646 198; 647 198; 648 199; 658 199; 658 189; 659 188; 659 187; 660 186; 660 185; 661 184; 661 174; 660 173; 658 173; 657 172; 655 172; 654 171; 653 171; 651 169; 650 169; 649 168; 641 168; 640 167; 639 167; 637 165; 636 165; 634 163
69; 825 164; 825 165; 824 166; 824 169; 823 170; 823 171; 822 172; 822 173; 820 175; 820 176; 819 177; 819 178; 818 179; 818 186; 817 187; 817 198; 823 198; 824 199; 824 203; 825 204; 825 205; 826 205; 827 206; 830 206; 831 207; 840 207; 840 201; 841 200; 841 197; 842 196; 843 196; 843 195; 844 194; 844 193; 845 192; 851 192; 852 191; 852 188; 853 187; 853 168; 852 168; 851 167; 843 167; 842 166; 842 165; 834 165; 833 164
70; 779 175; 779 177; 776 180; 776 195; 779 198; 781 198; 782 199; 783 199; 784 200; 785 200; 787 202; 790 202; 791 201; 791 197; 793 195; 794 195; 795 194; 803 194; 804 193; 804 191; 805 190; 805 184; 806 183; 806 181; 808 179; 808 178; 800 178; 799 177; 795 177; 793 175
71; 461 167; 460 168; 460 174; 459 175; 450 175; 449 176; 448 176; 447 177; 446 177; 445 178; 445 185; 446 186; 446 188; 447 188; 450 191; 450 192; 455 197; 456 197; 458 199; 459 199; 461 201; 461 202; 462 203; 462 204; 464 206; 464 207; 467 210; 475 210; 476 209; 477 209; 478 208; 478 201; 479 200; 488 200; 488 192; 487 192; 486 191; 486 190; 484 188; 484 187; 477 187; 476 186; 476 178; 477 177; 479 177; 479 175; 478 174; 478 172; 475 172; 470 167
72; 523 174; 523 175; 522 176; 522 184; 521 185; 518 185; 517 186; 516 186; 515 187; 513 187; 513 196; 516 199; 516 200; 517 201; 517 202; 518 203; 520 203; 521 204; 521 207; 522 208; 522 209; 523 210; 523 213; 524 214; 524 216; 526 218; 526 219; 529 222; 537 222; 541 218; 541 217; 543 215; 544 215; 546 213; 547 213; 548 212; 550 212; 551 211; 552 211; 552 202; 550 200; 550 199; 549 198; 549 197; 548 196; 542 196; 541 195; 541 187; 534 180; 534 178; 533 177; 533 176; 531 174
73; 176 214; 182 215; 188 219; 192 217; 218 216; 213 206; 205 198; 204 194; 202 192; 195 191; 195 184; 189 184; 182 180
74; 182 180; 168 177; 160 173; 155 166; 144 166; 148 178; 146 198; 157 200; 176 214
75; 609 184; 608 185; 601 185; 599 187; 599 191; 598 192; 598 193; 596 195; 596 211; 595 212; 591 212; 591 213; 590 214; 590 216; 589 217; 589 226; 604 226; 605 227; 605 238; 609 238; 610 239; 614 239; 614 238; 615 237; 615 229; 616 228; 616 227; 617 226; 617 223; 618 222; 618 220; 619 219; 619 217; 620 216; 620 215; 621 214; 621 213; 622 212; 622 211; 624 209; 624 208; 625 207; 625 199; 624 198; 622 198; 621 197; 620 197; 617 194; 617 184
76; 973 174; 973 183; 972 184; 966 184; 965 183; 956 183; 956 191; 958 193; 958 195; 960 197; 960 204; 959 205; 958 205; 958 206; 959 207; 959 208; 964 208; 967 211; 967 212; 968 213; 968 214; 969 215; 969 218; 970 219; 970 221; 971 222; 971 223; 973 225; 986 225; 989 222; 989 221; 990 220; 990 219; 993 216; 993 202; 992 201; 992 200; 991 199; 991 198; 989 196; 989 194; 988 193; 988 181; 987 180; 986 180; 984 178; 984 177; 983 176; 983 175; 982 175; 981 174
77; 352 182; 352 187; 351 188; 350 188; 350 189; 349 190; 343 190; 339 186; 330 186; 330 188; 329 189; 329 190; 326 193; 326 194; 324 196; 324 204; 323 205; 319 205; 318 206; 318 207; 315 210; 315 211; 314 212; 314 222; 315 222; 316 223; 327 223; 330 226; 330 227; 334 231; 342 231; 342 230; 343 229; 343 226; 344 225; 344 223; 345 222; 345 221; 346 220; 346 219; 347 218; 347 217; 348 216; 348 213; 349 212; 349 209; 350 208; 350 206; 352 204; 352 203; 353 202; 353 201; 356 198; 356 197; 357 196; 358 196; 358 191; 359 190; 360 190; 360 182
78; 713 175; 713 185; 712 186; 712 188; 711 189; 711 195; 710 196; 710 198; 709 199; 709 200; 701 208; 701 217; 708 217; 709 218; 709 219; 710 220; 710 221; 711 222; 713 222; 714 223; 715 223; 716 224; 717 224; 720 227; 728 227; 728 226; 729 225; 729 224; 730 223; 730 217; 731 216; 731 215; 732 214; 732 213; 733 212; 733 210; 734 209; 734 208; 735 207; 735 205; 736 204; 736 202; 737 201; 737 199; 738 198; 738 189; 736 187; 736 186; 734 184; 728 184; 726 182; 726 177; 725 177; 724 176; 722 176; 721 175
79; 54 194; 54 196; 53 197; 55 199; 55 223; 62 223; 63 224; 65 224; 66 225; 71 225; 72 226; 79 226; 80 227; 90 227; 90 219; 91 218; 91 217; 93 215; 93 196; 91 196; 90 195; 78 195; 77 196; 76 196; 75 197; 66 197; 65 196; 64 196; 62 194
80; 431 194; 430 195; 429 195; 428 196; 427 196; 426 197; 425 197; 424 198; 411 198; 410 199; 409 199; 405 203; 405 216; 406 216; 407 217; 410 217; 411 218; 411 231; 413 233; 423 233; 424 232; 428 232; 428 226; 429 225; 430 225; 431 224; 432 224; 433 223; 434 223; 435 222; 436 222; 437 221; 439 221; 440 220; 441 220; 442 219; 445 219; 446 218; 451 218; 452 217; 452 209; 451 209; 450 208; 449 208; 447 206; 446 206; 441 201; 441 196; 440 195; 440 194
81; 21 218; 22 219; 25 219; 26 220; 28 220; 29 221; 31 221; 32 222; 34 222; 35 223; 35 226; 44 226; 45 227; 54 227; 54 199; 53 198; 52 198; 51 199; 44 199; 43 198; 43 197; 42 196; 42 195; 41 194; 29 194; 28 193; 24 193
82; 24 193; 23 192; 22 192; 20 190; 20 179; 19 178; 19 177; 16 174; 16 173; 15 172; 15 161; 14 160; 5 160; 4 161; 0 161; 0 215; 4 215; 5 216; 8 216; 10 218; 21 218
83; 765 196; 764 197; 763 197; 762 198; 760 198; 759 199; 757 199; 755 201; 753 201; 752 202; 749 202; 748 203; 746 203; 745 204; 745 221; 746 222; 746 226; 747 227; 747 228; 749 230; 750 230; 751 231; 761 231; 762 230; 766 230; 766 227; 768 225; 769 225; 771 223; 773 223; 774 222; 780 222; 781 221; 787 221; 787 211; 786 210; 786 202; 785 201; 784 201; 783 200; 782 200; 781 199; 779 199; 776 196
84; 874 236; 882 240; 885 243; 886 248; 905 249; 907 239; 910 235; 912 207; 893 201; 881 201
85; 881 201; 875 197; 867 197; 866 183; 854 183; 852 207; 843 208; 843 229; 848 230; 856 238; 874 236
86; 204 217; 203 218; 192 218; 191 219; 190 219; 189 220; 192 223; 192 231; 194 233; 194 235; 195 236; 195 238; 197 240; 213 240; 218 235; 218 233; 219 232; 219 226; 221 224; 221 223; 222 222; 222 221; 220 219; 220 218; 219 217
87; 926 199; 926 200; 925 201; 925 206; 924 207; 924 209; 923 210; 923 212; 922 213; 922 216; 921 217; 921 220; 920 221; 920 223; 919 224; 919 225; 918 226; 918 236; 920 236; 921 237; 922 237; 925 240; 925 241; 932 241; 936 245; 936 246; 937 247; 941 247; 943 245; 943 243; 944 242; 944 241; 947 238; 947 221; 948 220; 956 220; 956 219; 957 218; 957 209; 958 208; 958 207; 957 206; 957 205; 943 205; 942 204; 942 202; 941 202; 940 201; 939 201; 938 200; 936 200; 935 199
88; 113 212; 112 213; 112 214; 111 215; 111 216; 110 217; 110 219; 109 220; 109 227; 107 229; 107 230; 105 232; 105 238; 104 239; 104 240; 103 241; 103 249; 104 250; 105 250; 107 252; 108 252; 110 254; 113 254; 116 257; 116 258; 117 259; 117 260; 126 260; 130 256; 130 253; 131 252; 131 245; 132 244; 132 243; 133 242; 133 241; 136 238; 137 238; 138 237; 139 237; 139 218; 137 218; 136 217; 132 217; 131 216; 130 216; 128 214; 127 214; 126 213; 125 213; 124 212
89; 657 214; 657 215; 656 216; 656 217; 654 219; 653 219; 652 220; 647 220; 647 226; 644 229; 644 237; 645 237; 647 239; 647 245; 648 246; 665 246; 666 247; 667 247; 668 248; 669 248; 671 250; 671 254; 672 255; 672 253; 673 252; 682 252; 682 250; 683 249; 683 248; 685 246; 686 246; 687 245; 689 245; 690 244; 691 244; 692 243; 693 243; 693 242; 694 241; 694 238; 696 236; 696 228; 688 228; 687 227; 686 227; 684 225; 676 225; 675 224; 675 220; 674 220; 673 219; 672 219; 671 218; 670 218; 668 216; 667 216; 665 214
90; 994 216; 991 219; 991 220; 990 221; 990 222; 987 225; 987 235; 986 236; 986 246; 988 246; 989 247; 1000 247; 1001 248; 1003 248; 1004 249; 1006 249; 1007 250; 1009 250; 1010 251; 1023 251; 1023 222; 1015 222; 1014 221; 1011 221; 1010 220; 1008 220; 1005 217; 1005 216
91; 469 222; 466 225; 466 238; 465 239; 464 239; 464 241; 468 241; 469 242; 469 253; 470 253; 472 255; 492 255; 493 254; 501 254; 502 253; 512 253; 513 252; 514 252; 514 244; 513 243; 512 243; 510 241; 509 241; 508 240; 508 226; 493 226; 492 225; 488 225; 487 224; 483 224; 482 223; 479 223; 478 222
92; 284 225; 283 226; 283 228; 280 231; 277 231; 276 232; 277 232; 278 233; 278 240; 274 244; 274 253; 279 253; 280 254; 283 254; 284 255; 287 255; 288 256; 292 256; 293 257; 295 257; 296 258; 297 258; 298 259; 300 259; 301 260; 302 260; 303 261; 304 261; 305 262; 305 263; 315 263; 315 260; 316 259; 316 257; 317 256; 317 248; 320 245; 326 245; 326 243; 325 243; 324 242; 324 236; 323 235; 318 235; 317 234; 314 234; 313 233; 312 233; 311 232; 308 232; 307 231; 303 231; 302 230; 301 230; 300 229; 299 229; 298 228; 297 228; 296 227; 295 227; 293 225
93; 240 225; 226 225; 223 222; 220 226; 219 235; 214 240; 211 262; 209 263; 220 265; 224 276; 232 276; 241 263; 249 263; 255 257; 255 249
94; 255 249; 271 232; 276 231; 273 230; 273 219; 266 219; 265 212; 252 204; 245 204; 241 208; 240 225
95; 265 212; 273 210; 274 213; 282 213; 284 210; 284 198; 276 198; 269 192; 261 192; 252 204
96; 35 227; 35 229; 32 232; 31 232; 31 233; 30 234; 29 234; 28 235; 27 235; 25 237; 25 245; 32 252; 32 253; 33 254; 33 255; 36 258; 36 259; 39 262; 39 263; 40 264; 40 266; 41 267; 41 270; 42 271; 42 272; 43 273; 43 274; 51 274; 52 273; 52 271; 53 270; 53 269; 55 267; 56 267; 57 266; 58 266; 59 265; 60 265; 65 260; 65 259; 66 258; 66 249; 64 247; 64 246; 63 245; 63 244; 57 238; 57 236; 56 235; 56 232; 54 230; 54 228; 45 228; 44 227
97; 424 233; 423 234; 419 234; 419 245; 420 246; 420 254; 419 255; 419 267; 419 266; 420 265; 446 265; 447 266; 449 266; 450 267; 452 267; 454 269; 454 270; 455 271; 455 272; 463 272; 463 257; 462 257; 461 256; 461 242; 462 241; 463 241; 463 239; 452 239; 451 238; 441 238; 440 237; 439 237; 438 236; 437 236; 436 235; 435 235; 434 234; 432 234; 431 233
98; 771 235; 771 238; 770 239; 770 241; 769 242; 769 243; 768 244; 768 245; 767 246; 767 247; 766 248; 766 251; 765 252; 765 257; 764 258; 764 259; 763 260; 763 261; 762 262; 762 263; 760 265; 760 273; 765 273; 766 274; 767 274; 768 275; 769 275; 771 277; 772 277; 774 279; 783 279; 787 275; 787 274; 788 273; 788 270; 789 269; 789 268; 790 267; 790 266; 799 257; 799 256; 800 255; 800 246; 799 245; 798 245; 797 244; 796 244; 791 239; 790 239; 789 238; 783 238; 780 235
99; 948 238; 945 241; 945 242; 944 243; 944 245; 942 247; 942 262; 944 264; 944 270; 945 271; 954 271; 955 272; 956 272; 957 273; 958 273; 964 279; 965 279; 966 280; 966 282; 972 282; 974 280; 974 274; 973 274; 972 273; 972 267; 973 266; 987 266; 987 256; 986 256; 985 255; 984 255; 983 254; 982 254; 981 253; 981 252; 979 252; 975 248; 974 248; 971 245; 970 245; 967 242; 966 242; 964 240; 963 240; 961 238
100; 626 246; 626 251; 625 252; 625 257; 627 257; 628 258; 628 271; 629 272; 632 272; 633 273; 641 273; 641 270; 642 269; 648 269; 649 270; 650 270; 651 271; 651 277; 650 278; 650 286; 653 289; 653 291; 661 291; 661 290; 662 289; 662 286; 664 284; 664 272; 665 271; 670 271; 671 270; 671 269; 672 268; 672 256; 671 255; 671 256; 670 257; 663 257; 662 256; 661 256; 659 254; 658 254; 657 253; 657 247; 648 247; 647 246
101; 180 231; 180 243; 176 247; 173 247; 172 248; 171 248; 170 249; 169 249; 167 251; 166 251; 165 252; 164 252; 164 260; 165 261; 165 262; 168 265; 168 266; 170 268; 170 272; 179 272; 180 273; 180 293; 181 294; 182 294; 183 295; 183 303; 184 304; 193 304; 193 291; 194 290; 194 289; 195 288; 195 280; 196 279; 200 279; 201 278; 202 278; 206 274; 206 264; 207 263; 208 263; 204 263; 203 262; 203 261; 202 260; 202 259; 201 258; 201 257; 198 257; 197 256; 197 248; 196 247; 196 240; 194 238; 194 236; 193 235; 193 233; 191 231
102; 332 242; 331 243; 327 243; 327 245; 328 245; 329 246; 329 252; 328 253; 328 254; 327 255; 327 256; 326 257; 326 259; 325 260; 325 264; 322 267; 319 267; 319 272; 318 273; 318 278; 319 279; 319 284; 325 284; 327 286; 342 286; 343 285; 344 285; 350 279; 350 277; 351 276; 351 272; 352 271; 352 270; 353 269; 353 268; 354 267; 354 266; 355 265; 355 263; 356 262; 356 260; 357 259; 357 257; 358 256; 358 246; 350 246; 349 245; 347 245; 346 244; 345 244; 344 243; 343 243; 342 242
103; 556 249; 555 250; 553 250; 552 251; 551 251; 550 252; 544 252; 543 253; 534 253; 534 254; 533 255; 533 268; 529 272; 529 276; 528 277; 528 281; 532 281; 533 282; 538 282; 539 281; 540 281; 541 280; 542 280; 543 279; 548 279; 549 278; 554 278; 555 277; 558 277; 559 276; 577 276; 577 256; 576 255; 576 253; 575 252; 575 249
104; 605 239; 605 241; 604 242; 596 242; 596 244; 595 245; 595 247; 594 248; 594 249; 590 253; 589 253; 589 257; 588 258; 578 258; 578 277; 580 279; 581 279; 582 280; 587 280; 588 281; 589 281; 590 282; 591 282; 596 287; 604 287; 604 285; 605 284; 605 283; 607 281; 607 280; 608 279; 615 279; 615 269; 616 268; 616 262; 617 261; 619 261; 619 260; 620 259; 620 258; 621 257; 624 257; 624 252; 625 251; 625 246; 623 246; 622 245; 615 245; 614 244; 614 240; 610 240; 609 239
105; 997 260; 996 261; 996 262; 994 264; 988 264; 988 273; 987 274; 987 275; 984 278; 984 279; 983 280; 982 280; 981 281; 974 281; 973 282; 973 292; 974 293; 974 294; 976 296; 978 296; 979 297; 981 297; 982 298; 983 298; 984 299; 985 299; 986 300; 988 300; 989 301; 990 301; 992 303; 993 303; 994 304; 994 305; 995 306; 1003 306; 1003 305; 1004 304; 1004 303; 1005 302; 1005 301; 1007 299; 1007 298; 1008 297; 1008 296; 1010 294; 1010 293; 1011 292; 1012 292; 1015 289; 1016 289; 1017 288; 1023 288; 1023 266; 1019 266; 1018 265; 1017 265; 1016 264; 1015 264; 1014 263; 1011 263; 1010 262; 1009 262; 1008 261; 1007 261; 1006 260
106; 886 249; 886 251; 885 252; 882 252; 882 254; 881 255; 881 257; 880 258; 880 259; 879 260; 879 262; 878 263; 878 267; 877 268; 875 268; 875 269; 873 271; 873 272; 872 273; 872 275; 871 276; 871 278; 870 279; 870 296; 885 296; 887 298; 887 299; 896 299; 896 298; 897 297; 897 294; 898 293; 898 292; 899 291; 899 289; 900 288; 900 286; 901 285; 901 281; 902 280; 902 278; 903 277; 903 276; 904 275; 904 274; 906 272; 906 271; 912 265; 916 265; 914 265; 913 264; 913 257; 912 257; 911 256; 910 256; 909 255; 908 255; 907 254; 906 254; 905 253; 905 250; 896 250; 895 249
107; 700 256; 700 257; 699 258; 699 259; 697 261; 697 271; 696 272; 690 272; 690 273; 689 274; 688 274; 688 275; 685 278; 685 279; 684 280; 684 290; 685 291; 685 298; 687 300; 691 300; 692 301; 698 301; 699 302; 700 302; 701 301; 704 301; 705 300; 706 300; 707 299; 710 299; 711 298; 711 297; 712 296; 712 294; 713 293; 713 292; 714 291; 714 290; 716 288; 716 287; 717 286; 717 285; 718 284; 718 283; 720 281; 720 280; 721 279; 721 278; 722 277; 722 276; 723 275; 723 274; 724 273; 724 272; 726 270; 726 261; 725 260; 714 260; 712 258; 711 258; 709 256
108; 507 305; 508 319; 521 325; 525 317; 526 302; 539 302; 539 293; 536 291; 537 283; 519 283
109; 519 283; 515 275; 503 272; 500 269; 500 266; 489 266; 475 292; 472 295; 466 296; 466 304; 469 306; 469 312; 494 313; 501 305; 507 305
110; 241 306; 219 303; 202 304; 202 313; 204 315; 216 316; 223 320; 225 325; 242 325; 243 340; 248 343; 261 343; 264 340; 265 326; 260 321; 260 306
111; 260 306; 266 305; 272 298; 273 288; 280 274; 280 265; 265 257; 256 257; 249 264; 249 270; 240 285; 240 293; 243 295; 241 306
112; 400 287; 400 294; 397 300; 397 311; 411 311; 412 320; 427 320; 427 311; 430 303; 431 293; 434 287; 433 276; 431 274; 421 274
113; 421 274; 419 272; 419 268; 418 270; 403 270; 402 255; 394 255; 387 270; 387 285; 400 287
114; 917 265; 919 265; 920 266; 920 274; 919 275; 919 276; 918 277; 918 278; 916 280; 916 281; 914 283; 914 284; 912 286; 912 287; 911 288; 911 291; 910 292; 910 294; 909 295; 909 297; 908 298; 908 307; 909 307; 910 308; 915 308; 916 309; 917 309; 924 316; 924 317; 925 318; 936 318; 938 316; 938 313; 939 312; 939 311; 940 310; 940 308; 941 307; 941 303; 942 302; 942 290; 943 289; 943 288; 944 287; 944 286; 945 285; 945 283; 946 282; 946 272; 945 272; 944 271; 936 271; 935 270; 932 270; 928 266; 928 265
115; 144 275; 142 277; 142 279; 141 280; 141 281; 140 282; 140 283; 139 284; 139 285; 138 286; 138 287; 134 291; 128 291; 128 299; 127 300; 127 310; 130 310; 132 312; 132 315; 134 317; 135 317; 136 318; 141 318; 144 321; 145 321; 146 322; 152 322; 153 323; 153 324; 154 323; 154 318; 155 317; 155 316; 156 315; 156 314; 162 308; 162 307; 164 305; 164 304; 165 303; 165 301; 166 300; 166 297; 167 296; 167 295; 169 293; 170 293; 172 291; 172 283; 171 283; 170 282; 168 282; 167 281; 167 280; 166 279; 166 276; 154 276; 153 275
116; 99 276; 99 278; 98 279; 98 280; 97 281; 97 282; 95 284; 95 285; 94 286; 94 287; 92 289; 92 290; 91 291; 91 292; 90 293; 90 294; 88 296; 88 297; 87 298; 87 299; 86 300; 86 301; 84 303; 84 312; 85 313; 86 313; 88 315; 89 315; 92 318; 92 319; 93 320; 93 321; 94 322; 97 322; 98 323; 99 323; 101 325; 109 325; 109 324; 110 323; 110 322; 111 321; 111 319; 112 318; 112 317; 113 316; 114 316; 115 315; 115 314; 116 313; 116 312; 118 310; 118 309; 119 308; 125 308; 126 309; 126 300; 127 299; 127 289; 126 288; 126 287; 125 287; 124 286; 122 286; 121 285; 119 285; 116 282; 116 281; 115 280; 114 280; 113 279; 112 279; 111 278; 110 278; 108 276
117; 615 280; 615 286; 614 287; 614 290; 613 291; 613 296; 612 297; 612 299; 611 300; 611 303; 610 304; 610 306; 609 307; 609 308; 608 309; 608 310; 606 312; 606 320; 616 320; 617 321; 618 321; 619 322; 620 322; 623 325; 623 326; 625 328; 634 328; 637 325; 637 310; 638 309; 638 308; 639 307; 639 306; 640 305; 640 304; 641 303; 641 301; 642 300; 642 298; 643 297; 643 288; 642 287; 642 286; 640 284; 638 284; 637 283; 629 283; 628 282; 627 282; 626 281; 625 281; 624 280
118; 293 269; 293 276; 292 277; 292 279; 291 280; 291 281; 290 282; 290 283; 289 284; 289 285; 285 289; 284 289; 284 290; 283 291; 283 292; 282 293; 282 300; 281 301; 281 311; 280 312; 279 312; 278 313; 273 313; 273 325; 274 325; 275 326; 276 326; 277 325; 284 325; 285 326; 293 326; 294 325; 294 323; 297 320; 298 320; 299 319; 302 319; 303 318; 305 318; 306 317; 307 317; 309 315; 311 315; 311 312; 312 311; 312 309; 313 308; 313 296; 314 295; 314 293; 315 292; 315 291; 316 290; 316 289; 317 288; 317 286; 318 285; 318 279; 317 278; 317 273; 310 273; 309 272; 307 272; 306 271; 305 271; 304 270; 304 269
119; 665 298; 665 308; 671 308; 672 309; 672 320; 671 321; 660 321; 660 323; 659 324; 659 339; 673 339; 674 340; 675 340; 676 341; 677 341; 678 342; 686 342; 688 340; 688 335; 689 334; 689 330; 690 329; 690 325; 691 324; 691 322; 693 320; 693 318; 694 317; 694 314; 695 313; 695 311; 696 310; 696 309; 697 308; 697 307; 698 306; 698 304; 699 303; 698 302; 692 302; 691 301; 687 301; 685 299; 676 299; 675 298
120; 950 304; 950 313; 953 313; 954 314; 954 320; 953 321; 953 325; 952 326; 952 327; 951 328; 951 336; 950 337; 950 353; 959 353; 962 350; 962 349; 963 348; 963 339; 964 338; 964 336; 965 335; 965 331; 966 330; 966 328; 967 327; 967 325; 968 324; 968 323; 970 321; 970 320; 971 319; 971 318; 972 317; 972 316; 973 315; 973 307; 972 306; 960 306; 959 305; 959 304
121; 359 291; 358 292; 358 304; 357 305; 357 308; 356 309; 356 311; 352 315; 352 316; 351 317; 351 318; 350 319; 350 320; 349 321; 349 322; 350 323; 350 333; 366 333; 368 335; 369 335; 370 336; 384 336; 387 333; 387 329; 388 328; 388 323; 391 320; 391 316; 387 316; 386 315; 386 308; 387 307; 387 304; 388 303; 388 295; 386 295; 385 294; 383 294; 382 293; 372 293; 371 292; 370 292; 369 291
122; 468 313; 468 314; 464 318; 464 328; 463 329; 463 331; 461 333; 461 334; 460 335; 460 336; 459 337; 459 338; 456 341; 456 349; 457 349; 459 351; 466 351; 467 352; 467 361; 469 363; 471 363; 474 366; 475 366; 476 367; 477 367; 478 366; 479 366; 481 364; 481 355; 482 354; 486 354; 487 353; 485 353; 484 352; 484 340; 485 339; 494 339; 494 338; 495 337; 495 323; 494 322; 494 314; 482 314; 481 313
123; 869 305; 869 317; 868 318; 868 333; 869 334; 869 351; 874 351; 876 353; 876 354; 877 355; 877 356; 878 357; 878 360; 882 360; 883 359; 887 359; 887 356; 888 355; 888 354; 889 353; 896 353; 898 351; 898 343; 897 342; 897 334; 898 333; 898 323; 899 322; 899 311; 898 311; 897 310; 882 310; 881 309; 881 305
124; 545 338; 552 349; 565 349; 569 345; 587 344; 591 341; 591 317; 588 313; 576 307; 567 307; 558 322; 551 321
125; 551 321; 551 309; 546 305; 540 305; 539 303; 538 309; 536 311; 530 311; 528 309; 526 310; 526 317; 521 326; 521 331; 528 330; 535 333; 540 338; 545 338
126; 49 306; 48 307; 48 311; 47 312; 47 313; 46 314; 45 314; 44 315; 42 315; 35 322; 34 322; 32 324; 32 332; 33 332; 34 333; 35 333; 40 338; 40 339; 41 340; 41 346; 51 356; 58 356; 62 352; 64 352; 65 351; 66 351; 67 350; 73 350; 73 348; 75 346; 75 336; 73 334; 73 333; 71 331; 71 330; 70 329; 70 326; 68 326; 67 325; 67 318; 66 317; 66 316; 64 314; 64 313; 63 312; 63 309; 60 306
127; 326 320; 325 321; 316 321; 316 339; 315 340; 315 342; 314 343; 314 344; 313 345; 313 346; 312 347; 312 351; 311 352; 311 355; 310 356; 310 364; 311 365; 319 365; 320 364; 327 364; 328 365; 339 365; 341 363; 341 362; 342 361; 342 349; 343 348; 343 346; 345 344; 345 343; 346 342; 346 341; 347 340; 347 336; 349 334; 349 323; 348 322; 347 323; 337 323; 335 321; 335 320
128; 830 320; 828 322; 828 326; 827 327; 827 328; 825 330; 822 330; 821 331; 819 331; 818 332; 817 332; 817 340; 821 344; 821 345; 822 346; 822 347; 823 348; 823 349; 830 349; 831 350; 831 364; 832 365; 832 366; 833 367; 833 368; 841 368; 842 367; 843 367; 844 366; 844 358; 845 357; 859 357; 860 356; 860 347; 845 332; 845 331; 844 330; 844 329; 843 328; 843 326; 842 325; 842 323; 841 322; 841 321; 840 321; 839 320
129; 1010 353; 1010 375; 1012 377; 1023 377; 1023 342; 1011 341
130; 1011 341; 1011 327; 1007 324; 996 324; 989 320; 981 320; 978 329; 977 340; 972 354; 971 367; 979 368; 983 364; 1000 365; 1003 354; 1010 353
131; 391 321; 389 323; 389 328; 388 329; 388 333; 385 336; 385 342; 386 343; 387 343; 388 344; 389 344; 390 345; 392 345; 393 346; 394 346; 396 348; 397 348; 399 350; 400 350; 408 358; 409 358; 410 359; 411 359; 413 361; 414 361; 415 362; 424 362; 425 361; 425 360; 427 358; 428 358; 429 357; 431 357; 431 349; 432 348; 432 338; 425 331; 424 331; 423 330; 422 330; 420 328; 419 328; 418 327; 418 321
132; 154 324; 153 325; 153 334; 151 336; 148 336; 147 337; 146 337; 145 338; 144 338; 144 350; 145 351; 145 356; 146 357; 146 358; 147 359; 147 361; 148 362; 148 378; 160 378; 161 377; 163 377; 164 376; 165 376; 166 375; 167 375; 169 373; 172 373; 173 372; 177 372; 178 371; 179 371; 180 370; 180 362; 179 361; 179 359; 178 358; 178 357; 177 356; 177 355; 176 354; 176 353; 175 352; 175 350; 174 349; 174 339; 173 338; 173 336; 172 335; 172 332; 168 328; 166 328; 165 327; 162 327; 161 326; 155 326; 154 325
133; 725 332; 724 333; 723 333; 721 335; 720 335; 713 342; 712 342; 711 343; 710 343; 709 344; 707 344; 706 345; 705 345; 704 346; 703 346; 702 347; 701 347; 698 350; 698 358; 699 359; 699 360; 700 361; 700 362; 703 365; 704 365; 706 367; 706 368; 707 369; 707 372; 708 373; 718 373; 719 372; 720 372; 721 371; 722 371; 722 370; 727 365; 727 362; 728 361; 734 361; 735 360; 736 360; 737 359; 738 359; 740 357; 742 357; 743 356; 744 356; 744 348; 741 345; 741 344; 740 343; 739 343; 738 342; 737 342; 735 340; 735 339; 734 338; 734 332
134; 504 332; 504 333; 503 334; 503 335; 502 336; 496 336; 496 337; 495 338; 495 346; 494 347; 494 348; 493 349; 493 351; 491 353; 488 353; 487 354; 488 354; 489 355; 489 365; 491 367; 491 368; 492 369; 492 370; 493 371; 493 372; 501 372; 506 377; 513 377; 517 373; 517 372; 518 371; 518 370; 522 366; 522 358; 523 357; 523 356; 524 355; 524 354; 525 353; 525 351; 526 350; 526 349; 527 348; 527 340; 526 340; 525 339; 524 339; 523 338; 522 338; 521 337; 521 332; 520 333; 514 333; 513 332
135; 592 341; 590 343; 589 343; 587 345; 578 345; 577 346; 569 346; 565 350; 564 350; 565 351; 565 367; 567 369; 567 371; 568 372; 568 373; 570 375; 571 375; 573 377; 573 381; 585 381; 585 380; 586 379; 587 379; 591 375; 597 375; 598 376; 600 376; 600 365; 601 364; 601 356; 603 354; 603 341
136; 90 333; 90 334; 89 335; 89 336; 88 337; 88 338; 87 339; 87 340; 83 344; 83 345; 82 346; 76 346; 74 348; 74 358; 73 359; 73 360; 72 361; 72 370; 74 372; 76 372; 77 373; 82 373; 83 374; 83 386; 85 388; 91 388; 92 387; 98 387; 100 385; 100 382; 101 381; 101 378; 103 376; 103 368; 104 367; 104 366; 106 364; 106 363; 108 361; 109 361; 109 360; 112 357; 112 356; 113 355; 113 346; 112 345; 111 345; 109 343; 109 339; 108 338; 108 337; 101 337; 99 335; 99 334; 98 333
137; 667 350; 666 351; 665 351; 664 352; 656 352; 655 353; 653 353; 652 354; 652 366; 653 367; 653 368; 654 369; 654 370; 655 371; 655 372; 656 373; 656 374; 657 375; 665 375; 666 374; 673 374; 673 373; 672 372; 672 363; 673 362; 687 362; 687 354; 686 353; 680 353; 678 351; 677 351; 676 350
138; 31 347; 29 349; 29 351; 28 352; 28 353; 26 355; 25 355; 24 356; 16 356; 16 371; 17 371; 23 377; 24 377; 27 380; 28 380; 30 382; 30 383; 32 385; 32 386; 33 387; 33 388; 35 390; 35 396; 37 396; 38 397; 50 397; 55 392; 55 391; 61 385; 61 371; 60 371; 59 370; 58 370; 51 363; 51 357; 41 347
139; 604 354; 602 356; 602 364; 601 365; 601 377; 602 378; 602 379; 603 380; 603 382; 604 383; 615 383; 618 386; 618 392; 623 392; 624 393; 629 393; 630 392; 637 392; 637 387; 638 386; 638 384; 639 383; 639 381; 641 379; 641 378; 644 375; 644 367; 641 367; 640 366; 639 366; 638 365; 637 365; 636 364; 635 364; 633 362; 632 362; 631 361; 629 361; 628 360; 626 360; 625 359; 624 359; 623 358; 622 358; 620 356; 619 356; 618 355; 617 355; 616 354
140; 262 350; 252 351; 248 370; 246 372; 240 372; 239 383; 242 385; 243 390; 260 391; 261 388; 268 388; 276 391; 290 391; 290 362; 288 360; 279 359; 279 353
141; 279 353; 284 348; 285 336; 277 333; 276 327; 266 327; 265 340; 262 343; 262 350
142; 198 361; 197 362; 197 371; 196 372; 196 373; 195 374; 194 374; 191 377; 191 387; 192 388; 192 389; 194 391; 196 391; 197 392; 208 392; 209 393; 210 393; 213 396; 215 396; 216 397; 220 397; 221 398; 222 398; 223 399; 233 399; 234 398; 233 398; 232 397; 232 384; 233 383; 238 383; 238 378; 239 377; 239 372; 238 372; 237 371; 229 371; 227 369; 226 369; 225 368; 224 368; 223 367; 221 367; 220 366; 217 366; 216 365; 213 365; 212 364; 211 364; 210 363; 209 363; 207 361
143; 970 367; 969 368; 967 368; 966 369; 948 369; 947 370; 937 370; 936 371; 936 372; 935 373; 935 374; 934 375; 934 378; 933 379; 933 389; 934 390; 934 391; 935 392; 935 398; 937 400; 941 400; 942 401; 945 401; 946 402; 946 405; 948 405; 949 404; 951 404; 951 401; 952 400; 953 400; 954 399; 956 399; 957 398; 980 398; 980 390; 979 390; 978 389; 977 389; 976 388; 976 381; 977 380; 977 379; 978 378; 978 370; 979 369; 975 369; 974 368; 971 368
144; 883 360; 882 361; 878 361; 878 367; 877 368; 876 368; 873 371; 873 374; 872 375; 872 376; 870 378; 870 385; 869 386; 867 386; 870 386; 872 388; 872 389; 884 389; 885 390; 885 400; 884 401; 883 401; 883 403; 888 403; 889 404; 889 405; 890 406; 890 407; 901 407; 907 401; 907 394; 912 389; 912 380; 911 380; 909 378; 908 378; 906 376; 905 376; 904 375; 903 375; 901 373; 900 373; 897 370; 896 370; 894 368; 893 368; 887 362; 887 360
145; 446 358; 446 360; 445 361; 445 363; 443 365; 443 366; 442 367; 442 368; 441 369; 441 370; 440 371; 440 373; 438 375; 438 376; 435 379; 435 380; 434 381; 434 382; 433 383; 433 385; 432 386; 432 397; 433 398; 433 399; 434 400; 435 400; 436 401; 436 406; 442 406; 443 407; 449 407; 450 406; 457 406; 458 405; 459 405; 459 404; 460 403; 460 400; 461 399; 461 398; 462 397; 462 395; 463 394; 463 392; 465 390; 465 386; 466 385; 469 385; 475 379; 475 367; 474 367; 471 364; 469 364; 467 362; 460 362; 459 361; 458 361; 456 359; 455 359; 454 358
146; 123 367; 122 368; 121 368; 119 370; 119 375; 118 376; 104 376; 102 378; 102 381; 101 382; 101 385; 99 387; 99 394; 100 395; 103 395; 104 396; 105 396; 107 398; 107 399; 108 400; 108 402; 109 403; 109 405; 112 408; 117 408; 118 409; 118 411; 120 411; 120 408; 121 407; 121 406; 125 402; 126 402; 128 400; 129 400; 130 399; 131 399; 132 398; 133 398; 134 397; 135 397; 139 393; 140 393; 141 392; 142 392; 143 391; 144 391; 145 390; 146 390; 147 389; 147 380; 141 380; 140 379; 140 371; 136 367
147; 523 366; 519 370; 519 371; 518 372; 518 373; 514 377; 514 385; 518 389; 519 389; 520 390; 520 395; 520 394; 521 393; 527 393; 528 394; 529 394; 533 398; 533 400; 534 401; 534 407; 537 407; 538 408; 541 408; 542 407; 551 407; 554 404; 554 400; 555 399; 555 396; 558 393; 558 382; 557 381; 556 381; 554 379; 553 379; 551 377; 550 377; 549 376; 548 376; 547 375; 545 375; 544 374; 543 374; 542 373; 541 373; 534 366
148; 292 372; 292 381; 291 382; 291 399; 292 399; 293 400; 296 400; 297 401; 299 401; 300 402; 307 402; 308 403; 308 407; 311 410; 312 410; 313 411; 317 411; 318 412; 328 412; 330 410; 331 410; 332 409; 332 396; 335 393; 335 383; 334 382; 332 382; 331 381; 329 381; 328 380; 327 380; 326 379; 324 379; 323 378; 320 378; 319 377; 317 377; 316 376; 314 376; 313 375; 312 375; 311 374; 309 374; 308 373; 306 373; 305 372
149; 787 374; 786 375; 784 375; 783 376; 783 384; 784 384; 785 385; 785 408; 788 408; 789 409; 792 409; 792 408; 793 407; 813 407; 814 408; 828 408; 828 399; 826 397; 826 391; 827 390; 827 381; 826 381; 825 380; 807 380; 806 379; 805 379; 800 374
150; 849 384; 847 386; 847 388; 846 389; 846 390; 844 392; 843 392; 842 393; 841 393; 841 394; 840 395; 840 396; 839 397; 839 398; 837 400; 837 402; 836 403; 836 411; 837 411; 838 412; 839 412; 840 413; 841 413; 844 416; 845 416; 846 417; 848 417; 849 418; 849 419; 850 419; 851 420; 852 420; 853 421; 855 421; 856 422; 858 422; 859 423; 860 423; 861 424; 862 424; 863 425; 863 431; 868 436; 873 436; 873 425; 874 424; 874 420; 875 419; 875 418; 876 417; 876 416; 881 411; 881 404; 882 403; 882 401; 878 401; 877 400; 876 400; 874 398; 873 398; 871 396; 871 395; 864 395; 863 394; 863 387; 864 386; 866 386; 862 386; 860 384
151; 573 382; 573 385; 572 386; 572 387; 566 393; 559 393; 556 396; 556 399; 555 400; 555 404; 552 407; 552 418; 554 420; 563 420; 567 424; 569 424; 570 425; 575 425; 576 426; 576 427; 580 427; 580 423; 581 422; 581 421; 583 419; 583 418; 584 417; 584 416; 585 415; 585 414; 586 413; 586 412; 593 405; 593 404; 595 402; 597 402; 597 392; 594 392; 593 391; 592 391; 591 390; 590 390; 589 389; 588 389; 585 386; 585 382
152; 666 375; 665 376; 657 376; 658 377; 658 379; 659 380; 659 394; 660 395; 660 401; 657 404; 656 404; 656 412; 657 413; 657 415; 658 416; 658 419; 659 420; 671 420; 672 421; 672 422; 674 424; 674 425; 675 426; 675 429; 676 430; 676 438; 685 438; 686 437; 688 437; 689 436; 689 425; 688 424; 688 422; 687 421; 687 419; 686 418; 686 408; 685 407; 685 404; 684 403; 684 388; 683 387; 683 378; 677 378; 676 377; 675 377; 674 376; 674 375
153; 1008 385; 1006 387; 1006 398; 1004 400; 994 400; 992 402; 992 410; 993 410; 995 412; 996 412; 999 415; 999 416; 1001 418; 1001 419; 1006 424; 1007 424; 1011 428; 1011 429; 1014 432; 1014 433; 1015 434; 1015 438; 1023 438; 1023 386; 1018 386; 1017 385
154; 243 391; 243 394; 241 396; 241 397; 240 398; 235 398; 234 399; 235 399; 236 400; 236 408; 235 409; 235 416; 238 419; 241 419; 242 420; 243 420; 247 424; 256 424; 257 425; 259 425; 260 426; 263 426; 264 427; 265 427; 266 428; 275 428; 275 425; 276 424; 276 422; 278 420; 278 418; 279 417; 279 413; 280 412; 280 402; 278 402; 277 401; 275 401; 274 400; 271 400; 270 399; 267 399; 266 398; 265 398; 264 397; 263 397; 262 396; 261 396; 260 395; 260 392; 252 392; 251 391
155; 617 393; 614 396; 612 396; 611 397; 606 397; 606 403; 604 405; 602 405; 602 416; 603 417; 604 417; 605 418; 605 420; 608 420; 611 423; 611 429; 620 438; 631 438; 632 437; 632 429; 633 428; 642 428; 644 426; 644 418; 643 417; 642 417; 637 412; 636 412; 635 411; 635 410; 632 407; 632 406; 631 405; 631 404; 630 403; 630 401; 629 400; 629 394; 624 394; 623 393
156; 62 385; 56 391; 56 392; 51 397; 51 404; 52 405; 52 411; 58 411; 59 412; 59 413; 61 415; 61 420; 62 421; 62 422; 63 423; 63 424; 64 425; 64 431; 66 431; 67 432; 75 432; 77 430; 77 429; 79 427; 86 427; 86 426; 88 424; 88 423; 92 419; 93 419; 95 417; 95 408; 93 406; 92 406; 89 403; 89 402; 86 399; 86 398; 84 396; 84 388; 83 387; 76 387; 75 386; 75 385
157; 29 425; 35 425; 36 426; 36 432; 46 432; 47 431; 50 431; 50 425; 51 424; 51 412; 44 412; 41 409; 41 407; 40 406; 40 398; 38 398; 37 397; 24 397; 24 398; 21 401
158; 21 401; 15 401; 14 400; 14 394; 15 393; 15 385; 13 383; 12 383; 11 382; 10 382; 7 379; 6 379; 5 378; 5 377; 4 376; 4 375; 0 375; 0 432; 11 432; 14 435; 22 435; 22 433; 24 431; 24 430; 29 425
159; 490 387; 490 393; 489 394; 489 395; 488 396; 488 397; 486 399; 486 400; 483 403; 483 404; 482 405; 482 406; 481 407; 481 410; 480 411; 480 413; 479 414; 479 416; 478 417; 478 426; 479 427; 480 427; 486 433; 493 433; 494 434; 495 434; 496 435; 505 435; 505 434; 506 433; 512 433; 512 414; 513 413; 513 410; 515 408; 520 408; 520 396; 519 397; 512 397; 510 395; 509 395; 508 394; 507 394; 506 393; 505 393; 502 390; 501 390; 498 387
160; 907 402; 901 408; 901 414; 899 416; 899 417; 897 419; 897 420; 896 421; 896 422; 895 423; 895 424; 894 425; 894 426; 893 427; 893 428; 892 429; 892 437; 894 439; 895 439; 897 441; 898 441; 899 442; 900 442; 901 443; 902 443; 903 444; 903 446; 917 446; 917 443; 919 441; 919 440; 920 439; 920 438; 921 437; 921 436; 922 435; 922 434; 923 433; 923 432; 924 431; 926 431; 926 428; 927 427; 927 426; 928 425; 928 423; 929 422; 929 421; 931 419; 931 411; 930 410; 929 410; 927 408; 926 408; 922 404; 922 403; 916 403; 915 402
161; 436 407; 435 408; 435 410; 434 411; 434 412; 433 413; 433 414; 432 415; 432 416; 430 418; 430 419; 429 420; 429 422; 428 423; 428 425; 427 426; 427 427; 426 428; 426 429; 424 431; 424 443; 429 443; 430 444; 431 444; 432 445; 434 445; 437 448; 438 448; 439 449; 446 449; 447 450; 447 452; 447 449; 449 447; 449 446; 450 445; 450 444; 451 443; 451 442; 453 440; 453 439; 454 438; 454 434; 455 433; 457 433; 457 432; 458 431; 458 429; 459 428; 459 427; 461 425; 461 415; 460 414; 450 414; 449 413; 449 408; 443 408; 442 407
162; 534 408; 534 409; 533 410; 522 410; 522 416; 521 417; 521 421; 519 423; 513 423; 513 434; 514 434; 519 439; 520 439; 521 440; 523 440; 525 442; 526 442; 527 443; 528 443; 529 444; 529 446; 533 446; 534 447; 534 448; 535 449; 535 450; 536 451; 536 452; 545 452; 546 451; 547 451; 548 450; 548 442; 549 441; 558 441; 558 432; 554 428; 554 421; 552 419; 545 419; 543 417; 543 416; 541 414; 541 409; 538 409; 537 408
163; 785 409; 785 410; 784 411; 783 411; 780 414; 772 414; 772 423; 771 424; 770 424; 769 425; 768 425; 768 434; 771 437; 771 438; 777 444; 777 445; 781 449; 781 450; 783 452; 783 455; 792 455; 793 454; 802 454; 802 450; 805 447; 806 447; 807 446; 807 437; 805 435; 805 434; 803 432; 803 431; 799 427; 799 426; 798 425; 798 423; 797 422; 797 421; 796 420; 796 419; 793 416; 793 415; 792 414; 792 410; 789 410; 788 409
164; 118 412; 118 417; 114 421; 110 421; 110 424; 109 425; 109 426; 106 429; 105 429; 104 430; 104 438; 112 446; 113 446; 115 448; 116 448; 118 450; 119 450; 120 451; 121 451; 123 453; 124 453; 126 455; 127 455; 128 456; 128 457; 129 458; 137 458; 138 457; 139 457; 140 456; 143 456; 143 454; 145 452; 145 451; 147 449; 147 448; 150 445; 150 437; 149 436; 148 436; 143 431; 143 430; 140 427; 140 426; 139 425; 139 424; 137 422; 136 422; 135 421; 134 421; 133 420; 132 420; 130 418; 129 418; 127 416; 127 415; 121 415; 120 414; 120 412
165; 215 413; 215 414; 214 415; 214 416; 213 417; 213 419; 211 421; 211 422; 207 426; 206 426; 204 428; 203 428; 203 441; 205 441; 207 443; 214 443; 216 445; 217 445; 219 447; 220 447; 221 448; 222 448; 224 450; 225 450; 230 455; 238 455; 244 449; 244 448; 246 446; 246 444; 247 443; 247 442; 248 441; 248 432; 247 431; 247 425; 243 421; 242 421; 241 420; 238 420; 235 417; 228 417; 226 415; 225 415; 223 413
166; 949 405; 948 406; 946 406; 946 410; 945 411; 945 412; 944 413; 944 414; 943 415; 943 416; 942 417; 942 418; 941 419; 941 421; 940 422; 940 423; 939 424; 939 425; 938 426; 938 427; 937 428; 937 429; 935 431; 935 432; 934 433; 934 434; 933 435; 931 435; 931 445; 939 445; 941 447; 941 448; 944 451; 946 451; 947 452; 948 452; 949 453; 959 453; 965 447; 965 435; 966 434; 971 434; 974 431; 974 430; 975 429; 975 420; 973 418; 967 418; 965 416; 965 415; 962 412; 961 412; 957 408; 952 408; 951 407; 951 405
167; 828 426; 828 428; 827 429; 827 430; 825 432; 825 433; 821 437; 821 454; 823 456; 832 456; 833 455; 842 455; 843 456; 845 456; 846 457; 849 457; 850 458; 861 458; 861 449; 864 446; 866 446; 867 445; 868 445; 869 444; 869 443; 870 442; 870 440; 873 437; 868 437; 863 432; 851 432; 850 431; 849 431; 848 430; 847 430; 845 428; 844 428; 843 427; 842 427; 841 426
168; 591 425; 588 428; 588 429; 587 430; 581 430; 580 429; 580 428; 576 428; 576 434; 575 435; 575 444; 577 444; 578 445; 579 445; 580 446; 581 446; 582 447; 582 448; 583 449; 583 450; 585 452; 585 453; 586 453; 588 455; 589 455; 590 456; 591 456; 596 461; 596 462; 599 465; 612 465; 613 466; 623 466; 623 449; 622 448; 622 447; 620 445; 620 439; 611 430; 604 430; 601 427; 601 425
169; 289 423; 287 425; 287 426; 285 428; 285 429; 282 432; 280 432; 280 435; 276 439; 276 440; 272 444; 272 445; 269 448; 269 457; 270 457; 271 458; 276 458; 277 459; 277 471; 290 471; 290 470; 292 468; 292 467; 293 466; 299 466; 304 461; 304 459; 307 456; 307 449; 309 447; 310 447; 310 438; 308 436; 308 435; 307 434; 307 433; 306 432; 306 430; 304 428; 303 428; 302 427; 301 427; 297 423
170; 58 432; 57 433; 54 433; 54 441; 53 442; 45 442; 43 444; 42 444; 40 446; 40 455; 46 461; 46 462; 48 464; 48 465; 49 466; 49 467; 55 467; 56 468; 56 477; 57 478; 57 480; 58 481; 58 483; 66 483; 67 482; 67 475; 68 474; 74 474; 75 473; 76 473; 79 470; 80 470; 81 469; 81 461; 80 460; 80 459; 78 457; 78 456; 77 455; 77 454; 75 452; 75 451; 74 450; 74 449; 72 447; 72 446; 71 445; 71 444; 70 443; 70 441; 69 440; 69 433; 67 433; 66 432
171; 322 440; 320 442; 320 443; 318 445; 318 449; 317 450; 316 450; 316 454; 314 456; 308 456; 305 459; 305 461; 300 466; 300 475; 311 475; 312 476; 313 476; 315 478; 316 478; 319 481; 320 481; 321 482; 331 482; 331 479; 332 478; 332 475; 333 474; 333 472; 337 468; 338 468; 339 467; 345 467; 346 466; 346 462; 347 461; 347 457; 348 456; 348 445; 346 443; 345 443; 343 441; 332 441; 331 440
172; 384 432; 383 433; 383 434; 382 435; 382 436; 377 441; 377 442; 376 443; 376 444; 375 445; 375 446; 373 448; 373 454; 381 462; 388 462; 389 463; 391 463; 392 464; 393 464; 399 470; 417 470; 417 463; 418 462; 418 458; 419 457; 419 446; 417 446; 413 442; 410 442; 409 441; 404 441; 403 440; 402 440; 401 439; 400 439; 398 437; 397 437; 395 435; 395 434; 394 433; 393 433; 392 432
173; 184 438; 181 441; 180 441; 174 447; 174 448; 172 450; 172 451; 167 456; 166 456; 165 457; 164 457; 162 459; 161 459; 159 461; 159 472; 164 477; 166 477; 169 480; 184 480; 184 479; 188 475; 188 474; 192 470; 204 470; 205 469; 205 462; 206 461; 206 460; 207 459; 207 444; 205 442; 195 442; 194 441; 194 440; 193 439; 193 438
174; 704 429; 704 434; 703 435; 703 436; 693 446; 692 446; 685 453; 684 453; 683 454; 682 454; 682 463; 683 464; 683 467; 684 468; 684 469; 685 469; 686 470; 689 470; 690 471; 691 471; 694 474; 694 475; 696 477; 704 477; 704 476; 705 475; 705 474; 706 473; 706 472; 707 471; 708 471; 710 469; 711 469; 712 468; 712 467; 713 466; 713 464; 714 463; 714 462; 718 458; 719 458; 723 454; 724 454; 724 445; 723 445; 718 440; 718 439; 717 438; 717 436; 716 435; 716 432; 714 430; 713 430; 712 429
175; 560 450; 559 451; 559 452; 558 453; 558 454; 554 458; 553 458; 550 461; 549 461; 547 463; 546 463; 543 466; 542 466; 541 467; 540 467; 539 468; 538 468; 538 476; 540 478; 540 486; 543 489; 543 491; 544 492; 544 493; 548 497; 549 497; 550 496; 552 496; 553 495; 560 495; 562 493; 562 487; 563 486; 563 481; 564 480; 572 480; 572 479; 574 477; 575 477; 578 474; 579 474; 580 473; 580 465; 579 464; 578 464; 577 463; 577 462; 576 461; 576 459; 575 458; 575 457; 574 456; 573 456; 569 452; 569 450
176; 903 447; 903 450; 902 451; 884 451; 883 452; 883 454; 880 457; 877 457; 876 458; 873 458; 870 461; 869 461; 869 469; 872 469; 873 470; 873 472; 875 474; 876 474; 877 475; 879 475; 880 476; 883 476; 884 477; 886 477; 887 478; 891 478; 892 479; 893 479; 894 480; 895 480; 900 485; 901 485; 902 486; 904 486; 905 487; 914 487; 915 486; 918 486; 919 485; 920 485; 920 484; 921 483; 921 468; 923 466; 924 466; 924 458; 923 458; 922 457; 921 457; 918 454; 918 451; 917 450; 917 447
177; 356 454; 356 455; 355 456; 349 456; 348 457; 348 461; 347 462; 347 466; 346 467; 346 474; 344 476; 344 477; 343 478; 343 479; 341 481; 341 491; 343 491; 344 492; 349 492; 350 493; 350 494; 351 495; 351 498; 352 499; 352 500; 355 503; 361 503; 362 504; 364 504; 364 499; 365 498; 365 496; 366 495; 366 494; 367 493; 369 493; 369 490; 371 488; 371 487; 372 486; 372 485; 374 483; 374 482; 376 480; 377 480; 377 478; 378 477; 378 476; 380 474; 380 462; 373 455; 366 455; 365 454
178; 965 448; 959 454; 959 463; 958 464; 958 466; 957 467; 957 468; 956 469; 956 471; 955 472; 955 476; 953 478; 953 486; 954 486; 958 490; 963 490; 966 493; 966 494; 969 497; 978 497; 978 496; 979 495; 979 494; 980 493; 980 492; 981 491; 981 488; 982 487; 982 485; 983 484; 983 482; 984 481; 984 479; 985 478; 985 475; 986 474; 986 473; 990 469; 990 468; 992 466; 992 458; 991 457; 989 457; 988 456; 987 456; 986 455; 986 450; 975 450; 973 448
179; 499 449; 499 460; 498 461; 496 461; 496 465; 495 466; 495 470; 494 471; 494 476; 493 477; 493 486; 494 487; 496 487; 497 488; 499 488; 500 489; 501 489; 504 492; 519 492; 519 491; 520 490; 520 486; 521 485; 521 482; 522 481; 522 472; 523 471; 523 470; 524 469; 524 467; 525 466; 525 462; 526 461; 526 451; 513 451; 512 450; 512 449
180; 756 469; 755 470; 755 472; 754 473; 754 480; 753 481; 738 481; 737 482; 737 490; 739 492; 739 493; 740 493; 741 494; 741 496; 742 497; 750 497; 750 483; 751 482; 766 482; 766 473; 765 472; 765 471; 764 470; 764 469
181; 12 495; 0 494; 0 524; 5 525; 11 531; 27 531; 28 533; 27 513; 32 507; 33 503
182; 33 503; 40 499; 40 489; 46 484; 46 475; 37 471; 20 458; 12 458; 9 464; 3 470; 0 470; 0 482; 4 482; 13 488; 12 495
183; 104 464; 104 466; 103 467; 103 469; 102 470; 102 472; 100 474; 100 475; 99 476; 99 477; 96 480; 96 481; 95 482; 95 483; 93 485; 93 486; 91 488; 91 490; 90 491; 90 499; 91 500; 92 500; 93 501; 95 501; 96 502; 98 502; 99 503; 101 503; 106 508; 118 508; 118 502; 119 501; 119 500; 120 499; 126 499; 129 496; 129 490; 130 489; 130 483; 133 480; 133 470; 131 468; 130 468; 129 467; 125 467; 124 466; 123 466; 122 465; 115 465; 114 464
184; 248 464; 248 467; 247 468; 247 469; 246 470; 246 471; 244 473; 244 474; 243 475; 243 477; 242 478; 242 479; 241 480; 241 481; 240 482; 240 483; 238 485; 238 486; 235 489; 229 489; 229 497; 228 498; 228 500; 230 500; 234 504; 244 504; 245 505; 246 505; 247 506; 248 506; 249 507; 258 507; 258 505; 259 504; 259 503; 260 502; 260 501; 262 499; 262 493; 263 492; 272 492; 276 488; 276 474; 265 474; 263 472; 263 471; 262 470; 262 466; 261 465; 258 465; 257 464
185; 613 467; 613 473; 610 476; 609 476; 608 477; 608 493; 607 494; 606 494; 606 496; 624 496; 625 497; 631 497; 632 498; 637 498; 638 499; 649 499; 649 482; 650 481; 656 481; 657 482; 657 485; 658 485; 659 486; 669 486; 669 478; 667 478; 666 477; 652 477; 651 476; 651 473; 643 473; 642 472; 642 471; 630 471; 629 470; 627 470; 626 469; 625 469; 623 467
186; 793 455; 792 456; 783 456; 783 466; 782 467; 781 467; 778 470; 778 478; 779 479; 779 480; 781 482; 781 483; 782 484; 782 485; 783 486; 783 488; 784 488; 785 489; 785 496; 784 497; 784 505; 785 506; 785 510; 788 510; 789 511; 792 511; 792 509; 793 508; 797 508; 799 506; 799 502; 800 501; 800 499; 802 497; 812 497; 813 496; 814 496; 815 495; 816 495; 817 494; 817 485; 816 484; 816 483; 815 482; 815 480; 813 478; 813 477; 809 473; 808 473; 807 472; 807 470; 805 468; 805 467; 804 466; 804 465; 803 464; 803 458; 802 457; 802 455
187; 205 470; 204 471; 199 471; 199 485; 198 486; 188 486; 188 487; 187 488; 186 488; 185 489; 185 498; 186 499; 186 502; 198 502; 199 503; 199 511; 202 514; 210 514; 211 513; 211 512; 213 510; 213 509; 214 508; 214 506; 215 505; 215 504; 219 500; 219 499; 221 497; 228 497; 228 477; 226 475; 218 475; 217 474; 216 474; 212 470
188; 447 453; 447 458; 446 459; 446 460; 445 461; 444 461; 443 462; 443 471; 442 472; 437 472; 435 474; 435 482; 436 483; 436 484; 437 485; 449 485; 450 486; 451 486; 455 490; 455 496; 457 498; 471 498; 475 494; 475 485; 473 483; 473 482; 468 477; 468 476; 466 474; 458 474; 457 473; 457 460; 456 459; 456 457; 455 456; 448 456; 447 455
189; 144 473; 143 474; 143 476; 141 478; 141 479; 140 480; 134 480; 131 483; 131 489; 130 490; 130 496; 127 499; 127 507; 126 508; 126 509; 129 512; 130 512; 131 513; 132 513; 134 515; 137 515; 138 514; 144 514; 146 516; 146 517; 147 518; 155 518; 156 517; 156 515; 157 514; 157 507; 158 506; 158 504; 161 501; 161 500; 163 498; 163 497; 164 496; 164 495; 165 494; 165 493; 166 492; 166 491; 167 490; 168 490; 169 489; 169 481; 166 478; 164 478; 159 473
190; 386 483; 384 485; 383 485; 383 487; 382 488; 382 489; 380 491; 380 492; 378 494; 378 495; 376 497; 374 497; 374 500; 373 501; 373 505; 372 506; 365 506; 364 505; 362 505; 362 516; 363 517; 363 518; 365 520; 373 520; 374 519; 380 519; 381 520; 381 525; 398 525; 398 510; 399 509; 408 509; 409 508; 409 505; 410 504; 410 501; 411 500; 411 494; 405 488; 404 488; 403 487; 402 487; 401 486; 398 486; 397 485; 395 485; 394 484; 394 483
191; 588 480; 588 481; 587 482; 586 482; 585 483; 584 483; 583 484; 582 484; 581 485; 580 485; 579 486; 578 486; 578 499; 577 500; 571 500; 570 499; 570 494; 562 494; 560 496; 560 512; 559 513; 558 513; 563 513; 564 514; 564 515; 565 516; 565 519; 569 523; 577 523; 579 521; 580 521; 581 520; 581 519; 589 511; 590 511; 591 510; 592 510; 593 509; 594 509; 595 508; 596 508; 597 507; 598 507; 599 506; 600 506; 601 505; 603 505; 603 497; 604 496; 605 496; 605 494; 601 494; 600 493; 600 491; 599 490; 599 487; 598 486; 598 482; 596 480
192; 294 492; 293 493; 292 493; 291 494; 291 495; 289 497; 289 499; 284 504; 283 504; 282 505; 280 505; 279 506; 277 506; 276 507; 274 507; 273 508; 271 508; 270 509; 270 519; 271 520; 271 521; 272 522; 272 524; 273 525; 273 526; 274 527; 274 528; 276 530; 276 539; 284 539; 289 534; 290 534; 291 533; 292 533; 295 530; 296 530; 301 525; 302 525; 303 524; 304 524; 305 523; 306 523; 307 522; 308 522; 309 521; 311 521; 312 520; 313 520; 314 519; 314 500; 311 497; 310 497; 308 495; 307 495; 304 492
193; 446 497; 446 503; 445 504; 439 504; 438 503; 437 503; 435 501; 424 501; 423 500; 412 500; 411 501; 411 504; 410 505; 410 508; 409 509; 409 517; 405 521; 399 521; 399 525; 400 526; 400 533; 403 536; 403 537; 417 537; 418 538; 418 547; 426 547; 426 546; 428 544; 428 543; 429 542; 429 541; 430 540; 430 539; 433 536; 433 535; 434 534; 434 533; 435 532; 435 531; 436 530; 436 525; 437 524; 437 523; 439 521; 439 520; 440 519; 440 517; 441 516; 441 515; 442 514; 442 510; 443 509; 449 509; 450 510; 458 510; 458 499; 457 499; 455 497
194; 538 486; 537 487; 531 487; 530 488; 530 498; 529 499; 520 499; 519 500; 518 500; 517 501; 517 508; 516 509; 516 513; 520 513; 523 516; 523 517; 524 518; 524 519; 525 520; 525 521; 526 522; 526 523; 528 525; 528 526; 529 527; 529 528; 532 531; 532 534; 550 534; 550 529; 551 528; 555 528; 555 514; 556 513; 557 513; 553 513; 549 509; 549 508; 548 507; 548 505; 547 504; 547 497; 543 493; 543 492; 542 491; 542 489; 539 486
195; 826 507; 819 508; 813 515; 812 534; 808 535; 808 554; 817 557; 839 554; 841 527
196; 841 527; 850 517; 852 511; 858 511; 860 509; 864 492; 865 473; 855 473; 849 466; 840 466; 838 490; 826 493; 826 507
197; 492 504; 491 505; 487 505; 486 506; 485 506; 483 508; 482 508; 480 510; 471 510; 466 515; 466 516; 464 518; 464 519; 463 520; 463 529; 464 529; 465 530; 466 530; 468 532; 469 532; 472 535; 472 536; 473 537; 473 538; 475 540; 475 541; 476 542; 484 542; 485 541; 486 541; 487 540; 488 540; 489 539; 490 539; 491 538; 492 538; 504 526; 505 526; 506 525; 507 525; 508 524; 510 524; 511 523; 512 523; 513 522; 513 514; 514 513; 515 513; 515 509; 510 509; 508 507; 507 507; 506 506; 505 506; 504 505; 502 505; 501 504
198; 722 502; 721 503; 721 516; 720 517; 716 517; 716 522; 715 523; 715 528; 716 529; 719 529; 720 530; 720 537; 719 538; 718 538; 719 539; 724 539; 728 543; 728 544; 729 545; 743 545; 743 538; 744 537; 745 537; 746 536; 747 536; 748 535; 749 535; 750 534; 751 534; 752 533; 753 533; 754 532; 754 531; 755 530; 755 525; 756 524; 756 523; 755 522; 755 521; 753 519; 753 518; 751 516; 751 515; 750 514; 742 514; 741 513; 740 513; 737 510; 737 509; 731 503; 731 502
199; 947 507; 947 509; 946 510; 946 512; 945 513; 945 522; 946 523; 946 544; 949 547; 955 547; 956 548; 958 548; 959 549; 959 550; 961 552; 961 553; 962 554; 962 555; 970 555; 971 554; 971 553; 973 551; 973 549; 974 548; 974 540; 975 539; 975 537; 976 536; 976 534; 977 533; 977 528; 978 527; 978 524; 979 523; 979 512; 978 511; 977 511; 976 510; 961 510; 959 508; 957 508; 956 507
200; 615 509; 615 510; 614 511; 614 512; 613 513; 613 515; 612 516; 612 517; 604 525; 603 525; 600 528; 600 529; 599 530; 599 531; 597 533; 597 541; 598 542; 599 542; 600 543; 602 543; 603 544; 606 544; 607 545; 609 545; 611 547; 611 548; 612 549; 612 552; 613 553; 622 553; 622 551; 623 550; 629 550; 631 548; 631 546; 632 545; 632 544; 635 541; 635 533; 636 532; 636 530; 640 526; 641 526; 642 525; 642 517; 641 517; 640 516; 634 516; 633 515; 627 515; 626 514; 626 512; 625 511; 625 510; 624 509
201; 685 518; 684 525; 675 525; 675 537; 679 537; 686 547; 691 564; 700 565; 713 562; 718 556; 718 539; 709 538; 708 529; 714 528; 715 517; 713 516; 712 509; 704 509; 701 512; 694 511
202; 694 511; 694 505; 698 500; 698 491; 686 485; 678 485; 677 496; 657 494; 658 507; 671 510; 685 518
203; 334 518; 333 519; 326 519; 325 520; 324 520; 324 521; 323 522; 323 523; 322 524; 322 525; 319 528; 318 528; 316 530; 316 538; 318 540; 318 542; 319 543; 319 546; 322 549; 323 549; 324 550; 326 550; 332 556; 332 563; 335 563; 336 564; 337 564; 338 565; 347 565; 347 562; 348 561; 348 560; 349 559; 349 557; 350 556; 360 556; 364 552; 366 552; 366 544; 363 544; 362 543; 360 543; 359 542; 358 542; 354 538; 354 537; 352 535; 352 532; 351 531; 351 530; 348 527; 348 526; 346 524; 346 523; 344 521; 344 520; 342 518
204; 120 510; 120 515; 119 516; 117 516; 116 517; 115 517; 114 518; 112 518; 111 519; 109 519; 108 520; 107 520; 106 521; 105 521; 104 522; 103 522; 102 523; 100 523; 99 524; 97 524; 96 525; 92 525; 91 526; 91 543; 92 544; 92 545; 96 549; 96 550; 97 551; 97 556; 109 556; 109 554; 110 553; 111 553; 112 552; 113 552; 114 551; 115 551; 117 549; 118 549; 119 548; 120 548; 121 547; 122 547; 125 544; 126 544; 127 543; 128 543; 129 542; 133 542; 134 541; 136 541; 137 540; 137 532; 135 530; 135 529; 134 528; 134 517; 135 516; 134 516; 132 514; 131 514; 130 513; 129 513; 126 510
205; 764 523; 764 529; 770 537; 770 545; 775 550; 776 563; 778 565; 789 565; 792 554; 807 554; 807 535; 803 533; 794 520; 792 512; 785 511; 780 515; 773 514
206; 773 514; 775 497; 772 492; 760 493; 760 501; 763 503; 763 509; 750 510; 750 513; 756 522; 764 523
207; 558 531; 558 535; 557 536; 556 536; 556 548; 557 549; 557 561; 561 561; 562 562; 562 563; 563 564; 563 566; 564 567; 564 569; 565 570; 565 571; 566 572; 566 574; 567 575; 567 576; 568 577; 577 577; 578 576; 579 576; 582 573; 583 573; 584 572; 590 572; 591 571; 591 568; 592 567; 592 564; 593 563; 593 560; 590 557; 590 556; 589 555; 589 554; 587 552; 587 551; 584 548; 584 547; 582 545; 582 543; 581 542; 581 540; 580 539; 580 536; 577 533; 577 532; 576 531
208; 532 535; 532 540; 531 541; 525 541; 524 540; 522 540; 521 539; 520 539; 519 538; 509 538; 509 543; 506 546; 504 546; 504 554; 503 555; 503 565; 508 565; 509 566; 514 566; 515 567; 521 567; 522 568; 526 568; 527 569; 529 569; 530 570; 530 574; 534 574; 535 575; 539 575; 539 574; 540 573; 544 573; 544 571; 545 570; 545 567; 548 564; 551 564; 552 563; 553 563; 555 561; 556 561; 556 549; 555 548; 555 536; 551 536; 550 535
209; 229 540; 228 541; 228 556; 227 557; 227 559; 226 560; 226 568; 227 568; 228 569; 238 569; 239 570; 245 570; 246 571; 260 571; 261 570; 273 570; 273 553; 272 553; 270 551; 270 549; 269 548; 269 545; 268 544; 268 543; 267 542; 261 542; 260 541; 253 541; 252 540
210; 150 530; 150 531; 149 532; 149 537; 148 538; 148 539; 147 540; 147 542; 146 543; 146 544; 144 546; 144 547; 140 551; 140 552; 138 554; 138 555; 137 556; 137 557; 136 558; 136 559; 135 560; 135 561; 134 562; 134 570; 135 571; 136 571; 138 573; 139 573; 141 575; 142 575; 143 576; 144 576; 145 577; 148 577; 149 578; 150 578; 151 579; 151 583; 151 581; 152 580; 161 580; 168 573; 168 572; 169 571; 169 569; 170 568; 170 566; 171 565; 171 563; 172 562; 172 561; 173 560; 173 557; 174 556; 174 555; 175 554; 175 552; 176 551; 176 543; 175 543; 174 542; 173 542; 172 541; 171 541; 169 539; 169 532; 168 531; 168 530
211; 28 534; 28 538; 27 539; 27 542; 26 543; 26 545; 25 546; 25 547; 24 548; 18 548; 17 547; 17 542; 0 542; 0 562; 10 562; 11 563; 11 575; 12 575; 13 576; 14 576; 15 577; 17 577; 18 578; 20 578; 21 579; 23 579; 24 580; 25 580; 26 581; 27 581; 30 584; 31 584; 32 585; 41 585; 41 578; 42 577; 42 575; 43 574; 43 573; 45 571; 45 570; 46 569; 46 568; 47 567; 47 566; 48 565; 48 564; 49 563; 49 562; 51 560; 51 559; 53 557; 53 548; 52 548; 51 547; 51 546; 48 543; 43 543; 41 541; 41 540; 40 539; 40 538; 39 537; 38 537; 37 536; 29 536; 28 535
212; 458 548; 458 552; 457 553; 451 553; 450 552; 449 552; 448 551; 447 551; 446 550; 438 550; 436 552; 435 552; 435 560; 439 564; 441 564; 443 566; 444 566; 445 567; 445 568; 446 568; 448 570; 448 571; 451 574; 451 575; 452 576; 453 576; 454 577; 456 577; 457 578; 458 578; 459 579; 459 593; 468 593; 481 580; 481 578; 480 577; 480 576; 479 575; 478 575; 477 574; 477 568; 479 566; 479 565; 481 563; 481 555; 478 555; 477 554; 476 554; 475 553; 474 553; 472 551; 471 551; 470 550; 469 550; 467 548
213; 760 545; 757 548; 756 548; 755 549; 754 549; 753 550; 752 550; 751 551; 747 551; 747 552; 745 554; 744 554; 743 555; 741 555; 740 556; 732 556; 732 564; 733 565; 733 574; 744 585; 753 585; 754 584; 755 584; 757 582; 758 582; 760 580; 761 580; 762 579; 763 579; 768 574; 769 574; 770 573; 771 573; 772 572; 773 572; 774 571; 778 571; 778 566; 775 563; 775 555; 774 554; 774 550; 769 545
214; 629 568; 619 567; 613 562; 594 563; 592 584; 618 596; 620 604; 589 605; 589 613; 607 614; 622 621; 627 619; 626 602; 635 601; 639 595
215; 655 595; 656 608; 665 608; 683 591; 691 591; 692 594; 693 582; 687 574; 677 567; 661 566
216; 661 560; 672 550; 672 538; 668 538; 660 528; 652 528; 642 541
217; 642 541; 633 544; 629 568; 639 595; 655 595; 661 566; 661 560
218; 323 564; 318 569; 316 569; 315 570; 315 571; 313 573; 313 574; 310 577; 310 578; 309 579; 309 588; 317 596; 318 596; 331 609; 331 610; 333 612; 333 613; 334 614; 342 614; 342 612; 343 611; 343 608; 346 605; 347 605; 349 603; 349 602; 350 601; 350 599; 351 598; 351 589; 346 584; 346 583; 344 581; 344 580; 342 578; 342 577; 340 575; 340 574; 338 572; 338 566; 337 565; 336 565; 335 564
219; 97 557; 96 558; 96 560; 94 562; 84 562; 83 563; 81 563; 80 564; 79 564; 79 565; 78 566; 78 574; 79 575; 79 577; 80 578; 80 579; 81 580; 81 586; 79 588; 79 590; 78 591; 78 593; 79 594; 79 600; 80 601; 80 608; 82 608; 83 607; 87 607; 88 606; 90 606; 93 603; 112 603; 112 589; 111 588; 111 582; 110 581; 110 570; 109 569; 109 557
220; 261 571; 260 572; 248 572; 248 587; 249 588; 250 588; 251 589; 251 590; 257 596; 258 596; 259 597; 259 598; 261 600; 261 601; 262 602; 262 603; 265 606; 266 606; 267 607; 268 607; 269 608; 279 608; 280 607; 287 607; 287 600; 290 597; 290 596; 292 594; 292 586; 291 586; 289 584; 288 584; 284 580; 283 580; 281 578; 280 578; 276 574; 276 573; 274 571
221; 530 575; 530 576; 529 577; 522 577; 521 578; 521 580; 520 581; 516 581; 516 591; 518 591; 519 592; 519 605; 521 607; 529 607; 530 608; 532 608; 533 609; 537 609; 538 610; 542 610; 543 611; 546 611; 547 612; 557 612; 558 611; 558 610; 559 609; 559 602; 560 601; 560 600; 561 599; 561 598; 562 597; 562 588; 560 588; 559 587; 553 587; 552 586; 548 586; 547 585; 546 585; 545 584; 544 584; 543 583; 542 583; 539 580; 539 576; 535 576; 534 575
222; 500 578; 499 579; 496 579; 495 580; 492 580; 491 581; 481 581; 468 594; 469 595; 469 605; 470 606; 470 612; 476 612; 477 611; 478 611; 479 610; 480 610; 481 609; 495 609; 497 611; 499 611; 500 612; 500 614; 503 614; 504 613; 507 613; 507 610; 509 608; 509 606; 510 605; 510 593; 512 591; 515 591; 515 581; 511 581; 508 578
223; 955 578; 955 579; 954 580; 954 582; 953 583; 953 596; 951 598; 951 599; 947 603; 947 604; 945 606; 945 614; 946 614; 947 615; 947 616; 949 616; 950 617; 952 617; 955 620; 955 628; 958 628; 959 629; 965 629; 966 628; 966 627; 967 626; 967 625; 968 624; 968 623; 969 622; 969 621; 971 619; 971 618; 972 617; 972 616; 973 615; 973 614; 974 613; 974 612; 975 611; 975 610; 983 602; 983 601; 986 598; 986 589; 984 589; 983 588; 982 588; 981 587; 981 586; 980 585; 980 581; 979 580; 979 579; 964 579; 963 578
224; 849 581; 848 582; 848 584; 846 586; 846 587; 843 590; 843 591; 841 593; 841 594; 840 595; 840 596; 838 598; 838 599; 837 600; 837 601; 836 602; 836 604; 835 605; 835 606; 834 607; 834 608; 830 612; 830 620; 831 620; 832 621; 840 621; 841 622; 842 622; 844 624; 845 624; 846 625; 855 625; 857 623; 857 622; 859 620; 859 619; 861 617; 861 616; 863 614; 863 613; 868 608; 869 608; 871 606; 871 605; 872 604; 872 603; 873 602; 873 601; 874 600; 874 591; 872 589; 860 589; 859 588; 859 584; 858 583; 858 582; 857 581
225; 714 590; 713 591; 703 591; 703 595; 702 596; 694 596; 693 595; 693 594; 692 595; 692 605; 693 606; 694 606; 697 609; 698 609; 705 616; 707 616; 708 617; 709 617; 711 619; 720 619; 720 613; 723 610; 735 610; 735 600; 734 599; 734 597; 733 596; 730 596; 729 595; 728 595; 725 592; 724 592; 723 591; 723 590
226; 41 586; 41 592; 40 593; 40 594; 39 595; 39 596; 38 597; 37 597; 36 598; 35 598; 34 599; 34 607; 35 608; 35 611; 36 612; 36 614; 37 615; 38 615; 39 616; 40 616; 41 617; 43 617; 46 620; 61 620; 62 621; 63 621; 65 623; 66 623; 67 624; 72 624; 73 625; 77 625; 77 617; 78 616; 78 613; 79 612; 79 610; 80 609; 79 608; 79 601; 78 600; 78 594; 77 593; 76 594; 70 594; 69 593; 67 593; 66 592; 65 592; 63 590; 62 590; 61 589; 60 589; 59 588; 58 588; 57 587; 50 587; 49 586
227; 795 580; 794 581; 794 585; 793 586; 793 590; 792 591; 792 592; 790 594; 790 595; 789 596; 789 597; 785 601; 779 601; 779 618; 781 618; 783 620; 786 620; 787 621; 791 621; 794 624; 794 625; 795 626; 812 626; 812 618; 813 617; 813 614; 814 613; 814 612; 815 611; 815 609; 816 608; 816 607; 817 606; 817 604; 818 603; 818 601; 820 599; 820 586; 819 585; 819 584; 806 584; 805 583; 805 582; 803 580
228; 753 594; 752 595; 752 596; 750 598; 750 599; 749 600; 749 603; 748 604; 748 607; 747 608; 747 609; 746 610; 746 611; 742 615; 740 615; 740 617; 737 620; 737 628; 739 630; 740 630; 742 632; 754 632; 755 633; 755 638; 763 638; 766 635; 766 633; 767 632; 767 630; 768 629; 768 627; 769 626; 769 625; 770 624; 770 623; 775 618; 778 618; 778 601; 775 601; 774 600; 773 600; 772 599; 771 599; 770 598; 769 598; 768 597; 767 597; 766 596; 765 596; 764 595; 763 595; 762 594
229; 151 584; 151 585; 150 586; 143 586; 143 587; 142 588; 142 589; 139 592; 138 592; 132 598; 131 598; 127 602; 126 602; 125 603; 124 603; 123 604; 122 604; 121 605; 114 605; 114 615; 115 616; 115 617; 119 621; 119 625; 120 626; 120 632; 124 636; 131 636; 132 635; 133 635; 134 634; 136 634; 137 633; 138 633; 142 629; 142 628; 148 622; 149 622; 152 619; 153 619; 157 615; 158 615; 159 614; 160 614; 160 605; 155 600; 155 599; 154 598; 154 597; 152 595; 152 593; 151 592
230; 1002 602; 1002 604; 1000 606; 999 606; 998 607; 996 607; 995 608; 995 617; 994 618; 994 628; 995 629; 1002 629; 1003 630; 1008 630; 1013 635; 1014 635; 1016 637; 1023 637; 1023 604; 1015 604; 1014 603; 1013 603; 1012 602
231; 221 602; 220 603; 218 603; 217 604; 217 605; 216 606; 216 607; 215 608; 215 609; 214 610; 213 610; 212 611; 210 611; 210 626; 209 627; 209 634; 208 635; 208 644; 212 644; 213 645; 216 645; 217 646; 222 646; 223 647; 224 647; 225 648; 233 648; 234 647; 234 641; 235 640; 241 640; 242 639; 242 628; 243 627; 243 609; 242 609; 241 608; 235 608; 229 602
232; 280 608; 279 609; 271 609; 272 610; 272 627; 273 628; 273 639; 274 638; 280 638; 281 639; 281 649; 286 649; 287 650; 288 650; 289 651; 291 651; 293 653; 294 653; 296 655; 307 655; 307 650; 308 649; 308 644; 309 643; 309 641; 310 640; 310 638; 311 637; 311 635; 312 634; 312 632; 313 631; 313 630; 314 629; 314 628; 315 627; 315 626; 316 625; 316 615; 315 615; 314 614; 309 614; 308 613; 306 613; 305 612; 303 612; 302 611; 301 611; 298 608
233; 915 612; 915 613; 913 615; 913 616; 908 621; 908 622; 904 626; 904 627; 903 628; 903 629; 901 631; 901 632; 899 634; 899 635; 896 638; 896 639; 895 640; 895 650; 897 652; 898 652; 899 653; 904 653; 905 654; 907 654; 910 657; 911 657; 913 659; 915 659; 916 658; 920 658; 921 657; 927 657; 927 646; 928 645; 934 645; 938 641; 938 637; 940 635; 940 633; 943 630; 943 629; 944 628; 943 627; 943 625; 942 624; 942 622; 940 622; 939 621; 938 621; 936 619; 936 612
234; 99 616; 97 618; 96 618; 95 619; 94 619; 86 627; 85 627; 84 628; 78 628; 77 627; 77 626; 73 626; 73 631; 70 634; 70 642; 71 642; 72 643; 73 643; 74 644; 76 644; 77 645; 78 645; 80 647; 80 648; 81 649; 81 655; 84 658; 93 658; 94 657; 95 657; 99 653; 100 653; 101 652; 102 652; 103 651; 104 651; 105 650; 106 650; 107 649; 109 649; 110 648; 111 648; 112 647; 113 647; 114 646; 120 646; 121 647; 121 641; 124 638; 124 637; 119 632; 119 626; 118 625; 118 621; 114 617; 114 616
235; 244 615; 244 627; 243 628; 243 639; 242 640; 242 655; 243 656; 252 656; 253 657; 254 657; 255 658; 256 658; 257 659; 269 659; 269 648; 270 647; 270 644; 271 643; 271 641; 272 640; 272 628; 271 627; 271 617; 259 617; 258 616; 257 616; 256 615
236; 504 614; 503 615; 500 615; 500 619; 499 620; 499 636; 498 637; 498 638; 497 639; 497 645; 498 646; 504 646; 505 647; 508 647; 511 650; 518 650; 519 651; 522 651; 523 652; 523 656; 524 656; 525 657; 526 657; 526 655; 527 654; 539 654; 539 636; 540 635; 540 627; 539 627; 538 626; 537 626; 536 625; 534 625; 533 624; 530 624; 529 623; 524 623; 523 622; 521 622; 520 621; 519 621; 518 620; 516 620; 515 619; 513 619; 512 618; 511 618; 510 617; 508 617; 507 616; 507 614
237; 670 615; 670 616; 669 617; 669 618; 668 619; 668 620; 667 621; 667 622; 666 623; 666 624; 661 629; 660 629; 653 636; 653 645; 654 645; 657 648; 657 649; 659 651; 659 652; 660 653; 660 654; 661 655; 662 655; 663 656; 664 656; 665 657; 674 657; 679 652; 685 652; 686 651; 686 639; 689 636; 689 635; 692 632; 692 624; 691 624; 690 623; 689 623; 688 622; 687 622; 686 621; 685 621; 684 620; 683 620; 678 615
238; 830 621; 829 622; 824 622; 823 623; 822 623; 821 624; 821 625; 819 627; 813 627; 813 634; 812 635; 812 636; 809 639; 809 648; 810 648; 815 653; 816 653; 817 654; 818 654; 819 655; 820 655; 821 656; 822 656; 825 659; 825 660; 826 661; 827 661; 828 662; 829 662; 831 664; 832 664; 834 666; 843 666; 844 665; 844 663; 845 662; 854 662; 856 660; 856 655; 858 653; 858 645; 857 644; 854 644; 853 643; 851 643; 850 642; 849 642; 848 641; 847 641; 846 640; 844 640; 837 633; 837 632; 833 628; 833 622; 832 622; 831 621
239; 470 613; 470 614; 469 615; 466 615; 465 616; 464 616; 463 617; 457 617; 457 628; 456 629; 456 631; 455 632; 455 633; 454 634; 448 634; 447 633; 447 630; 439 630; 438 631; 438 632; 435 635; 435 636; 431 640; 430 640; 430 648; 445 648; 447 650; 447 653; 448 654; 448 659; 455 659; 456 660; 457 660; 458 661; 466 661; 466 650; 467 649; 467 647; 468 646; 468 643; 469 642; 469 641; 470 640; 470 639; 471 638; 471 637; 472 636; 472 635; 473 634; 473 633; 474 632; 474 631; 477 628; 477 619; 476 618; 476 613
240; 944 629; 944 630; 941 633; 941 635; 939 637; 939 641; 935 645; 935 652; 934 653; 928 653; 928 670; 931 670; 932 671; 933 671; 934 672; 935 672; 941 678; 941 680; 942 681; 942 682; 951 682; 951 681; 952 680; 952 678; 953 677; 953 675; 954 674; 954 673; 956 671; 956 670; 958 668; 958 667; 960 665; 960 664; 961 663; 961 662; 962 661; 962 659; 963 658; 963 657; 965 655; 970 655; 970 645; 969 645; 966 642; 964 642; 963 641; 963 640; 962 639; 962 630; 959 630; 958 629; 955 629; 954 630; 946 630; 945 629
241; 618 622; 618 624; 617 625; 595 625; 594 626; 594 630; 593 631; 593 633; 592 634; 592 637; 591 638; 591 642; 590 643; 590 645; 589 646; 589 648; 588 649; 588 652; 587 653; 587 665; 588 665; 589 666; 598 666; 600 668; 611 668; 612 669; 613 669; 614 668; 615 668; 615 659; 617 657; 617 656; 618 655; 618 650; 619 649; 619 646; 620 645; 620 642; 621 641; 621 639; 622 638; 622 637; 623 636; 623 627; 622 626; 622 622
242; 7 650; 7 657; 5 659; 4 659; 3 660; 0 660; 0 679; 14 679; 15 680; 25 680; 25 678; 24 677; 24 654; 22 652; 21 652; 20 651; 16 651; 15 650
243; 972 664; 957 693; 950 700; 949 707; 960 711; 979 711; 980 707; 988 698; 998 695; 998 686; 1004 682; 1004 671
244; 1004 671; 1006 669; 1012 669; 1017 663; 1023 663; 1023 653; 1016 653; 995 636; 995 630; 993 628; 984 628; 984 631; 978 636; 977 644; 971 645; 972 664
245; 335 635; 334 636; 334 638; 333 639; 333 649; 331 651; 321 651; 319 653; 319 661; 321 661; 322 662; 323 662; 324 663; 325 663; 331 669; 332 669; 333 670; 334 670; 335 671; 336 671; 337 672; 338 672; 343 677; 344 677; 346 679; 356 679; 358 677; 358 670; 360 668; 360 667; 361 666; 361 665; 362 664; 362 663; 363 662; 363 654; 356 647; 348 647; 347 646; 347 639; 343 635
246; 687 646; 687 651; 686 652; 686 658; 692 664; 697 664; 698 665; 698 679; 699 680; 699 681; 700 682; 709 682; 712 679; 712 678; 716 674; 720 674; 721 673; 722 673; 726 669; 729 669; 727 669; 726 668; 726 661; 724 659; 723 659; 722 658; 721 658; 715 652; 715 651; 703 651; 700 648; 700 646
247; 154 667; 151 642; 142 642; 130 648; 121 648; 124 688; 137 690; 138 688; 151 688; 156 681
248; 156 681; 176 681; 177 661; 180 659; 181 649; 184 648; 172 649; 171 655; 161 668; 154 667
249; 181 649; 189 651; 194 665; 208 667; 204 646; 201 646; 193 635; 185 635; 184 648
250; 745 646; 745 648; 744 649; 744 652; 743 653; 743 654; 741 656; 741 657; 740 658; 740 659; 739 660; 739 662; 738 663; 738 664; 733 669; 730 669; 732 669; 733 670; 733 682; 734 683; 735 683; 736 684; 737 684; 738 685; 748 685; 750 687; 750 688; 751 689; 751 690; 762 690; 762 678; 763 677; 763 675; 764 674; 764 672; 766 670; 766 669; 767 668; 767 667; 769 665; 769 664; 770 663; 771 663; 772 662; 772 652; 771 651; 770 651; 769 650; 766 650; 765 649; 762 649; 761 648; 760 648; 759 647; 756 647; 755 646
251; 888 650; 887 651; 887 660; 886 661; 886 662; 885 663; 883 663; 882 664; 880 664; 880 665; 879 666; 879 667; 877 669; 877 680; 876 681; 877 682; 884 682; 886 684; 887 684; 888 685; 889 685; 893 689; 893 690; 894 691; 894 693; 895 694; 895 699; 902 699; 903 700; 917 700; 917 692; 914 692; 912 690; 911 690; 910 689; 910 683; 911 682; 920 682; 920 673; 919 673; 917 671; 916 671; 912 667; 912 661; 913 660; 911 658; 910 658; 907 655; 905 655; 904 654; 899 654; 898 653; 897 653; 894 650
252; 427 658; 424 661; 423 661; 421 663; 420 663; 419 664; 418 664; 418 671; 415 674; 415 675; 414 676; 414 681; 420 687; 435 687; 436 688; 436 692; 437 692; 438 693; 439 693; 441 695; 442 695; 443 696; 454 696; 455 697; 463 697; 463 691; 464 690; 467 690; 467 677; 464 677; 461 674; 460 674; 459 673; 458 673; 457 672; 456 672; 455 671; 454 671; 452 669; 451 669; 448 666; 448 660; 447 661; 441 661; 440 660; 439 660; 438 659; 437 659; 436 658
253; 518 689; 523 704; 524 702; 538 702; 540 712; 553 712; 556 699; 562 697; 561 683; 548 681; 535 675
254; 483 652; 475 665; 475 676; 468 677; 468 690; 471 691; 471 697; 489 696; 495 700; 496 705; 497 702; 506 702; 511 689
255; 511 689; 518 689; 535 675; 527 664; 526 658; 512 658; 511 651; 508 648; 494 646; 483 652
256; 640 660; 640 668; 642 668; 643 669; 643 675; 641 677; 641 678; 639 680; 639 690; 642 690; 643 691; 656 691; 657 692; 658 692; 664 698; 664 699; 665 700; 666 700; 667 701; 667 702; 673 702; 674 701; 680 701; 680 689; 679 688; 679 678; 680 677; 680 669; 679 668; 675 668; 674 667; 672 667; 671 666; 656 666; 655 665; 649 665; 648 664; 648 660
257; 808 666; 808 673; 807 674; 797 674; 796 675; 795 675; 794 676; 794 684; 798 688; 798 689; 799 690; 799 691; 800 692; 800 693; 805 693; 806 694; 806 705; 805 706; 805 708; 816 708; 817 707; 822 707; 822 699; 823 698; 835 698; 836 697; 836 689; 833 686; 832 686; 827 681; 827 680; 825 678; 825 677; 817 677; 816 676; 816 666
258; 276 667; 276 668; 274 670; 274 671; 270 675; 270 676; 268 678; 268 679; 267 680; 267 681; 266 682; 266 683; 261 688; 261 689; 258 692; 257 692; 256 693; 256 698; 257 699; 257 703; 264 703; 265 704; 266 704; 267 705; 267 706; 269 708; 269 710; 270 710; 271 711; 281 711; 283 709; 290 709; 295 714; 296 714; 296 696; 297 695; 297 685; 302 680; 302 675; 301 674; 301 673; 290 673; 287 670; 287 669; 285 667
259; 614 669; 613 670; 612 670; 612 675; 611 676; 601 676; 600 677; 599 677; 599 701; 598 702; 598 717; 599 716; 612 716; 614 718; 622 718; 625 715; 626 715; 627 714; 627 685; 626 684; 626 674; 623 671; 622 671; 621 670; 616 670; 615 669
260; 858 680; 858 681; 857 682; 857 688; 856 689; 856 690; 853 693; 853 694; 850 697; 850 698; 846 702; 846 703; 844 705; 844 706; 840 710; 840 720; 854 720; 855 721; 855 731; 854 732; 853 732; 858 732; 859 733; 863 733; 864 734; 873 725; 873 715; 877 711; 877 710; 880 707; 880 706; 882 704; 885 704; 886 703; 883 703; 882 702; 882 696; 881 695; 880 695; 879 694; 878 694; 876 692; 876 682; 875 681; 867 681; 866 680
261; 310 680; 309 681; 302 681; 298 685; 298 695; 297 696; 297 716; 298 717; 299 717; 301 719; 302 719; 307 724; 308 724; 309 725; 323 725; 330 718; 330 717; 331 716; 331 711; 336 706; 336 698; 338 696; 338 687; 335 684; 323 684; 322 683; 321 683; 319 681; 319 680
262; 26 678; 26 680; 27 680; 28 681; 28 688; 27 689; 27 691; 26 692; 26 693; 24 695; 24 696; 22 698; 22 699; 21 700; 21 702; 20 703; 20 715; 24 719; 26 719; 27 720; 30 720; 31 721; 32 721; 34 723; 34 724; 35 725; 44 725; 45 724; 46 724; 47 723; 48 723; 50 721; 50 720; 51 719; 51 704; 52 703; 52 702; 53 701; 53 700; 54 699; 54 698; 56 696; 56 695; 57 694; 57 693; 58 692; 58 684; 56 684; 55 683; 54 683; 53 682; 52 682; 51 681; 49 681; 48 680; 44 680; 43 679; 41 679; 40 678
263; 226 693; 226 695; 225 696; 225 699; 224 700; 224 701; 223 702; 223 704; 222 705; 222 706; 220 708; 220 709; 219 710; 219 711; 218 712; 218 715; 217 716; 217 718; 216 719; 216 720; 214 722; 214 733; 223 733; 224 732; 230 732; 231 733; 231 734; 232 735; 240 735; 242 733; 242 727; 243 726; 243 725; 246 722; 246 721; 248 719; 248 717; 249 716; 249 714; 252 711; 252 710; 254 708; 254 705; 256 703; 256 699; 255 698; 255 694; 236 694; 235 693
264; 407 681; 404 684; 404 690; 399 695; 398 695; 397 696; 396 696; 393 699; 392 699; 392 707; 393 708; 394 708; 397 711; 398 711; 401 714; 402 714; 403 715; 403 716; 409 722; 409 723; 413 727; 413 728; 415 730; 415 731; 416 732; 424 732; 425 731; 425 730; 426 729; 426 725; 429 722; 430 722; 431 721; 432 721; 434 719; 434 711; 432 709; 432 708; 431 707; 431 706; 430 705; 430 704; 428 702; 428 701; 427 700; 426 700; 424 698; 423 698; 419 694; 419 687; 413 681
265; 762 691; 762 706; 763 706; 767 710; 767 711; 768 712; 770 712; 771 713; 771 724; 770 725; 772 727; 774 727; 776 729; 777 729; 780 732; 781 731; 783 731; 785 729; 786 729; 788 727; 789 727; 791 725; 792 725; 794 723; 795 723; 799 719; 800 719; 801 718; 802 718; 802 709; 803 708; 804 708; 804 706; 799 706; 793 700; 793 699; 791 697; 791 696; 790 695; 790 694; 789 693; 774 693; 773 692; 763 692
266; 455 698; 455 713; 454 714; 445 714; 444 715; 444 724; 462 724; 462 717; 463 716; 469 716; 471 718; 472 718; 474 720; 474 732; 476 732; 477 733; 486 733; 488 731; 494 731; 494 727; 495 726; 495 724; 496 723; 496 706; 495 705; 495 706; 494 707; 488 707; 487 706; 486 706; 485 705; 482 705; 481 704; 478 704; 477 703; 477 698
267; 178 695; 177 696; 177 697; 176 698; 176 701; 175 702; 175 703; 172 706; 172 707; 171 708; 171 709; 170 710; 170 717; 169 718; 169 719; 168 720; 168 721; 167 722; 167 731; 168 732; 169 732; 170 733; 178 733; 179 732; 185 732; 186 733; 186 734; 195 734; 196 733; 198 733; 199 732; 199 719; 198 718; 198 717; 197 716; 197 715; 196 714; 195 714; 193 712; 193 711; 192 710; 192 700; 189 697; 189 696; 188 695
268; 674 702; 673 703; 667 703; 667 707; 665 709; 658 709; 656 711; 656 720; 659 723; 659 724; 664 729; 664 730; 666 732; 669 732; 670 733; 670 738; 676 744; 685 744; 686 743; 694 743; 694 740; 695 739; 696 739; 697 738; 698 738; 699 737; 699 729; 698 728; 698 727; 697 726; 696 726; 694 724; 693 724; 689 720; 689 719; 688 718; 688 717; 687 716; 687 715; 686 714; 686 713; 684 711; 684 710; 683 709; 683 708; 682 707; 682 706; 680 704; 680 702
269; 895 700; 893 702; 890 702; 889 703; 887 703; 886 704; 888 704; 889 705; 889 715; 887 717; 887 725; 886 726; 885 726; 886 727; 890 727; 891 728; 892 728; 894 730; 895 730; 902 737; 902 738; 905 741; 906 741; 909 744; 909 745; 917 745; 917 744; 918 743; 918 728; 919 727; 931 727; 932 726; 934 726; 934 718; 931 718; 930 717; 928 717; 927 716; 926 716; 923 713; 922 713; 921 712; 919 712; 918 711; 917 711; 916 710; 915 710; 914 709; 913 709; 912 708; 911 708; 910 707; 910 701; 903 701; 902 700
270; 337 706; 332 711; 332 716; 331 717; 331 718; 324 725; 324 740; 325 740; 329 744; 329 745; 337 753; 346 753; 346 752; 347 751; 347 749; 349 747; 349 746; 350 745; 350 744; 351 743; 351 742; 352 741; 352 739; 353 738; 353 736; 354 735; 354 734; 355 733; 355 732; 356 731; 363 731; 363 719; 359 715; 359 714; 358 713; 358 712; 357 711; 356 711; 355 710; 352 710; 351 709; 350 709; 349 708; 348 708; 346 706
271; 946 707; 945 708; 945 709; 944 710; 944 718; 945 719; 945 720; 946 721; 946 728; 945 729; 940 729; 940 737; 947 737; 948 738; 948 743; 949 743; 951 745; 959 745; 959 740; 960 739; 968 739; 969 740; 970 740; 971 741; 971 747; 970 748; 965 748; 965 756; 967 758; 975 758; 975 750; 974 749; 974 743; 975 742; 980 742; 981 741; 981 738; 982 737; 982 726; 981 726; 980 725; 977 725; 976 724; 974 724; 973 723; 970 723; 969 722; 966 722; 965 721; 964 721; 963 720; 962 720; 960 718; 960 712; 958 710; 955 710; 954 709; 950 709; 948 707
272; 522 704; 522 705; 521 706; 511 706; 511 710; 510 711; 510 713; 509 714; 509 715; 508 716; 508 717; 505 720; 505 721; 503 723; 497 723; 496 724; 496 726; 495 727; 495 748; 501 748; 502 747; 508 747; 509 748; 509 750; 510 751; 510 753; 511 754; 511 755; 519 755; 520 754; 520 753; 522 751; 522 750; 524 748; 524 747; 525 746; 525 738; 526 737; 527 737; 527 736; 528 735; 528 734; 529 733; 529 732; 530 731; 530 730; 534 726; 534 718; 533 718; 530 715; 529 715; 528 714; 525 714; 523 712; 523 705
273; 820 717; 820 718; 819 719; 819 720; 816 723; 812 723; 811 724; 811 730; 809 732; 809 733; 807 735; 806 735; 806 743; 807 744; 808 744; 809 745; 812 745; 813 746; 815 746; 816 747; 830 747; 831 748; 831 757; 832 758; 832 761; 832 760; 833 759; 841 759; 842 758; 842 756; 843 755; 843 750; 844 749; 856 749; 856 741; 855 740; 851 740; 850 739; 850 733; 851 732; 852 732; 843 732; 838 727; 838 723; 833 723; 830 720; 830 719; 828 717
274; 722 711; 719 714; 719 715; 718 716; 718 717; 717 718; 717 719; 716 720; 716 721; 715 722; 715 729; 714 730; 714 731; 712 733; 712 734; 708 738; 707 738; 707 746; 716 746; 718 748; 719 748; 722 751; 731 751; 732 750; 732 749; 733 748; 733 740; 731 740; 730 739; 730 732; 731 731; 735 731; 735 719; 732 719; 731 718; 731 711
275; 4 730; 3 731; 0 731; 0 770; 3 770; 4 771; 5 771; 7 773; 22 773; 23 772; 24 772; 25 771; 25 770; 26 769; 26 767; 28 765; 28 745; 30 743; 30 734; 23 734; 20 731; 14 731; 13 730
276; 80 726; 79 727; 78 727; 77 728; 76 728; 75 729; 75 739; 72 742; 71 742; 69 744; 69 752; 81 752; 82 753; 84 753; 85 754; 87 754; 88 755; 91 755; 92 756; 94 756; 95 757; 97 757; 98 758; 112 758; 112 748; 113 747; 116 747; 118 745; 118 737; 117 736; 117 735; 116 734; 116 731; 114 729; 113 729; 112 728; 110 728; 109 727; 92 727; 91 726
277; 598 718; 597 719; 586 719; 586 733; 585 734; 582 734; 581 735; 581 743; 582 744; 583 744; 584 745; 586 745; 587 746; 588 746; 589 747; 590 747; 592 749; 593 749; 595 751; 595 752; 596 752; 597 753; 597 754; 598 755; 598 756; 599 757; 599 758; 601 760; 602 760; 603 761; 603 765; 604 765; 605 766; 606 766; 606 764; 607 763; 617 763; 617 762; 618 761; 618 746; 619 745; 621 745; 621 737; 617 737; 616 736; 616 733; 615 732; 614 732; 613 731; 611 731; 610 730; 607 730; 606 729; 605 729; 603 727; 602 727; 601 726; 599 726; 598 725
278; 364 723; 364 731; 363 732; 364 733; 364 736; 379 736; 380 737; 380 743; 379 744; 370 744; 370 752; 371 752; 372 753; 377 753; 378 754; 380 754; 384 758; 384 759; 386 761; 387 761; 388 762; 390 762; 391 763; 404 763; 404 759; 403 759; 402 758; 402 752; 403 751; 403 746; 404 745; 404 736; 403 736; 402 735; 399 735; 398 734; 397 734; 396 733; 395 733; 394 732; 393 732; 392 731; 391 731; 390 730; 389 730; 388 729; 387 729; 386 728; 385 728; 384 727; 382 727; 381 726; 380 726; 379 725; 378 725; 376 723
279; 763 768; 764 781; 772 781; 772 775; 774 774; 775 767; 782 767; 784 769; 787 767; 789 757; 794 752; 791 743; 781 743; 779 741; 779 732; 770 726; 763 730
280; 763 730; 757 730; 751 721; 746 719; 736 719; 736 731; 738 732; 738 737; 742 738; 741 756; 744 758; 743 776; 746 777; 747 775; 752 775; 757 768; 763 768
281; 280 726; 279 727; 279 728; 277 730; 276 730; 275 731; 270 731; 269 732; 269 740; 275 740; 276 741; 276 751; 278 753; 279 753; 281 755; 282 755; 290 763; 291 763; 295 767; 303 767; 305 765; 315 765; 315 745; 311 741; 310 741; 307 738; 300 738; 299 737; 299 732; 296 732; 295 731; 293 731; 288 726
282; 548 730; 546 732; 546 734; 545 735; 545 738; 544 739; 544 746; 543 747; 542 747; 541 748; 539 748; 538 749; 538 757; 543 762; 544 762; 545 763; 546 763; 548 765; 549 765; 552 768; 553 768; 555 770; 556 770; 558 772; 558 773; 559 774; 559 780; 567 780; 567 777; 568 776; 568 774; 570 772; 570 771; 572 769; 572 768; 573 767; 573 766; 574 765; 575 765; 576 764; 576 755; 574 755; 573 754; 572 754; 569 751; 569 750; 566 747; 564 747; 563 746; 563 742; 562 741; 562 739; 561 738; 561 737; 560 736; 560 735; 559 734; 559 733; 558 732; 558 731; 557 730
283; 873 726; 865 734; 865 742; 864 743; 864 751; 866 753; 867 753; 872 758; 872 759; 876 763; 876 775; 881 775; 882 776; 891 776; 894 773; 894 771; 895 770; 895 768; 898 765; 899 765; 900 764; 908 764; 908 755; 907 755; 906 754; 905 754; 903 752; 902 752; 900 750; 900 749; 899 749; 888 738; 884 738; 883 737; 883 728; 884 727; 885 727; 884 726
284; 641 740; 639 742; 637 742; 636 743; 636 744; 635 745; 635 746; 634 747; 634 748; 631 751; 631 760; 632 761; 632 763; 633 764; 633 765; 635 767; 637 767; 638 768; 639 768; 640 769; 641 769; 645 773; 645 774; 646 775; 646 776; 648 778; 648 779; 650 781; 658 781; 659 780; 659 771; 660 770; 670 770; 670 764; 671 763; 671 762; 667 762; 666 761; 666 757; 655 757; 654 756; 654 744; 651 741; 651 740
285; 135 734; 135 735; 134 736; 134 737; 133 738; 133 739; 132 740; 132 741; 131 742; 131 745; 130 746; 130 749; 129 750; 129 752; 128 753; 128 754; 124 758; 124 767; 126 769; 126 770; 128 772; 134 772; 135 773; 136 773; 137 774; 137 775; 139 777; 147 777; 150 774; 155 774; 155 770; 156 769; 156 765; 155 764; 155 758; 156 757; 156 756; 157 755; 157 753; 158 752; 158 751; 159 750; 159 739; 156 736; 144 736; 143 735; 143 734
286; 442 742; 442 743; 441 744; 440 744; 439 745; 415 745; 415 752; 414 753; 414 754; 412 756; 412 757; 410 759; 405 759; 405 763; 407 763; 408 764; 408 771; 429 771; 430 772; 431 772; 432 773; 438 773; 439 774; 450 774; 450 769; 451 768; 451 765; 452 764; 452 762; 453 761; 458 761; 458 759; 459 758; 459 756; 458 755; 458 745; 456 743; 454 743; 453 742
287; 1016 748; 1012 752; 1011 752; 1009 754; 1008 754; 1006 756; 1006 757; 1005 758; 1005 760; 1003 762; 1001 762; 1001 771; 1003 773; 1004 773; 1010 779; 1010 780; 1011 781; 1011 791; 1012 792; 1012 793; 1014 795; 1014 796; 1016 798; 1023 798; 1023 748
288; 238 751; 237 752; 237 754; 236 755; 236 757; 235 758; 235 759; 234 760; 234 761; 233 762; 233 763; 232 764; 232 781; 233 782; 235 782; 236 783; 240 783; 241 784; 246 784; 247 785; 249 785; 250 786; 251 786; 252 787; 253 787; 254 788; 255 788; 256 789; 257 789; 258 790; 266 790; 267 789; 267 776; 268 775; 272 775; 272 767; 268 763; 267 763; 266 762; 255 762; 254 761; 254 757; 251 754; 250 754; 248 752; 247 752; 246 751
289; 484 749; 483 750; 482 750; 479 753; 478 753; 477 754; 476 754; 475 755; 473 755; 472 756; 460 756; 460 758; 459 759; 459 761; 460 762; 460 772; 458 774; 458 784; 459 785; 470 785; 473 782; 485 782; 486 781; 500 781; 501 780; 501 779; 500 778; 500 761; 501 760; 501 749
290; 172 746; 172 747; 171 748; 171 750; 170 751; 170 752; 169 753; 169 754; 168 755; 168 757; 164 761; 164 762; 163 763; 163 764; 162 765; 157 765; 157 769; 156 770; 156 774; 157 775; 157 780; 158 780; 160 782; 161 782; 163 784; 164 784; 165 785; 165 786; 166 787; 166 789; 167 790; 167 792; 168 793; 169 793; 170 794; 179 794; 179 788; 180 787; 180 786; 186 780; 186 778; 187 777; 187 774; 188 773; 188 772; 195 765; 195 756; 194 755; 193 755; 191 753; 191 752; 190 751; 190 747; 182 747; 181 746
291; 794 753; 790 757; 790 760; 788 762; 788 767; 787 768; 786 768; 785 769; 785 770; 786 771; 786 772; 787 773; 795 773; 796 774; 796 777; 799 780; 800 780; 802 782; 802 783; 807 788; 808 788; 810 790; 811 790; 814 793; 822 793; 822 792; 823 791; 827 791; 828 790; 829 790; 831 788; 831 786; 832 785; 832 784; 835 781; 835 773; 834 772; 834 769; 833 768; 833 767; 832 766; 832 762; 832 764; 831 765; 824 765; 823 764; 822 764; 821 763; 820 763; 817 760; 816 760; 811 755; 800 755; 799 754; 797 754; 796 753
292; 603 766; 603 767; 602 768; 586 768; 586 776; 587 777; 587 787; 588 788; 588 792; 590 794; 600 794; 600 789; 601 788; 602 788; 603 787; 611 787; 612 788; 612 801; 615 801; 616 802; 619 802; 620 803; 629 803; 629 793; 628 792; 628 789; 627 788; 626 788; 625 787; 625 781; 626 780; 626 772; 612 772; 611 771; 607 771; 606 770; 606 767; 605 767; 604 766
293; 671 764; 671 772; 673 774; 673 789; 674 790; 676 790; 677 791; 678 791; 679 792; 691 792; 692 793; 695 793; 696 794; 701 794; 702 795; 703 795; 705 797; 713 797; 713 792; 714 791; 714 790; 717 787; 723 787; 723 784; 724 783; 724 774; 713 774; 712 773; 711 773; 710 772; 709 772; 707 770; 706 770; 705 769; 697 769; 696 768; 694 768; 693 767; 692 767; 689 764
294; 71 768; 70 769; 65 769; 64 770; 64 789; 65 790; 65 793; 66 794; 66 798; 72 798; 72 797; 73 796; 76 796; 77 795; 79 795; 80 794; 87 794; 88 795; 104 795; 104 789; 105 788; 105 787; 106 786; 106 785; 108 783; 111 783; 111 775; 108 772; 108 771; 106 769; 104 769; 103 768
295; 347 761; 346 762; 345 762; 344 763; 343 763; 340 766; 338 766; 337 767; 329 767; 328 768; 326 768; 324 770; 323 770; 322 771; 319 771; 319 772; 318 773; 318 782; 319 783; 319 787; 320 788; 321 788; 325 792; 325 793; 326 794; 326 799; 334 799; 335 798; 336 798; 337 797; 338 797; 339 796; 340 796; 341 795; 343 795; 344 794; 349 794; 349 786; 348 786; 347 785; 347 779; 348 778; 349 778; 350 777; 352 777; 353 776; 357 776; 358 775; 358 766; 357 765; 357 764; 356 763; 356 762; 355 761
296; 860 775; 859 776; 859 777; 857 779; 857 780; 856 781; 856 785; 854 787; 851 787; 850 788; 848 788; 846 790; 846 799; 849 799; 850 800; 854 800; 855 801; 856 801; 857 802; 858 802; 859 803; 861 803; 862 804; 864 804; 865 805; 867 805; 868 806; 869 806; 870 807; 871 807; 872 808; 873 808; 874 809; 875 809; 876 810; 877 810; 879 812; 887 812; 887 810; 891 806; 892 806; 893 805; 895 805; 895 797; 896 796; 896 795; 897 794; 897 786; 890 786; 889 785; 886 785; 885 784; 883 784; 882 783; 882 777; 881 776; 869 776; 868 775
297; 281 775; 279 777; 277 777; 277 783; 276 784; 276 793; 275 794; 275 796; 274 797; 274 799; 273 800; 273 801; 272 802; 272 803; 271 804; 271 812; 273 812; 274 813; 280 813; 284 817; 285 817; 286 818; 295 818; 295 817; 296 816; 296 815; 297 814; 297 813; 298 812; 298 810; 299 809; 299 808; 300 807; 300 806; 301 805; 301 803; 302 802; 302 799; 303 798; 303 796; 304 795; 304 794; 305 793; 305 792; 306 791; 306 781; 305 780; 304 780; 303 779; 294 779; 290 775
298; 515 764; 515 772; 514 773; 513 773; 513 781; 512 782; 506 782; 505 781; 503 781; 502 780; 500 782; 486 782; 485 783; 473 783; 471 785; 471 798; 475 802; 475 806; 476 807; 476 810; 479 813; 479 818; 487 818; 490 815; 503 815; 503 809; 504 808; 505 808; 509 804; 510 804; 511 803; 512 803; 514 801; 514 798; 515 797; 515 783; 516 782; 521 782; 521 775; 522 774; 523 774; 524 773; 526 773; 526 765; 524 765; 523 764
299; 537 778; 537 792; 536 793; 527 793; 525 795; 525 803; 526 803; 527 804; 529 804; 532 807; 547 807; 548 808; 548 812; 552 812; 553 813; 554 813; 555 814; 556 814; 559 817; 573 817; 574 816; 582 816; 586 812; 588 812; 590 810; 590 805; 589 804; 587 804; 586 803; 572 803; 571 802; 571 792; 570 791; 565 791; 563 789; 562 789; 561 788; 561 781; 552 781; 551 780; 548 780; 547 779; 546 779; 545 778
300; 377 774; 377 786; 376 787; 376 788; 375 789; 375 796; 377 798; 377 805; 378 806; 378 812; 381 815; 390 815; 391 816; 391 818; 409 818; 409 809; 411 807; 412 807; 414 805; 414 803; 415 802; 416 802; 416 789; 415 789; 414 788; 413 788; 412 787; 407 787; 406 786; 406 783; 405 783; 404 782; 397 782; 396 781; 394 781; 393 780; 391 780; 390 779; 389 779; 385 775; 385 774
301; 743 777; 743 779; 742 780; 735 780; 734 781; 733 781; 731 783; 725 783; 724 784; 724 800; 725 801; 727 801; 729 803; 730 803; 735 808; 735 809; 738 812; 739 812; 741 814; 742 814; 746 818; 755 818; 755 816; 756 815; 756 814; 760 810; 761 810; 764 807; 766 807; 766 805; 767 804; 767 796; 766 795; 765 795; 764 794; 762 794; 761 793; 760 793; 759 792; 758 792; 756 790; 755 790; 748 783; 747 783; 746 782; 746 778; 745 778; 744 777
302; 920 786; 920 787; 919 788; 919 791; 916 794; 912 794; 911 795; 910 795; 910 804; 911 805; 911 808; 915 808; 916 809; 916 825; 917 826; 917 836; 919 836; 920 837; 926 837; 926 832; 928 830; 939 830; 940 829; 943 829; 944 828; 945 828; 945 824; 946 823; 949 823; 949 822; 948 821; 948 820; 945 820; 944 819; 944 818; 943 817; 943 816; 942 815; 942 813; 941 812; 941 797; 934 790; 932 790; 931 789; 930 789; 928 787; 928 786
303; 436 793; 435 794; 428 794; 428 798; 427 799; 427 800; 425 802; 424 802; 423 803; 422 803; 422 812; 423 812; 425 814; 426 814; 429 817; 430 817; 432 819; 433 819; 438 824; 438 825; 443 830; 443 831; 444 832; 444 833; 445 834; 453 834; 456 831; 458 831; 458 830; 459 829; 459 828; 460 827; 460 826; 461 825; 461 823; 463 821; 467 821; 467 813; 464 813; 463 812; 462 812; 455 805; 455 804; 454 803; 454 802; 453 801; 453 800; 449 796; 448 796; 445 793
304; 983 787; 982 788; 981 788; 980 789; 978 789; 976 791; 975 791; 974 792; 973 792; 972 793; 965 793; 964 794; 956 794; 955 795; 952 795; 951 796; 951 807; 952 808; 952 819; 951 820; 949 820; 949 821; 950 822; 950 823; 960 823; 962 821; 969 821; 970 820; 971 820; 972 819; 973 819; 974 818; 976 818; 977 817; 990 817; 991 816; 992 816; 993 815; 993 796; 992 795; 992 787
305; 18 786; 17 787; 17 788; 12 793; 11 793; 10 794; 9 794; 8 795; 6 795; 5 796; 0 796; 0 810; 3 810; 7 814; 7 815; 8 816; 8 822; 11 825; 12 825; 13 826; 13 831; 14 832; 14 834; 18 838; 26 838; 26 837; 27 836; 27 830; 28 829; 34 829; 37 826; 38 826; 39 825; 40 825; 41 824; 41 816; 40 815; 40 814; 39 813; 39 812; 38 811; 38 810; 36 808; 36 807; 35 806; 35 805; 34 804; 34 803; 33 802; 33 801; 32 800; 32 799; 31 798; 31 796; 30 795; 30 792; 29 791; 29 790; 28 789; 28 788; 26 786
306; 66 799; 66 801; 65 802; 62 802; 61 803; 60 803; 58 805; 58 814; 57 815; 57 816; 56 817; 56 827; 57 827; 59 829; 60 829; 62 831; 62 832; 63 833; 63 837; 63 836; 64 835; 77 835; 78 834; 96 834; 97 833; 97 821; 96 820; 96 807; 95 806; 95 805; 75 805; 74 804; 73 804; 72 803; 72 799
307; 237 797; 236 798; 236 799; 235 800; 235 801; 234 802; 228 802; 227 801; 219 801; 218 802; 217 802; 217 806; 216 807; 213 807; 213 808; 214 809; 214 810; 217 810; 218 811; 219 811; 220 812; 221 812; 225 816; 225 817; 226 818; 226 819; 227 820; 227 822; 228 823; 228 824; 229 825; 229 826; 230 827; 230 829; 232 831; 232 832; 234 834; 234 835; 239 840; 239 841; 240 841; 241 842; 241 843; 249 843; 249 839; 250 838; 250 837; 253 834; 255 834; 256 833; 259 833; 263 829; 264 829; 264 821; 256 813; 255 813; 252 810; 252 808; 250 806; 250 805; 248 803; 248 802; 246 800; 246 799; 245 798; 245 797
308; 366 796; 360 802; 359 802; 356 805; 356 809; 355 810; 352 810; 350 812; 349 812; 348 813; 346 813; 345 814; 342 814; 341 815; 341 822; 342 823; 342 830; 347 830; 348 831; 348 835; 352 835; 356 839; 356 840; 357 841; 365 841; 365 840; 366 839; 368 839; 368 834; 372 830; 378 830; 378 829; 380 827; 380 815; 377 812; 377 806; 376 805; 376 798; 374 796
309; 590 811; 588 813; 586 813; 582 817; 582 823; 580 825; 570 825; 570 835; 572 837; 598 837; 599 836; 613 836; 613 813; 612 813; 611 812; 607 812; 606 811
310; 185 800; 185 806; 184 807; 184 813; 183 814; 183 816; 182 817; 182 819; 181 820; 181 825; 180 826; 180 829; 179 830; 179 831; 178 832; 178 843; 184 843; 185 844; 186 844; 187 845; 206 845; 208 843; 208 835; 207 834; 207 824; 208 823; 208 821; 209 820; 209 818; 210 817; 210 811; 211 810; 213 810; 213 809; 212 808; 212 807; 201 807; 199 805; 199 804; 196 801; 195 801; 194 800
311; 497 816; 497 829; 498 829; 500 831; 500 845; 504 845; 505 844; 518 844; 520 846; 521 846; 522 847; 534 847; 535 848; 536 848; 537 849; 546 849; 546 840; 545 839; 545 838; 544 837; 543 837; 542 836; 542 830; 543 829; 543 820; 542 819; 541 819; 540 818; 516 818; 515 817; 512 817; 511 816
312; 832 804; 831 805; 831 808; 830 809; 830 811; 829 812; 829 813; 828 814; 828 822; 827 823; 827 824; 826 825; 826 829; 825 830; 825 832; 824 833; 824 841; 826 843; 832 843; 833 844; 834 844; 835 845; 836 845; 838 847; 838 851; 846 851; 846 850; 847 849; 849 849; 849 846; 850 845; 850 844; 851 843; 851 835; 843 835; 842 834; 842 825; 843 824; 843 823; 844 822; 844 821; 845 820; 845 810; 844 810; 842 808; 842 807; 841 806; 841 804
313; 391 819; 391 822; 390 823; 390 824; 387 827; 381 827; 379 829; 379 837; 375 841; 373 841; 373 858; 379 864; 393 864; 393 863; 399 857; 399 856; 401 854; 401 853; 404 850; 405 850; 407 848; 408 848; 410 846; 411 846; 414 843; 414 842; 415 841; 415 832; 414 831; 414 830; 409 825; 409 819
314; 327 815; 327 820; 325 822; 309 822; 308 823; 307 823; 305 825; 303 825; 303 838; 302 839; 302 840; 303 841; 303 842; 308 842; 313 847; 313 848; 314 849; 314 850; 315 851; 315 852; 316 853; 316 854; 318 856; 318 857; 319 858; 319 861; 321 863; 329 863; 329 852; 330 851; 342 851; 344 849; 344 838; 341 838; 340 837; 340 831; 341 830; 341 823; 340 822; 340 815
315; 668 818; 668 826; 670 828; 670 829; 672 831; 672 840; 678 840; 681 843; 681 844; 682 845; 682 848; 683 848; 684 849; 684 857; 692 857; 694 855; 694 854; 695 853; 695 848; 698 845; 699 845; 701 843; 703 843; 706 840; 706 830; 703 827; 703 826; 689 826; 685 822; 685 821; 684 821; 683 820; 679 820; 678 819; 677 819; 676 818
316; 771 812; 771 815; 770 816; 770 820; 769 821; 769 822; 768 823; 768 829; 767 830; 767 833; 766 834; 766 835; 764 837; 760 837; 760 849; 762 849; 763 850; 763 852; 767 852; 769 854; 769 861; 780 861; 781 860; 790 860; 793 857; 793 852; 794 851; 794 850; 795 849; 795 848; 796 847; 796 837; 797 836; 797 835; 799 833; 799 820; 798 819; 789 819; 787 821; 781 821; 780 820; 780 812
317; 718 832; 718 841; 717 842; 717 844; 716 845; 716 857; 717 858; 718 858; 719 859; 721 859; 722 860; 731 860; 731 856; 733 854; 739 854; 740 855; 740 869; 745 869; 746 870; 755 870; 755 860; 754 859; 754 851; 756 849; 759 849; 759 837; 758 837; 757 836; 751 836; 750 835; 748 835; 747 834; 737 834; 736 833; 729 833; 728 832
318; 284 834; 280 838; 279 838; 278 839; 277 839; 273 843; 272 843; 270 845; 270 854; 273 857; 284 857; 285 858; 285 864; 284 865; 280 865; 280 873; 281 874; 281 875; 285 879; 298 879; 298 873; 300 871; 305 871; 306 870; 308 870; 309 869; 309 860; 304 855; 304 854; 303 853; 303 852; 302 851; 302 850; 301 849; 301 843; 302 842; 302 841; 301 840; 301 839; 296 839; 294 837; 294 836; 293 835; 293 834
319; 111 820; 111 822; 110 823; 110 827; 109 828; 109 829; 106 832; 106 840; 107 840; 109 842; 109 848; 108 849; 108 850; 107 851; 107 852; 105 854; 105 862; 111 862; 112 863; 112 867; 113 868; 113 869; 114 870; 127 870; 128 871; 139 871; 139 857; 140 856; 140 842; 138 842; 137 841; 137 830; 131 830; 130 829; 128 829; 127 828; 125 828; 120 823; 120 822; 119 821; 119 820
320; 463 837; 463 839; 461 841; 461 842; 460 843; 460 845; 459 846; 459 849; 458 850; 458 858; 460 858; 461 859; 462 859; 466 863; 467 863; 470 866; 476 866; 477 867; 477 871; 479 873; 480 873; 482 875; 490 875; 491 874; 491 873; 492 872; 492 871; 493 870; 494 870; 495 869; 496 869; 498 867; 499 867; 502 864; 502 863; 505 860; 505 852; 504 851; 504 846; 500 846; 499 847; 493 847; 492 846; 488 846; 487 845; 486 845; 484 843; 483 843; 481 841; 480 841; 479 840; 477 840; 476 839; 475 839; 473 837
321; 974 839; 973 840; 957 840; 956 841; 956 849; 957 850; 957 852; 958 853; 958 861; 957 862; 957 872; 965 872; 967 874; 967 879; 970 879; 971 880; 988 880; 988 868; 987 867; 987 865; 986 864; 986 863; 985 862; 985 839
322; 920 838; 920 843; 919 844; 918 844; 917 845; 916 845; 915 846; 911 846; 910 847; 908 847; 908 857; 909 858; 909 871; 910 872; 938 872; 939 871; 946 871; 948 869; 948 843; 947 842; 939 842; 938 841; 937 841; 936 840; 927 840; 926 839; 926 838
323; 651 839; 650 840; 650 841; 648 843; 648 844; 645 847; 645 848; 644 849; 644 851; 643 852; 643 853; 642 854; 642 855; 641 856; 641 857; 639 859; 639 860; 637 862; 637 863; 635 865; 634 865; 634 873; 638 873; 639 874; 641 874; 642 875; 642 878; 643 879; 644 879; 645 880; 646 880; 648 882; 648 883; 656 883; 656 882; 657 881; 657 880; 658 879; 658 878; 659 877; 659 876; 660 875; 660 874; 662 872; 670 872; 671 871; 672 871; 672 865; 673 864; 674 864; 676 862; 676 852; 675 852; 674 851; 673 851; 671 849; 671 848; 670 847; 670 844; 664 844; 659 839
324; 45 838; 45 853; 44 854; 44 855; 43 856; 43 857; 42 858; 42 866; 43 866; 44 867; 56 867; 57 868; 58 868; 60 870; 60 872; 61 873; 61 877; 62 877; 63 878; 63 880; 72 880; 73 879; 82 879; 82 873; 83 872; 83 871; 84 870; 84 860; 88 856; 89 856; 89 848; 86 845; 85 845; 84 844; 67 844; 66 843; 64 843; 63 842; 63 838; 63 839; 62 840; 56 840; 55 839; 54 839; 53 838
325; 159 881; 160 886; 170 892; 183 896; 190 903; 198 903; 200 897; 210 896; 210 880; 197 874; 190 867; 176 861
326; 176 861; 176 844; 170 844; 166 841; 162 841; 157 835; 149 835; 144 842; 141 842; 140 871; 144 872; 144 876; 149 881; 159 881
327; 838 852; 838 853; 837 854; 828 854; 828 855; 826 857; 826 870; 827 871; 828 870; 844 870; 844 868; 845 867; 845 866; 846 865; 846 852
328; 241 844; 241 848; 240 849; 236 849; 235 850; 231 850; 230 851; 229 851; 228 852; 227 852; 226 853; 219 853; 219 870; 218 871; 218 879; 219 880; 219 881; 231 881; 232 880; 235 880; 236 879; 238 879; 239 878; 247 878; 248 877; 251 877; 252 876; 260 876; 260 864; 261 863; 261 855; 260 854; 260 851; 259 850; 259 848; 257 846; 250 846; 249 845; 249 844
329; 590 850; 589 851; 583 851; 581 853; 580 853; 579 854; 574 854; 574 863; 575 864; 575 865; 576 866; 576 874; 575 875; 576 876; 582 876; 584 878; 584 879; 586 881; 586 882; 587 883; 587 885; 589 887; 589 888; 591 890; 591 891; 593 893; 602 893; 602 892; 604 890; 604 889; 605 888; 606 888; 607 887; 613 887; 615 885; 616 885; 616 877; 612 873; 612 872; 609 869; 609 868; 608 867; 602 867; 601 866; 601 855; 600 854; 600 853; 599 852; 599 850
330; 877 854; 876 855; 875 855; 875 856; 873 858; 873 859; 872 860; 871 860; 866 865; 866 866; 863 869; 857 869; 856 868; 856 866; 855 865; 847 865; 846 866; 846 867; 845 868; 845 870; 844 871; 844 878; 853 878; 853 877; 855 875; 861 875; 862 876; 862 884; 878 884; 879 883; 882 883; 883 882; 886 882; 890 878; 891 878; 892 877; 896 877; 896 866; 897 865; 899 865; 899 856; 898 855; 896 855; 895 854
331; 1013 856; 1013 864; 1012 865; 1006 865; 1005 864; 1005 862; 1004 861; 1004 860; 1003 859; 995 859; 995 867; 996 868; 996 870; 997 871; 997 875; 998 876; 998 896; 999 897; 999 898; 1001 900; 1009 900; 1010 901; 1010 902; 1010 898; 1011 897; 1023 897; 1023 879; 1016 879; 1015 878; 1015 877; 1014 876; 1014 869; 1015 868; 1023 868; 1023 856
332; 540 864; 540 867; 539 868; 524 868; 524 874; 522 876; 521 876; 520 877; 519 877; 519 885; 521 885; 522 886; 534 886; 535 887; 536 887; 537 888; 538 888; 539 889; 540 889; 541 890; 542 890; 544 892; 545 892; 552 899; 552 904; 555 904; 556 905; 559 905; 560 904; 564 904; 564 902; 565 901; 565 900; 567 898; 568 898; 571 895; 571 893; 572 892; 572 889; 574 887; 574 886; 575 885; 575 876; 574 875; 568 875; 567 874; 565 874; 564 873; 560 873; 559 872; 558 872; 554 868; 553 868; 551 866; 549 866; 548 865; 548 864
333; 8 865; 3 870; 0 870; 0 902; 4 902; 11 895; 12 895; 13 894; 20 894; 21 895; 29 895; 29 887; 28 886; 27 886; 26 885; 26 873; 24 873; 23 872; 22 872; 19 869; 19 868; 18 867; 18 866; 17 866; 16 865
334; 826 871; 825 872; 819 872; 819 874; 818 875; 818 877; 817 878; 817 880; 816 881; 816 882; 815 883; 812 883; 812 885; 811 886; 811 888; 813 888; 814 889; 814 893; 816 895; 817 895; 818 896; 829 896; 830 897; 842 897; 842 892; 843 891; 844 891; 844 879; 843 880; 829 880; 827 878; 827 872
335; 447 872; 447 876; 446 877; 440 877; 437 874; 429 874; 427 876; 427 877; 426 878; 426 889; 432 889; 436 893; 437 893; 439 895; 440 895; 446 901; 447 901; 448 902; 449 902; 451 904; 452 904; 453 905; 463 905; 463 895; 467 891; 467 890; 469 888; 469 880; 468 880; 467 879; 466 879; 465 878; 464 878; 462 876; 461 876; 460 875; 459 875; 458 874; 457 874; 455 872
336; 766 874; 766 892; 764 894; 763 894; 762 895; 761 895; 761 903; 804 903; 804 894; 805 893; 805 891; 806 890; 806 889; 807 888; 810 888; 810 886; 811 885; 811 883; 809 883; 808 882; 808 875; 807 874; 794 874; 793 875; 787 875; 786 874
337; 104 880; 104 881; 103 882; 103 886; 102 887; 102 896; 101 897; 101 898; 100 899; 100 900; 99 901; 99 902; 98 903; 98 905; 97 906; 97 918; 105 918; 106 917; 107 917; 108 916; 114 916; 115 917; 115 919; 116 920; 116 922; 125 922; 125 920; 126 919; 126 905; 127 904; 134 904; 134 903; 135 902; 135 891; 127 891; 127 892; 126 893; 126 910; 125 911; 113 911; 112 910; 112 904; 115 901; 115 900; 116 899; 116 897; 117 896; 117 895; 118 894; 118 893; 119 892; 119 883; 118 882; 117 882; 116 881; 114 881; 113 880
338; 370 858; 368 860; 367 860; 365 862; 365 863; 363 865; 363 866; 362 867; 362 869; 360 871; 360 872; 357 875; 356 875; 354 877; 353 877; 344 886; 344 894; 347 897; 347 904; 353 904; 358 909; 367 909; 367 908; 368 907; 368 906; 370 904; 375 904; 376 903; 375 902; 375 895; 378 892; 379 892; 380 891; 381 891; 382 890; 382 889; 384 887; 384 886; 386 884; 386 883; 387 882; 387 874; 380 874; 379 873; 379 865; 372 858
339; 695 869; 695 878; 694 879; 690 879; 689 880; 683 880; 682 879; 682 872; 671 872; 670 873; 669 873; 669 884; 670 884; 673 887; 673 891; 674 891; 675 892; 675 893; 679 897; 679 899; 680 900; 680 901; 681 902; 681 903; 682 904; 695 904; 695 898; 697 896; 698 896; 701 893; 702 893; 704 891; 705 891; 706 890; 706 887; 707 886; 711 886; 716 881; 716 872; 715 871; 714 871; 713 870; 709 870; 708 869
340; 400 885; 399 886; 398 886; 395 889; 395 890; 394 891; 394 892; 393 893; 393 894; 392 895; 392 896; 387 901; 386 901; 385 902; 384 902; 383 903; 377 903; 376 904; 377 905; 377 916; 379 918; 381 918; 382 919; 384 919; 385 920; 386 920; 390 924; 390 925; 392 927; 396 927; 397 928; 397 929; 403 929; 403 925; 404 924; 404 923; 405 922; 405 921; 414 912; 414 911; 417 908; 418 908; 424 902; 424 891; 416 891; 414 889; 414 888; 411 885
341; 73 880; 72 881; 63 881; 63 885; 62 886; 62 888; 61 889; 61 891; 60 892; 60 894; 59 895; 59 896; 58 897; 58 898; 57 899; 57 900; 56 901; 56 903; 55 904; 55 907; 53 909; 53 917; 54 917; 56 919; 65 919; 66 920; 67 920; 72 925; 73 925; 74 926; 82 926; 83 925; 83 921; 84 920; 84 918; 86 916; 86 915; 87 914; 87 908; 88 907; 88 904; 89 903; 89 901; 90 900; 90 897; 91 896; 91 895; 92 894; 92 885; 91 884; 86 884; 85 883; 83 883; 82 882; 82 880
342; 232 894; 231 895; 222 895; 221 896; 211 896; 210 897; 211 898; 211 915; 212 916; 212 928; 224 928; 225 929; 237 929; 237 926; 238 925; 252 925; 253 924; 253 907; 254 906; 254 905; 255 904; 255 894
343; 905 883; 904 884; 904 885; 903 886; 903 887; 902 888; 902 889; 901 890; 901 891; 899 893; 893 893; 893 909; 892 910; 892 911; 891 912; 891 920; 894 920; 895 921; 897 921; 902 926; 903 926; 904 927; 905 927; 907 929; 907 932; 907 931; 908 930; 909 930; 909 920; 910 919; 910 915; 911 914; 911 913; 913 911; 913 909; 912 908; 912 897; 913 896; 913 895; 914 894; 914 884; 913 883
344; 496 885; 495 886; 495 887; 494 888; 494 889; 490 893; 488 893; 484 897; 484 898; 483 899; 482 899; 482 908; 485 911; 486 911; 490 915; 490 916; 492 918; 492 919; 494 921; 494 922; 495 923; 496 923; 497 924; 498 924; 500 926; 501 926; 503 928; 503 929; 504 930; 504 933; 505 934; 513 934; 513 932; 514 931; 514 930; 515 929; 515 928; 519 924; 519 923; 520 922; 520 921; 521 920; 521 919; 523 917; 524 917; 524 909; 517 902; 517 901; 511 901; 510 900; 510 890; 509 889; 509 888; 508 887; 507 887; 506 886; 505 886; 504 885
345; 945 892; 944 893; 944 895; 943 896; 943 897; 942 898; 942 899; 941 900; 941 905; 940 906; 926 906; 922 910; 922 911; 921 912; 915 912; 914 911; 912 913; 912 914; 911 915; 911 919; 910 920; 910 930; 919 930; 920 931; 920 934; 930 934; 930 933; 931 932; 931 931; 934 928; 940 928; 947 935; 949 935; 951 937; 963 937; 963 928; 964 927; 964 921; 965 920; 965 918; 966 917; 966 916; 967 915; 967 914; 968 913; 968 912; 969 911; 969 909; 970 908; 970 907; 971 906; 971 898; 970 898; 969 897; 967 897; 966 896; 964 896; 963 895; 957 895; 954 892
346; 850 896; 850 898; 849 899; 843 899; 842 898; 834 898; 834 904; 831 907; 830 907; 829 908; 827 908; 827 918; 828 919; 828 925; 824 929; 824 937; 823 938; 823 939; 828 939; 829 940; 837 940; 838 939; 839 939; 840 938; 847 938; 851 934; 859 934; 860 933; 866 933; 871 928; 871 903; 870 902; 869 902; 863 896
347; 552 905; 551 906; 538 906; 538 907; 534 911; 534 912; 533 913; 533 914; 532 915; 532 922; 531 923; 530 923; 530 925; 529 926; 529 927; 528 928; 528 929; 526 931; 526 932; 523 935; 523 943; 524 944; 525 944; 526 945; 527 945; 528 946; 531 946; 532 947; 533 947; 534 948; 534 950; 535 951; 535 953; 537 955; 539 955; 540 956; 548 956; 549 955; 549 954; 550 953; 550 948; 551 947; 551 946; 554 943; 554 942; 555 941; 556 941; 556 939; 557 938; 557 936; 558 935; 558 934; 563 929; 566 929; 566 926; 567 925; 567 922; 566 922; 565 921; 565 919; 564 918; 563 918; 562 917; 561 917; 559 915; 559 906; 556 906; 555 905
348; 273 913; 271 915; 271 926; 270 927; 270 944; 271 944; 272 945; 287 945; 288 944; 290 944; 291 943; 300 943; 301 944; 302 944; 305 947; 305 953; 304 954; 314 954; 314 935; 313 934; 313 919; 312 918; 307 918; 306 917; 303 917; 302 916; 295 916; 294 915; 289 915; 288 914; 284 914; 283 913
349; 577 912; 577 913; 576 914; 576 915; 575 916; 575 918; 573 920; 573 921; 572 922; 568 922; 568 925; 567 926; 567 929; 569 929; 570 930; 570 936; 569 937; 569 939; 568 940; 568 941; 563 946; 562 946; 562 954; 565 954; 566 955; 568 955; 569 956; 574 956; 577 959; 585 959; 587 957; 588 957; 589 956; 595 956; 596 955; 596 946; 597 945; 597 944; 598 943; 598 938; 599 937; 602 937; 605 934; 606 934; 608 932; 608 922; 606 920; 603 920; 602 919; 601 919; 600 918; 599 918; 597 916; 591 916; 590 915; 589 915; 587 913; 586 913; 585 912
350; 722 948; 722 957; 735 972; 739 983; 747 983; 750 977; 761 976; 763 957; 756 954; 755 936; 747 936; 740 944; 729 943
351; 729 943; 729 937; 736 934; 736 926; 732 920; 725 920; 720 917; 721 910; 729 910; 728 896; 713 897; 710 899; 709 905; 695 905; 695 914; 709 939; 709 947; 722 948
352; 1010 903; 1010 920; 1009 921; 999 921; 997 919; 997 918; 996 917; 996 912; 980 912; 980 917; 979 918; 979 919; 977 921; 977 922; 974 925; 974 927; 973 928; 973 930; 972 931; 972 932; 971 933; 971 934; 970 935; 964 935; 964 937; 965 938; 965 946; 970 951; 971 951; 978 958; 991 958; 992 957; 992 956; 994 954; 994 953; 995 952; 995 951; 996 950; 996 949; 997 948; 997 947; 999 945; 999 944; 1000 943; 1001 943; 1004 940; 1005 940; 1007 938; 1008 938; 1008 937; 1010 935; 1010 934; 1014 930; 1023 930; 1023 905; 1011 905; 1010 904
353; 647 921; 646 922; 646 924; 645 925; 645 935; 642 938; 642 946; 643 947; 643 948; 645 950; 645 951; 654 951; 655 950; 673 950; 674 951; 674 965; 679 965; 682 962; 682 952; 683 951; 683 949; 684 948; 684 940; 685 939; 685 938; 686 937; 687 937; 689 935; 689 927; 687 925; 677 925; 676 924; 674 924; 673 923; 669 923; 668 922; 664 922; 663 921
354; 774 912; 774 913; 772 915; 772 916; 768 920; 767 920; 765 922; 764 922; 762 924; 761 924; 761 933; 763 933; 774 944; 774 945; 776 947; 776 948; 781 953; 781 954; 784 957; 795 957; 796 956; 802 956; 803 957; 804 957; 806 959; 806 952; 807 951; 807 946; 808 945; 808 936; 806 934; 805 934; 804 933; 803 933; 801 931; 800 931; 799 930; 798 930; 797 929; 796 929; 791 924; 791 923; 786 918; 786 917; 782 913; 782 912
355; 212 929; 212 932; 211 933; 210 933; 209 934; 208 934; 207 935; 198 935; 197 936; 197 937; 195 939; 195 957; 196 958; 196 963; 211 963; 212 964; 219 964; 220 965; 235 965; 237 963; 237 958; 238 957; 238 956; 239 955; 239 946; 238 946; 237 945; 237 930; 225 930; 224 929
356; 397 930; 397 934; 396 935; 395 935; 394 936; 387 936; 386 937; 383 937; 382 938; 381 938; 377 942; 377 951; 378 952; 378 953; 379 954; 379 958; 380 959; 380 961; 381 962; 381 965; 382 966; 382 967; 384 969; 394 969; 395 968; 396 968; 397 967; 403 967; 404 966; 406 966; 408 964; 409 964; 411 962; 413 962; 414 961; 418 961; 419 960; 421 960; 422 959; 426 959; 426 949; 424 947; 422 947; 421 946; 420 946; 418 944; 418 943; 417 942; 417 938; 416 937; 416 935; 415 934; 415 932; 404 932; 403 931; 403 930
357; 907 933; 907 935; 906 936; 896 936; 895 937; 895 949; 894 950; 894 951; 893 952; 893 953; 892 954; 892 962; 894 964; 894 965; 895 965; 896 966; 896 972; 898 972; 899 973; 900 973; 901 974; 907 974; 907 973; 908 972; 908 971; 910 969; 918 969; 921 972; 922 972; 923 973; 936 973; 936 964; 937 963; 937 954; 936 954; 935 953; 935 941; 933 941; 932 940; 931 940; 930 939; 930 935; 920 935; 920 938; 919 939; 910 939; 909 938; 908 938; 907 937
358; 452 928; 451 929; 451 943; 450 944; 447 944; 446 945; 445 945; 444 946; 444 955; 447 958; 448 958; 449 959; 450 959; 453 962; 454 962; 456 964; 457 964; 458 965; 459 965; 465 971; 465 972; 467 974; 467 976; 477 976; 477 972; 478 971; 478 969; 479 968; 479 967; 480 966; 481 966; 482 965; 483 965; 483 963; 484 962; 484 961; 487 958; 487 950; 485 948; 484 948; 482 946; 481 946; 478 943; 477 943; 476 942; 475 942; 473 940; 472 940; 471 939; 470 939; 469 938; 468 938; 467 937; 466 937; 462 933; 462 932; 461 931; 461 930; 460 929; 460 928
359; 872 928; 866 934; 860 934; 859 935; 851 935; 847 939; 847 947; 848 948; 848 949; 849 950; 849 951; 850 952; 850 953; 851 954; 851 961; 850 962; 849 962; 849 974; 854 974; 856 976; 856 978; 857 979; 867 979; 867 977; 870 974; 878 974; 879 973; 881 973; 882 972; 885 972; 885 965; 884 964; 884 961; 883 960; 883 958; 882 957; 882 955; 881 954; 881 952; 880 951; 880 950; 879 949; 879 947; 878 946; 878 945; 877 944; 877 928
360; 829 1001; 819 1019; 819 1023; 839 1023; 839 1020; 844 1013; 856 1013; 856 1004; 843 1004; 841 1002
361; 841 1002; 842 977; 848 974; 848 962; 844 962; 834 948; 834 941; 822 940; 817 946; 809 945; 807 952; 807 960; 812 966; 813 978; 819 978; 826 986; 829 994; 829 1001
362; 282 954; 281 955; 260 955; 260 971; 258 973; 257 973; 256 974; 256 983; 257 983; 258 984; 259 984; 260 985; 268 985; 269 986; 269 989; 271 989; 272 988; 274 988; 274 985; 275 984; 301 984; 301 983; 302 982; 302 980; 304 978; 304 969; 303 968; 303 966; 302 965; 302 955; 303 954
363; 326 952; 324 954; 322 954; 321 955; 318 955; 318 971; 316 973; 316 981; 317 981; 318 982; 321 982; 322 983; 328 983; 329 984; 332 984; 333 985; 335 985; 337 987; 339 987; 340 988; 344 988; 345 989; 357 989; 359 987; 359 986; 360 985; 360 962; 359 961; 349 961; 348 960; 345 960; 344 959; 343 959; 342 958; 341 958; 338 955; 337 955; 334 952
364; 156 994; 156 1000; 146 1001; 140 1008; 133 1012; 132 1023; 170 1023; 170 1019; 156 1003; 156 996
365; 156 996; 166 995; 175 986; 182 986; 182 975; 161 947; 151 947; 150 952; 140 961; 140 970; 147 976; 151 988; 156 994
366; 626 954; 624 956; 624 957; 622 959; 621 959; 621 967; 622 968; 622 982; 623 983; 625 983; 626 984; 628 984; 630 986; 641 986; 642 987; 642 998; 643 999; 644 998; 662 998; 663 997; 663 996; 661 996; 660 995; 660 986; 662 984; 663 984; 664 983; 664 982; 665 981; 665 966; 663 966; 662 965; 660 965; 659 964; 657 964; 656 963; 654 963; 653 962; 650 962; 649 961; 647 961; 646 960; 645 960; 644 959; 643 959; 642 958; 642 957; 638 957; 637 956; 636 956; 634 954
367; 955 947; 954 948; 954 949; 952 951; 950 951; 949 952; 947 952; 946 953; 944 953; 943 954; 938 954; 938 963; 937 964; 937 973; 938 973; 939 974; 939 983; 941 985; 942 985; 944 987; 951 987; 952 988; 959 988; 962 991; 963 991; 965 993; 975 993; 975 986; 976 985; 983 985; 983 977; 985 975; 985 967; 981 967; 980 966; 979 966; 978 965; 978 959; 971 952; 970 952; 965 947
368; 675 995; 664 996; 663 1006; 658 1009; 656 1023; 673 1023; 674 1017; 682 1018; 684 1023; 700 1023; 700 1013; 679 1001; 678 994
369; 678 994; 694 993; 703 999; 715 999; 718 997; 718 970; 716 968; 682 963; 680 965; 680 973; 675 979; 675 995
370; 785 967; 785 968; 784 969; 784 970; 779 975; 779 987; 778 988; 778 990; 777 991; 777 993; 776 994; 776 995; 775 996; 775 1004; 779 1008; 780 1008; 781 1009; 782 1009; 783 1010; 784 1010; 786 1012; 786 1013; 787 1014; 788 1014; 789 1015; 797 1015; 797 1014; 798 1013; 798 1011; 799 1010; 799 1008; 800 1007; 800 1005; 801 1004; 801 1003; 803 1001; 803 1000; 806 997; 806 996; 808 994; 808 993; 809 992; 809 991; 810 990; 810 989; 811 988; 811 987; 812 986; 812 976; 811 975; 811 973; 805 973; 803 971; 802 971; 801 970; 796 970; 793 967
371; 990 1007; 981 1007; 980 1008; 980 1009; 977 1012; 973 1012; 973 1014; 972 1015; 972 1017; 974 1017; 975 1018; 975 1023; 998 1023; 998 1019; 999 1018
372; 999 1018; 1023 1018; 1023 969; 1016 969; 1013 972; 1007 972; 1006 971; 996 971; 995 972; 994 972; 993 973; 993 974; 992 975; 986 975; 984 977; 984 994; 985 994; 986 995; 987 995; 988 996; 988 997; 991 1000; 991 1006; 990 1007
373; 530 964; 530 965; 529 966; 529 980; 528 981; 518 981; 517 982; 517 991; 518 991; 525 998; 526 998; 528 1000; 529 1000; 532 1003; 533 1003; 535 1005; 535 1006; 537 1008; 537 1009; 539 1011; 539 1017; 538 1018; 535 1018; 534 1019; 522 1019; 521 1018; 519 1018; 518 1017; 517 1017; 516 1016; 515 1016; 514 1015; 512 1015; 511 1014; 510 1014; 509 1013; 508 1013; 507 1012; 506 1012; 505 1011; 496 1011; 496 1023; 543 1023; 543 1015; 544 1014; 548 1014; 549 1013; 551 1013; 552 1012; 552 1011; 553 1010; 553 1004; 555 1002; 556 1002; 558 1000; 558 992; 552 986; 552 985; 551 984; 551 983; 548 980; 548 979; 544 975; 544 974; 540 970; 540 969; 539 968; 539 967; 538 966; 538 964
374; 56 974; 56 977; 55 978; 55 979; 54 980; 43 980; 43 991; 44 992; 44 993; 45 993; 52 1000; 52 1001; 54 1003; 54 1004; 58 1008; 58 1009; 61 1012; 61 1013; 63 1015; 63 1016; 65 1018; 75 1018; 81 1012; 87 1012; 88 1013; 88 1023; 107 1023; 107 1019; 106 1018; 103 1018; 100 1015; 94 1015; 93 1014; 93 1003; 92 1002; 92 1001; 82 991; 81 991; 79 989; 79 988; 77 986; 77 985; 76 984; 76 983; 73 980; 73 979; 71 977; 71 974
375; 888 1010; 888 1016; 884 1019; 884 1023; 930 1023; 930 1014; 926 1010; 924 1001; 921 998; 913 998; 907 993
376; 907 993; 906 984; 901 981; 900 974; 882 973; 878 975; 878 981; 876 983; 868 984; 867 987; 859 987; 861 1001; 863 1001; 868 1006; 869 1010; 888 1010
377; 467 977; 467 981; 466 982; 465 982; 464 983; 461 983; 460 984; 457 984; 456 985; 452 985; 452 993; 453 994; 453 1009; 452 1010; 453 1011; 463 1011; 464 1010; 469 1010; 470 1009; 478 1009; 480 1011; 495 1011; 494 1010; 494 998; 493 997; 493 995; 492 994; 492 990; 491 989; 491 986; 489 984; 489 982; 488 981; 488 979; 478 979; 477 978; 477 977
378; 183 989; 183 994; 182 995; 182 1006; 183 1007; 183 1013; 184 1014; 184 1023; 213 1023; 213 1009; 214 1008; 216 1008; 216 998; 208 998; 208 1008; 207 1009; 201 1009; 200 1008; 200 993; 196 989
379; 934 983; 933 984; 933 985; 925 993; 924 993; 921 996; 921 997; 925 1001; 925 1002; 926 1003; 926 1005; 927 1006; 927 1010; 931 1014; 937 1014; 938 1015; 939 1015; 940 1016; 941 1016; 943 1018; 944 1018; 946 1020; 946 1023; 961 1023; 961 1019; 963 1017; 971 1017; 971 1015; 972 1014; 972 1012; 971 1012; 970 1011; 970 1009; 969 1008; 969 1005; 968 1004; 968 1003; 966 1001; 965 1001; 964 1000; 964 993; 963 992; 962 992; 959 989; 952 989; 951 988; 944 988; 942 986; 941 986; 938 983
380; 347 1023; 347 1017; 348 1016; 363 1016; 363 1002; 357 1002; 356 1001; 345 1001; 345 1011; 344 1012; 337 1012; 336 1011
381; 336 1011; 336 1005; 337 1004; 337 996; 335 996; 334 995; 325 995; 325 1005; 326 1006; 326 1012; 322 1016; 315 1016; 311 1012; 311 1011; 310 1010; 310 995; 296 995; 295 994; 286 994; 285 993; 283 993; 282 992; 275 992; 274 991; 274 989; 272 989; 271 990; 269 990; 269 992; 267 994; 267 1002; 268 1002; 270 1004; 270 1017; 271 1018; 271 1023; 347 1023
382; 431 997; 430 998; 429 998; 425 1002; 421 1002; 420 1003; 419 1003; 418 1004; 417 1004; 416 1005; 412 1005; 411 1006; 409 1006; 408 1007; 406 1007; 406 1016; 408 1018; 408 1019; 422 1019; 423 1020; 423 1023; 450 1023; 450 1012; 451 1011; 452 1011; 451 1010; 446 1010; 445 1009; 445 1008; 444 1007; 444 1005; 443 1004; 443 999; 441 997
383; 613 994; 613 997; 612 998; 612 1000; 611 1001; 611 1002; 610 1003; 610 1004; 608 1006; 608 1008; 607 1009; 607 1011; 606 1012; 606 1014; 605 1015; 605 1016; 603 1018; 603 1023; 634 1023; 634 1020; 635 1019; 637 1019; 639 1017; 639 1016; 640 1015; 640 1013; 641 1012; 641 1011; 643 1009; 643 1000; 642 999; 641 1000; 632 1000; 632 1001; 630 1003; 624 1003; 623 1002; 623 996; 621 994
