0; 257 31; 278 35; 280 32; 280 29; 283 28; 294 15; 285 12; 281 10; 277 0; 256 0; 253 7; 247 12; 246 17
1; 824 0; 824 1; 826 3; 827 3; 830 6; 831 6; 832 7; 832 8; 831 9; 831 10; 829 12; 828 12; 826 14; 825 14; 825 18; 826 18; 827 19; 828 19; 829 20; 830 20; 831 21; 832 21; 839 28; 840 28; 841 29; 843 29; 844 30; 846 30; 848 32; 849 32; 851 34; 852 34; 853 35; 854 35; 855 36; 856 36; 858 38; 858 35; 861 32; 861 28; 862 27; 862 23; 861 22; 861 0; 845 0; 845 2; 843 4; 841 4; 840 5; 839 5; 838 6; 836 6; 835 7; 833 7; 832 6; 832 0
2; 929 0; 929 6; 930 7; 930 14; 931 15; 931 20; 932 21; 932 22; 933 23; 933 25; 934 26; 934 28; 935 29; 935 31; 936 32; 936 36; 937 37; 939 37; 948 28; 949 28; 950 27; 951 27; 963 15; 964 15; 967 12; 967 10; 965 8; 962 8; 961 7; 959 7; 958 6; 956 6; 955 5; 954 5; 953 4; 952 4; 949 1; 949 0
3; 871 7; 870 8; 870 12; 873 15; 873 16; 874 17; 874 19; 875 20; 875 22; 876 23; 876 24; 877 25; 877 26; 878 27; 878 28; 879 29; 879 30; 881 32; 881 33; 882 34; 882 36; 883 37; 883 39; 884 40; 884 41; 885 42; 885 44; 887 46; 889 46; 894 41; 894 40; 896 38; 896 36; 902 30; 904 30; 904 29; 905 28; 905 26; 906 25; 905 24; 905 21; 906 20; 906 19; 907 18; 907 17; 909 15; 909 14; 910 13; 910 9; 894 9; 893 8; 880 8; 879 7
4; 994 27; 1011 23; 1018 18; 1023 19; 1023 0; 1012 0; 1017 9; 1007 16; 1003 13; 1003 0; 997 0; 995 6; 996 19; 993 26
5; 993 26; 989 16; 984 10; 982 0; 976 0; 973 10; 956 31; 956 34; 979 39; 996 40; 996 36; 993 32; 994 27
6; 604 13; 603 14; 602 14; 600 16; 599 16; 595 20; 594 20; 592 22; 591 22; 587 26; 586 26; 584 28; 583 28; 581 30; 580 30; 579 31; 578 31; 576 33; 575 33; 574 34; 574 36; 575 37; 576 37; 577 38; 579 38; 580 39; 581 39; 582 40; 583 40; 585 42; 586 42; 588 44; 589 44; 590 45; 591 45; 592 46; 593 46; 595 48; 597 48; 598 49; 602 49; 603 50; 604 50; 605 51; 606 51; 608 53; 612 53; 613 52; 613 50; 612 49; 612 46; 611 45; 611 39; 612 38; 612 29; 611 28; 611 26; 610 25; 610 20; 609 19; 609 15; 608 14; 608 13
7; 300 14; 299 15; 299 16; 298 17; 298 18; 297 19; 297 20; 296 21; 296 23; 294 25; 294 26; 288 32; 288 33; 287 34; 287 37; 286 38; 286 40; 285 41; 285 42; 282 45; 282 46; 281 47; 281 49; 282 50; 293 50; 294 51; 296 51; 297 52; 304 52; 305 53; 306 53; 307 54; 308 54; 309 55; 309 56; 316 56; 319 53; 320 53; 321 52; 321 49; 318 46; 318 45; 317 44; 317 41; 316 40; 316 39; 315 38; 315 37; 314 36; 314 35; 313 34; 313 33; 312 32; 312 31; 310 29; 310 28; 309 27; 309 26; 308 25; 308 24; 307 23; 307 22; 306 21; 306 20; 305 19; 305 17; 304 16; 304 15; 303 14
8; 359 24; 358 25; 355 25; 354 26; 348 26; 347 27; 344 27; 343 28; 340 28; 339 29; 336 29; 335 30; 333 30; 332 31; 324 31; 324 36; 325 36; 332 43; 332 44; 338 50; 338 51; 341 54; 341 55; 342 55; 348 61; 348 62; 349 63; 351 63; 352 62; 352 61; 353 60; 353 56; 354 55; 354 54; 355 53; 355 51; 357 49; 357 48; 358 47; 358 45; 359 44; 359 39; 360 38; 360 33; 361 32; 361 31; 362 30; 362 29; 363 28; 363 25; 362 24
9; 230 27; 229 28; 228 28; 227 29; 225 29; 223 31; 222 31; 221 32; 219 32; 218 33; 215 33; 214 34; 213 34; 210 37; 209 37; 208 38; 207 38; 206 39; 205 39; 204 40; 201 40; 200 41; 199 41; 198 42; 198 44; 201 47; 202 47; 208 53; 209 53; 211 55; 212 55; 214 57; 215 57; 216 58; 217 58; 218 59; 219 59; 221 61; 222 61; 223 62; 225 62; 228 65; 229 65; 230 66; 230 56; 231 55; 231 52; 235 48; 234 47; 234 44; 235 43; 235 36; 234 35; 234 32; 235 31; 235 27
10; 906 26; 906 28; 905 29; 905 30; 904 31; 905 32; 905 33; 906 34; 906 49; 907 50; 907 52; 908 53; 908 62; 907 63; 907 65; 908 66; 911 66; 912 65; 913 65; 915 63; 916 63; 917 62; 919 62; 920 61; 921 61; 923 59; 924 59; 926 57; 927 57; 929 55; 930 55; 932 53; 933 53; 934 52; 937 52; 938 53; 939 53; 941 51; 941 43; 940 42; 939 42; 936 39; 932 39; 931 38; 930 38; 929 37; 928 37; 927 36; 926 36; 925 35; 924 35; 923 34; 922 34; 921 33; 920 33; 919 32; 918 32; 916 30; 915 30; 914 29; 913 29; 912 28; 911 28; 910 27; 909 27; 908 26
11; 240 34; 240 40; 239 41; 239 45; 238 46; 238 48; 237 49; 235 49; 232 52; 232 55; 231 56; 231 66; 234 69; 234 71; 235 72; 235 73; 236 73; 237 74; 239 74; 240 73; 242 73; 243 72; 244 72; 245 71; 247 71; 248 70; 249 70; 250 69; 252 69; 253 68; 254 68; 255 67; 257 67; 258 66; 259 66; 260 65; 262 65; 263 64; 266 64; 267 63; 270 63; 271 62; 272 62; 272 59; 259 46; 258 46; 257 45; 256 45; 252 41; 251 41; 244 34
12; 859 52; 857 56; 857 60; 854 65; 854 69; 856 75; 858 77; 861 77; 871 73; 879 73; 881 71; 885 71; 886 70; 895 70; 892 67; 893 58; 887 50; 887 47; 885 45; 881 44
13; 881 44; 879 40; 869 28; 865 28; 865 30; 859 35; 861 43; 859 45; 859 52
14; 959 43; 958 44; 953 44; 952 45; 951 45; 951 46; 950 47; 950 48; 949 49; 949 52; 948 53; 945 53; 944 52; 943 52; 942 51; 939 54; 940 55; 940 56; 945 61; 945 62; 946 63; 946 65; 953 72; 953 73; 955 75; 955 76; 956 77; 956 78; 957 79; 957 80; 960 80; 962 78; 962 77; 964 75; 964 73; 965 72; 965 70; 966 69; 966 68; 967 67; 967 66; 968 65; 968 62; 969 61; 969 60; 970 59; 970 57; 971 56; 971 55; 973 53; 973 52; 975 50; 975 49; 976 48; 976 44; 975 44; 974 43
15; 564 46; 563 47; 562 47; 561 48; 560 48; 559 49; 558 49; 557 50; 556 50; 555 51; 554 51; 553 52; 552 52; 551 53; 548 53; 547 54; 546 54; 541 59; 540 59; 539 60; 538 60; 537 61; 536 61; 535 62; 534 62; 533 63; 532 63; 532 65; 533 66; 533 67; 534 67; 535 68; 536 68; 537 69; 538 69; 543 74; 544 74; 551 81; 552 81; 555 84; 556 84; 557 85; 558 85; 559 86; 560 86; 562 88; 564 88; 566 86; 566 84; 565 83; 565 79; 566 78; 566 76; 567 75; 567 52; 568 51; 568 47; 567 46
16; 835 45; 833 47; 832 47; 828 51; 827 51; 824 54; 823 54; 816 61; 815 61; 812 64; 811 64; 809 66; 808 66; 807 67; 807 70; 808 71; 810 71; 811 72; 812 72; 813 73; 814 73; 815 74; 816 74; 817 75; 818 75; 819 76; 820 76; 821 77; 822 77; 823 78; 824 78; 825 79; 827 79; 828 80; 829 80; 830 81; 832 81; 833 82; 834 82; 835 83; 836 83; 837 84; 838 84; 840 86; 844 86; 844 76; 843 75; 843 65; 842 64; 842 62; 841 61; 841 55; 840 54; 840 51; 839 50; 839 46; 838 45
17; 88 53; 88 57; 90 59; 90 60; 91 61; 91 66; 92 67; 92 69; 93 70; 93 73; 94 74; 94 78; 95 79; 95 82; 96 83; 96 90; 98 92; 99 92; 101 90; 101 89; 108 82; 109 82; 112 79; 113 79; 116 76; 116 75; 121 70; 122 70; 124 68; 125 68; 126 67; 126 64; 125 63; 124 63; 123 62; 121 62; 120 61; 117 61; 115 59; 114 59; 111 56; 105 56; 104 55; 101 55; 100 54; 94 54; 93 53
18; 309 57; 309 60; 310 61; 310 69; 309 70; 305 66; 301 66; 300 67; 300 69; 299 70; 299 71; 297 73; 297 74; 296 75; 296 77; 298 79; 299 79; 300 80; 303 80; 304 79; 306 79; 310 75; 311 75; 313 77; 313 78; 314 79; 314 83; 315 84; 315 89; 316 90; 316 95; 317 96; 320 96; 321 95; 321 94; 328 87; 329 87; 332 84; 333 84; 336 81; 336 80; 338 78; 338 77; 346 69; 346 67; 345 66; 344 66; 343 65; 340 65; 339 64; 336 64; 335 63; 333 63; 332 62; 330 62; 329 61; 327 61; 326 60; 324 60; 323 59; 321 59; 320 58; 318 58; 317 57
19; 372 55; 367 60; 366 60; 363 63; 362 63; 361 64; 359 64; 358 65; 357 65; 357 66; 356 67; 356 68; 354 70; 353 70; 344 79; 344 83; 345 84; 346 83; 350 83; 351 84; 353 84; 354 85; 355 85; 356 86; 357 86; 358 87; 360 87; 361 88; 362 88; 363 89; 364 89; 365 90; 367 90; 368 91; 369 91; 370 92; 371 92; 372 93; 373 93; 374 94; 376 94; 377 95; 378 95; 379 96; 382 96; 383 95; 383 93; 382 92; 382 91; 381 90; 381 85; 380 84; 380 82; 379 81; 379 69; 378 68; 378 67; 377 66; 377 59; 376 58; 376 55
20; 523 59; 522 60; 522 61; 517 66; 517 67; 508 76; 508 77; 505 80; 505 82; 504 83; 504 84; 501 87; 501 88; 500 89; 500 91; 501 92; 507 92; 508 93; 516 93; 517 94; 523 94; 524 95; 528 95; 529 96; 539 96; 540 95; 540 93; 539 92; 539 91; 538 90; 538 89; 537 88; 537 87; 536 86; 536 85; 535 84; 535 82; 534 81; 534 79; 533 78; 533 77; 532 76; 532 74; 531 73; 531 71; 530 70; 530 69; 532 67; 532 66; 531 65; 531 64; 530 64; 527 61; 527 60; 526 59
21; 0 71; 0 79; 3 79; 5 81; 6 81; 7 82; 8 82; 10 84; 10 87; 8 89; 7 89; 5 91; 4 91; 3 92; 2 92; 1 93; 0 93; 0 100; 3 100; 4 99; 5 99; 7 97; 8 97; 9 96; 10 96; 15 91; 16 91; 18 89; 19 89; 21 87; 22 87; 24 85; 24 83; 23 82; 22 82; 21 81; 19 81; 18 80; 16 80; 14 78; 13 78; 12 77; 11 77; 10 76; 9 76; 7 74; 6 74; 5 73; 4 73; 3 72; 2 72; 1 71
22; 886 71; 885 72; 881 72; 879 74; 879 76; 878 77; 877 77; 876 78; 874 78; 873 79; 871 79; 870 80; 869 80; 868 81; 865 81; 864 82; 860 82; 859 83; 859 86; 871 98; 871 99; 872 100; 871 101; 871 102; 872 102; 874 104; 875 104; 876 103; 877 103; 878 104; 879 104; 883 108; 884 108; 885 109; 885 110; 886 110; 887 111; 889 111; 892 108; 894 108; 894 106; 895 105; 895 101; 893 99; 893 97; 894 96; 894 86; 895 85; 895 81; 896 80; 896 71
23; 927 70; 926 71; 926 91; 927 92; 927 105; 928 106; 928 109; 929 110; 931 110; 933 108; 934 108; 937 105; 938 105; 939 104; 940 104; 941 103; 943 103; 944 102; 946 102; 947 101; 948 101; 949 100; 950 100; 952 98; 952 97; 957 92; 958 92; 959 91; 960 91; 961 90; 961 87; 957 83; 953 83; 952 82; 951 82; 950 81; 949 81; 948 80; 947 80; 945 78; 944 78; 942 76; 941 76; 940 75; 938 75; 937 74; 935 74; 934 73; 933 73; 930 70
24; 66 71; 65 72; 65 75; 64 76; 64 78; 63 79; 63 82; 62 83; 62 85; 61 86; 61 97; 60 98; 60 102; 59 103; 59 109; 60 110; 63 110; 64 109; 65 109; 66 108; 68 108; 69 107; 72 107; 73 106; 75 106; 76 105; 77 105; 78 104; 79 104; 80 103; 82 103; 83 102; 84 102; 85 101; 86 101; 87 100; 90 100; 91 99; 94 99; 95 98; 96 98; 97 97; 97 96; 98 95; 98 93; 96 91; 95 91; 94 92; 93 91; 92 91; 88 87; 87 87; 84 84; 83 84; 80 81; 79 81; 74 76; 73 76; 71 74; 71 73; 69 71
25; 188 85; 184 88; 176 88; 173 90; 176 98; 174 103; 182 109; 191 120; 192 125; 194 126; 196 125; 198 118; 208 101
26; 208 101; 213 100; 226 106; 231 105; 228 96; 228 88; 224 82; 220 67; 217 67; 205 77; 190 81; 188 85
27; 342 84; 340 86; 340 87; 338 89; 338 90; 337 91; 337 92; 334 95; 334 96; 332 98; 332 99; 331 100; 331 101; 329 103; 329 104; 328 105; 328 107; 327 108; 327 109; 325 111; 325 112; 323 114; 322 114; 322 118; 323 119; 330 119; 331 120; 336 120; 337 121; 339 121; 340 122; 346 122; 347 121; 354 121; 355 122; 362 122; 362 118; 361 118; 357 114; 357 113; 356 112; 356 111; 355 110; 355 107; 354 106; 354 105; 353 104; 353 102; 352 101; 352 100; 351 99; 351 98; 350 97; 350 96; 349 95; 349 94; 348 93; 348 92; 347 91; 347 89; 346 88; 346 87; 345 86; 345 85; 344 84
28; 240 91; 239 92; 239 99; 238 100; 238 103; 237 104; 237 105; 235 107; 235 109; 236 110; 236 123; 235 124; 235 125; 234 126; 234 129; 235 130; 239 130; 240 129; 242 129; 243 128; 244 128; 245 127; 247 127; 248 126; 250 126; 251 125; 252 125; 253 124; 254 124; 255 123; 257 123; 258 122; 259 122; 260 121; 261 121; 262 120; 264 120; 265 119; 267 119; 268 118; 269 118; 272 115; 272 113; 271 113; 268 110; 267 110; 266 109; 265 109; 256 100; 255 100; 253 98; 252 98; 251 97; 250 97; 249 96; 248 96; 243 91
29; 389 91; 385 95; 384 95; 382 97; 383 98; 382 99; 382 100; 380 102; 379 102; 378 103; 377 103; 374 106; 374 107; 373 108; 373 109; 372 110; 372 111; 366 117; 365 117; 364 118; 363 118; 363 122; 368 122; 369 123; 373 123; 374 124; 376 124; 377 125; 379 125; 380 126; 384 126; 385 127; 388 127; 389 128; 391 128; 392 129; 395 129; 396 130; 403 130; 404 129; 404 126; 402 124; 402 121; 401 120; 401 118; 400 117; 400 116; 399 115; 399 112; 398 111; 398 108; 397 107; 397 105; 396 104; 396 103; 395 102; 395 99; 394 98; 394 93; 392 91
30; 509 103; 509 107; 510 108; 510 110; 511 111; 511 114; 512 115; 512 117; 513 118; 513 123; 514 124; 514 125; 516 127; 516 128; 517 129; 517 132; 518 133; 518 135; 519 136; 519 137; 520 138; 523 138; 523 136; 524 135; 524 130; 526 128; 527 128; 528 129; 530 129; 531 130; 533 130; 534 129; 536 129; 537 128; 538 128; 538 127; 540 125; 540 124; 541 123; 541 122; 542 121; 542 120; 547 115; 547 111; 546 111; 545 110; 542 110; 541 109; 538 109; 537 108; 535 108; 534 107; 531 107; 530 106; 525 106; 524 105; 520 105; 519 104; 516 104; 515 103
31; 955 100; 954 101; 954 103; 955 104; 955 105; 956 106; 956 107; 957 108; 957 109; 958 110; 958 112; 959 113; 959 121; 960 122; 960 124; 961 125; 961 126; 962 127; 962 128; 963 129; 963 130; 964 131; 964 133; 965 134; 965 136; 964 137; 965 138; 965 139; 966 140; 966 142; 967 141; 968 141; 969 140; 969 139; 971 137; 971 136; 977 130; 978 130; 982 126; 982 125; 984 123; 984 122; 986 120; 986 119; 992 113; 992 112; 993 111; 993 109; 992 108; 987 108; 986 107; 984 107; 983 106; 980 106; 979 105; 977 105; 976 104; 972 104; 971 103; 967 103; 966 102; 962 102; 961 101; 959 101; 958 100
32; 307 97; 305 99; 305 100; 304 101; 303 101; 297 107; 296 107; 285 118; 284 118; 282 120; 281 120; 281 121; 280 122; 280 124; 281 125; 282 125; 283 126; 285 126; 286 127; 287 127; 288 128; 290 128; 291 129; 294 129; 295 130; 296 130; 297 131; 299 131; 300 132; 302 132; 303 133; 306 133; 307 134; 312 134; 313 135; 315 135; 316 136; 319 136; 321 134; 321 133; 318 130; 318 129; 317 128; 317 125; 316 124; 316 112; 314 110; 314 109; 313 108; 313 107; 312 106; 312 99; 311 98; 311 97
33; 896 102; 896 105; 895 106; 895 108; 894 109; 895 110; 895 111; 896 112; 896 115; 897 116; 897 128; 898 129; 898 132; 899 133; 899 135; 900 136; 900 138; 901 139; 901 142; 905 142; 914 133; 915 133; 921 127; 923 127; 923 126; 924 125; 924 124; 928 120; 929 120; 931 118; 931 114; 930 113; 930 112; 921 112; 920 111; 919 111; 916 108; 914 108; 913 107; 908 107; 907 106; 904 106; 903 105; 902 105; 901 104; 900 104; 899 103; 898 103; 897 102
34; 173 102; 172 103; 171 103; 162 112; 161 112; 159 114; 159 115; 156 118; 156 119; 150 125; 149 125; 146 128; 146 131; 147 131; 148 132; 151 132; 152 133; 154 133; 155 134; 156 134; 157 135; 159 135; 160 136; 161 136; 162 137; 163 137; 165 139; 167 139; 168 140; 170 140; 171 139; 173 139; 174 138; 175 139; 178 139; 179 140; 185 140; 185 139; 186 138; 186 137; 184 135; 184 134; 183 133; 183 131; 181 129; 181 126; 180 125; 180 121; 179 120; 179 116; 178 115; 178 114; 177 113; 177 112; 176 111; 176 106; 173 103
35; 870 103; 859 114; 858 114; 857 115; 856 115; 854 117; 854 118; 853 119; 853 120; 849 124; 848 124; 845 127; 845 128; 844 129; 844 132; 845 133; 846 133; 847 134; 851 134; 852 135; 855 135; 856 136; 857 136; 858 137; 862 137; 863 138; 867 138; 868 139; 872 139; 873 140; 874 140; 875 141; 876 141; 877 142; 882 142; 883 141; 883 137; 881 135; 881 134; 880 133; 880 131; 879 130; 879 127; 878 126; 878 122; 877 121; 877 119; 876 118; 876 117; 875 116; 875 112; 874 111; 874 105; 872 103
36; 561 103; 560 104; 560 106; 559 107; 559 109; 558 110; 558 111; 557 112; 557 113; 556 114; 556 115; 549 122; 549 124; 548 125; 548 128; 547 129; 547 130; 546 131; 546 132; 545 133; 545 134; 544 135; 544 139; 545 140; 549 140; 550 139; 559 139; 560 140; 561 140; 563 142; 563 143; 564 143; 565 142; 566 142; 567 141; 568 141; 569 140; 571 140; 572 139; 583 139; 584 138; 584 135; 582 133; 582 132; 580 130; 580 129; 579 128; 579 127; 577 125; 577 124; 576 123; 576 122; 574 120; 574 119; 572 117; 572 116; 569 113; 569 112; 566 109; 566 107; 565 106; 565 105; 563 103
37; 925 128; 925 131; 926 132; 926 133; 927 134; 927 135; 928 136; 928 141; 929 142; 929 145; 930 146; 930 149; 931 150; 931 157; 932 158; 932 164; 934 166; 936 166; 938 164; 939 164; 945 158; 946 158; 947 157; 948 157; 953 152; 953 151; 954 150; 955 150; 962 143; 964 143; 965 142; 965 140; 964 139; 964 138; 960 138; 959 137; 958 137; 957 136; 955 136; 954 135; 952 135; 951 134; 949 134; 948 133; 945 133; 944 132; 943 132; 942 131; 936 131; 935 130; 933 130; 932 129; 930 129; 929 128
38; 185 168; 184 174; 184 178; 195 184; 213 199; 219 198; 218 189; 221 180; 220 159
39; 220 159; 222 153; 210 141; 201 136; 189 136; 186 139; 188 146; 185 155; 185 168
40; 271 138; 270 139; 270 144; 271 145; 271 147; 272 148; 272 150; 273 151; 273 152; 274 153; 274 154; 275 155; 275 156; 276 157; 276 159; 277 160; 277 161; 278 162; 278 163; 279 164; 279 165; 280 166; 280 167; 281 168; 281 175; 282 176; 282 177; 285 177; 288 174; 288 173; 297 164; 297 163; 301 159; 301 158; 302 157; 303 157; 305 155; 305 154; 310 149; 310 147; 306 143; 305 143; 304 142; 299 142; 298 141; 295 141; 294 140; 293 140; 292 139; 288 139; 287 140; 277 140; 276 139; 274 139; 273 138
41; 322 134; 319 137; 321 139; 321 140; 322 141; 322 149; 321 150; 321 152; 320 153; 320 154; 319 155; 319 158; 320 159; 320 161; 321 162; 321 175; 325 175; 326 174; 327 174; 328 173; 329 173; 330 172; 332 172; 334 170; 335 170; 337 168; 338 168; 339 167; 340 167; 341 166; 342 166; 343 165; 344 165; 345 164; 346 164; 347 163; 348 163; 350 161; 352 161; 353 160; 355 160; 356 159; 357 159; 358 158; 358 156; 356 154; 355 154; 354 153; 353 153; 352 152; 351 152; 349 150; 348 150; 347 149; 346 149; 340 143; 339 143; 337 141; 336 141; 334 139; 333 139; 332 138; 331 138; 330 137; 328 137; 327 136; 326 136; 325 135; 323 135
42; 164 140; 162 142; 161 142; 160 143; 157 143; 156 144; 154 144; 153 145; 152 145; 151 146; 148 146; 147 147; 145 147; 144 148; 143 148; 142 149; 135 149; 132 152; 132 156; 133 157; 133 158; 134 159; 135 159; 141 165; 142 165; 152 175; 153 175; 158 180; 161 180; 162 179; 162 177; 163 176; 163 170; 164 169; 164 166; 165 165; 165 163; 166 162; 166 151; 167 150; 167 148; 168 147; 168 145; 169 144; 169 142; 170 141; 168 141; 167 140
43; 657 144; 656 145; 649 145; 648 146; 639 146; 638 147; 638 150; 639 151; 639 152; 642 155; 642 156; 644 158; 644 159; 645 160; 645 161; 646 162; 646 163; 647 164; 647 165; 649 167; 649 168; 651 170; 651 171; 652 172; 652 173; 654 175; 654 176; 656 178; 656 179; 658 181; 662 181; 663 180; 663 179; 665 177; 665 176; 666 175; 666 174; 667 173; 667 171; 668 170; 668 169; 669 168; 669 167; 670 166; 670 165; 671 164; 671 162; 672 161; 672 159; 673 158; 673 156; 674 155; 674 154; 675 153; 675 151; 676 150; 676 147; 673 147; 672 146; 671 146; 670 145; 669 145; 668 144
44; 565 143; 564 144; 563 144; 562 145; 562 149; 563 150; 563 160; 564 161; 564 170; 565 171; 565 176; 564 177; 564 183; 565 184; 568 184; 571 181; 572 181; 573 180; 574 180; 575 179; 576 179; 577 178; 578 178; 581 175; 582 175; 586 171; 587 171; 589 169; 590 169; 592 167; 593 167; 595 165; 596 165; 599 162; 599 159; 598 158; 594 158; 593 157; 591 157; 589 155; 588 155; 586 153; 585 153; 583 151; 582 151; 581 150; 578 150; 577 149; 574 149; 573 148; 572 148; 568 144; 567 144; 566 143
45; 1004 139; 1000 143; 1000 144; 998 146; 998 147; 997 148; 997 149; 995 151; 995 152; 993 154; 993 155; 992 156; 992 157; 990 159; 990 160; 988 162; 988 163; 986 165; 986 166; 983 169; 983 172; 984 173; 997 173; 998 174; 999 174; 1000 175; 1001 175; 1002 176; 1003 176; 1005 178; 1007 178; 1007 177; 1008 176; 1010 176; 1011 175; 1023 175; 1023 163; 1020 163; 1019 164; 1017 162; 1017 161; 1016 160; 1016 159; 1015 158; 1015 156; 1014 155; 1014 153; 1013 152; 1013 150; 1012 149; 1012 148; 1011 147; 1011 145; 1010 144; 1010 143; 1009 142; 1009 141; 1007 139
46; 113 152; 112 153; 110 153; 109 154; 107 154; 106 155; 105 155; 104 156; 103 156; 102 157; 101 157; 100 158; 99 158; 98 159; 96 159; 94 161; 93 161; 92 162; 91 162; 90 163; 89 163; 88 164; 87 164; 86 165; 83 165; 82 166; 80 166; 80 169; 86 175; 87 175; 94 182; 95 182; 97 184; 99 184; 100 185; 101 185; 102 186; 103 186; 108 191; 109 191; 110 192; 112 192; 112 190; 113 189; 113 188; 114 187; 113 186; 113 182; 114 181; 114 180; 115 179; 115 171; 116 170; 116 153; 115 152
47; 476 161; 476 163; 477 164; 477 165; 478 166; 478 167; 479 168; 479 170; 480 171; 480 179; 481 180; 481 181; 484 184; 484 186; 485 187; 485 189; 486 190; 486 191; 487 192; 487 193; 488 194; 488 195; 489 196; 489 197; 491 199; 493 199; 497 195; 497 194; 499 192; 499 191; 502 188; 502 187; 511 178; 511 177; 512 176; 512 175; 513 174; 513 173; 515 171; 515 168; 513 166; 509 166; 508 165; 505 165; 504 164; 502 164; 501 163; 500 163; 499 162; 483 162; 482 161
48; 130 153; 129 154; 128 154; 127 155; 125 155; 123 157; 123 165; 122 166; 122 168; 121 169; 121 171; 120 172; 120 173; 119 174; 119 175; 118 176; 118 177; 117 178; 117 185; 116 186; 116 187; 115 188; 114 188; 114 189; 113 190; 113 193; 115 195; 120 195; 121 194; 122 194; 123 193; 128 193; 129 192; 132 192; 133 191; 134 191; 135 192; 138 189; 144 189; 145 188; 150 188; 153 185; 153 182; 151 180; 151 179; 150 178; 150 177; 149 177; 148 176; 148 175; 141 168; 140 168; 139 167; 139 166; 138 166; 137 165; 137 164; 136 164; 133 161; 133 159; 132 158; 132 157; 131 156; 131 153
49; 439 174; 438 175; 438 180; 437 181; 437 184; 438 185; 438 190; 437 191; 437 193; 438 194; 438 207; 437 208; 437 212; 438 213; 442 213; 443 212; 444 212; 445 211; 447 211; 448 210; 450 210; 451 209; 454 209; 455 208; 456 208; 461 203; 462 203; 463 202; 464 202; 465 201; 466 201; 467 200; 468 200; 470 198; 471 198; 473 196; 473 193; 471 191; 470 191; 467 188; 466 188; 465 187; 464 187; 463 186; 461 186; 460 185; 459 185; 457 183; 456 183; 453 180; 452 180; 451 179; 449 179; 447 177; 446 177; 443 174
50; 931 175; 930 176; 930 180; 931 181; 931 183; 932 184; 932 199; 933 200; 933 206; 934 207; 934 216; 937 216; 938 215; 939 215; 940 214; 941 214; 942 213; 943 213; 945 211; 946 211; 948 209; 949 209; 951 207; 952 207; 958 201; 959 201; 962 198; 963 198; 964 197; 967 197; 968 196; 968 193; 967 193; 966 192; 965 192; 964 191; 963 191; 962 190; 961 190; 959 188; 958 188; 957 187; 956 187; 955 186; 954 186; 953 185; 952 185; 950 183; 949 183; 948 182; 947 182; 946 181; 945 181; 944 180; 942 180; 941 179; 939 179; 938 178; 937 178; 935 176; 934 176; 933 175
51; 1004 178; 1002 180; 1001 180; 1000 181; 999 181; 997 183; 996 183; 995 184; 993 184; 992 185; 991 185; 990 186; 989 186; 987 188; 986 188; 984 190; 983 190; 982 191; 981 191; 980 192; 978 192; 977 193; 975 193; 974 194; 973 194; 972 195; 972 197; 973 198; 974 198; 976 200; 977 200; 979 202; 980 202; 985 207; 986 207; 987 208; 988 208; 989 209; 990 209; 991 210; 992 210; 994 212; 995 212; 997 214; 998 214; 1002 218; 1005 218; 1006 217; 1006 209; 1007 208; 1007 202; 1008 201; 1008 195; 1009 194; 1009 192; 1010 191; 1010 188; 1011 187; 1011 182; 1010 181; 1009 181; 1008 180; 1006 180
52; 171 183; 170 184; 166 184; 165 185; 164 185; 163 186; 161 186; 160 187; 158 187; 157 186; 155 186; 154 185; 150 189; 145 189; 144 190; 138 190; 136 192; 136 194; 137 195; 137 196; 140 199; 140 200; 142 202; 143 202; 146 205; 146 206; 148 208; 148 209; 152 213; 153 213; 155 215; 156 215; 158 217; 158 218; 163 223; 166 223; 167 222; 167 214; 168 213; 168 211; 169 210; 169 209; 170 208; 170 206; 171 205; 171 204; 172 203; 172 201; 173 200; 173 199; 174 198; 174 189; 175 188; 175 184; 174 183
53; 238 189; 234 193; 233 193; 231 195; 229 195; 228 196; 227 196; 226 197; 225 197; 224 198; 222 198; 221 199; 217 199; 216 200; 214 200; 215 201; 215 204; 214 205; 213 205; 211 207; 210 207; 209 208; 208 208; 207 209; 207 212; 208 213; 208 214; 209 215; 209 221; 210 222; 210 228; 212 226; 223 226; 223 224; 224 223; 226 223; 227 224; 228 224; 229 225; 231 225; 232 226; 234 226; 235 227; 236 227; 237 228; 244 228; 245 227; 245 225; 246 224; 246 218; 244 216; 244 215; 243 214; 243 207; 242 206; 242 203; 243 202; 243 198; 242 197; 242 190; 241 189
54; 285 188; 284 189; 283 189; 277 195; 276 195; 275 196; 274 196; 273 197; 272 197; 270 199; 269 199; 266 202; 265 202; 263 204; 262 204; 261 205; 260 205; 259 206; 258 206; 257 207; 256 207; 255 208; 255 212; 257 212; 258 213; 260 213; 262 215; 263 215; 264 216; 265 216; 272 223; 273 223; 274 224; 278 224; 279 225; 281 225; 282 226; 283 226; 284 227; 285 227; 286 228; 287 228; 288 229; 290 229; 291 228; 291 223; 290 222; 290 204; 289 203; 289 189; 288 188
55; 617 196; 615 198; 614 198; 612 200; 611 200; 609 202; 608 202; 607 203; 606 203; 605 204; 604 204; 599 209; 598 209; 596 211; 595 211; 593 213; 591 213; 589 215; 588 215; 587 216; 587 220; 589 220; 590 221; 591 221; 592 222; 593 222; 594 223; 596 223; 597 224; 598 224; 601 227; 602 227; 604 229; 606 229; 607 230; 610 230; 611 231; 612 231; 613 232; 615 232; 616 233; 617 233; 618 234; 619 234; 620 235; 623 235; 624 234; 625 234; 625 233; 624 232; 624 228; 623 227; 623 222; 622 221; 622 218; 623 217; 623 210; 622 209; 622 207; 621 206; 621 196
56; 87 197; 86 198; 86 202; 87 203; 87 205; 86 206; 86 214; 85 215; 85 217; 86 218; 86 232; 85 233; 85 235; 86 236; 86 238; 88 238; 93 233; 94 233; 95 232; 96 232; 97 231; 98 231; 99 230; 101 230; 102 229; 104 229; 105 228; 106 228; 107 227; 108 227; 109 226; 110 226; 112 224; 113 224; 114 223; 115 223; 116 222; 117 222; 119 220; 120 220; 121 219; 121 216; 119 214; 118 214; 117 213; 115 213; 114 212; 113 212; 107 206; 106 206; 103 203; 102 203; 101 202; 100 202; 99 201; 97 201; 96 200; 95 200; 94 199; 93 199; 91 197
57; 178 208; 177 209; 177 213; 178 214; 178 216; 179 217; 179 224; 180 225; 180 227; 181 228; 181 229; 182 230; 182 233; 183 234; 183 239; 184 240; 184 245; 186 247; 188 247; 191 244; 192 244; 197 239; 198 239; 199 238; 200 238; 206 232; 206 231; 207 230; 208 230; 209 229; 209 222; 208 221; 208 216; 203 216; 202 215; 201 215; 200 214; 198 214; 197 213; 195 213; 194 212; 193 212; 192 211; 190 211; 189 210; 185 210; 184 209; 182 209; 181 208
58; 247 218; 247 224; 246 225; 246 227; 244 229; 245 230; 245 233; 246 234; 246 243; 247 244; 247 256; 249 258; 251 258; 253 256; 254 256; 256 254; 257 254; 259 252; 260 252; 262 250; 263 250; 265 248; 267 248; 274 241; 274 230; 273 230; 272 229; 271 229; 269 227; 268 227; 267 226; 266 226; 263 223; 261 223; 260 222; 256 222; 255 221; 252 221; 251 220; 249 220
59; 913 218; 911 220; 911 221; 909 223; 909 224; 908 225; 908 226; 907 227; 907 228; 901 234; 901 236; 900 237; 900 240; 899 241; 899 244; 893 250; 893 251; 895 253; 898 253; 899 252; 910 252; 911 253; 932 253; 933 252; 933 250; 932 249; 932 248; 930 246; 930 245; 929 244; 929 243; 928 242; 928 241; 927 240; 927 239; 926 238; 926 237; 925 236; 925 235; 924 234; 924 233; 923 232; 923 231; 922 230; 922 229; 921 228; 921 227; 920 226; 920 224; 919 223; 919 222; 918 221; 918 220; 916 218
60; 167 223; 166 224; 166 226; 164 228; 162 228; 161 229; 157 229; 152 234; 151 234; 150 235; 149 235; 146 238; 145 238; 143 240; 141 240; 140 241; 140 244; 141 244; 142 245; 143 245; 144 246; 145 246; 146 247; 147 247; 148 248; 149 248; 152 251; 153 251; 155 253; 156 253; 157 254; 158 254; 164 260; 165 260; 166 261; 167 261; 168 262; 169 262; 170 263; 174 263; 175 262; 175 258; 174 257; 174 254; 175 253; 175 223; 170 223; 169 224; 168 224
61; 215 227; 215 228; 213 230; 213 231; 209 235; 209 236; 208 237; 208 238; 207 239; 207 241; 206 242; 206 243; 205 244; 205 246; 204 247; 204 248; 203 249; 203 250; 199 254; 199 257; 200 257; 201 258; 204 258; 205 259; 205 260; 210 260; 212 258; 216 258; 217 259; 234 259; 235 260; 237 260; 238 259; 238 256; 237 255; 237 254; 236 253; 236 252; 234 250; 234 248; 233 247; 233 245; 232 244; 232 242; 231 241; 231 240; 230 239; 230 238; 229 237; 229 236; 228 235; 228 233; 226 231; 226 230; 223 227
62; 475 223; 466 232; 465 232; 453 244; 452 244; 451 245; 450 245; 448 247; 448 250; 449 251; 451 251; 452 252; 456 252; 457 253; 458 253; 459 254; 460 254; 463 257; 464 257; 465 258; 466 258; 467 259; 470 259; 471 260; 473 260; 474 261; 477 261; 478 262; 480 262; 481 263; 482 263; 483 264; 484 264; 486 262; 486 259; 485 258; 485 255; 484 254; 484 253; 483 252; 483 242; 482 241; 482 239; 481 238; 481 233; 480 232; 480 230; 479 229; 479 225; 477 223
63; 661 234; 660 235; 642 235; 641 236; 637 236; 636 235; 628 235; 627 236; 626 235; 624 235; 623 236; 623 239; 626 242; 627 242; 628 241; 633 246; 633 247; 634 248; 634 249; 635 250; 635 251; 636 252; 636 253; 639 256; 639 257; 640 258; 640 260; 643 263; 643 264; 644 265; 644 266; 646 268; 646 269; 647 270; 649 270; 653 266; 653 265; 655 263; 655 262; 656 261; 656 260; 657 259; 657 258; 658 257; 658 255; 659 254; 659 253; 660 252; 660 250; 661 249; 661 248; 663 246; 663 245; 664 244; 664 243; 665 242; 665 241; 668 238; 668 235; 667 234
64; 296 235; 289 234; 287 237; 283 237; 275 231; 275 241; 261 256; 261 259; 277 264; 285 270; 291 269; 297 272; 299 270; 298 265; 302 260
65; 302 260; 332 241; 333 237; 328 233; 323 232; 316 227; 299 220; 296 235
66; 622 239; 621 240; 620 240; 619 241; 618 241; 617 242; 616 242; 615 243; 614 243; 613 244; 611 244; 610 245; 609 245; 608 246; 607 246; 606 247; 605 247; 604 248; 603 248; 602 249; 601 249; 600 250; 599 250; 598 251; 596 251; 595 252; 594 252; 593 253; 592 253; 591 254; 590 254; 588 256; 588 258; 590 260; 591 260; 592 261; 593 261; 594 262; 595 262; 596 263; 597 263; 601 267; 602 267; 608 273; 609 273; 612 276; 613 276; 615 278; 616 278; 617 279; 621 279; 622 278; 622 269; 623 268; 623 266; 624 265; 624 254; 623 253; 623 248; 624 247; 624 245; 625 244; 625 242
67; 515 238; 507 246; 506 246; 504 248; 503 248; 500 251; 500 252; 492 260; 491 260; 490 261; 488 261; 487 260; 487 262; 485 264; 485 265; 486 266; 487 266; 488 267; 494 267; 495 268; 497 268; 498 269; 500 269; 501 270; 503 270; 504 271; 506 271; 507 272; 508 272; 509 273; 511 273; 512 274; 515 274; 516 275; 520 275; 521 276; 527 276; 527 274; 526 273; 526 271; 525 270; 525 269; 524 268; 524 265; 523 264; 523 256; 522 255; 522 253; 521 252; 521 251; 520 250; 520 245; 519 244; 519 240; 517 238
68; 950 238; 949 239; 949 240; 947 242; 947 243; 945 245; 945 246; 944 247; 944 248; 942 250; 942 251; 938 255; 938 256; 936 258; 936 259; 935 260; 935 261; 932 264; 932 265; 929 268; 929 270; 930 271; 936 271; 937 272; 940 272; 941 273; 969 273; 969 270; 966 267; 966 266; 965 265; 965 263; 964 262; 964 260; 963 259; 963 257; 962 256; 962 254; 959 251; 959 250; 958 249; 958 248; 956 246; 956 245; 955 244; 955 243; 954 242; 954 241; 953 240; 953 239; 952 238
69; 84 241; 84 242; 82 244; 82 245; 79 248; 78 248; 76 250; 75 250; 74 251; 73 251; 61 263; 61 264; 59 266; 59 268; 60 269; 63 269; 64 270; 67 270; 68 271; 70 271; 72 273; 73 273; 74 274; 80 274; 81 275; 83 275; 84 276; 89 276; 90 277; 91 277; 92 278; 97 278; 97 274; 96 273; 96 272; 95 271; 95 267; 94 266; 94 262; 93 261; 93 259; 92 258; 92 254; 91 253; 91 251; 90 250; 90 247; 89 246; 89 244; 88 243; 88 241
70; 892 252; 886 258; 885 258; 880 263; 879 263; 876 266; 875 266; 866 275; 865 275; 863 277; 863 279; 865 281; 866 281; 867 282; 871 282; 872 283; 873 283; 874 284; 875 284; 876 285; 877 285; 878 286; 879 286; 880 287; 882 287; 883 288; 885 288; 886 289; 890 289; 891 290; 893 290; 894 291; 895 291; 896 292; 899 292; 900 291; 900 288; 899 287; 899 285; 898 284; 898 277; 899 276; 899 271; 898 270; 898 269; 896 267; 896 265; 895 264; 895 262; 894 261; 894 256; 895 255; 895 254; 893 252
71; 205 261; 205 262; 203 264; 202 264; 201 265; 199 265; 198 266; 197 266; 195 268; 193 268; 192 269; 189 269; 188 270; 187 270; 186 271; 185 271; 184 272; 183 272; 182 273; 181 273; 180 274; 178 274; 177 275; 176 275; 174 277; 174 280; 175 281; 176 281; 178 283; 179 283; 180 284; 181 284; 183 286; 184 286; 188 290; 189 290; 191 292; 192 292; 194 294; 195 294; 198 297; 199 297; 201 299; 201 300; 203 302; 206 302; 206 300; 207 299; 207 289; 208 288; 208 286; 209 285; 209 282; 208 281; 208 278; 209 277; 209 270; 210 269; 210 262; 209 261
72; 765 258; 765 260; 764 261; 764 265; 763 266; 763 268; 761 270; 761 271; 760 272; 760 273; 758 275; 758 276; 757 277; 757 278; 756 279; 756 280; 755 281; 755 283; 752 286; 751 286; 751 289; 752 290; 752 293; 767 293; 768 294; 770 294; 771 293; 774 293; 775 292; 782 292; 783 291; 789 291; 790 292; 792 290; 791 289; 791 288; 789 286; 789 285; 784 280; 784 278; 783 277; 783 276; 781 274; 781 273; 779 271; 779 270; 773 264; 773 263; 770 260; 770 259; 769 258
73; 705 263; 704 264; 703 264; 702 265; 701 265; 700 266; 699 266; 698 267; 695 267; 694 268; 691 268; 690 269; 687 269; 686 270; 684 270; 683 271; 682 271; 681 272; 679 272; 678 273; 676 273; 675 274; 673 274; 672 275; 672 278; 674 280; 675 280; 684 289; 684 290; 687 293; 687 294; 690 297; 691 297; 692 298; 693 298; 698 303; 700 303; 701 302; 701 300; 702 299; 702 296; 703 295; 703 293; 704 292; 704 290; 706 288; 706 285; 707 284; 707 277; 708 276; 708 271; 709 270; 709 267; 710 266; 710 264; 709 263
74; 547 264; 546 265; 545 265; 544 266; 544 267; 540 271; 539 271; 538 272; 537 272; 536 273; 535 273; 534 274; 533 274; 529 278; 528 278; 527 279; 527 280; 522 285; 521 285; 519 287; 519 289; 521 291; 523 291; 525 293; 527 293; 528 294; 530 294; 533 297; 534 297; 535 298; 540 298; 541 299; 544 299; 545 300; 546 300; 547 301; 548 301; 549 302; 551 302; 552 303; 555 303; 556 302; 556 297; 555 296; 555 288; 554 287; 554 283; 553 282; 553 278; 552 277; 552 275; 551 274; 551 272; 550 271; 550 265; 549 264
75; 470 273; 470 277; 471 278; 471 279; 472 280; 472 281; 473 282; 473 283; 474 284; 474 286; 475 287; 475 288; 476 289; 476 290; 477 291; 477 293; 478 294; 478 295; 479 296; 479 298; 480 299; 480 301; 481 302; 481 304; 482 305; 482 308; 483 309; 485 309; 486 308; 486 307; 488 305; 488 304; 490 302; 491 302; 494 299; 495 299; 500 294; 500 293; 501 292; 501 291; 503 289; 503 288; 504 287; 504 286; 510 280; 510 278; 509 277; 502 277; 501 276; 499 276; 498 275; 495 275; 494 274; 480 274; 479 273
76; 973 275; 973 278; 974 279; 974 281; 975 282; 975 285; 976 286; 976 287; 977 288; 977 290; 978 291; 978 293; 979 294; 979 297; 980 298; 980 299; 981 300; 981 302; 982 303; 982 306; 983 307; 983 308; 985 310; 985 311; 986 312; 988 312; 992 308; 992 307; 996 303; 996 302; 1002 296; 1003 296; 1003 295; 1006 292; 1006 291; 1011 286; 1013 286; 1015 288; 1015 289; 1016 290; 1015 291; 1015 295; 1014 296; 1014 304; 1013 305; 1013 314; 1012 315; 1012 317; 1013 318; 1015 318; 1016 317; 1023 317; 1023 279; 1018 279; 1017 280; 1016 280; 1015 281; 1014 281; 1013 282; 1010 282; 1009 281; 1001 281; 1000 280; 999 280; 998 279; 997 279; 996 278; 987 278; 986 277; 984 277; 983 276; 981 276; 980 275
77; 283 270; 281 272; 281 273; 279 275; 279 276; 277 278; 277 279; 273 283; 273 284; 271 286; 271 287; 270 288; 270 289; 269 290; 269 291; 268 292; 268 293; 267 294; 267 296; 262 301; 262 304; 263 305; 271 305; 272 306; 296 306; 297 307; 300 307; 301 306; 301 304; 300 303; 300 302; 299 301; 299 300; 298 299; 298 298; 297 297; 297 296; 296 295; 296 294; 295 293; 295 290; 294 289; 294 288; 293 287; 293 286; 289 282; 289 281; 288 280; 288 279; 287 278; 287 277; 286 276; 286 271; 285 271; 284 270
78; 741 285; 740 286; 737 286; 736 287; 734 287; 733 288; 731 288; 730 287; 725 287; 724 288; 722 288; 721 289; 718 289; 717 290; 715 290; 714 289; 710 289; 710 293; 712 295; 712 296; 713 297; 713 298; 714 299; 714 300; 717 303; 717 304; 720 307; 720 308; 727 315; 727 316; 728 317; 728 318; 730 320; 730 321; 731 322; 734 322; 735 321; 735 320; 736 319; 736 317; 737 316; 737 315; 738 314; 738 313; 739 312; 739 311; 740 310; 740 309; 741 308; 741 307; 742 306; 742 305; 743 304; 743 303; 744 302; 744 301; 745 300; 745 298; 746 297; 746 296; 749 293; 751 293; 751 290; 750 289; 750 286; 749 287; 748 286; 747 286; 746 285
79; 165 279; 163 281; 163 282; 161 284; 161 285; 147 299; 147 300; 145 302; 144 302; 141 305; 141 307; 142 308; 144 308; 145 309; 146 309; 147 310; 149 310; 150 311; 154 311; 156 313; 157 313; 158 314; 167 314; 168 315; 170 315; 171 316; 173 316; 174 317; 177 317; 178 316; 178 312; 177 311; 177 305; 176 304; 176 301; 175 300; 175 298; 174 297; 174 295; 173 294; 173 293; 172 292; 172 290; 171 289; 171 286; 170 285; 170 279
80; 848 288; 847 289; 847 291; 848 292; 848 293; 849 294; 849 295; 850 296; 850 297; 851 298; 851 300; 852 301; 852 303; 853 304; 853 305; 854 306; 854 308; 855 309; 855 310; 856 311; 856 312; 857 313; 857 315; 858 316; 858 317; 859 318; 859 319; 860 320; 860 322; 863 325; 871 317; 871 316; 873 314; 873 313; 877 309; 877 308; 879 306; 879 305; 881 303; 881 302; 886 297; 886 294; 884 294; 883 293; 878 293; 877 292; 875 292; 874 291; 871 291; 870 290; 868 290; 867 289; 862 289; 861 290; 855 290; 854 289; 852 289; 851 288
81; 921 285; 920 286; 919 286; 916 289; 915 289; 913 291; 910 291; 908 293; 907 293; 904 296; 903 296; 903 297; 901 299; 900 299; 897 302; 896 302; 894 304; 893 304; 892 305; 892 308; 893 308; 894 309; 896 309; 897 310; 898 310; 899 311; 900 311; 901 312; 902 312; 903 313; 904 313; 906 315; 907 315; 908 316; 910 316; 911 317; 912 317; 913 318; 914 318; 915 319; 916 319; 917 320; 919 320; 920 321; 921 321; 922 322; 923 322; 924 323; 926 323; 927 322; 927 303; 926 302; 926 291; 925 290; 925 286; 924 285
82; 461 293; 460 294; 460 296; 459 297; 459 299; 458 300; 458 302; 457 303; 457 306; 456 307; 456 308; 455 309; 455 311; 454 312; 454 314; 453 315; 453 318; 452 319; 452 324; 450 326; 450 330; 451 331; 453 331; 454 330; 455 330; 456 329; 462 329; 463 328; 465 328; 466 327; 471 327; 472 326; 474 326; 475 325; 476 325; 477 326; 477 327; 482 327; 481 326; 482 325; 485 325; 486 326; 489 323; 488 322; 488 321; 485 318; 485 317; 483 315; 483 314; 482 313; 482 311; 481 311; 477 307; 477 306; 472 301; 471 301; 470 300; 470 299; 465 294; 465 293
83; 792 291; 791 292; 791 296; 790 297; 790 298; 789 299; 789 300; 788 301; 788 303; 787 304; 787 305; 786 306; 786 307; 785 308; 785 309; 784 310; 784 311; 783 312; 783 314; 782 315; 782 316; 781 317; 781 318; 780 319; 780 321; 779 322; 779 323; 778 324; 778 325; 777 326; 777 328; 778 329; 782 329; 783 328; 784 328; 785 327; 796 327; 797 326; 805 326; 806 325; 808 325; 809 324; 814 324; 816 322; 816 320; 809 313; 809 312; 807 310; 807 308; 806 307; 806 306; 803 303; 802 303; 800 301; 800 300; 798 298; 798 297; 797 296; 797 295; 796 294; 796 293; 795 292; 794 292; 793 291
84; 623 292; 621 294; 621 295; 620 296; 620 297; 619 298; 619 299; 618 300; 618 301; 616 303; 616 304; 615 305; 615 306; 613 308; 613 310; 612 311; 612 313; 611 314; 611 315; 610 316; 610 317; 609 318; 609 319; 608 320; 608 321; 607 322; 607 327; 615 327; 616 328; 626 328; 627 329; 629 329; 630 328; 631 328; 632 327; 634 327; 635 326; 644 326; 644 322; 642 320; 642 319; 641 318; 641 317; 640 316; 640 314; 639 313; 639 312; 638 311; 638 309; 636 307; 636 306; 632 302; 632 301; 629 298; 629 297; 627 295; 627 294; 625 292
85; 674 294; 673 295; 673 296; 671 298; 671 299; 664 306; 664 307; 662 309; 662 310; 658 314; 658 315; 656 317; 656 318; 655 319; 655 320; 653 322; 653 326; 654 327; 663 327; 664 328; 667 328; 668 329; 670 329; 671 330; 684 330; 685 331; 690 331; 691 330; 691 326; 689 324; 689 323; 687 321; 687 319; 686 318; 686 315; 685 314; 685 311; 684 310; 684 309; 683 308; 683 307; 682 306; 682 305; 681 304; 681 303; 680 302; 680 300; 679 299; 679 297; 678 296; 678 295; 677 294
86; 14 294; 14 295; 13 296; 13 297; 10 300; 10 301; 6 305; 6 306; 3 309; 3 310; 1 312; 0 312; 0 327; 7 327; 8 328; 9 328; 10 329; 20 329; 21 328; 23 328; 24 329; 26 329; 27 330; 31 330; 31 326; 29 324; 29 322; 28 321; 28 318; 26 316; 26 314; 25 313; 25 311; 24 310; 24 308; 23 307; 23 306; 22 305; 22 303; 21 302; 21 301; 20 300; 20 299; 19 298; 19 297; 18 296; 18 295; 17 294
87; 82 300; 81 301; 80 301; 71 310; 71 311; 69 313; 69 314; 64 319; 63 319; 58 324; 58 327; 59 328; 61 328; 62 329; 63 329; 64 330; 66 330; 67 331; 68 331; 69 332; 70 332; 71 333; 72 333; 73 334; 79 334; 80 335; 85 335; 86 336; 88 336; 89 337; 90 337; 91 338; 95 338; 95 333; 94 332; 94 331; 93 330; 93 328; 92 327; 92 324; 91 323; 91 317; 90 316; 90 315; 89 314; 89 313; 88 312; 88 310; 87 309; 87 308; 86 307; 86 304; 85 303; 85 301; 84 300
88; 206 304; 206 307; 207 308; 207 312; 208 313; 208 324; 207 325; 207 334; 208 335; 208 344; 210 344; 211 343; 212 343; 214 341; 216 341; 217 340; 218 340; 221 337; 222 337; 225 334; 226 334; 227 333; 228 333; 229 332; 230 332; 231 331; 233 331; 235 329; 236 329; 241 324; 241 321; 240 320; 239 320; 238 319; 237 319; 236 318; 235 318; 234 317; 233 317; 231 315; 230 315; 226 311; 225 311; 224 310; 222 310; 221 309; 219 309; 218 308; 216 308; 215 307; 213 307; 212 306; 211 306; 210 305; 209 305; 208 304
89; 405 308; 403 310; 401 310; 400 311; 399 311; 398 312; 397 312; 396 313; 394 313; 393 314; 388 314; 387 315; 386 315; 385 316; 384 316; 383 317; 382 317; 381 318; 380 318; 378 320; 375 320; 373 322; 373 325; 374 326; 375 326; 376 327; 376 328; 378 330; 379 330; 388 339; 389 339; 390 340; 391 340; 393 342; 394 342; 400 348; 403 348; 404 347; 404 346; 405 345; 405 335; 406 334; 406 332; 407 331; 407 323; 408 322; 408 312; 409 311; 409 309; 408 308
90; 844 305; 842 307; 842 308; 841 309; 841 310; 838 313; 838 314; 836 316; 836 317; 834 319; 834 320; 833 321; 833 322; 832 323; 832 325; 831 326; 831 328; 829 330; 829 331; 828 332; 828 333; 824 337; 824 338; 825 339; 825 340; 826 339; 832 339; 833 340; 856 340; 857 339; 864 339; 865 338; 865 335; 863 333; 863 332; 862 331; 862 330; 861 329; 861 327; 862 326; 862 325; 860 323; 857 323; 856 322; 856 321; 855 320; 855 319; 853 317; 853 316; 851 314; 851 313; 850 312; 850 311; 848 309; 848 308; 847 307; 847 306; 846 305
91; 355 311; 354 312; 353 312; 352 313; 351 313; 350 314; 349 314; 348 315; 346 315; 345 316; 344 316; 343 317; 341 317; 339 319; 337 319; 336 320; 335 320; 333 322; 332 322; 330 324; 329 324; 328 325; 327 325; 326 326; 324 326; 323 327; 322 327; 322 331; 323 331; 324 332; 325 332; 327 334; 328 334; 330 336; 331 336; 333 338; 334 338; 336 340; 337 340; 340 343; 341 343; 343 345; 344 345; 345 346; 346 346; 351 351; 355 351; 355 345; 356 344; 356 336; 357 335; 357 333; 358 332; 358 330; 357 329; 357 320; 358 319; 358 312; 357 311
92; 489 324; 487 326; 487 330; 488 331; 488 333; 489 334; 489 335; 490 336; 490 338; 491 339; 491 342; 492 343; 492 344; 493 345; 493 347; 494 348; 494 349; 495 350; 495 352; 496 353; 496 354; 497 355; 497 356; 498 357; 498 359; 499 360; 499 361; 500 362; 500 363; 501 364; 503 364; 509 358; 509 357; 510 356; 510 355; 513 352; 513 351; 518 346; 518 345; 519 344; 519 343; 521 341; 521 340; 526 335; 526 332; 525 332; 524 331; 521 331; 520 330; 514 330; 513 329; 510 329; 509 328; 496 328; 495 327; 494 327; 493 326; 492 326; 490 324
93; 891 325; 887 329; 886 329; 881 334; 880 334; 879 335; 878 335; 877 336; 876 336; 867 345; 866 345; 864 347; 864 348; 863 349; 863 351; 864 352; 869 352; 870 353; 872 353; 873 354; 874 354; 875 355; 876 355; 877 356; 879 356; 880 357; 882 357; 883 358; 884 358; 885 359; 886 359; 887 360; 888 360; 889 361; 891 361; 892 362; 894 362; 895 363; 896 363; 897 364; 900 364; 901 363; 901 360; 900 359; 900 358; 899 357; 899 348; 898 347; 898 346; 899 345; 899 343; 898 342; 898 340; 897 339; 897 338; 896 337; 896 330; 895 329; 895 325
94; 477 328; 475 330; 474 330; 473 331; 471 331; 470 332; 468 332; 467 333; 462 333; 457 338; 456 338; 455 339; 454 339; 453 340; 452 340; 451 341; 448 341; 447 342; 446 342; 446 346; 447 347; 448 347; 450 349; 451 349; 452 350; 453 350; 457 354; 458 354; 462 358; 463 358; 464 359; 466 359; 468 361; 469 361; 470 362; 470 363; 474 367; 478 367; 478 358; 479 357; 479 355; 480 354; 480 353; 481 352; 481 348; 482 347; 482 340; 481 339; 481 337; 482 336; 482 333; 483 332; 483 330; 482 329; 482 328
95; 782 333; 782 337; 783 338; 783 339; 785 341; 785 342; 786 343; 786 345; 787 346; 787 348; 788 349; 788 350; 789 351; 789 353; 790 354; 790 355; 791 356; 791 357; 792 358; 792 359; 794 361; 794 363; 795 364; 795 365; 797 367; 797 370; 798 371; 800 371; 804 367; 804 366; 806 364; 806 363; 807 362; 807 361; 813 355; 813 354; 816 351; 816 350; 817 349; 817 348; 819 346; 819 345; 824 340; 824 339; 823 338; 810 338; 809 337; 806 337; 805 336; 803 336; 802 335; 793 335; 792 334; 787 334; 786 333
96; 626 330; 626 331; 623 334; 622 334; 620 336; 619 336; 618 337; 616 337; 615 338; 613 338; 612 339; 610 339; 609 340; 607 340; 606 341; 605 341; 604 342; 603 342; 602 343; 601 343; 599 345; 598 345; 597 346; 596 346; 594 348; 594 351; 596 353; 597 353; 598 354; 599 354; 600 355; 601 355; 602 356; 603 356; 604 357; 605 357; 609 361; 609 362; 610 363; 611 363; 612 364; 615 364; 616 365; 617 365; 618 366; 619 366; 622 369; 623 369; 624 370; 628 370; 628 369; 629 368; 629 353; 630 352; 630 347; 629 346; 629 338; 630 337; 630 330
97; 700 340; 699 341; 699 342; 698 343; 698 344; 697 345; 697 347; 696 348; 696 349; 695 350; 695 352; 694 353; 694 354; 693 355; 693 356; 692 357; 692 358; 691 359; 691 361; 690 362; 690 363; 689 364; 689 365; 688 366; 688 370; 687 371; 687 372; 684 375; 684 376; 685 377; 685 378; 689 378; 690 377; 693 377; 694 376; 705 376; 706 375; 708 375; 709 374; 712 374; 713 373; 719 373; 720 372; 725 372; 725 369; 724 368; 724 367; 722 365; 722 364; 715 357; 715 356; 713 354; 713 353; 712 352; 712 351; 707 346; 707 345; 704 342; 704 341; 703 340
98; 153 343; 152 344; 152 345; 151 346; 151 348; 150 349; 150 352; 148 354; 148 355; 147 356; 147 357; 146 358; 146 359; 145 360; 145 363; 144 364; 144 368; 143 369; 143 371; 142 372; 142 373; 141 374; 141 379; 146 379; 147 378; 162 378; 163 377; 167 377; 168 376; 173 376; 174 375; 178 375; 178 371; 175 368; 175 367; 173 365; 173 364; 171 362; 171 361; 170 360; 170 359; 169 358; 169 357; 159 347; 159 346; 157 344; 157 343
99; 846 345; 845 346; 845 347; 844 348; 844 351; 843 352; 843 357; 842 358; 842 361; 841 362; 841 363; 840 364; 840 373; 839 374; 839 378; 838 379; 838 385; 841 385; 844 382; 845 382; 846 381; 847 381; 848 380; 851 380; 852 379; 857 379; 858 378; 859 378; 860 377; 862 377; 863 376; 864 376; 865 375; 867 375; 868 374; 870 374; 871 373; 872 373; 873 372; 874 372; 875 371; 875 368; 873 366; 872 366; 869 363; 868 363; 860 355; 859 355; 857 353; 856 353; 852 349; 852 348; 849 345
100; 777 345; 776 346; 776 347; 775 348; 775 349; 774 350; 774 351; 773 352; 773 353; 771 355; 771 356; 769 358; 769 359; 767 361; 767 362; 766 363; 766 364; 765 365; 765 366; 764 367; 764 368; 763 369; 763 370; 762 371; 762 372; 760 374; 760 375; 759 376; 759 378; 760 379; 760 380; 772 380; 773 381; 775 381; 776 382; 783 382; 784 381; 795 381; 796 380; 797 380; 797 376; 796 375; 796 373; 793 370; 793 369; 792 368; 792 366; 791 365; 791 364; 790 363; 790 362; 788 360; 788 359; 786 357; 786 356; 785 355; 785 354; 783 352; 783 351; 782 350; 782 349; 781 348; 781 347; 779 345
101; 356 353; 356 355; 357 356; 357 359; 358 360; 358 372; 359 373; 359 376; 360 377; 360 378; 359 379; 359 382; 360 383; 360 386; 361 387; 361 391; 362 392; 365 392; 366 391; 367 391; 368 390; 369 390; 372 387; 373 387; 375 385; 376 385; 377 384; 378 384; 385 377; 386 377; 388 375; 390 375; 391 374; 392 374; 392 369; 391 369; 390 368; 389 368; 388 367; 387 367; 386 366; 385 366; 383 364; 382 364; 378 360; 377 360; 376 359; 374 359; 373 358; 371 358; 370 357; 368 357; 367 356; 365 356; 364 355; 363 355; 362 354; 361 354; 360 353
102; 653 351; 652 352; 652 359; 651 360; 651 361; 650 362; 650 365; 649 366; 649 369; 648 370; 648 375; 647 376; 647 379; 646 380; 646 391; 647 392; 649 392; 650 391; 651 391; 653 389; 654 389; 655 388; 657 388; 658 387; 661 387; 662 386; 665 386; 666 385; 668 385; 669 384; 670 384; 672 382; 673 382; 674 381; 677 381; 678 380; 679 380; 680 379; 683 379; 684 378; 684 377; 683 376; 683 375; 682 375; 679 372; 678 372; 673 367; 672 367; 669 364; 669 363; 668 362; 667 362; 665 360; 664 360; 657 353; 657 352; 656 351
103; 746 358; 740 364; 739 364; 736 367; 735 367; 732 370; 732 371; 728 375; 728 376; 725 379; 725 380; 721 384; 721 387; 722 388; 727 388; 729 390; 730 390; 731 391; 739 391; 740 392; 742 392; 743 393; 745 393; 746 394; 750 394; 752 396; 754 396; 755 397; 760 397; 760 396; 761 395; 761 394; 760 394; 757 391; 757 388; 756 387; 756 384; 757 383; 757 382; 758 381; 759 381; 759 379; 758 378; 758 376; 757 377; 755 377; 754 376; 754 375; 753 374; 753 368; 752 367; 752 365; 751 364; 751 362; 750 361; 750 359; 749 358
104; 926 358; 925 359; 925 360; 924 361; 924 362; 916 370; 916 371; 914 373; 914 374; 912 376; 912 377; 910 379; 910 380; 909 381; 909 382; 908 383; 908 384; 905 387; 905 390; 906 391; 909 391; 910 390; 913 390; 914 391; 919 391; 920 392; 921 392; 922 393; 936 393; 937 394; 939 394; 940 395; 943 395; 943 391; 942 390; 942 389; 941 388; 941 386; 940 385; 940 383; 939 382; 939 381; 938 380; 938 379; 937 378; 937 377; 936 376; 936 373; 935 372; 935 371; 934 370; 934 368; 933 367; 933 365; 932 364; 932 362; 931 361; 931 360; 929 358
105; 486 360; 484 362; 484 365; 483 366; 483 367; 480 370; 480 373; 479 374; 479 375; 478 376; 478 379; 477 380; 477 381; 476 382; 476 384; 475 385; 475 387; 473 389; 473 390; 471 392; 471 396; 472 397; 474 397; 475 396; 483 396; 484 395; 485 396; 488 396; 489 395; 498 395; 499 394; 500 395; 502 395; 503 394; 507 394; 508 393; 510 393; 510 390; 509 389; 509 388; 505 384; 505 383; 504 382; 504 381; 503 380; 503 378; 502 377; 502 376; 491 365; 491 364; 490 363; 490 362; 488 360
106; 398 368; 396 370; 393 370; 393 375; 394 376; 394 378; 393 379; 393 380; 392 381; 392 382; 391 383; 391 384; 390 385; 390 386; 389 387; 389 388; 386 391; 386 392; 384 394; 384 395; 383 396; 383 398; 381 400; 381 403; 382 404; 412 404; 413 405; 414 405; 415 406; 420 406; 420 405; 421 404; 421 400; 420 399; 420 398; 417 395; 417 394; 416 393; 416 392; 415 391; 415 390; 414 389; 414 388; 413 387; 413 385; 411 383; 411 382; 407 378; 407 377; 404 374; 404 373; 402 371; 402 370; 401 369; 401 368
107; 980 369; 979 370; 979 377; 978 378; 978 380; 977 381; 977 382; 976 383; 976 384; 975 385; 975 386; 974 387; 974 390; 973 391; 973 392; 972 393; 972 396; 971 397; 971 400; 970 401; 970 407; 976 407; 977 406; 979 406; 980 405; 981 405; 982 404; 990 404; 991 403; 993 403; 995 401; 997 401; 998 400; 1000 400; 1001 399; 1003 399; 1004 398; 1007 398; 1008 397; 1008 395; 1007 394; 1006 394; 1005 393; 1005 392; 999 386; 999 385; 995 381; 994 381; 982 369
108; 884 375; 879 380; 878 380; 876 382; 874 382; 864 392; 863 392; 860 395; 860 398; 861 398; 862 399; 864 399; 865 400; 867 400; 868 401; 870 401; 871 402; 872 402; 873 403; 874 403; 875 404; 876 404; 877 405; 878 405; 879 406; 880 406; 881 407; 882 407; 883 408; 884 408; 885 409; 886 409; 887 410; 889 410; 890 411; 892 411; 893 412; 897 412; 897 406; 896 405; 896 402; 895 401; 895 394; 894 393; 894 391; 893 390; 893 387; 892 386; 892 383; 891 382; 891 381; 890 380; 889 380; 887 378; 887 375
109; 556 380; 555 381; 555 383; 557 385; 557 386; 558 387; 558 388; 559 389; 559 391; 560 392; 560 395; 561 396; 561 398; 562 399; 562 401; 563 402; 563 405; 564 406; 564 409; 565 410; 565 411; 566 412; 566 416; 568 418; 570 418; 571 417; 572 417; 573 416; 573 415; 574 414; 575 414; 577 412; 578 412; 579 411; 579 410; 582 407; 582 406; 583 405; 583 404; 584 403; 584 402; 588 398; 588 397; 595 390; 595 386; 589 386; 588 385; 582 385; 581 384; 579 384; 577 382; 567 382; 566 381; 561 381; 560 380
110; 39 374; 38 375; 38 376; 37 377; 37 378; 36 379; 36 380; 35 381; 35 383; 34 384; 34 385; 33 386; 33 388; 32 389; 32 390; 31 391; 31 392; 30 393; 30 395; 29 396; 29 400; 28 401; 28 402; 24 406; 24 410; 25 411; 31 411; 32 410; 38 410; 39 409; 45 409; 47 411; 49 411; 50 410; 52 410; 52 409; 55 406; 57 406; 58 405; 62 405; 64 403; 64 400; 56 392; 56 391; 46 381; 46 380; 44 378; 44 377; 41 374
111; 796 389; 795 390; 793 390; 792 391; 782 391; 781 392; 779 392; 778 393; 776 393; 775 394; 763 394; 761 396; 761 397; 762 398; 763 398; 767 402; 767 403; 769 405; 769 406; 770 407; 770 408; 772 410; 772 411; 782 421; 782 422; 784 424; 784 425; 787 428; 789 428; 790 427; 790 426; 791 425; 791 420; 792 419; 792 417; 793 416; 793 415; 794 414; 794 413; 795 412; 795 411; 796 410; 796 409; 797 408; 797 407; 798 406; 798 404; 799 403; 799 402; 800 401; 800 400; 801 399; 801 396; 802 395; 802 390; 801 389
112; 838 389; 837 390; 837 391; 836 392; 836 393; 834 395; 834 396; 829 401; 829 402; 828 403; 828 405; 827 406; 827 407; 826 408; 826 409; 824 411; 824 412; 821 415; 821 416; 818 419; 818 423; 825 423; 826 424; 853 424; 854 423; 857 423; 859 421; 859 418; 855 414; 855 413; 853 411; 853 410; 852 409; 852 408; 851 407; 851 406; 850 405; 850 404; 847 401; 847 399; 846 398; 846 397; 845 396; 845 395; 843 393; 843 392; 842 391; 842 390; 841 389
113; 725 394; 724 395; 720 395; 719 396; 718 396; 717 397; 716 397; 715 398; 714 398; 713 399; 711 399; 710 400; 706 400; 705 401; 704 401; 703 402; 701 402; 700 403; 698 403; 697 404; 696 404; 695 405; 694 405; 693 406; 692 406; 691 407; 691 410; 692 411; 694 411; 695 412; 696 412; 702 418; 702 419; 707 424; 708 424; 709 425; 709 426; 712 429; 713 429; 718 434; 722 434; 723 433; 723 430; 724 429; 724 428; 725 427; 725 422; 726 421; 726 415; 727 414; 727 406; 728 405; 728 402; 729 401; 729 399; 730 398; 730 396; 728 394
114; 168 403; 167 404; 166 404; 165 405; 164 405; 163 406; 161 406; 160 407; 158 407; 157 408; 155 408; 154 409; 151 409; 150 410; 149 410; 148 411; 146 411; 145 412; 143 412; 142 413; 137 413; 136 414; 135 414; 135 416; 147 428; 147 429; 149 431; 149 432; 151 434; 152 434; 153 435; 154 435; 158 439; 159 439; 160 440; 160 441; 162 443; 167 443; 167 439; 168 438; 168 435; 169 434; 169 432; 170 431; 170 429; 171 428; 171 424; 170 423; 170 421; 171 420; 171 413; 172 412; 172 408; 173 407; 173 403
115; 867 412; 866 413; 866 415; 867 416; 867 417; 868 418; 868 419; 869 420; 869 428; 868 429; 868 433; 869 434; 869 435; 870 436; 870 437; 871 438; 871 441; 872 442; 872 449; 873 450; 873 451; 877 451; 882 446; 883 446; 885 444; 886 444; 895 435; 896 435; 904 427; 904 423; 902 423; 901 422; 900 422; 899 421; 897 421; 895 419; 892 419; 891 418; 889 418; 888 417; 887 417; 886 416; 885 416; 884 415; 881 415; 880 414; 876 414; 875 413; 873 413; 872 412
116; 416 407; 415 408; 415 409; 414 410; 414 414; 413 415; 413 417; 412 418; 412 419; 411 420; 411 422; 410 423; 410 424; 409 425; 409 426; 408 427; 408 428; 407 429; 407 433; 406 434; 406 437; 405 438; 405 439; 403 441; 403 442; 402 443; 402 445; 404 447; 406 447; 407 446; 408 446; 409 445; 420 445; 421 444; 427 444; 428 443; 431 443; 432 442; 435 442; 436 441; 441 441; 443 439; 443 437; 442 436; 442 435; 436 429; 436 428; 433 425; 433 424; 432 423; 432 422; 431 421; 431 420; 424 413; 424 412; 420 408; 420 407
117; 50 411; 49 412; 46 412; 46 413; 45 414; 45 415; 41 419; 40 419; 39 420; 38 420; 37 421; 36 421; 34 423; 33 423; 30 426; 29 426; 27 428; 26 428; 24 430; 23 430; 21 432; 20 432; 20 435; 21 436; 22 436; 23 437; 24 437; 25 438; 26 438; 27 439; 28 439; 31 442; 32 442; 35 445; 41 445; 42 446; 44 446; 45 447; 46 447; 47 448; 48 448; 49 449; 50 449; 53 452; 57 452; 57 445; 56 444; 56 438; 57 437; 57 433; 56 432; 56 431; 55 430; 55 426; 54 425; 54 413; 53 412; 53 411
118; 616 434; 614 436; 614 437; 613 438; 613 439; 603 449; 603 450; 602 451; 602 452; 601 453; 601 454; 600 455; 600 456; 599 457; 598 457; 594 461; 593 461; 592 462; 592 465; 595 465; 596 466; 601 466; 602 467; 605 467; 606 468; 609 468; 610 469; 614 469; 615 470; 619 470; 620 471; 624 471; 625 472; 632 472; 632 466; 631 465; 631 462; 630 461; 630 459; 629 458; 629 457; 628 456; 628 455; 627 454; 627 451; 626 450; 626 448; 625 447; 625 445; 624 444; 624 442; 623 441; 623 440; 622 439; 622 438; 621 437; 621 436; 619 434
119; 352 441; 349 444; 349 445; 344 450; 344 451; 340 455; 339 455; 338 456; 338 457; 337 458; 337 459; 335 461; 335 462; 332 465; 332 466; 329 469; 329 473; 330 474; 339 474; 340 475; 343 475; 344 476; 346 476; 347 477; 350 477; 351 478; 355 478; 356 479; 362 479; 363 480; 366 480; 367 479; 367 476; 366 475; 366 472; 365 471; 365 469; 364 468; 364 466; 363 465; 363 462; 362 461; 362 459; 361 458; 361 455; 360 454; 360 452; 359 451; 359 449; 358 448; 358 447; 357 446; 357 443; 355 441
120; 808 446; 807 447; 806 447; 805 448; 804 448; 803 449; 802 449; 799 452; 799 453; 796 456; 795 456; 794 457; 793 457; 791 459; 791 460; 790 461; 790 462; 789 463; 789 464; 784 469; 784 470; 783 471; 783 472; 781 474; 781 476; 782 477; 783 477; 784 478; 785 478; 786 479; 788 479; 789 480; 790 480; 791 481; 793 481; 794 482; 797 482; 798 483; 799 483; 800 484; 801 484; 802 485; 804 485; 805 486; 807 486; 808 487; 812 487; 812 485; 806 479; 805 479; 804 478; 803 478; 802 477; 802 474; 806 470; 806 469; 811 464; 811 463; 812 462; 812 460; 813 459; 813 456; 814 455; 814 447; 813 446
121; 162 444; 162 445; 161 446; 161 447; 158 450; 157 450; 157 451; 155 453; 154 453; 151 456; 150 456; 136 470; 136 472; 137 473; 138 473; 139 474; 141 474; 142 475; 146 475; 147 476; 148 476; 149 477; 150 477; 151 478; 152 478; 153 479; 154 479; 155 480; 156 480; 157 481; 158 481; 159 482; 161 482; 162 483; 164 483; 165 484; 166 484; 167 485; 172 485; 172 481; 171 480; 171 465; 170 464; 170 462; 169 461; 169 450; 168 449; 168 448; 167 447; 167 444
122; 72 448; 71 449; 70 449; 66 453; 65 453; 64 454; 62 454; 61 455; 58 455; 54 459; 53 459; 50 462; 49 462; 48 463; 47 463; 46 464; 44 464; 42 466; 41 466; 40 467; 40 469; 42 471; 43 471; 46 474; 48 474; 50 476; 51 476; 53 478; 54 478; 55 479; 56 479; 57 480; 59 480; 60 481; 61 481; 63 483; 64 483; 65 484; 66 484; 71 489; 72 489; 73 488; 74 488; 74 482; 73 481; 73 476; 74 475; 74 473; 75 472; 75 449; 74 448
123; 963 448; 962 449; 962 451; 961 452; 961 454; 960 455; 960 457; 959 458; 959 460; 958 461; 958 463; 957 464; 957 469; 956 470; 956 472; 955 473; 955 477; 954 478; 954 481; 952 483; 952 485; 953 486; 956 486; 957 485; 960 485; 961 484; 964 484; 965 483; 972 483; 973 482; 977 482; 978 481; 980 481; 981 480; 982 480; 983 479; 985 479; 986 478; 990 478; 990 475; 984 469; 984 468; 970 454; 970 453; 969 452; 969 451; 966 448
124; 551 462; 551 466; 552 467; 552 468; 553 469; 553 470; 554 471; 554 472; 555 473; 555 475; 556 476; 556 478; 557 479; 557 481; 558 482; 558 484; 559 485; 559 486; 560 487; 560 488; 562 490; 562 492; 563 493; 563 495; 564 496; 564 497; 565 498; 568 498; 570 496; 570 495; 572 493; 572 492; 575 489; 575 488; 580 483; 582 483; 582 478; 585 475; 585 474; 587 472; 588 472; 588 471; 589 470; 589 469; 590 468; 590 465; 586 465; 585 466; 579 466; 578 465; 574 465; 573 464; 570 464; 569 463; 565 463; 564 462
125; 656 454; 655 455; 655 456; 652 459; 652 460; 651 461; 650 461; 646 465; 645 465; 644 466; 643 466; 640 469; 640 470; 638 472; 637 472; 636 473; 634 473; 633 474; 633 475; 630 478; 630 480; 632 482; 634 482; 635 483; 637 483; 638 484; 639 484; 640 485; 642 485; 643 486; 644 486; 645 487; 646 487; 647 488; 649 488; 650 489; 652 489; 653 490; 656 490; 657 491; 658 491; 659 492; 660 492; 661 493; 662 493; 663 494; 667 494; 668 493; 668 490; 667 489; 667 487; 666 486; 666 479; 665 478; 665 477; 664 476; 664 469; 663 468; 663 466; 662 465; 662 462; 661 461; 661 455; 660 454
126; 926 460; 925 461; 924 461; 923 462; 921 462; 920 463; 919 463; 918 464; 916 464; 915 465; 912 465; 911 466; 909 466; 908 467; 907 467; 906 468; 904 468; 903 469; 901 469; 900 470; 899 470; 898 471; 897 471; 897 475; 898 475; 901 478; 902 478; 906 482; 907 482; 916 491; 917 491; 919 493; 920 493; 921 494; 921 495; 924 498; 925 498; 926 499; 927 499; 928 498; 928 489; 929 488; 929 485; 930 484; 930 483; 931 482; 931 476; 932 475; 932 469; 933 468; 933 467; 934 466; 934 465; 935 464; 935 461; 934 460
127; 833 473; 832 474; 819 474; 818 475; 818 477; 820 479; 820 480; 822 482; 822 483; 823 484; 823 485; 824 486; 824 487; 825 488; 825 489; 826 490; 826 492; 827 493; 827 494; 828 495; 828 497; 829 498; 829 499; 830 500; 830 501; 831 502; 831 503; 834 506; 834 507; 835 508; 838 508; 838 507; 839 506; 839 505; 841 503; 841 502; 843 500; 843 499; 849 493; 849 492; 850 491; 850 490; 851 489; 851 488; 852 487; 852 486; 853 485; 853 483; 854 482; 854 481; 856 479; 856 475; 851 475; 850 474; 840 474; 839 473
128; 620 476; 619 477; 615 477; 614 478; 607 478; 606 479; 601 479; 600 480; 598 480; 597 481; 595 481; 594 482; 592 482; 591 483; 587 483; 586 484; 585 484; 585 487; 587 489; 588 489; 592 493; 592 494; 595 497; 595 498; 598 501; 598 502; 601 505; 602 505; 603 506; 603 507; 607 511; 607 512; 609 514; 612 514; 612 513; 613 512; 613 509; 614 508; 614 506; 615 505; 615 504; 616 503; 616 502; 617 501; 617 500; 619 498; 619 497; 620 496; 620 487; 621 486; 621 484; 622 483; 622 482; 623 481; 623 477; 622 476
129; 1000 473; 996 477; 994 477; 993 478; 991 478; 991 481; 989 483; 989 484; 988 485; 987 485; 980 492; 979 492; 979 493; 975 497; 975 500; 976 501; 982 501; 983 502; 985 502; 986 503; 988 503; 990 505; 991 505; 994 508; 1003 508; 1004 509; 1005 509; 1006 510; 1007 510; 1008 511; 1012 511; 1012 504; 1011 503; 1011 500; 1010 499; 1010 496; 1009 495; 1009 493; 1008 492; 1008 489; 1007 488; 1007 486; 1008 485; 1008 483; 1004 479; 1004 474; 1003 473
130; 464 476; 463 477; 462 477; 461 478; 460 478; 459 479; 457 479; 456 480; 454 480; 453 481; 452 481; 451 482; 450 482; 449 483; 448 483; 447 484; 445 484; 444 485; 442 485; 440 487; 439 487; 438 488; 437 488; 432 493; 432 497; 434 499; 435 499; 436 500; 437 500; 439 502; 441 502; 442 503; 443 503; 444 504; 445 504; 447 506; 448 506; 453 511; 453 512; 454 513; 458 513; 459 514; 460 514; 461 515; 465 515; 465 506; 466 505; 466 502; 467 501; 467 492; 466 491; 466 485; 467 484; 467 476
131; 235 486; 234 487; 234 489; 235 490; 235 491; 236 492; 236 493; 237 494; 237 501; 238 502; 238 507; 239 508; 239 511; 240 512; 240 517; 241 518; 241 523; 242 524; 247 524; 248 523; 248 522; 252 518; 252 517; 253 516; 254 516; 258 512; 259 512; 266 505; 267 505; 269 503; 270 503; 272 501; 272 499; 271 498; 270 498; 269 497; 266 497; 265 496; 263 496; 261 494; 260 494; 257 491; 256 491; 255 490; 250 490; 249 489; 248 489; 247 488; 246 488; 245 487; 242 487; 241 486
132; 734 527; 744 537; 767 512; 766 508; 756 506; 751 501
133; 712 496; 699 514; 693 529; 716 531; 734 527
134; 734 527; 751 501; 712 496
135; 751 501; 767 483; 777 476; 777 473; 739 461; 732 460
136; 732 460; 728 458; 703 485; 711 491; 712 496; 751 501
137; 296 490; 295 491; 295 492; 294 493; 294 495; 292 497; 292 500; 294 502; 295 502; 296 503; 296 504; 297 505; 297 509; 298 510; 298 516; 299 517; 299 518; 300 519; 300 521; 301 522; 301 527; 302 528; 302 529; 305 529; 307 527; 308 527; 313 522; 314 522; 320 516; 321 516; 324 513; 325 513; 332 506; 332 504; 330 502; 329 502; 328 501; 326 501; 325 500; 324 500; 323 499; 322 499; 320 497; 319 497; 318 496; 316 496; 315 495; 311 495; 310 494; 308 494; 307 493; 305 493; 304 492; 302 492; 301 491; 299 491; 298 490
138; 946 488; 943 491; 942 491; 940 493; 939 493; 935 497; 934 497; 933 498; 932 498; 931 499; 928 499; 926 501; 926 502; 919 509; 918 509; 917 510; 917 513; 918 514; 920 514; 921 515; 924 515; 925 516; 926 516; 927 517; 928 517; 929 518; 930 518; 931 519; 932 519; 933 520; 933 521; 934 522; 934 523; 935 523; 936 524; 939 524; 940 523; 942 523; 943 524; 945 524; 946 525; 947 525; 948 526; 949 526; 950 527; 952 527; 953 526; 953 523; 952 522; 952 505; 951 504; 951 503; 950 502; 950 495; 949 494; 949 488
139; 73 489; 72 490; 71 490; 71 491; 67 495; 66 495; 65 496; 64 496; 63 497; 61 497; 60 498; 58 498; 57 499; 54 499; 53 500; 51 500; 48 503; 47 503; 45 505; 42 505; 41 506; 39 506; 39 509; 44 514; 45 514; 48 517; 49 517; 55 523; 56 523; 57 524; 58 524; 60 526; 61 526; 66 531; 69 531; 70 530; 70 526; 71 525; 71 522; 72 521; 72 518; 73 517; 73 516; 74 515; 74 509; 73 508; 73 503; 74 502; 74 498; 75 497; 75 490; 74 489
140; 418 499; 418 504; 419 505; 418 506; 418 522; 419 523; 419 527; 420 528; 420 533; 421 534; 421 538; 422 539; 422 540; 424 540; 427 543; 428 543; 428 538; 427 537; 427 535; 429 533; 430 533; 431 532; 432 532; 433 531; 434 531; 435 530; 436 530; 438 528; 439 528; 441 526; 442 526; 443 525; 444 525; 447 522; 448 522; 450 520; 451 520; 454 517; 454 514; 452 512; 451 513; 450 512; 448 512; 447 511; 446 511; 444 509; 443 509; 442 508; 441 508; 440 507; 439 507; 438 506; 437 506; 435 504; 433 504; 432 503; 429 503; 428 502; 427 502; 425 500; 424 500; 423 499
141; 289 498; 287 500; 286 500; 285 501; 284 501; 282 503; 281 503; 277 507; 276 507; 274 509; 273 509; 267 515; 266 515; 263 518; 262 518; 260 520; 260 522; 261 523; 262 523; 263 524; 265 524; 266 525; 268 525; 269 526; 270 526; 272 528; 273 528; 274 529; 275 529; 276 530; 277 530; 278 531; 282 531; 283 532; 285 532; 286 533; 289 533; 290 534; 292 534; 293 535; 297 535; 298 534; 298 532; 297 531; 297 530; 296 529; 296 525; 295 524; 295 513; 294 512; 294 511; 293 510; 293 508; 292 507; 292 505; 293 504; 293 502; 291 500; 291 498
142; 403 501; 403 502; 400 505; 399 505; 397 507; 396 507; 395 508; 394 508; 392 510; 391 510; 390 511; 389 511; 386 514; 385 514; 377 522; 376 522; 376 524; 378 526; 379 526; 380 527; 381 527; 383 529; 384 529; 385 530; 386 530; 387 531; 389 531; 390 532; 392 532; 393 533; 394 533; 395 534; 396 534; 397 535; 399 535; 400 536; 403 536; 404 537; 405 537; 406 538; 407 538; 408 539; 412 539; 413 538; 413 533; 412 532; 412 525; 411 524; 411 517; 410 516; 410 513; 409 512; 409 509; 408 508; 408 502; 407 501
143; 976 513; 976 516; 977 517; 977 518; 979 520; 979 521; 980 522; 980 523; 981 524; 981 525; 982 526; 982 528; 983 529; 983 531; 984 532; 984 533; 985 534; 985 535; 986 536; 986 537; 988 539; 988 540; 990 542; 990 543; 991 544; 991 545; 992 546; 992 547; 995 547; 995 546; 997 544; 997 543; 999 541; 1000 541; 1000 540; 1003 537; 1003 536; 1004 535; 1004 534; 1005 533; 1005 531; 1006 530; 1006 529; 1007 528; 1007 527; 1011 523; 1011 522; 1014 519; 1014 516; 1013 515; 1013 514; 1010 514; 1009 515; 1008 515; 1007 516; 1004 516; 1003 515; 998 515; 997 514; 996 514; 995 513
144; 644 514; 643 515; 643 517; 644 518; 644 520; 643 521; 643 524; 644 525; 644 534; 645 535; 645 539; 646 540; 646 545; 647 546; 647 549; 648 550; 648 552; 651 552; 653 550; 654 550; 656 548; 657 548; 658 547; 659 547; 660 546; 661 546; 665 542; 666 542; 671 537; 672 537; 674 535; 675 535; 676 534; 677 534; 679 532; 679 529; 678 528; 674 528; 673 527; 671 527; 669 525; 668 525; 667 524; 666 524; 661 519; 658 519; 657 518; 654 518; 653 517; 652 517; 651 516; 650 516; 648 514
145; 835 513; 834 514; 834 515; 833 516; 833 517; 831 519; 831 520; 828 523; 827 523; 827 524; 825 526; 825 527; 822 530; 822 531; 818 535; 818 536; 817 537; 817 538; 814 541; 814 544; 815 545; 817 545; 818 546; 826 546; 827 547; 831 547; 832 548; 843 548; 844 549; 846 549; 847 550; 849 550; 850 549; 851 549; 851 547; 850 546; 850 545; 849 544; 849 543; 848 542; 848 539; 847 538; 847 535; 846 534; 846 529; 845 528; 845 527; 842 524; 842 523; 841 522; 841 521; 840 520; 840 517; 839 516; 839 514; 838 513
146; 131 519; 131 525; 132 526; 132 545; 133 546; 133 557; 137 557; 138 556; 139 556; 141 554; 142 554; 144 552; 145 552; 146 551; 149 551; 150 550; 151 550; 158 543; 159 543; 161 541; 162 541; 163 540; 165 540; 166 539; 166 536; 164 534; 163 534; 162 533; 161 533; 160 532; 159 532; 158 531; 156 531; 154 529; 153 529; 152 528; 151 528; 149 526; 148 526; 146 524; 144 524; 143 523; 142 523; 141 522; 139 522; 138 521; 137 521; 135 519
147; 766 519; 764 521; 764 522; 758 528; 757 528; 756 529; 756 531; 750 537; 745 537; 744 538; 742 538; 742 541; 741 542; 740 542; 740 543; 741 544; 741 545; 742 546; 746 546; 747 547; 748 547; 749 548; 750 548; 751 549; 753 549; 754 550; 755 550; 756 551; 757 551; 758 552; 759 552; 760 553; 763 553; 764 552; 766 552; 767 553; 769 553; 770 554; 773 554; 774 555; 776 555; 777 556; 780 556; 781 555; 781 552; 780 551; 780 549; 779 548; 779 546; 778 545; 778 542; 777 541; 777 538; 776 537; 776 536; 775 535; 775 534; 774 533; 774 531; 773 530; 773 525; 772 524; 772 523; 771 522; 771 521; 769 519
148; 933 524; 931 526; 930 526; 929 527; 927 527; 926 528; 917 528; 916 529; 915 529; 913 531; 911 531; 910 532; 904 532; 903 533; 900 533; 899 534; 899 536; 900 537; 901 537; 907 543; 907 544; 925 562; 926 562; 926 561; 928 559; 928 555; 929 554; 929 552; 930 551; 930 549; 931 548; 931 547; 932 546; 932 543; 933 542; 933 540; 934 539; 934 534; 935 533; 935 530; 936 529; 936 528; 937 527; 937 525; 936 525; 935 524
149; 459 522; 458 523; 457 523; 455 525; 454 525; 453 526; 451 526; 450 527; 448 527; 446 529; 445 529; 444 530; 443 530; 442 531; 441 531; 440 532; 439 532; 438 533; 437 533; 435 535; 434 535; 432 537; 431 537; 430 538; 429 538; 429 543; 430 543; 432 545; 433 545; 434 546; 435 546; 436 547; 437 547; 438 548; 439 548; 443 552; 444 552; 446 554; 447 554; 448 555; 449 555; 450 556; 451 556; 453 558; 454 558; 455 559; 456 559; 457 560; 459 560; 460 561; 461 561; 462 562; 463 562; 463 561; 464 560; 464 557; 463 557; 462 556; 462 555; 461 554; 461 548; 462 547; 462 544; 463 543; 463 538; 462 537; 462 522
150; 322 524; 299 547; 298 547; 298 551; 300 551; 301 552; 303 552; 304 553; 308 553; 309 554; 311 554; 312 555; 313 555; 314 556; 315 556; 316 557; 318 557; 319 558; 322 558; 323 559; 326 559; 327 560; 329 560; 330 561; 331 561; 332 562; 334 562; 335 561; 335 558; 334 557; 334 556; 333 555; 333 553; 332 552; 332 550; 331 549; 331 540; 330 539; 330 538; 329 537; 329 535; 328 534; 328 532; 327 531; 327 528; 326 527; 326 525; 325 524
151; 249 526; 249 535; 248 536; 248 544; 249 545; 249 549; 248 550; 248 565; 251 565; 252 564; 253 564; 254 563; 256 563; 257 562; 262 562; 264 560; 264 559; 267 556; 268 556; 271 553; 272 553; 273 552; 274 552; 275 551; 276 551; 277 550; 278 550; 279 549; 281 549; 282 548; 282 546; 278 542; 277 542; 276 541; 275 541; 274 540; 273 540; 268 535; 267 535; 266 534; 265 534; 264 533; 261 533; 260 532; 259 532; 258 531; 257 531; 254 528; 253 528; 251 526
152; 22 532; 21 533; 21 537; 22 538; 22 540; 23 541; 23 543; 24 544; 24 548; 25 549; 25 554; 27 556; 27 557; 28 558; 28 559; 29 560; 29 561; 30 562; 30 565; 31 566; 31 568; 32 569; 35 569; 42 562; 42 561; 48 555; 48 554; 50 552; 50 551; 52 549; 52 548; 58 542; 58 540; 57 539; 51 539; 50 538; 45 538; 44 537; 42 537; 41 536; 38 536; 37 535; 34 535; 33 534; 31 534; 30 533; 25 533; 24 532
153; 501 531; 501 537; 502 538; 502 557; 503 558; 503 559; 504 560; 504 568; 503 569; 503 570; 505 572; 507 570; 508 570; 511 567; 512 567; 516 563; 517 563; 518 562; 519 562; 521 560; 522 560; 523 559; 524 559; 533 550; 534 550; 536 548; 536 546; 535 545; 532 545; 531 544; 530 544; 529 543; 528 543; 527 542; 526 542; 525 541; 524 541; 523 540; 522 540; 521 539; 520 539; 519 538; 518 538; 517 537; 516 537; 515 536; 514 536; 513 535; 510 535; 508 533; 507 533; 505 531
154; 700 534; 700 538; 701 539; 701 540; 702 541; 702 544; 703 545; 703 546; 704 547; 704 548; 705 549; 705 552; 706 553; 706 555; 707 556; 707 558; 708 559; 708 561; 709 562; 709 564; 710 565; 710 568; 711 569; 711 571; 712 572; 715 572; 717 570; 717 569; 727 559; 727 558; 729 556; 729 555; 730 554; 730 553; 731 552; 731 551; 734 548; 735 548; 737 546; 739 546; 740 545; 740 544; 739 543; 739 542; 737 542; 736 541; 731 541; 730 540; 728 540; 727 539; 725 539; 724 538; 721 538; 720 537; 717 537; 716 536; 713 536; 712 535; 709 535; 708 534
155; 371 538; 371 544; 372 545; 372 546; 373 547; 373 552; 374 553; 374 561; 375 562; 375 563; 376 564; 376 567; 377 568; 377 571; 378 572; 378 575; 379 576; 382 576; 390 568; 391 568; 393 566; 394 566; 404 556; 404 555; 407 552; 407 549; 406 548; 404 548; 403 547; 400 547; 399 546; 397 546; 396 545; 394 545; 393 544; 390 544; 389 543; 388 543; 387 542; 386 542; 385 541; 382 541; 381 540; 377 540; 376 539; 375 539; 374 538
156; 1000 558; 992 551; 986 552; 962 545; 965 569; 962 571; 962 575; 968 579; 970 584; 989 569; 1008 576; 1023 578; 1023 571; 1008 570; 1003 566
157; 1003 566; 1013 556; 1015 556; 1018 561; 1023 559; 1023 542; 1017 542; 1012 549; 1000 558
158; 941 542; 940 543; 940 544; 939 545; 939 547; 938 548; 938 549; 937 550; 937 552; 934 555; 934 556; 933 557; 933 558; 932 559; 929 559; 927 561; 927 563; 928 564; 928 565; 929 566; 929 567; 928 568; 928 570; 927 571; 927 572; 926 573; 926 576; 927 577; 927 579; 928 578; 930 578; 931 577; 933 577; 934 578; 939 578; 940 577; 944 577; 945 576; 949 576; 950 575; 961 575; 961 570; 960 569; 960 568; 959 567; 959 566; 957 564; 957 563; 956 562; 956 560; 955 559; 955 557; 945 547; 945 545; 944 544; 944 543; 943 542
159; 74 546; 72 548; 71 548; 70 549; 69 549; 68 550; 67 550; 65 552; 64 552; 63 553; 62 553; 61 554; 60 554; 59 555; 58 555; 52 561; 51 561; 49 563; 47 563; 46 564; 45 564; 45 567; 47 569; 48 569; 49 570; 50 570; 52 572; 53 572; 54 573; 55 573; 56 574; 57 574; 58 575; 59 575; 61 577; 62 577; 63 578; 65 578; 66 579; 67 579; 68 580; 69 580; 70 581; 71 581; 73 583; 74 583; 76 585; 77 585; 79 583; 80 583; 80 581; 79 580; 79 565; 78 564; 78 559; 77 558; 77 546
160; 175 547; 172 550; 171 550; 170 551; 168 551; 167 552; 164 552; 163 553; 161 553; 160 554; 159 554; 157 556; 156 556; 154 558; 153 558; 152 559; 151 559; 150 560; 149 560; 148 561; 147 561; 146 562; 145 562; 144 563; 144 565; 146 567; 147 567; 148 568; 149 568; 150 569; 151 569; 153 571; 154 571; 156 573; 157 573; 164 580; 165 580; 168 583; 169 583; 172 586; 176 586; 177 585; 177 583; 178 582; 178 581; 181 578; 181 573; 180 573; 179 572; 179 567; 178 566; 178 552; 179 551; 179 547
161; 421 541; 421 542; 420 543; 420 544; 419 545; 419 546; 418 547; 418 548; 416 550; 416 551; 415 552; 415 553; 414 554; 414 555; 413 556; 413 557; 411 559; 411 560; 410 561; 410 562; 408 564; 408 565; 407 566; 407 568; 406 569; 406 570; 405 571; 405 572; 403 574; 403 577; 404 577; 405 578; 409 578; 410 577; 441 577; 442 576; 442 573; 441 572; 441 571; 440 570; 440 569; 437 566; 437 565; 435 563; 435 562; 434 561; 434 558; 429 553; 429 552; 427 550; 427 549; 426 548; 426 543; 424 541
162; 206 549; 203 552; 202 552; 200 554; 200 555; 196 559; 195 559; 192 562; 192 563; 182 573; 182 578; 183 579; 185 579; 186 580; 188 580; 189 581; 194 581; 195 582; 199 582; 200 583; 203 583; 204 584; 206 584; 207 583; 208 584; 214 584; 215 585; 221 585; 222 584; 222 582; 221 581; 221 580; 219 578; 219 577; 218 576; 218 575; 217 574; 217 571; 216 570; 216 568; 215 567; 215 565; 214 564; 214 563; 213 562; 213 560; 212 559; 212 557; 211 556; 211 554; 210 553; 210 551; 208 549
163; 297 557; 296 558; 291 558; 290 559; 286 559; 285 560; 278 560; 277 561; 271 561; 270 562; 266 562; 265 561; 264 561; 262 563; 262 565; 265 568; 265 569; 267 571; 267 572; 269 574; 269 575; 272 578; 272 581; 276 585; 277 585; 278 586; 278 587; 280 589; 280 590; 284 594; 288 594; 289 593; 289 589; 290 588; 290 587; 291 586; 291 585; 293 583; 293 582; 294 581; 294 579; 295 578; 295 574; 296 573; 296 572; 297 571; 297 569; 298 568; 298 567; 299 566; 299 563; 300 562; 300 561; 301 560; 301 558; 300 557
164; 465 558; 465 560; 464 561; 464 563; 465 564; 465 565; 466 566; 466 568; 467 569; 467 575; 466 576; 466 584; 467 585; 467 593; 468 594; 468 596; 473 596; 475 594; 477 594; 479 592; 480 592; 486 586; 487 586; 490 583; 491 583; 495 579; 496 579; 498 577; 500 577; 501 576; 502 576; 502 575; 504 573; 504 572; 502 570; 501 571; 500 571; 499 570; 497 570; 496 569; 495 569; 494 568; 491 568; 490 567; 489 567; 488 566; 487 566; 484 563; 483 563; 482 562; 477 562; 476 561; 473 561; 472 560; 470 560; 469 559; 466 559
165; 916 563; 915 564; 914 564; 913 565; 912 565; 911 566; 910 566; 908 568; 907 568; 897 578; 896 578; 887 587; 887 589; 888 590; 889 590; 890 591; 893 591; 894 592; 895 592; 896 593; 898 593; 899 594; 901 594; 902 595; 904 595; 905 596; 909 596; 910 597; 915 597; 916 598; 918 598; 921 601; 925 601; 925 595; 924 594; 924 590; 923 589; 923 586; 922 585; 922 584; 923 583; 923 581; 924 580; 925 580; 926 579; 926 577; 925 576; 925 574; 924 575; 922 575; 920 573; 920 571; 919 570; 919 565; 918 564; 918 563
166; 704 572; 694 582; 693 582; 691 584; 690 584; 688 586; 688 587; 687 588; 687 590; 686 591; 686 592; 685 593; 685 594; 680 599; 680 602; 681 603; 688 603; 689 604; 692 604; 693 605; 696 605; 697 606; 702 606; 703 607; 706 607; 707 608; 709 608; 710 609; 713 609; 714 610; 718 610; 718 604; 717 603; 717 601; 716 600; 716 596; 715 595; 715 592; 714 591; 714 590; 713 589; 713 587; 712 586; 712 585; 711 584; 711 583; 710 582; 710 581; 709 580; 709 577; 708 576; 708 573; 707 572
167; 985 577; 984 578; 984 586; 985 587; 985 592; 986 593; 986 595; 987 596; 987 597; 988 598; 988 599; 989 600; 989 601; 990 602; 990 603; 991 604; 991 605; 992 606; 992 608; 993 609; 993 611; 994 612; 994 615; 995 616; 998 616; 999 615; 999 614; 1001 612; 1001 611; 1007 605; 1008 605; 1009 604; 1010 604; 1014 600; 1014 599; 1015 598; 1015 596; 1016 595; 1016 594; 1017 593; 1018 593; 1019 592; 1020 593; 1023 593; 1023 584; 1013 584; 1012 583; 1008 583; 1007 582; 1003 582; 1002 581; 999 581; 998 580; 996 580; 995 579; 992 579; 991 578; 989 578; 988 577
168; 305 574; 304 575; 304 577; 303 578; 303 580; 302 581; 302 583; 301 584; 301 585; 300 586; 300 587; 299 588; 299 589; 297 591; 297 592; 296 593; 296 596; 295 597; 295 599; 294 600; 294 602; 292 604; 292 605; 291 606; 291 609; 292 610; 294 610; 295 609; 297 609; 298 608; 313 608; 314 607; 320 607; 321 606; 323 606; 324 607; 330 607; 330 603; 329 602; 329 600; 328 599; 328 598; 326 596; 326 595; 324 593; 324 592; 320 588; 320 587; 309 576; 309 575; 308 574
169; 92 579; 91 580; 90 580; 88 582; 87 582; 85 584; 84 584; 83 585; 82 584; 79 584; 77 586; 77 589; 75 591; 74 591; 72 593; 71 593; 69 595; 67 595; 65 597; 64 597; 62 599; 62 602; 63 602; 64 603; 66 603; 67 604; 68 604; 70 606; 71 606; 73 608; 74 608; 76 610; 77 610; 78 611; 78 612; 79 612; 81 614; 81 617; 86 617; 87 616; 91 616; 92 617; 94 617; 95 618; 97 618; 98 617; 98 611; 97 610; 97 605; 96 604; 96 602; 97 601; 97 588; 96 587; 96 581; 95 580; 95 579
170; 636 585; 635 586; 635 589; 636 590; 636 592; 637 593; 637 595; 638 596; 638 600; 639 601; 639 609; 640 610; 640 612; 641 613; 641 615; 642 616; 642 624; 645 624; 653 616; 654 616; 657 613; 658 613; 660 611; 661 611; 662 610; 663 610; 663 606; 662 605; 662 602; 663 601; 664 601; 665 602; 666 601; 668 601; 669 600; 671 600; 671 598; 668 595; 667 595; 666 594; 663 594; 662 593; 661 593; 659 591; 658 591; 657 590; 651 590; 650 589; 648 589; 647 588; 646 588; 645 587; 644 587; 643 586; 641 586; 640 585
171; 784 598; 783 599; 777 599; 776 600; 772 600; 771 601; 763 601; 762 602; 762 605; 766 609; 766 610; 769 613; 769 614; 772 617; 772 618; 773 619; 773 620; 775 622; 775 623; 779 627; 779 628; 781 630; 781 631; 782 632; 782 633; 783 634; 786 634; 786 633; 787 632; 787 631; 788 630; 788 628; 789 627; 789 626; 790 625; 790 624; 792 622; 792 621; 795 618; 795 617; 796 616; 796 613; 797 612; 797 610; 798 609; 798 608; 799 607; 799 606; 800 605; 800 604; 801 603; 801 599; 800 598
172; 493 591; 490 594; 490 595; 486 599; 485 599; 483 601; 482 601; 477 606; 477 607; 474 610; 473 610; 469 614; 468 614; 466 616; 466 618; 467 619; 469 619; 470 620; 473 620; 474 621; 476 621; 477 622; 478 622; 479 623; 480 623; 481 624; 482 624; 483 625; 484 625; 485 626; 488 626; 489 625; 490 625; 492 623; 493 623; 494 622; 496 622; 500 618; 501 618; 502 617; 501 616; 501 609; 499 607; 499 604; 498 603; 498 595; 497 594; 497 592; 496 591
173; 44 628; 59 640; 60 643; 71 642; 75 645; 77 652; 80 652; 80 649; 84 642; 84 632; 86 623; 85 618; 72 620; 70 618
174; 70 618; 70 614; 59 603; 43 591; 40 591; 38 605; 35 612; 32 615; 33 620; 35 622; 34 629; 39 630; 44 628
175; 424 597; 422 599; 421 599; 419 601; 418 601; 415 604; 414 604; 413 605; 412 605; 411 606; 410 606; 408 608; 407 608; 406 609; 405 609; 403 611; 402 611; 399 614; 397 614; 396 615; 395 615; 394 616; 394 619; 395 620; 398 620; 399 621; 400 621; 401 622; 402 622; 406 626; 406 627; 409 630; 410 630; 411 631; 413 631; 414 632; 415 632; 416 633; 418 633; 419 634; 421 634; 423 636; 424 636; 425 637; 427 637; 429 635; 429 626; 428 625; 428 602; 429 601; 429 598; 428 597
176; 669 601; 668 602; 666 602; 666 605; 665 606; 665 607; 664 608; 664 612; 665 613; 665 617; 664 618; 664 624; 665 625; 665 631; 664 632; 664 634; 663 635; 663 640; 664 641; 666 641; 667 640; 668 640; 669 639; 670 639; 671 638; 673 638; 674 637; 675 637; 676 636; 677 636; 678 635; 679 635; 680 634; 682 634; 683 633; 684 633; 685 632; 687 632; 688 631; 690 631; 691 632; 693 630; 695 630; 696 629; 701 629; 700 628; 700 627; 703 624; 703 623; 702 622; 702 621; 698 621; 697 620; 696 620; 689 613; 688 613; 686 611; 685 611; 683 609; 682 609; 680 607; 679 607; 678 606; 677 606; 676 605; 675 605; 672 602; 672 601
177; 384 601; 380 605; 379 605; 378 606; 377 606; 376 607; 375 607; 374 608; 373 608; 372 609; 371 609; 368 612; 367 612; 365 614; 364 614; 362 616; 361 616; 359 618; 358 618; 357 619; 355 619; 354 620; 354 624; 355 624; 356 625; 357 625; 358 626; 359 626; 360 627; 361 627; 363 629; 364 629; 366 631; 367 631; 371 635; 374 635; 375 636; 378 636; 379 637; 381 637; 382 638; 383 638; 385 640; 389 640; 390 639; 390 637; 389 636; 389 625; 388 624; 388 616; 387 615; 387 610; 388 609; 388 604; 387 603; 387 601
178; 736 604; 734 606; 732 606; 731 607; 730 607; 728 609; 727 609; 726 610; 725 610; 724 611; 722 611; 721 612; 720 612; 717 615; 716 615; 715 616; 714 616; 713 617; 711 617; 710 618; 709 618; 708 619; 707 619; 706 620; 705 620; 704 621; 703 621; 703 622; 704 623; 704 624; 707 624; 708 625; 709 625; 710 626; 711 626; 714 629; 715 629; 720 634; 721 634; 722 635; 723 635; 725 637; 726 637; 728 639; 729 639; 730 640; 731 640; 734 643; 735 643; 736 644; 737 644; 738 645; 739 645; 740 644; 740 641; 739 640; 739 638; 738 637; 738 635; 739 634; 739 631; 740 630; 740 604
179; 27 615; 26 616; 23 616; 22 617; 15 617; 14 618; 11 618; 10 619; 6 619; 5 620; 0 620; 0 633; 1 633; 5 637; 5 638; 6 639; 6 640; 7 641; 8 641; 10 643; 11 643; 18 650; 18 651; 21 651; 24 648; 24 646; 25 645; 25 642; 26 641; 26 637; 27 636; 27 633; 28 632; 28 630; 29 629; 29 628; 30 627; 30 623; 32 621; 32 618; 31 617; 31 615
180; 240 608; 239 609; 239 616; 238 617; 238 621; 237 622; 237 630; 236 631; 236 636; 235 637; 235 641; 234 642; 234 646; 235 647; 237 647; 238 646; 240 646; 241 645; 242 645; 243 644; 246 644; 247 643; 249 643; 250 642; 252 642; 253 641; 255 641; 256 640; 257 640; 258 639; 259 639; 261 637; 262 637; 263 636; 265 636; 267 634; 269 634; 270 633; 271 633; 272 632; 272 630; 270 628; 269 628; 268 627; 267 627; 266 626; 265 626; 259 620; 258 620; 256 618; 255 618; 253 616; 252 616; 250 614; 249 614; 243 608
181; 516 609; 513 612; 513 613; 509 617; 508 617; 506 619; 504 619; 503 618; 502 618; 501 619; 500 619; 496 623; 496 625; 494 627; 493 627; 492 628; 490 628; 488 630; 488 633; 489 634; 491 634; 492 635; 493 635; 496 638; 496 641; 498 641; 499 642; 501 642; 502 641; 503 641; 504 642; 505 642; 506 643; 507 643; 508 644; 510 644; 511 645; 513 645; 514 646; 515 646; 516 647; 518 647; 519 648; 520 648; 521 649; 522 649; 523 650; 523 647; 524 646; 524 641; 523 640; 523 634; 524 633; 524 628; 523 627; 523 624; 522 623; 522 621; 521 620; 521 616; 520 615; 520 614; 521 613; 521 610; 520 609
182; 460 627; 459 628; 458 628; 457 629; 456 629; 455 630; 453 630; 452 631; 451 631; 450 632; 449 632; 448 633; 446 633; 445 634; 443 634; 441 636; 440 636; 438 638; 437 638; 436 639; 434 639; 433 640; 430 640; 428 642; 428 645; 429 646; 430 646; 431 647; 432 647; 434 649; 435 649; 443 657; 444 657; 445 658; 446 658; 447 659; 448 659; 450 661; 451 661; 453 663; 454 663; 457 666; 460 666; 461 665; 461 660; 462 659; 462 654; 463 653; 463 650; 464 649; 464 645; 463 644; 463 632; 464 631; 464 627
183; 1018 623; 1017 624; 1017 625; 1015 627; 1015 628; 1011 632; 1010 632; 1009 633; 1008 633; 1006 635; 1005 635; 1004 636; 1004 637; 996 645; 995 645; 992 648; 992 650; 993 651; 994 651; 995 652; 1002 652; 1003 653; 1004 653; 1005 654; 1006 654; 1007 655; 1009 655; 1010 656; 1013 656; 1014 657; 1015 657; 1016 658; 1017 658; 1018 659; 1023 659; 1023 652; 1016 652; 1014 650; 1013 650; 1012 649; 1010 649; 1007 646; 1007 645; 1008 644; 1008 643; 1011 640; 1011 639; 1012 638; 1013 638; 1014 637; 1015 637; 1017 639; 1017 640; 1018 641; 1021 641; 1023 639; 1023 623
184; 638 636; 637 637; 636 637; 636 638; 634 640; 634 641; 633 642; 633 643; 628 648; 628 649; 625 652; 625 653; 622 656; 622 657; 620 659; 620 660; 617 663; 617 664; 616 665; 616 668; 617 668; 618 669; 627 669; 628 670; 632 670; 633 671; 634 671; 635 672; 644 672; 645 673; 646 673; 647 674; 653 674; 654 673; 654 671; 653 670; 653 668; 652 667; 652 665; 651 664; 651 662; 650 661; 650 659; 649 658; 649 656; 648 655; 648 654; 647 653; 647 650; 646 649; 646 648; 645 647; 645 646; 644 645; 644 644; 643 643; 643 642; 642 641; 642 639; 641 638; 641 637; 640 636
185; 23 660; 5 646; 0 646; 0 683; 9 679; 18 668; 26 667; 25 665; 27 662
186; 27 662; 31 663; 40 673; 44 675; 45 678; 56 678; 57 670; 61 664; 60 656; 62 652; 62 644; 59 644; 53 648; 36 652; 23 660
187; 495 642; 495 643; 494 644; 494 645; 491 648; 491 649; 488 652; 488 653; 487 654; 487 655; 486 656; 486 657; 485 658; 485 659; 483 661; 483 662; 482 663; 482 664; 480 666; 480 667; 476 671; 476 674; 477 675; 479 675; 480 676; 481 676; 482 677; 482 678; 481 679; 480 679; 480 681; 481 682; 481 683; 483 683; 484 684; 484 682; 489 677; 491 677; 492 676; 495 676; 496 675; 500 675; 501 676; 507 676; 508 677; 511 677; 512 678; 514 678; 515 677; 515 675; 513 673; 513 672; 511 670; 511 668; 510 667; 510 664; 509 663; 509 660; 508 659; 508 657; 507 656; 507 655; 505 653; 505 652; 503 650; 503 649; 502 648; 502 647; 501 646; 501 643; 499 643; 498 642
188; 741 644; 739 646; 739 647; 740 648; 740 650; 741 651; 740 652; 740 654; 738 656; 738 658; 740 660; 741 660; 743 662; 743 669; 744 670; 744 681; 745 682; 744 683; 744 684; 745 685; 749 685; 753 681; 754 681; 757 678; 758 678; 760 676; 761 676; 765 672; 766 672; 768 670; 768 669; 771 666; 772 666; 774 664; 775 664; 776 663; 777 663; 777 660; 776 659; 775 659; 774 658; 771 658; 770 657; 769 657; 768 656; 767 656; 766 655; 765 655; 761 651; 760 651; 759 650; 753 650; 752 649; 750 649; 749 648; 748 648; 747 647; 746 647; 745 646; 744 646; 743 645; 742 645
189; 851 643; 850 644; 850 668; 851 669; 851 673; 850 674; 850 679; 851 680; 851 681; 852 682; 854 682; 857 679; 858 679; 860 677; 862 677; 863 676; 865 676; 866 675; 868 675; 869 674; 870 674; 872 672; 873 672; 875 670; 876 670; 880 666; 881 666; 882 665; 883 665; 884 664; 884 661; 883 660; 882 660; 881 659; 880 659; 879 658; 878 658; 877 657; 876 657; 875 656; 874 656; 873 655; 872 655; 870 653; 869 653; 866 650; 865 650; 864 649; 863 649; 861 647; 860 647; 859 646; 858 646; 857 645; 856 645; 854 643
190; 525 642; 525 646; 524 647; 524 651; 525 652; 525 653; 526 654; 526 662; 525 663; 525 664; 524 665; 524 670; 525 671; 525 675; 524 676; 524 679; 523 680; 523 682; 526 685; 529 682; 530 682; 531 681; 532 681; 533 680; 535 680; 536 679; 538 679; 539 678; 540 678; 541 677; 542 677; 543 676; 545 676; 546 675; 547 675; 548 674; 549 674; 550 673; 551 673; 552 672; 553 672; 554 671; 555 671; 557 669; 558 669; 559 668; 559 665; 558 665; 557 664; 556 664; 551 659; 550 659; 548 657; 547 657; 544 654; 543 654; 541 652; 540 652; 537 649; 536 649; 535 648; 534 648; 531 645; 530 645; 529 644; 528 644; 527 643; 526 643
191; 564 646; 563 647; 563 653; 564 654; 564 656; 565 657; 565 683; 566 684; 566 686; 570 686; 574 682; 575 682; 577 680; 578 680; 579 679; 582 679; 583 678; 584 678; 587 675; 587 674; 588 673; 589 673; 592 670; 593 670; 595 668; 596 668; 599 665; 599 663; 598 663; 597 662; 596 662; 595 661; 593 661; 590 658; 589 658; 587 656; 586 656; 585 655; 584 655; 583 654; 581 654; 580 653; 579 653; 578 652; 576 652; 575 651; 573 651; 571 649; 570 649; 567 646
192; 78 653; 78 655; 73 660; 71 660; 70 661; 67 661; 66 662; 65 662; 64 663; 64 665; 65 665; 66 666; 67 666; 68 667; 69 667; 77 675; 77 676; 78 677; 78 678; 80 680; 80 681; 86 687; 86 688; 87 689; 87 690; 88 690; 89 691; 91 691; 91 690; 92 689; 92 688; 93 687; 93 684; 94 683; 94 680; 95 679; 95 677; 96 676; 96 675; 97 674; 97 672; 98 671; 98 668; 99 667; 99 665; 100 664; 100 663; 101 662; 101 660; 102 659; 102 658; 103 657; 103 653; 99 653; 98 654; 96 654; 95 655; 92 655; 91 656; 85 656; 84 655; 83 655; 82 654; 81 654; 80 653
193; 696 666; 695 673; 697 675; 698 682; 707 680; 719 688; 743 691; 744 685; 740 683; 740 671; 738 665; 739 660; 737 656; 733 659; 728 656
194; 728 656; 732 653; 732 649; 723 644; 717 638; 702 630; 693 631; 685 642; 682 650; 679 653; 679 656; 683 656; 689 652; 691 653; 696 666
195; 165 656; 164 657; 164 660; 165 661; 165 664; 166 665; 166 672; 165 673; 165 680; 166 681; 166 683; 167 684; 167 687; 166 688; 166 695; 169 695; 170 694; 171 694; 173 692; 174 692; 176 690; 177 690; 178 689; 179 689; 181 687; 182 687; 183 686; 184 686; 185 685; 186 685; 187 684; 188 684; 189 683; 190 683; 192 681; 193 681; 199 675; 199 673; 198 672; 196 672; 195 671; 194 671; 192 669; 191 669; 190 668; 189 668; 187 666; 186 666; 185 665; 184 665; 183 664; 182 664; 181 663; 180 663; 179 662; 178 662; 177 661; 175 661; 174 660; 173 660; 172 659; 171 659; 169 657; 168 657; 167 656
196; 668 660; 667 661; 667 669; 666 670; 666 676; 665 677; 665 690; 664 691; 664 698; 665 699; 668 699; 669 698; 670 698; 672 696; 673 696; 674 695; 676 695; 677 694; 678 694; 679 693; 684 693; 685 692; 686 692; 688 690; 689 690; 691 688; 692 688; 697 683; 697 678; 696 677; 696 675; 695 674; 692 674; 691 673; 690 673; 689 672; 688 672; 687 671; 686 671; 685 670; 684 670; 682 668; 681 668; 679 666; 679 665; 678 665; 675 662; 674 662; 673 661; 672 661; 671 660
197; 990 675; 989 676; 989 678; 990 679; 990 685; 991 686; 991 696; 992 697; 992 699; 993 700; 993 701; 994 702; 994 704; 995 705; 995 710; 996 711; 996 712; 997 713; 1001 713; 1001 712; 1002 711; 1003 711; 1004 710; 1004 709; 1009 704; 1010 704; 1012 702; 1013 702; 1015 700; 1015 699; 1017 697; 1023 697; 1023 684; 1019 684; 1018 683; 1015 683; 1014 682; 1012 682; 1011 681; 1009 681; 1008 680; 1005 680; 1004 679; 1000 679; 999 678; 997 678; 996 677; 995 677; 993 675
198; 25 668; 24 669; 23 669; 24 670; 24 672; 23 673; 23 674; 21 676; 20 676; 18 678; 16 678; 15 679; 14 679; 13 680; 12 680; 10 682; 9 682; 8 683; 7 683; 7 684; 3 688; 2 688; 1 689; 0 689; 0 698; 1 699; 3 699; 6 702; 7 702; 8 703; 9 703; 10 704; 11 704; 12 705; 14 705; 15 706; 16 706; 17 707; 18 707; 19 708; 20 708; 22 710; 23 710; 24 711; 25 711; 27 713; 29 713; 31 711; 31 704; 30 703; 30 689; 29 688; 29 686; 28 685; 28 680; 27 679; 27 675; 28 674; 28 673; 29 672; 29 670; 27 668
199; 35 674; 34 675; 34 682; 33 683; 33 689; 34 690; 34 692; 35 693; 35 695; 36 696; 36 698; 37 699; 37 702; 38 703; 38 707; 39 708; 39 713; 40 714; 40 715; 43 715; 45 713; 46 713; 46 712; 49 709; 49 708; 52 705; 53 705; 54 704; 56 704; 57 703; 58 703; 59 702; 60 702; 62 700; 63 700; 64 699; 65 699; 66 698; 66 695; 65 694; 64 694; 63 693; 62 693; 61 692; 60 692; 55 687; 55 681; 56 680; 56 679; 43 679; 40 676; 39 676; 37 674
200; 488 679; 485 682; 485 685; 486 686; 486 687; 487 688; 487 689; 488 690; 488 691; 489 692; 489 694; 490 695; 490 697; 491 698; 491 700; 492 701; 492 703; 493 704; 493 706; 494 707; 494 709; 495 710; 495 714; 496 715; 496 717; 500 717; 501 716; 501 715; 506 710; 507 710; 512 705; 513 705; 517 701; 517 700; 521 696; 521 695; 524 692; 524 690; 525 689; 525 685; 523 683; 522 683; 520 685; 516 685; 515 684; 510 684; 509 683; 507 683; 506 682; 503 682; 502 681; 497 681; 496 680; 493 680; 492 679
201; 478 679; 477 680; 476 680; 475 681; 474 681; 473 682; 472 682; 471 683; 468 683; 467 684; 466 684; 465 685; 464 685; 463 686; 462 686; 461 687; 459 687; 458 688; 457 688; 456 689; 454 689; 453 690; 452 690; 450 692; 448 692; 447 693; 445 693; 444 694; 444 697; 445 698; 446 698; 449 701; 450 701; 452 703; 453 703; 461 711; 462 711; 463 712; 464 712; 466 714; 467 714; 472 719; 476 719; 476 718; 477 717; 477 713; 478 712; 478 707; 479 706; 479 704; 480 703; 480 701; 481 700; 481 698; 482 697; 482 694; 481 693; 481 690; 480 689; 480 685; 481 684; 480 683; 480 682; 479 681; 479 679
202; 316 691; 315 692; 314 692; 313 693; 311 693; 310 694; 299 694; 298 695; 297 695; 295 697; 294 697; 293 698; 291 698; 290 699; 287 699; 286 700; 284 700; 282 702; 282 704; 285 707; 286 707; 291 712; 291 713; 294 716; 294 717; 297 720; 298 720; 302 724; 303 724; 305 726; 305 727; 308 730; 310 730; 312 728; 312 725; 313 724; 313 722; 314 721; 314 717; 315 716; 315 713; 316 712; 316 710; 317 709; 317 707; 318 706; 318 701; 319 700; 319 698; 320 697; 320 696; 321 695; 321 692; 320 691
203; 633 686; 632 687; 632 688; 629 691; 628 691; 625 694; 624 694; 623 695; 622 695; 616 701; 615 701; 613 703; 613 704; 611 706; 610 706; 605 711; 605 713; 606 713; 609 716; 614 716; 616 718; 618 718; 619 719; 620 719; 621 720; 623 720; 624 721; 627 721; 628 722; 631 722; 632 723; 633 723; 635 725; 636 725; 637 726; 642 726; 642 725; 643 724; 643 722; 642 721; 642 718; 641 717; 641 704; 640 703; 640 702; 639 701; 639 695; 638 694; 638 688; 637 687; 637 686
204; 950 693; 949 694; 949 698; 950 699; 950 701; 951 702; 951 708; 952 709; 952 716; 953 717; 953 720; 954 721; 954 725; 955 726; 955 730; 956 731; 956 732; 961 732; 970 723; 971 723; 974 720; 975 720; 978 717; 978 716; 986 708; 986 705; 985 704; 984 704; 983 703; 978 703; 977 702; 976 702; 975 701; 974 701; 973 700; 972 700; 970 698; 969 698; 968 697; 961 697; 960 696; 959 696; 958 695; 956 695; 955 694; 954 694; 953 693
205; 418 698; 406 710; 405 710; 404 711; 404 712; 401 715; 400 715; 396 719; 395 719; 391 723; 391 725; 393 727; 397 727; 398 728; 400 728; 401 729; 404 729; 405 730; 406 730; 407 731; 409 731; 410 732; 412 732; 413 733; 416 733; 417 734; 421 734; 422 735; 424 735; 425 736; 426 736; 427 737; 430 737; 430 736; 431 735; 431 733; 430 732; 430 727; 429 726; 429 723; 428 722; 428 715; 427 714; 427 713; 425 711; 425 710; 424 709; 424 708; 423 707; 423 704; 422 703; 422 699; 421 698
206; 325 701; 324 702; 324 707; 323 708; 323 711; 322 712; 322 722; 321 723; 321 727; 322 728; 322 735; 321 736; 321 737; 320 738; 320 739; 322 741; 322 742; 324 742; 325 741; 326 741; 328 739; 329 739; 331 737; 332 737; 333 736; 334 736; 335 735; 339 735; 340 734; 341 734; 343 732; 344 732; 346 730; 347 730; 349 728; 352 728; 353 727; 354 727; 355 726; 356 726; 357 725; 357 722; 356 721; 355 721; 354 720; 353 720; 346 713; 345 713; 343 711; 342 711; 339 708; 338 708; 336 706; 335 706; 334 705; 333 705; 331 703; 330 703; 328 701
207; 595 712; 593 714; 593 735; 594 736; 594 742; 595 743; 595 751; 596 752; 600 752; 602 750; 603 750; 605 748; 607 748; 608 747; 609 747; 611 745; 612 745; 613 744; 614 744; 615 743; 617 743; 623 737; 624 737; 627 734; 628 734; 630 732; 630 729; 629 728; 628 728; 627 727; 626 727; 625 726; 624 726; 623 725; 622 725; 619 722; 618 722; 616 720; 614 720; 613 719; 612 719; 611 718; 610 718; 606 714; 605 714; 604 713; 603 714; 600 714; 598 712
208; 19 720; 17 722; 16 722; 15 723; 13 723; 12 724; 11 724; 10 725; 9 725; 8 726; 7 726; 5 728; 4 728; 1 731; 0 731; 0 749; 1 749; 4 752; 5 752; 6 753; 8 753; 9 754; 11 754; 12 755; 14 755; 15 756; 16 756; 18 758; 19 758; 21 760; 24 760; 25 759; 25 755; 24 754; 24 737; 23 736; 23 721; 22 720
209; 120 725; 119 726; 119 730; 120 731; 120 732; 121 733; 121 737; 122 738; 122 746; 123 747; 123 748; 124 749; 124 750; 125 751; 125 752; 126 753; 126 756; 127 757; 127 759; 128 760; 128 761; 129 762; 129 767; 131 767; 132 766; 134 766; 133 765; 134 764; 134 763; 136 761; 136 760; 144 752; 145 752; 153 744; 154 744; 157 741; 157 740; 158 739; 158 737; 156 735; 151 735; 150 734; 148 734; 147 733; 145 733; 144 732; 141 732; 140 731; 138 731; 137 730; 136 730; 135 729; 133 729; 132 728; 128 728; 127 727; 126 727; 125 726; 123 726; 122 725
210; 283 728; 282 729; 282 736; 283 737; 283 740; 284 741; 284 746; 285 747; 285 752; 286 753; 286 759; 285 760; 283 760; 283 762; 282 763; 282 765; 283 765; 284 766; 285 766; 286 767; 289 767; 291 765; 292 765; 295 762; 296 762; 297 761; 298 761; 299 760; 301 760; 302 759; 303 759; 304 758; 305 758; 313 750; 313 749; 316 746; 317 746; 320 743; 321 743; 321 741; 319 739; 313 739; 312 738; 310 738; 309 737; 307 737; 306 736; 304 736; 303 735; 302 735; 300 733; 299 733; 298 732; 297 732; 296 731; 293 731; 292 730; 289 730; 288 729; 286 729; 285 728
211; 709 727; 708 728; 708 732; 709 733; 709 766; 711 768; 714 768; 715 767; 716 767; 717 766; 718 766; 721 763; 722 763; 724 761; 726 761; 727 760; 728 760; 733 755; 734 755; 736 753; 737 753; 738 752; 740 752; 741 751; 744 751; 746 749; 745 748; 745 746; 744 745; 742 745; 741 744; 739 744; 738 743; 737 743; 730 736; 729 736; 728 735; 724 735; 723 734; 721 734; 720 733; 718 733; 712 727
212; 267 728; 264 731; 264 732; 252 744; 252 745; 247 750; 247 751; 243 755; 243 759; 244 759; 245 760; 250 760; 251 761; 256 761; 257 762; 259 762; 260 763; 265 763; 266 764; 277 764; 278 765; 281 765; 281 763; 282 762; 282 760; 281 759; 281 758; 280 757; 280 756; 279 755; 279 753; 278 752; 278 751; 277 750; 277 746; 276 745; 276 743; 275 742; 275 741; 273 739; 273 738; 272 737; 272 731; 271 730; 271 729; 270 728
213; 388 734; 387 735; 387 738; 389 740; 389 741; 390 742; 390 746; 391 747; 391 758; 392 759; 392 761; 393 762; 393 764; 394 765; 394 773; 395 774; 398 774; 406 766; 407 766; 409 764; 410 764; 417 757; 417 756; 418 755; 419 755; 425 749; 425 745; 424 745; 423 744; 422 744; 421 743; 419 743; 418 742; 415 742; 414 741; 412 741; 411 740; 409 740; 407 738; 406 738; 405 737; 400 737; 399 736; 397 736; 396 735; 394 735; 393 734
214; 510 743; 509 744; 501 744; 500 745; 497 745; 496 744; 494 744; 493 745; 488 745; 487 746; 475 746; 474 747; 474 750; 475 751; 475 752; 477 754; 477 755; 479 757; 479 758; 481 760; 481 761; 483 763; 483 764; 485 766; 485 767; 489 771; 489 772; 491 774; 491 775; 493 777; 493 778; 494 779; 494 780; 495 781; 498 781; 499 780; 499 779; 500 778; 500 776; 501 775; 501 771; 503 769; 503 768; 505 766; 505 765; 506 764; 506 763; 507 762; 507 761; 508 760; 508 758; 509 757; 509 756; 510 755; 510 754; 511 753; 511 752; 512 751; 512 750; 513 749; 513 748; 514 747; 514 744; 513 744; 512 743
215; 640 735; 638 737; 638 738; 637 739; 637 740; 634 743; 634 744; 631 747; 631 748; 629 750; 629 751; 627 753; 627 754; 625 756; 625 757; 624 758; 624 759; 620 763; 620 764; 619 765; 619 768; 620 769; 624 769; 625 770; 632 770; 633 771; 634 771; 635 772; 640 772; 641 771; 646 771; 647 772; 659 772; 660 771; 660 768; 659 767; 659 766; 657 764; 657 763; 656 762; 656 761; 655 760; 655 759; 653 757; 653 756; 652 755; 652 754; 651 753; 651 752; 650 751; 650 750; 649 749; 649 747; 647 745; 647 743; 646 742; 646 741; 645 740; 645 739; 644 738; 644 737; 643 736; 643 735
216; 41 751; 40 752; 40 760; 39 761; 39 768; 38 769; 38 772; 37 773; 37 788; 38 789; 41 789; 42 788; 47 788; 51 784; 52 784; 53 783; 55 783; 56 782; 60 782; 63 779; 64 779; 66 777; 69 777; 70 776; 73 776; 74 775; 74 772; 73 771; 72 771; 70 769; 69 769; 61 761; 60 761; 58 759; 57 759; 55 757; 54 757; 53 756; 52 756; 51 755; 50 755; 48 753; 47 753; 45 751
217; 746 750; 745 751; 745 755; 743 757; 743 758; 740 761; 740 762; 737 765; 737 766; 735 768; 735 769; 734 770; 734 771; 732 773; 732 774; 730 776; 730 777; 729 778; 729 779; 728 780; 728 781; 727 782; 727 785; 732 785; 733 786; 735 786; 736 785; 737 786; 744 786; 745 787; 748 787; 749 788; 767 788; 767 783; 765 781; 765 779; 764 778; 764 777; 763 776; 763 775; 761 773; 761 770; 760 769; 760 766; 754 760; 754 759; 753 758; 753 757; 752 756; 752 755; 751 754; 751 753; 748 750
218; 154 810; 162 810; 166 812; 175 811; 190 812; 189 804; 181 787; 177 782; 176 777; 170 774
219; 170 774; 171 773; 170 769; 136 768; 135 767; 129 768; 136 783; 137 789; 154 810
220; 28 775; 25 778; 24 778; 23 779; 22 779; 21 780; 20 780; 19 781; 18 781; 17 782; 16 782; 15 783; 14 783; 13 784; 12 784; 11 785; 10 785; 5 790; 4 790; 3 791; 0 791; 0 797; 1 798; 3 798; 6 801; 7 801; 9 803; 10 803; 14 807; 15 807; 17 809; 20 809; 21 810; 22 810; 23 811; 24 811; 25 812; 26 812; 27 813; 28 813; 29 814; 32 814; 32 806; 33 805; 33 797; 34 796; 34 790; 36 788; 36 784; 35 784; 33 782; 33 781; 34 780; 34 777; 32 775
221; 710 785; 710 786; 709 787; 709 790; 710 791; 710 792; 711 793; 711 794; 712 795; 712 796; 713 797; 713 804; 714 805; 714 806; 715 807; 715 808; 717 810; 717 814; 718 815; 718 822; 719 823; 722 823; 725 820; 725 819; 728 816; 729 816; 731 814; 732 814; 735 811; 736 811; 739 808; 739 807; 746 800; 747 800; 750 797; 750 795; 749 794; 748 794; 747 793; 742 793; 741 792; 738 792; 737 791; 736 791; 735 790; 734 790; 733 789; 733 787; 732 786; 726 786; 725 787; 723 787; 722 788; 721 787; 716 787; 715 786; 714 786; 713 785
222; 862 777; 860 779; 860 781; 859 782; 859 783; 858 784; 858 785; 857 786; 857 787; 855 789; 855 790; 854 791; 854 792; 852 794; 852 795; 851 796; 851 797; 850 798; 850 800; 849 801; 849 802; 848 803; 848 804; 847 805; 847 806; 846 807; 846 808; 844 810; 844 811; 843 812; 843 813; 844 813; 845 814; 846 814; 847 813; 853 813; 854 812; 858 812; 859 813; 882 813; 883 812; 883 810; 882 809; 882 808; 881 807; 881 806; 880 805; 880 803; 879 802; 879 801; 878 800; 878 799; 876 797; 876 796; 875 795; 875 794; 874 793; 874 792; 872 790; 872 789; 870 787; 870 786; 869 785; 869 784; 868 783; 868 782; 867 781; 867 780; 866 779; 866 778; 865 777
223; 298 782; 296 784; 296 786; 295 787; 295 789; 294 790; 294 791; 293 792; 293 796; 292 797; 292 799; 291 800; 291 802; 290 803; 290 807; 289 808; 289 811; 288 812; 288 815; 286 817; 286 820; 287 821; 291 821; 292 820; 294 820; 295 819; 301 819; 302 818; 306 818; 307 817; 308 817; 309 816; 311 816; 312 815; 314 815; 315 814; 317 814; 318 813; 322 813; 323 812; 324 812; 324 809; 322 807; 322 806; 316 800; 315 800; 311 796; 311 795; 303 787; 303 785; 301 783; 301 782
224; 821 797; 820 798; 803 798; 803 802; 805 804; 805 805; 806 806; 806 807; 807 808; 807 809; 808 810; 808 812; 809 813; 809 815; 810 816; 810 817; 812 819; 812 820; 814 822; 814 823; 817 826; 817 827; 819 829; 823 829; 824 828; 826 828; 827 827; 827 825; 828 824; 828 823; 829 822; 829 821; 831 819; 831 818; 833 816; 833 815; 835 813; 835 812; 837 810; 837 809; 842 804; 842 801; 841 800; 835 800; 834 801; 833 800; 830 800; 829 799; 828 799; 827 798; 826 798; 825 797
225; 48 788; 47 789; 46 789; 46 793; 45 794; 45 796; 44 797; 44 798; 43 799; 43 801; 40 804; 40 805; 38 807; 38 811; 35 814; 35 816; 34 817; 34 820; 32 822; 32 825; 34 825; 35 824; 52 824; 53 823; 57 823; 58 822; 64 822; 65 823; 68 823; 69 822; 71 822; 71 818; 70 817; 70 816; 68 814; 68 813; 67 812; 67 811; 66 810; 66 809; 61 804; 61 803; 60 802; 60 801; 55 796; 55 795; 53 793; 53 792; 52 791; 52 790; 51 789; 50 789; 49 788
226; 122 801; 121 802; 121 803; 120 804; 120 807; 119 808; 119 809; 117 811; 117 812; 114 815; 114 816; 113 817; 113 820; 112 821; 112 822; 111 823; 111 824; 108 827; 108 828; 107 829; 107 833; 109 833; 110 832; 121 832; 122 833; 127 833; 128 834; 131 834; 134 831; 138 831; 140 833; 140 834; 142 834; 142 830; 141 829; 141 828; 140 827; 140 826; 138 824; 138 823; 136 821; 136 820; 135 819; 135 818; 133 816; 133 815; 132 814; 132 813; 130 811; 130 810; 129 809; 129 808; 128 807; 128 806; 127 805; 127 804; 124 801
227; 253 792; 253 794; 252 795; 252 798; 251 799; 251 802; 250 803; 250 808; 249 809; 249 811; 248 812; 248 814; 247 815; 247 820; 246 821; 246 823; 245 824; 245 830; 250 830; 251 829; 253 829; 254 828; 256 828; 257 827; 266 827; 267 826; 268 826; 271 823; 273 823; 274 822; 279 822; 280 821; 282 821; 282 818; 270 806; 270 805; 269 804; 269 803; 258 792
228; 1002 782; 1001 783; 1001 785; 1002 786; 1002 787; 1003 788; 1003 790; 1004 791; 1004 796; 1003 797; 1002 797; 1001 798; 999 798; 998 799; 997 799; 995 801; 994 801; 993 802; 991 802; 990 803; 989 803; 988 804; 987 804; 986 805; 984 805; 982 807; 981 807; 981 808; 980 809; 979 809; 977 811; 977 812; 974 815; 973 815; 972 816; 972 819; 973 820; 973 823; 977 823; 978 824; 980 824; 982 826; 983 826; 986 829; 987 829; 990 832; 991 832; 992 833; 993 833; 994 834; 995 834; 996 835; 997 835; 998 836; 1002 836; 1002 828; 1003 827; 1003 824; 1002 823; 1002 817; 1003 816; 1003 808; 1002 807; 1002 806; 1003 805; 1003 804; 1005 802; 1006 803; 1007 803; 1009 805; 1009 806; 1011 808; 1011 809; 1012 810; 1012 811; 1013 812; 1013 813; 1014 814; 1014 816; 1015 817; 1021 817; 1022 818; 1023 818; 1023 809; 1022 809; 1021 808; 1018 808; 1016 806; 1016 805; 1015 804; 1015 801; 1014 800; 1014 798; 1013 797; 1013 793; 1014 792; 1023 792; 1023 785; 1015 785; 1014 784; 1010 784; 1009 783; 1008 783; 1007 782
229; 701 795; 699 797; 699 798; 697 800; 697 801; 695 803; 695 804; 693 806; 692 806; 687 811; 687 812; 682 817; 682 818; 678 822; 678 825; 679 826; 684 826; 685 827; 688 827; 689 828; 693 828; 694 829; 697 829; 698 830; 701 830; 702 831; 706 831; 707 832; 709 832; 710 833; 715 833; 715 827; 714 826; 714 824; 713 823; 713 821; 712 820; 712 817; 711 816; 711 814; 710 813; 710 810; 709 809; 709 805; 708 804; 708 803; 707 802; 707 801; 706 800; 706 797; 705 796; 705 795
230; 639 804; 639 805; 638 806; 638 810; 637 811; 637 813; 636 814; 636 817; 637 818; 637 843; 638 844; 641 844; 643 842; 644 842; 645 841; 646 841; 647 840; 649 840; 650 839; 651 839; 653 837; 654 837; 655 836; 656 836; 657 835; 658 835; 661 832; 662 832; 664 830; 665 830; 666 829; 667 829; 669 827; 670 827; 672 825; 673 825; 673 823; 671 821; 670 821; 669 820; 668 820; 667 819; 666 819; 664 817; 663 817; 660 814; 659 814; 657 812; 654 812; 653 811; 650 811; 649 810; 648 810; 646 808; 645 808; 641 804
231; 949 804; 949 809; 948 810; 948 812; 947 813; 947 814; 946 815; 946 816; 945 817; 945 818; 943 820; 943 821; 942 822; 942 829; 941 830; 941 833; 940 834; 940 835; 939 836; 939 837; 938 838; 938 841; 939 842; 940 842; 942 844; 944 844; 945 843; 946 843; 946 842; 948 840; 950 840; 951 839; 956 839; 957 838; 959 838; 960 837; 962 837; 963 836; 965 836; 966 835; 969 835; 970 834; 972 834; 973 833; 975 833; 976 832; 976 829; 972 825; 972 820; 971 819; 971 816; 970 817; 968 817; 967 818; 966 817; 965 817; 964 816; 963 816; 958 811; 957 811; 955 809; 955 808; 951 804
232; 146 812; 145 813; 145 817; 146 818; 146 825; 147 826; 147 830; 148 831; 148 832; 149 833; 149 837; 150 838; 150 840; 151 841; 151 843; 152 844; 152 848; 153 849; 153 850; 157 850; 157 849; 166 840; 167 840; 170 837; 171 837; 182 826; 182 823; 181 822; 179 822; 178 821; 174 821; 173 820; 171 820; 170 819; 169 819; 167 817; 166 817; 165 816; 158 816; 157 815; 154 815; 153 814; 152 814; 150 812
233; 775 814; 774 815; 774 817; 775 818; 775 821; 776 822; 776 839; 777 840; 777 847; 776 848; 776 851; 777 852; 777 853; 780 853; 781 852; 782 852; 784 850; 785 850; 787 848; 788 848; 789 847; 790 847; 791 846; 792 846; 793 845; 794 845; 796 843; 797 843; 801 839; 802 839; 803 838; 804 838; 805 837; 806 837; 806 836; 808 834; 808 833; 809 832; 810 832; 810 829; 809 828; 808 828; 807 827; 806 827; 805 826; 804 826; 803 825; 801 825; 800 824; 797 824; 796 823; 794 823; 792 821; 791 821; 790 820; 789 820; 788 819; 786 819; 785 818; 784 818; 782 816; 781 816; 780 815; 779 815; 778 814
234; 842 814; 840 816; 840 817; 839 818; 839 819; 830 828; 827 828; 826 829; 824 829; 823 830; 820 830; 820 831; 821 832; 821 833; 822 834; 822 837; 821 838; 821 839; 820 840; 820 841; 818 843; 818 846; 819 847; 828 847; 829 848; 833 848; 834 849; 837 849; 838 850; 841 850; 842 851; 845 851; 846 852; 849 852; 850 853; 856 853; 856 850; 855 849; 855 847; 854 846; 854 845; 853 844; 853 842; 852 841; 852 834; 851 833; 851 832; 850 831; 850 830; 849 829; 849 828; 848 827; 848 826; 847 825; 847 824; 846 823; 846 822; 845 821; 845 818; 844 817; 845 816; 845 815; 844 814
235; 69 823; 68 824; 66 824; 64 826; 63 826; 62 827; 61 827; 60 828; 58 828; 57 829; 56 829; 55 830; 53 830; 52 831; 51 831; 50 832; 44 832; 43 833; 42 833; 42 836; 45 839; 45 840; 50 845; 50 846; 57 853; 58 853; 68 863; 70 863; 71 862; 73 862; 74 863; 74 858; 72 856; 72 854; 73 853; 73 849; 74 848; 74 846; 75 845; 75 843; 76 842; 76 840; 77 839; 77 831; 78 830; 78 825; 77 824; 73 824; 72 823
236; 425 827; 424 828; 422 828; 421 829; 414 829; 413 830; 411 830; 410 831; 409 831; 408 832; 407 832; 405 834; 404 834; 403 835; 402 835; 401 836; 398 836; 397 837; 396 837; 395 838; 394 838; 393 839; 393 842; 394 843; 395 843; 396 844; 397 844; 404 851; 405 851; 411 857; 412 857; 419 864; 419 865; 420 866; 420 867; 424 867; 424 862; 425 861; 425 859; 426 858; 426 853; 427 852; 427 847; 428 846; 428 844; 429 843; 429 840; 430 839; 430 827
237; 28 827; 27 828; 26 828; 25 829; 23 829; 22 830; 21 830; 20 831; 19 831; 16 834; 15 834; 14 835; 13 835; 12 836; 11 836; 9 838; 8 838; 7 839; 6 839; 5 840; 4 840; 3 841; 2 841; 1 842; 0 842; 0 850; 2 850; 5 853; 6 853; 9 856; 10 856; 14 860; 15 860; 16 861; 18 861; 19 862; 20 862; 25 867; 27 867; 28 866; 28 862; 29 861; 29 858; 31 856; 31 851; 30 850; 30 849; 31 848; 31 842; 30 841; 30 833; 31 832; 31 827
238; 544 828; 543 829; 543 849; 544 850; 544 862; 545 863; 545 867; 549 867; 550 866; 552 866; 554 864; 555 864; 556 863; 557 863; 558 862; 559 862; 560 861; 562 861; 563 860; 564 860; 567 857; 567 856; 569 854; 570 854; 574 850; 575 850; 576 849; 577 849; 579 847; 579 844; 577 842; 572 842; 571 841; 570 841; 569 840; 568 840; 566 838; 565 838; 564 837; 563 837; 562 836; 561 836; 560 835; 559 835; 558 834; 557 834; 555 832; 554 832; 553 831; 551 831; 550 830; 549 830; 548 829; 547 829; 546 828
239; 676 834; 676 843; 677 844; 677 862; 678 863; 678 865; 679 866; 679 868; 678 869; 678 873; 683 873; 688 868; 689 868; 690 867; 691 867; 692 866; 693 866; 695 864; 696 864; 700 860; 701 860; 702 859; 703 859; 705 857; 706 857; 708 855; 709 855; 712 852; 712 850; 711 849; 709 849; 708 848; 707 848; 706 847; 704 847; 702 845; 701 845; 699 843; 697 843; 696 842; 695 842; 694 841; 693 841; 692 840; 691 840; 690 839; 689 839; 688 838; 687 838; 686 837; 685 837; 684 836; 682 836; 680 834
240; 104 838; 97 845; 96 845; 94 847; 93 847; 91 849; 90 849; 89 850; 88 850; 86 852; 85 852; 83 854; 82 854; 79 857; 78 857; 77 858; 75 858; 75 863; 76 863; 77 864; 80 864; 81 865; 83 865; 85 867; 86 867; 88 869; 89 869; 90 870; 91 870; 92 871; 93 871; 94 872; 95 872; 97 874; 99 874; 100 875; 102 875; 103 876; 104 876; 105 877; 106 877; 107 878; 108 878; 109 879; 111 879; 111 875; 110 874; 110 871; 109 870; 109 868; 108 867; 108 864; 109 863; 109 861; 110 860; 110 856; 109 855; 109 854; 108 853; 108 851; 107 850; 107 839; 106 838
241; 140 837; 136 841; 136 842; 131 847; 131 848; 126 853; 126 854; 125 855; 125 856; 119 862; 119 863; 117 865; 117 869; 120 869; 121 870; 126 870; 127 871; 132 871; 133 872; 137 872; 138 873; 142 873; 143 874; 146 874; 148 876; 148 878; 150 880; 152 880; 153 879; 153 878; 154 877; 154 875; 155 874; 155 872; 154 871; 154 869; 153 868; 153 866; 152 865; 152 862; 151 861; 151 858; 150 857; 150 856; 147 853; 147 852; 146 851; 146 850; 145 849; 145 848; 144 847; 144 846; 143 845; 143 839; 142 838; 142 837
242; 945 844; 944 845; 943 845; 943 848; 944 849; 944 850; 945 851; 945 853; 946 854; 946 864; 947 865; 947 866; 949 868; 949 872; 948 873; 948 875; 949 875; 953 879; 953 882; 954 883; 954 884; 955 885; 957 883; 957 882; 958 881; 958 880; 963 875; 964 875; 968 871; 968 870; 982 856; 982 854; 981 853; 980 853; 979 852; 973 852; 972 851; 970 851; 969 850; 965 850; 964 849; 961 849; 960 848; 957 848; 956 847; 952 847; 951 846; 949 846; 947 844
243; 924 845; 923 846; 923 847; 922 848; 922 849; 920 851; 920 852; 919 853; 919 854; 918 855; 918 856; 917 857; 917 858; 916 859; 916 861; 915 862; 915 863; 914 864; 914 866; 912 868; 912 869; 911 870; 911 871; 910 872; 910 873; 909 874; 909 875; 908 876; 908 878; 910 880; 917 880; 918 879; 938 879; 939 878; 943 878; 944 877; 946 877; 947 876; 947 873; 943 869; 943 867; 942 866; 942 865; 936 859; 936 858; 931 853; 931 852; 930 851; 930 850; 929 849; 929 847; 927 845
244; 34 854; 33 855; 33 857; 34 858; 34 860; 35 861; 35 866; 36 867; 36 869; 35 870; 35 873; 36 874; 36 876; 37 877; 37 885; 38 886; 38 892; 39 892; 41 894; 42 894; 43 893; 43 892; 50 885; 51 885; 53 883; 54 883; 57 880; 58 880; 63 875; 64 875; 66 873; 68 873; 69 872; 70 872; 70 869; 68 867; 67 867; 66 866; 63 866; 62 865; 61 865; 58 862; 57 862; 54 859; 53 859; 52 858; 46 858; 45 857; 43 857; 42 856; 41 856; 40 855; 39 855; 38 854
245; 763 864; 762 865; 762 867; 763 868; 763 869; 764 870; 764 872; 765 873; 765 874; 766 875; 766 876; 767 877; 767 878; 768 879; 768 880; 769 881; 769 882; 770 883; 770 884; 771 885; 771 886; 772 887; 772 888; 773 889; 773 890; 774 891; 774 892; 775 893; 775 895; 776 896; 776 898; 777 899; 780 899; 782 897; 782 896; 786 892; 786 891; 787 890; 787 889; 791 885; 791 884; 794 881; 794 880; 795 879; 796 879; 797 878; 797 877; 799 875; 799 874; 800 873; 800 872; 801 871; 801 869; 799 867; 794 867; 793 866; 786 866; 785 865; 784 865; 783 864; 776 864; 775 865; 772 865; 771 864
246; 872 857; 865 864; 864 864; 860 868; 859 868; 855 872; 855 873; 852 876; 852 877; 850 879; 850 880; 849 881; 848 881; 847 882; 847 885; 848 885; 849 886; 851 886; 852 887; 853 887; 854 888; 855 888; 856 889; 857 889; 858 890; 859 890; 860 891; 861 891; 862 892; 873 892; 874 893; 878 893; 879 894; 884 894; 884 891; 883 890; 883 888; 882 887; 882 885; 881 884; 881 876; 880 875; 880 873; 879 872; 879 871; 878 870; 878 868; 877 867; 877 865; 876 864; 876 857
247; 221 858; 221 859; 214 866; 213 866; 209 870; 209 871; 208 872; 208 873; 206 875; 206 876; 198 884; 198 887; 199 887; 200 888; 206 888; 207 889; 209 889; 210 890; 211 890; 212 891; 215 891; 216 892; 220 892; 221 893; 224 893; 225 894; 231 894; 232 895; 233 895; 234 896; 235 896; 236 895; 236 891; 235 890; 235 889; 234 888; 234 887; 233 886; 233 885; 232 884; 232 881; 231 880; 231 877; 230 876; 230 873; 229 872; 229 870; 228 869; 228 867; 227 866; 227 861; 226 860; 226 859; 225 858
248; 369 865; 368 866; 368 867; 367 868; 367 869; 366 870; 368 872; 369 872; 371 874; 371 876; 372 877; 372 882; 373 883; 373 886; 374 887; 374 891; 375 892; 375 898; 376 899; 376 900; 378 902; 381 902; 382 901; 383 901; 385 899; 386 899; 390 895; 390 894; 394 890; 395 890; 402 883; 403 883; 405 881; 406 881; 407 880; 407 876; 406 876; 405 875; 400 875; 399 874; 398 874; 397 873; 396 873; 395 872; 393 872; 392 871; 391 871; 390 870; 389 870; 388 869; 384 869; 383 868; 378 868; 377 867; 375 867; 374 866; 373 866; 372 865
249; 540 870; 539 871; 537 871; 536 872; 531 872; 530 873; 527 873; 526 874; 524 874; 523 875; 521 875; 520 876; 519 876; 518 877; 516 877; 515 878; 512 878; 511 879; 509 879; 508 880; 507 880; 506 881; 506 884; 507 884; 508 885; 509 885; 519 895; 519 896; 521 898; 522 898; 526 902; 527 902; 530 905; 530 906; 531 907; 534 907; 535 906; 535 902; 536 901; 536 899; 537 898; 537 896; 538 895; 538 893; 539 892; 539 891; 540 890; 540 888; 541 887; 541 882; 542 881; 542 877; 543 876; 543 875; 544 874; 544 870
250; 362 871; 359 874; 358 874; 355 877; 354 877; 352 879; 351 879; 346 884; 346 885; 343 888; 342 888; 342 889; 340 891; 339 891; 335 895; 335 897; 336 898; 340 898; 341 899; 344 899; 345 900; 346 900; 347 901; 349 901; 350 902; 352 902; 353 903; 355 903; 357 905; 358 905; 359 906; 366 906; 367 907; 368 907; 369 908; 373 908; 373 904; 372 903; 372 900; 371 899; 371 896; 370 895; 370 891; 369 890; 369 887; 368 886; 368 883; 367 882; 367 878; 366 877; 366 876; 367 875; 367 872; 366 871
251; 142 879; 141 880; 129 880; 128 881; 113 881; 113 884; 116 887; 116 888; 118 890; 118 891; 119 892; 119 893; 120 894; 120 895; 123 898; 123 899; 125 901; 125 902; 128 905; 128 906; 131 909; 131 910; 132 911; 132 913; 133 913; 134 914; 136 914; 137 913; 137 912; 138 911; 138 910; 139 909; 139 908; 140 907; 140 906; 141 905; 141 904; 142 903; 142 902; 145 899; 145 898; 146 897; 146 893; 147 892; 147 891; 148 890; 148 889; 149 888; 149 887; 150 886; 150 885; 151 884; 151 883; 152 882; 152 881; 150 881; 148 879
252; 420 868; 420 869; 419 870; 419 871; 418 872; 418 873; 417 874; 417 875; 415 877; 415 878; 413 880; 413 881; 411 883; 411 884; 409 886; 409 887; 407 889; 407 890; 405 892; 405 893; 401 897; 401 901; 404 901; 405 902; 410 902; 411 903; 417 903; 418 904; 419 904; 422 907; 423 907; 423 906; 426 903; 433 903; 434 904; 438 904; 439 903; 439 901; 438 900; 438 898; 437 897; 437 896; 436 895; 436 894; 435 893; 435 892; 434 891; 434 890; 433 889; 433 888; 432 887; 432 886; 430 884; 430 882; 429 881; 429 879; 428 878; 428 877; 425 874; 425 872; 424 871; 424 868
253; 549 877; 548 878; 548 886; 547 887; 547 889; 546 890; 546 896; 547 897; 547 898; 548 899; 548 907; 549 908; 549 910; 548 911; 548 915; 549 916; 551 916; 554 913; 555 913; 558 910; 559 910; 560 909; 561 909; 562 908; 563 908; 564 907; 565 907; 567 905; 568 905; 569 904; 570 904; 571 903; 572 903; 573 904; 575 904; 576 903; 576 902; 579 899; 580 899; 581 898; 582 898; 583 897; 583 895; 580 892; 579 892; 578 891; 577 891; 576 890; 575 890; 574 889; 573 889; 572 888; 571 888; 570 887; 569 887; 568 886; 567 886; 566 885; 565 885; 564 884; 563 884; 562 883; 561 883; 559 881; 558 881; 557 880; 556 880; 555 879; 554 879; 552 877
254; 597 873; 596 874; 596 875; 595 876; 595 879; 594 880; 594 882; 593 883; 593 885; 591 887; 591 888; 588 891; 588 892; 587 893; 587 896; 586 897; 586 901; 585 902; 585 904; 584 905; 584 908; 585 909; 585 910; 586 910; 587 909; 591 909; 592 908; 598 908; 599 907; 610 907; 611 906; 614 906; 615 905; 621 905; 622 904; 622 901; 618 897; 618 896; 610 888; 610 887; 609 886; 609 885; 606 882; 606 881; 602 877; 602 876; 601 875; 601 874; 600 873
255; 313 879; 312 880; 312 881; 311 882; 311 883; 308 886; 307 886; 304 889; 303 889; 299 893; 298 893; 289 902; 288 902; 288 903; 287 904; 287 906; 288 907; 290 907; 291 908; 295 908; 296 909; 298 909; 299 910; 300 910; 301 911; 302 911; 303 912; 305 912; 306 913; 310 913; 311 914; 314 914; 315 915; 318 915; 319 916; 320 916; 321 917; 323 917; 324 916; 325 916; 325 913; 324 912; 324 910; 323 909; 323 908; 322 907; 322 906; 321 905; 321 896; 320 895; 320 893; 319 892; 319 887; 318 886; 318 885; 317 884; 317 881; 316 880; 316 879
256; 486 881; 478 889; 477 889; 473 893; 472 893; 469 896; 469 897; 460 906; 460 908; 461 909; 466 909; 467 910; 468 910; 469 911; 470 911; 471 912; 473 912; 474 913; 475 913; 476 914; 477 914; 478 915; 481 915; 482 916; 483 916; 484 917; 485 917; 486 918; 486 919; 490 919; 492 917; 497 917; 497 913; 496 912; 496 911; 495 910; 495 907; 494 906; 494 902; 493 901; 493 896; 492 895; 492 894; 491 893; 491 891; 490 890; 490 882; 489 881
257; 957 884; 956 885; 956 887; 957 888; 957 890; 958 891; 958 896; 957 897; 957 912; 958 913; 958 919; 959 920; 959 925; 962 925; 966 921; 967 921; 969 919; 970 919; 973 916; 974 916; 978 912; 979 912; 981 910; 982 910; 985 907; 988 907; 989 906; 990 906; 990 902; 989 902; 988 901; 986 901; 984 899; 983 899; 982 898; 981 898; 980 897; 979 897; 978 896; 977 896; 976 895; 975 895; 973 893; 972 893; 971 892; 970 892; 969 891; 968 891; 967 890; 966 890; 965 889; 964 889; 961 886; 960 886; 958 884
258; 914 890; 913 891; 913 892; 912 893; 911 893; 897 907; 897 908; 893 912; 893 913; 892 914; 892 915; 891 916; 891 917; 890 918; 890 920; 891 921; 892 921; 893 920; 894 920; 895 919; 900 919; 901 920; 902 920; 903 921; 905 921; 906 922; 908 922; 909 923; 912 923; 913 924; 920 924; 921 925; 922 925; 923 926; 926 926; 926 920; 925 919; 925 915; 924 914; 924 908; 923 907; 923 906; 921 904; 921 902; 920 901; 920 897; 919 896; 919 892; 918 891; 918 890
259; 236 896; 233 899; 232 899; 231 900; 227 900; 226 901; 225 901; 223 903; 220 903; 219 904; 215 904; 214 905; 212 905; 210 907; 210 909; 213 912; 213 913; 227 927; 228 927; 229 928; 229 929; 235 935; 238 935; 239 934; 239 929; 240 928; 240 925; 241 924; 241 923; 242 922; 242 920; 243 919; 243 916; 244 915; 244 913; 245 912; 245 904; 246 903; 246 902; 247 901; 247 897; 246 896; 244 896; 243 897; 237 897
260; 43 894; 42 895; 42 897; 41 898; 41 899; 38 902; 38 903; 36 905; 35 905; 34 906; 34 907; 32 909; 32 911; 31 912; 31 913; 30 914; 30 915; 28 917; 28 918; 24 922; 24 923; 23 924; 23 927; 32 927; 33 928; 44 928; 45 929; 55 929; 56 930; 61 930; 61 926; 58 923; 58 922; 57 921; 57 919; 56 918; 56 916; 55 915; 55 913; 54 912; 54 911; 53 910; 53 909; 52 908; 52 907; 51 906; 51 905; 50 904; 50 902; 48 900; 48 899; 47 898; 47 897; 46 896; 46 895; 45 895; 44 894
261; 504 897; 503 898; 503 909; 502 910; 502 913; 500 915; 498 915; 498 918; 501 921; 501 923; 502 924; 502 926; 501 927; 501 935; 506 935; 508 933; 511 933; 513 931; 515 931; 516 930; 517 930; 518 929; 520 929; 521 928; 524 928; 525 927; 525 926; 527 924; 528 924; 529 923; 530 923; 531 922; 532 922; 533 921; 534 921; 535 920; 536 920; 536 918; 533 915; 532 915; 524 907; 523 907; 522 906; 521 906; 520 905; 519 905; 518 904; 517 904; 516 903; 515 903; 514 902; 513 902; 511 900; 510 900; 507 897
262; 873 901; 871 903; 871 904; 864 911; 863 911; 859 915; 859 916; 854 921; 853 921; 851 923; 849 923; 847 925; 847 927; 848 927; 849 928; 850 928; 851 929; 854 929; 855 930; 857 930; 858 931; 863 931; 864 930; 872 930; 873 929; 874 929; 875 928; 880 928; 881 929; 883 929; 884 928; 885 928; 886 927; 887 927; 888 926; 888 925; 891 922; 889 920; 888 920; 887 921; 886 920; 884 920; 881 917; 881 916; 880 915; 880 913; 878 911; 878 909; 877 908; 877 906; 876 905; 876 903; 875 902; 875 901
263; 812 899; 811 900; 811 906; 810 907; 810 910; 809 911; 809 916; 808 917; 808 920; 807 921; 807 922; 806 923; 806 928; 805 929; 805 931; 804 932; 804 936; 809 936; 810 935; 813 935; 814 934; 817 934; 818 933; 820 933; 821 932; 824 932; 825 931; 826 931; 827 930; 828 930; 829 929; 830 929; 831 928; 832 928; 833 927; 840 927; 841 926; 841 924; 831 914; 831 913; 829 911; 829 910; 828 909; 827 909; 823 905; 822 905; 821 904; 820 904; 815 899
264; 94 904; 91 907; 90 907; 89 908; 88 908; 86 910; 85 910; 83 912; 82 912; 81 913; 79 913; 77 915; 76 915; 74 917; 73 917; 71 919; 70 919; 69 920; 68 920; 67 921; 66 921; 65 922; 65 925; 67 925; 68 926; 70 926; 72 928; 73 928; 76 931; 76 932; 77 932; 79 934; 80 934; 81 935; 84 935; 85 936; 87 936; 88 937; 89 937; 90 938; 91 938; 94 941; 95 941; 97 943; 99 943; 99 909; 98 908; 98 904
265; 110 903; 109 904; 109 909; 108 910; 108 916; 107 917; 107 929; 106 930; 106 938; 105 939; 105 941; 106 942; 110 942; 112 940; 113 940; 114 939; 116 939; 118 937; 121 937; 122 936; 123 936; 125 934; 126 934; 129 931; 130 931; 131 930; 132 930; 133 929; 134 929; 135 928; 136 928; 137 927; 138 927; 139 926; 140 926; 141 925; 141 923; 140 922; 139 922; 138 921; 137 921; 136 920; 136 919; 134 917; 135 916; 135 915; 134 915; 133 914; 131 914; 130 915; 129 914; 128 914; 127 913; 126 913; 123 910; 122 910; 121 909; 120 909; 119 908; 118 908; 115 905; 114 905; 112 903
266; 420 907; 417 910; 416 910; 415 911; 414 911; 413 912; 409 912; 408 913; 403 913; 402 914; 401 914; 400 915; 397 915; 396 916; 392 916; 391 917; 388 917; 387 918; 387 920; 389 922; 390 922; 393 925; 393 926; 395 928; 395 929; 401 935; 402 935; 413 946; 416 946; 417 945; 417 943; 418 942; 418 935; 420 933; 420 931; 421 930; 421 929; 423 927; 423 914; 424 913; 424 909; 423 908; 422 908; 421 907
267; 429 910; 429 914; 430 915; 430 917; 431 918; 431 919; 432 920; 432 924; 433 925; 433 926; 432 927; 432 929; 433 930; 433 932; 435 934; 435 935; 436 936; 436 939; 437 940; 437 941; 438 942; 438 945; 439 946; 447 946; 449 948; 450 948; 452 950; 454 950; 455 951; 455 941; 456 940; 456 936; 460 932; 459 931; 459 930; 460 929; 460 928; 468 920; 468 918; 467 917; 462 917; 461 916; 459 916; 458 915; 457 915; 456 914; 453 914; 452 913; 445 913; 444 912; 442 912; 441 911; 436 911; 435 910
268; 567 955; 571 961; 573 967; 583 979; 586 979; 594 964; 596 957; 600 952; 601 946; 595 940; 593 933
269; 593 933; 583 916; 584 911; 583 907; 581 908; 576 904; 571 915; 565 922; 556 941; 560 949; 567 955
270; 486 920; 485 921; 479 921; 476 924; 475 924; 473 926; 472 926; 471 927; 470 927; 469 928; 468 928; 464 932; 463 932; 462 933; 460 933; 457 936; 457 940; 456 941; 456 951; 458 951; 459 952; 462 952; 463 953; 465 953; 467 955; 468 955; 469 956; 470 956; 471 957; 472 957; 473 958; 475 958; 476 959; 478 959; 479 960; 480 960; 481 961; 482 961; 483 962; 484 962; 488 966; 489 966; 489 958; 491 956; 491 953; 493 951; 493 950; 495 948; 494 947; 494 946; 492 944; 492 943; 491 942; 491 934; 490 933; 490 927; 491 926; 491 923; 490 922; 490 921; 489 920
271; 942 926; 941 927; 940 927; 939 928; 938 928; 937 929; 928 929; 927 930; 926 930; 924 932; 923 932; 922 933; 920 933; 919 934; 918 934; 917 935; 916 935; 914 937; 912 937; 911 938; 910 938; 909 939; 909 941; 911 943; 912 943; 913 944; 914 944; 918 948; 919 948; 925 954; 926 954; 927 955; 928 955; 936 963; 940 963; 940 962; 941 961; 941 952; 942 951; 942 948; 943 947; 943 945; 944 944; 944 936; 945 935; 945 931; 946 930; 946 927; 945 926
272; 309 931; 308 932; 307 932; 305 934; 304 934; 303 935; 301 935; 300 936; 299 936; 298 937; 295 937; 294 938; 293 938; 291 940; 290 940; 288 942; 287 942; 286 943; 285 943; 283 945; 282 945; 280 947; 279 947; 278 948; 278 950; 279 950; 280 951; 281 951; 282 952; 283 952; 285 954; 286 954; 291 959; 292 959; 297 964; 298 964; 300 966; 301 966; 302 967; 303 967; 304 968; 305 968; 307 970; 309 970; 311 968; 311 964; 310 963; 310 962; 311 961; 311 950; 312 949; 312 943; 313 942; 313 931
273; 544 961; 545 966; 540 974; 540 978; 542 981; 546 981; 550 979; 566 980; 567 975; 565 973; 564 960; 562 952; 559 949; 557 943; 555 941; 551 942
274; 551 942; 546 938; 540 937; 527 930; 524 930; 526 962; 530 966; 530 968; 544 961
275; 231 942; 208 937; 211 952; 210 957; 215 971; 217 971; 219 964; 217 954; 218 947; 225 947
276; 225 947; 232 951; 229 956; 231 962; 239 959; 249 965; 260 968; 263 972; 279 971; 279 965; 275 954; 276 949; 272 945; 267 933; 265 933; 250 949; 242 948; 231 942
277; 511 938; 509 940; 509 941; 506 944; 506 945; 505 946; 504 946; 503 947; 502 947; 501 948; 500 948; 498 950; 497 950; 496 949; 495 949; 494 950; 494 951; 492 953; 492 956; 490 958; 490 966; 491 967; 492 967; 493 968; 495 968; 496 969; 497 969; 500 972; 500 973; 499 974; 507 974; 509 972; 511 972; 512 973; 518 973; 519 974; 521 974; 522 975; 525 975; 526 974; 527 974; 528 973; 528 971; 530 969; 529 968; 529 966; 525 962; 524 962; 522 960; 522 956; 521 955; 521 952; 520 951; 520 950; 518 948; 518 947; 517 946; 517 943; 516 942; 516 940; 515 939; 515 938
278; 102 946; 102 951; 104 953; 104 954; 105 955; 105 956; 106 957; 106 959; 107 960; 107 961; 108 962; 108 963; 109 964; 109 966; 111 968; 111 969; 112 970; 112 971; 114 973; 114 974; 116 976; 116 980; 118 982; 120 982; 122 980; 122 979; 124 977; 124 976; 125 975; 125 974; 127 972; 127 971; 132 966; 132 965; 134 963; 134 962; 135 961; 135 960; 136 959; 136 958; 137 957; 137 956; 140 953; 140 950; 134 950; 133 949; 126 949; 125 948; 123 948; 122 947; 121 947; 120 946; 116 946; 115 947; 113 947; 112 948; 109 948; 108 947; 107 947; 106 946
279; 430 941; 424 947; 424 948; 415 957; 415 958; 407 966; 406 966; 406 969; 407 970; 410 970; 411 971; 413 971; 414 972; 415 972; 416 973; 421 973; 422 974; 428 974; 429 975; 433 975; 434 976; 436 976; 437 977; 445 977; 445 975; 446 974; 446 972; 443 969; 443 966; 442 965; 442 958; 441 957; 441 956; 440 955; 440 954; 438 952; 438 948; 437 947; 437 946; 436 946; 434 944; 434 942; 433 941
280; 447 955; 447 960; 448 961; 448 964; 449 965; 449 970; 447 972; 447 974; 446 975; 446 977; 448 979; 448 980; 449 981; 449 984; 450 985; 450 987; 449 988; 449 991; 450 992; 450 993; 453 993; 454 992; 455 992; 456 991; 457 991; 458 990; 459 990; 460 989; 461 989; 463 987; 464 987; 465 986; 466 986; 467 985; 468 985; 475 978; 476 978; 477 977; 478 977; 479 976; 480 976; 481 975; 482 975; 483 974; 483 971; 481 969; 479 969; 478 968; 477 968; 476 967; 475 967; 474 966; 473 966; 472 965; 471 965; 469 963; 468 963; 467 962; 465 962; 464 961; 463 961; 461 959; 460 959; 459 958; 456 958; 455 957; 454 957; 452 955
281; 641 953; 641 954; 640 955; 640 957; 638 959; 638 960; 637 961; 637 962; 636 963; 636 964; 635 965; 635 966; 634 967; 634 968; 633 969; 633 970; 631 972; 631 974; 630 975; 630 977; 629 978; 629 979; 628 980; 628 981; 625 984; 625 987; 626 988; 640 988; 641 987; 651 987; 652 986; 663 986; 663 981; 662 980; 662 979; 661 978; 661 977; 660 976; 660 975; 659 974; 659 973; 658 972; 658 971; 657 970; 657 969; 656 968; 656 967; 649 960; 649 959; 647 957; 647 956; 645 954; 645 953
282; 35 964; 33 966; 33 968; 35 970; 35 971; 36 972; 36 973; 37 974; 37 976; 38 977; 38 979; 39 980; 39 983; 40 984; 40 987; 41 988; 41 989; 43 991; 43 992; 44 993; 44 995; 45 996; 45 999; 46 1000; 48 1000; 49 999; 49 998; 56 991; 57 991; 62 986; 62 985; 63 984; 63 983; 65 981; 65 980; 67 978; 67 977; 70 974; 72 974; 72 970; 70 970; 69 969; 66 969; 65 968; 58 968; 57 967; 55 967; 54 966; 43 966; 42 965; 39 965; 38 964
283; 911 960; 910 961; 910 962; 909 963; 909 964; 908 965; 908 966; 900 974; 900 975; 897 978; 897 979; 893 983; 893 984; 891 986; 891 990; 892 991; 894 991; 895 992; 898 992; 899 993; 904 993; 905 994; 907 994; 908 995; 921 995; 922 996; 927 996; 928 995; 928 993; 927 992; 927 991; 926 990; 926 987; 925 986; 925 983; 924 982; 924 979; 923 978; 923 977; 922 976; 922 975; 919 972; 919 971; 918 970; 918 969; 917 968; 917 967; 916 966; 916 964; 915 963; 915 961; 914 960
284; 955 963; 953 965; 953 966; 952 967; 952 968; 949 971; 949 972; 946 975; 945 975; 943 977; 943 978; 942 979; 942 980; 941 981; 941 982; 940 983; 940 984; 939 985; 939 986; 937 988; 937 989; 935 991; 935 995; 946 995; 947 996; 955 996; 956 997; 960 997; 961 998; 970 998; 971 997; 972 997; 972 995; 970 993; 970 992; 969 991; 969 990; 968 989; 968 987; 967 986; 967 985; 966 984; 966 982; 965 981; 965 979; 964 978; 964 976; 963 975; 963 973; 962 972; 962 971; 959 968; 959 966; 958 965; 958 964; 957 963
285; 272 972; 271 973; 264 973; 264 977; 265 978; 265 982; 266 983; 266 984; 267 985; 267 986; 268 987; 268 989; 269 990; 269 993; 270 994; 270 995; 272 997; 272 998; 273 999; 273 1001; 274 1002; 274 1007; 275 1008; 278 1008; 283 1003; 285 1003; 286 1002; 287 1002; 288 1003; 289 1003; 289 1001; 290 1000; 290 999; 291 998; 290 997; 290 996; 291 995; 291 994; 292 993; 292 992; 297 987; 297 986; 302 981; 302 979; 300 977; 294 977; 293 976; 286 976; 285 975; 283 975; 282 974; 281 974; 280 973; 280 972
286; 73 972; 73 975; 74 976; 74 977; 75 978; 75 982; 76 983; 76 998; 77 999; 77 1011; 78 1012; 80 1012; 81 1011; 82 1011; 85 1008; 86 1008; 91 1003; 92 1003; 93 1002; 94 1002; 95 1001; 96 1001; 97 1000; 98 1000; 102 996; 103 996; 106 993; 107 993; 109 991; 109 989; 108 988; 107 988; 106 987; 104 987; 103 986; 102 986; 101 985; 100 985; 99 984; 98 984; 96 982; 95 982; 93 980; 93 979; 92 979; 91 978; 85 978; 84 977; 83 977; 82 976; 81 976; 80 975; 79 975; 77 973; 76 973; 75 972
287; 498 975; 496 977; 495 977; 493 979; 492 979; 481 990; 480 990; 479 991; 479 992; 475 996; 475 999; 476 1000; 477 1000; 478 1001; 482 1001; 483 1002; 488 1002; 489 1003; 491 1003; 492 1004; 493 1004; 494 1005; 496 1005; 497 1006; 500 1006; 501 1007; 503 1007; 506 1010; 504 1012; 497 1012; 496 1011; 479 1011; 478 1010; 476 1010; 475 1009; 472 1009; 471 1010; 471 1012; 472 1013; 472 1014; 474 1016; 474 1017; 475 1018; 475 1021; 476 1022; 476 1023; 482 1023; 482 1019; 484 1017; 494 1017; 495 1018; 496 1018; 498 1020; 498 1023; 505 1023; 506 1022; 506 1020; 508 1018; 508 1017; 510 1015; 510 1014; 512 1012; 512 1007; 511 1006; 511 1004; 510 1003; 510 1002; 509 1001; 509 989; 508 988; 508 986; 507 985; 507 981; 506 980; 506 975
288; 615 972; 613 974; 613 975; 611 977; 610 977; 608 979; 607 979; 604 982; 603 982; 602 983; 601 983; 594 990; 593 990; 592 991; 592 992; 591 993; 590 993; 588 995; 588 998; 589 998; 590 999; 592 999; 593 1000; 595 1000; 596 1001; 597 1001; 599 1003; 600 1003; 601 1004; 602 1004; 603 1005; 609 1005; 610 1006; 611 1006; 612 1007; 613 1007; 614 1008; 615 1008; 616 1009; 617 1009; 619 1011; 623 1011; 623 1007; 622 1006; 622 997; 621 996; 621 983; 620 982; 620 978; 619 977; 619 973; 618 972
289; 849 974; 846 977; 845 977; 842 980; 841 980; 840 981; 839 981; 837 983; 836 983; 835 984; 834 984; 833 985; 833 986; 825 994; 824 994; 822 996; 822 999; 823 999; 824 1000; 827 1000; 828 1001; 830 1001; 831 1002; 832 1002; 834 1004; 836 1004; 837 1005; 839 1005; 840 1006; 841 1006; 842 1007; 844 1007; 845 1008; 849 1008; 850 1009; 853 1009; 854 1010; 855 1010; 856 1011; 858 1011; 859 1010; 859 1008; 858 1007; 858 1005; 857 1004; 857 1000; 856 999; 856 993; 855 992; 855 986; 854 985; 854 975; 853 974
290; 254 977; 253 978; 252 978; 250 980; 249 980; 248 981; 247 981; 246 982; 243 982; 242 983; 241 983; 240 984; 238 984; 237 985; 236 985; 235 986; 234 986; 232 988; 231 988; 229 990; 227 990; 226 991; 224 991; 223 992; 223 994; 229 1000; 230 1000; 232 1002; 233 1002; 235 1004; 236 1004; 239 1007; 240 1007; 242 1009; 243 1009; 244 1010; 245 1010; 248 1013; 249 1013; 250 1014; 250 1016; 253 1016; 254 1015; 254 1014; 255 1013; 255 999; 256 998; 256 986; 257 985; 257 983; 258 982; 258 978; 257 977
291; 382 984; 381 985; 379 985; 378 986; 377 986; 376 987; 374 987; 373 988; 369 988; 368 989; 358 989; 357 990; 356 990; 356 993; 361 998; 361 999; 362 1000; 362 1001; 365 1004; 365 1005; 367 1007; 367 1008; 370 1011; 370 1012; 374 1016; 374 1017; 377 1020; 380 1020; 381 1019; 381 1018; 382 1017; 382 1015; 383 1014; 383 1013; 385 1011; 385 1009; 386 1008; 386 1007; 387 1006; 387 1005; 388 1004; 388 1002; 389 1001; 389 995; 390 994; 390 992; 391 991; 391 990; 392 989; 392 987; 390 985; 385 985; 384 984
292; 537 975; 536 976; 533 976; 532 977; 532 983; 533 984; 533 1007; 534 1008; 534 1013; 531 1016; 529 1016; 528 1015; 526 1015; 525 1014; 524 1014; 523 1013; 521 1013; 520 1012; 517 1012; 517 1016; 518 1017; 518 1023; 540 1023; 540 1019; 544 1015; 545 1015; 546 1014; 548 1014; 555 1007; 556 1007; 559 1004; 560 1004; 562 1002; 563 1002; 564 1001; 565 1001; 567 999; 567 996; 566 996; 565 995; 564 995; 563 994; 560 994; 559 993; 558 993; 557 992; 556 992; 552 988; 551 988; 550 987; 548 987; 547 986; 546 986; 545 985; 544 985; 541 982; 541 981; 540 980; 540 979; 539 978; 539 975
293; 317 979; 314 982; 314 983; 311 986; 310 986; 308 988; 307 988; 304 991; 303 991; 302 992; 301 992; 296 997; 295 997; 294 998; 293 998; 292 999; 291 999; 291 1000; 290 1001; 290 1004; 291 1005; 293 1005; 294 1006; 296 1006; 297 1007; 298 1007; 299 1008; 300 1008; 301 1009; 302 1009; 305 1012; 306 1012; 307 1013; 313 1013; 314 1014; 316 1014; 317 1015; 318 1015; 319 1016; 321 1016; 322 1017; 325 1017; 326 1018; 326 1019; 327 1020; 327 1022; 328 1023; 333 1023; 333 1022; 334 1021; 334 1020; 335 1019; 335 1018; 337 1016; 341 1016; 345 1020; 345 1021; 346 1022; 346 1023; 353 1023; 353 1022; 352 1021; 352 1018; 350 1016; 350 1015; 349 1015; 346 1012; 345 1012; 340 1007; 340 1006; 339 1005; 339 1004; 338 1003; 335 1003; 335 1005; 334 1006; 334 1008; 333 1009; 333 1010; 331 1012; 331 1013; 329 1015; 327 1015; 325 1013; 325 1011; 324 1010; 324 997; 323 996; 323 993; 322 992; 322 989; 321 988; 321 982; 320 981; 320 980; 319 979
294; 149 987; 148 988; 148 989; 147 990; 147 991; 142 996; 141 996; 139 998; 138 998; 136 1000; 135 1000; 132 1003; 132 1004; 126 1010; 125 1010; 124 1011; 124 1013; 125 1014; 126 1014; 127 1015; 130 1015; 131 1016; 132 1016; 133 1017; 134 1017; 135 1018; 137 1018; 138 1019; 139 1019; 140 1020; 142 1020; 143 1021; 147 1021; 149 1023; 162 1023; 162 1021; 161 1020; 161 1019; 160 1018; 160 1017; 159 1016; 159 1014; 158 1013; 158 1009; 157 1008; 157 1003; 156 1002; 156 999; 155 998; 155 996; 153 994; 153 992; 152 991; 152 988; 151 987
295; 663 992; 662 993; 662 994; 661 995; 661 997; 660 998; 660 999; 657 1002; 657 1003; 654 1006; 654 1007; 653 1008; 653 1009; 651 1011; 651 1012; 649 1014; 649 1015; 648 1016; 648 1017; 647 1018; 647 1020; 646 1021; 646 1023; 683 1023; 683 1021; 681 1019; 681 1018; 679 1016; 679 1015; 678 1014; 678 1013; 677 1012; 677 1011; 676 1010; 676 1008; 675 1007; 675 1006; 674 1005; 674 1004; 672 1002; 672 1001; 670 999; 670 998; 666 994; 666 993; 665 992
