0; 51 0; 47 4; 46 4; 41 9; 40 9; 37 12; 36 12; 35 13; 34 13; 33 14; 32 14; 31 15; 30 15; 28 17; 28 21; 29 21; 30 22; 31 22; 32 23; 34 23; 35 24; 36 24; 37 25; 39 25; 40 26; 42 26; 43 27; 44 27; 45 28; 46 28; 47 29; 48 29; 49 30; 50 30; 51 31; 52 31; 55 34; 56 34; 57 35; 58 35; 60 37; 63 37; 64 36; 64 35; 65 34; 65 31; 64 30; 64 25; 65 24; 65 19; 64 18; 64 3; 62 1; 62 0
1; 234 0; 234 1; 233 2; 231 2; 230 3; 227 3; 226 4; 225 4; 222 7; 221 7; 219 9; 218 9; 217 10; 216 10; 215 11; 214 11; 213 12; 212 12; 211 13; 211 16; 215 20; 216 20; 218 22; 219 22; 220 23; 221 23; 222 24; 223 24; 224 25; 225 25; 228 28; 229 28; 231 30; 232 30; 236 34; 237 34; 239 36; 240 36; 241 37; 244 37; 245 36; 245 28; 246 27; 246 12; 247 11; 247 0
2; 453 24; 455 22; 455 21; 456 20; 456 19; 457 18; 457 17; 459 15; 459 14; 461 12; 461 11; 466 6; 466 4; 464 2; 456 2; 454 0; 423 0; 423 2; 424 3; 424 10
3; 424 10; 422 12; 422 13; 421 14; 421 33; 422 34; 423 34; 424 35; 428 35; 429 36; 430 36; 434 40; 438 40; 439 39; 440 39; 443 36; 444 36; 448 32; 453 24
4; 698 0; 698 3; 696 5; 695 5; 695 6; 687 14; 686 14; 679 21; 678 21; 678 22; 676 24; 676 25; 678 27; 678 28; 679 29; 679 34; 681 36; 681 37; 686 42; 687 41; 688 41; 689 42; 693 42; 694 43; 696 43; 697 44; 698 44; 699 45; 701 45; 702 46; 705 46; 706 45; 706 38; 705 37; 705 36; 704 35; 704 25; 703 24; 703 23; 702 22; 702 20; 701 19; 701 18; 700 17; 700 15; 699 14; 699 8; 700 7; 700 6; 701 5; 702 5; 703 4; 705 4; 706 3; 716 3; 717 4; 721 4; 722 3; 722 0
5; 803 11; 802 12; 801 12; 799 14; 798 14; 797 15; 796 15; 795 16; 793 16; 792 17; 791 17; 789 19; 788 19; 787 20; 786 20; 784 22; 783 22; 781 24; 780 24; 779 25; 778 25; 777 26; 776 26; 773 29; 772 29; 772 33; 773 33; 774 34; 775 34; 777 36; 778 36; 779 37; 780 37; 782 39; 783 39; 784 40; 784 41; 785 42; 786 42; 787 43; 788 43; 789 44; 792 44; 793 45; 794 45; 795 46; 796 46; 798 48; 799 48; 803 52; 806 52; 806 51; 807 50; 807 41; 806 40; 806 22; 807 21; 807 12; 806 11
6; 92 17; 91 18; 91 21; 92 22; 92 23; 93 24; 93 26; 94 27; 94 30; 95 31; 95 35; 96 36; 96 40; 97 41; 97 43; 98 44; 98 46; 99 47; 99 50; 100 51; 100 54; 101 55; 101 56; 105 56; 106 55; 106 54; 108 52; 108 51; 113 46; 114 46; 119 41; 120 41; 120 40; 126 34; 126 33; 128 31; 129 31; 130 30; 130 28; 128 26; 125 26; 124 25; 122 25; 121 24; 119 24; 118 23; 117 23; 116 22; 115 22; 113 20; 106 20; 105 19; 103 19; 102 18; 99 18; 98 17
7; 194 15; 190 19; 190 20; 186 24; 185 24; 183 26; 182 26; 179 29; 179 30; 171 38; 170 38; 168 40; 168 43; 169 44; 171 44; 172 45; 173 45; 174 46; 176 46; 177 47; 178 47; 179 48; 180 48; 181 49; 183 49; 184 50; 187 50; 188 51; 190 51; 191 52; 192 52; 193 53; 200 53; 201 54; 202 54; 203 55; 207 55; 207 49; 206 48; 206 47; 205 46; 205 42; 204 41; 204 38; 203 37; 203 34; 202 33; 202 29; 201 28; 201 25; 200 24; 200 20; 199 19; 199 17; 197 15
8; 494 23; 493 24; 482 24; 481 25; 479 25; 478 26; 478 28; 479 29; 479 30; 480 30; 482 32; 482 33; 483 34; 483 35; 484 36; 484 37; 485 38; 485 39; 486 40; 486 41; 487 42; 487 44; 493 50; 493 51; 494 52; 494 53; 495 54; 495 55; 496 56; 496 57; 497 58; 497 59; 498 60; 502 60; 503 59; 503 58; 504 57; 504 54; 505 53; 505 52; 506 51; 506 50; 507 49; 507 48; 508 47; 508 46; 510 44; 510 43; 514 39; 514 38; 515 37; 515 36; 516 35; 516 34; 518 32; 518 31; 519 30; 519 29; 520 28; 520 26; 519 25; 518 25; 517 24; 501 24; 500 23
9; 934 16; 931 19; 931 20; 928 23; 928 24; 925 27; 924 27; 923 28; 922 28; 920 30; 920 33; 917 36; 917 37; 915 39; 915 40; 911 44; 911 47; 912 48; 922 48; 923 49; 927 49; 928 50; 931 50; 932 51; 941 51; 942 52; 946 52; 947 53; 949 53; 951 51; 951 49; 948 46; 948 44; 947 43; 947 41; 946 40; 946 37; 945 36; 945 35; 943 33; 943 32; 942 31; 942 30; 941 29; 941 28; 940 27; 940 25; 939 24; 939 23; 938 22; 938 18; 936 16
10; 260 20; 259 21; 259 23; 258 24; 258 28; 257 29; 257 30; 255 32; 255 33; 254 34; 254 35; 253 36; 253 37; 252 38; 252 39; 250 41; 250 42; 249 43; 249 45; 248 46; 248 47; 247 48; 247 49; 245 51; 245 52; 244 53; 244 57; 245 58; 250 58; 251 57; 254 57; 255 56; 257 56; 258 57; 265 57; 266 56; 273 56; 274 57; 278 57; 279 56; 282 56; 283 57; 287 53; 288 53; 284 49; 284 48; 278 42; 278 41; 277 40; 277 39; 276 38; 276 36; 275 35; 275 34; 274 33; 273 33; 266 26; 266 25; 265 24; 265 22; 263 20
11; 473 27; 472 28; 471 28; 470 29; 469 29; 468 30; 465 30; 464 31; 464 33; 459 38; 458 38; 455 41; 455 42; 452 45; 451 45; 446 50; 445 50; 443 52; 443 54; 445 56; 447 56; 448 57; 451 57; 452 58; 455 58; 456 59; 457 59; 458 60; 460 60; 461 61; 463 61; 464 62; 465 62; 466 63; 469 63; 470 64; 472 64; 473 65; 474 65; 476 67; 477 67; 478 68; 482 68; 483 67; 483 63; 482 62; 482 56; 481 55; 481 52; 480 51; 480 41; 479 40; 479 38; 478 37; 478 29; 477 28; 477 27
12; 675 25; 672 28; 671 28; 669 30; 669 31; 667 33; 667 34; 666 35; 665 35; 663 37; 663 43; 664 44; 664 51; 665 52; 665 58; 666 59; 666 63; 667 64; 667 67; 668 68; 668 72; 669 73; 669 76; 670 77; 670 78; 674 78; 676 76; 676 75; 678 73; 679 73; 682 70; 683 70; 685 68; 687 68; 688 67; 689 67; 690 66; 690 65; 691 64; 691 63; 694 60; 695 60; 697 58; 698 58; 702 54; 702 52; 700 50; 698 50; 697 49; 695 49; 694 48; 692 48; 691 47; 690 47; 689 46; 688 46; 685 43; 685 42; 680 37; 680 36; 678 34; 678 29; 677 28; 677 27
13; 845 45; 845 46; 844 47; 844 48; 843 49; 843 50; 842 51; 842 52; 836 58; 836 59; 835 60; 835 61; 833 63; 833 64; 832 65; 832 66; 830 68; 830 69; 829 70; 829 71; 828 72; 828 73; 827 74; 827 75; 825 77; 825 80; 826 80; 827 81; 846 81; 847 82; 857 82; 858 81; 866 81; 866 77; 865 76; 865 75; 864 74; 864 73; 863 72; 863 71; 862 70; 862 69; 860 67; 860 66; 859 65; 859 62; 858 61; 858 60; 853 55; 853 54; 852 53; 852 52; 851 51; 851 50; 849 48; 849 47; 847 45
14; 916 55; 910 61; 909 61; 908 62; 907 62; 903 66; 902 66; 901 67; 900 67; 891 76; 890 76; 889 77; 888 77; 887 78; 887 81; 888 81; 889 82; 891 82; 892 83; 894 83; 895 84; 896 84; 897 85; 898 85; 899 86; 900 86; 902 88; 903 88; 904 89; 907 89; 908 90; 912 90; 913 91; 915 91; 916 92; 917 92; 918 93; 919 93; 921 95; 925 95; 926 94; 926 91; 925 90; 925 86; 924 85; 924 79; 923 78; 923 70; 922 69; 922 65; 921 64; 921 61; 920 60; 920 57; 918 55
15; 287 54; 284 57; 284 61; 278 67; 278 68; 274 72; 274 73; 270 77; 270 78; 267 81; 267 82; 264 85; 264 88; 265 89; 267 89; 268 90; 279 90; 281 92; 282 92; 283 93; 292 93; 293 94; 296 94; 297 95; 304 95; 304 89; 303 88; 303 85; 302 84; 302 83; 300 81; 300 80; 299 79; 299 78; 298 77; 298 74; 297 73; 297 70; 296 69; 296 68; 295 67; 295 66; 294 65; 294 64; 293 63; 293 62; 292 61; 292 59; 291 58; 291 57; 290 56; 290 55; 289 54
16; 587 56; 586 57; 586 58; 584 60; 584 61; 583 62; 583 63; 582 64; 582 65; 577 70; 577 71; 575 73; 575 74; 563 86; 563 89; 564 90; 568 90; 569 91; 573 91; 574 92; 576 92; 577 93; 578 93; 580 95; 587 95; 588 94; 589 95; 594 95; 595 96; 597 96; 598 97; 600 97; 601 98; 603 98; 604 97; 605 97; 605 93; 603 91; 603 90; 602 89; 602 87; 601 86; 601 82; 600 81; 600 80; 599 79; 599 78; 598 77; 598 75; 597 74; 597 73; 596 72; 596 70; 595 69; 595 67; 594 66; 594 63; 593 62; 593 57; 592 56
17; 815 61; 808 68; 807 68; 805 70; 804 70; 794 80; 793 80; 789 84; 788 84; 787 85; 787 89; 788 89; 789 90; 790 90; 791 91; 792 91; 793 92; 794 92; 795 93; 796 93; 797 94; 798 94; 799 95; 800 95; 803 98; 804 98; 805 99; 807 99; 808 98; 809 98; 810 99; 813 99; 814 100; 815 100; 816 101; 818 101; 820 103; 824 103; 825 102; 825 97; 824 96; 824 88; 823 87; 823 81; 822 80; 822 79; 821 78; 821 76; 820 75; 820 67; 819 66; 819 62; 818 61
18; 219 62; 218 63; 217 63; 213 67; 213 68; 206 75; 204 75; 203 76; 202 76; 202 77; 201 78; 201 80; 200 81; 200 82; 199 83; 199 84; 191 92; 191 96; 194 96; 195 97; 195 98; 201 98; 201 97; 202 96; 206 96; 207 97; 210 97; 211 98; 217 98; 218 99; 220 99; 221 100; 225 100; 226 101; 229 101; 230 102; 232 102; 234 100; 234 98; 233 97; 233 96; 232 95; 232 94; 231 93; 231 91; 230 90; 230 85; 229 84; 229 83; 227 81; 227 78; 226 77; 226 74; 225 73; 225 72; 224 71; 224 70; 223 69; 223 65; 222 64; 222 63; 221 62
19; 714 63; 712 65; 712 66; 710 68; 710 69; 706 73; 706 74; 704 76; 704 77; 698 83; 698 84; 696 86; 696 87; 691 92; 691 96; 692 96; 693 97; 694 97; 696 99; 696 101; 700 101; 702 99; 704 99; 705 100; 707 100; 708 101; 712 101; 713 100; 717 100; 718 101; 724 101; 725 102; 731 102; 732 101; 732 98; 731 97; 731 96; 730 95; 730 93; 729 92; 729 91; 728 90; 728 88; 727 87; 727 85; 726 84; 726 82; 725 81; 725 79; 724 78; 724 77; 723 76; 723 75; 722 74; 722 73; 721 72; 721 71; 720 70; 720 69; 719 68; 719 67; 718 66; 718 64; 717 63
20; 995 73; 994 74; 994 75; 984 85; 983 85; 981 87; 981 89; 980 90; 980 91; 971 100; 971 103; 972 103; 973 104; 976 104; 977 105; 981 105; 982 106; 985 106; 986 107; 988 107; 989 108; 997 108; 998 109; 1000 109; 1001 110; 1005 110; 1006 111; 1009 111; 1010 110; 1010 108; 1009 107; 1009 106; 1008 105; 1008 103; 1007 102; 1007 99; 1006 98; 1006 96; 1005 95; 1005 94; 1004 93; 1004 92; 1003 91; 1003 89; 1002 88; 1002 84; 1001 83; 1001 81; 1000 80; 1000 79; 999 78; 999 76; 998 75; 998 74; 997 73
21; 150 89; 149 90; 149 92; 150 93; 150 94; 151 95; 151 96; 152 97; 152 98; 153 99; 153 100; 154 101; 154 102; 155 103; 155 104; 156 105; 156 106; 157 107; 157 108; 158 109; 158 110; 159 111; 159 112; 161 114; 161 115; 163 117; 163 118; 164 119; 164 120; 165 121; 165 122; 166 123; 166 124; 167 125; 169 125; 170 124; 172 124; 172 123; 173 122; 173 121; 175 119; 175 118; 177 116; 177 115; 179 113; 179 112; 181 110; 181 109; 184 106; 184 105; 185 104; 185 103; 187 101; 187 100; 190 97; 190 92; 176 92; 175 91; 173 91; 172 90; 166 90; 165 91; 164 91; 163 90; 154 90; 153 89
22; 555 99; 554 100; 554 104; 555 105; 555 106; 556 107; 556 108; 557 109; 557 110; 558 111; 558 112; 559 113; 559 114; 560 115; 560 116; 561 117; 561 118; 562 119; 562 121; 563 122; 563 123; 564 124; 564 125; 566 127; 566 128; 567 129; 567 133; 568 134; 568 137; 569 138; 571 138; 574 135; 574 134; 583 125; 583 124; 585 122; 585 121; 588 118; 588 117; 592 113; 592 112; 593 111; 593 110; 596 107; 596 105; 594 103; 585 103; 584 102; 582 102; 579 99; 574 99; 573 100; 563 100; 562 99
23; 195 99; 194 100; 194 104; 195 105; 195 114; 194 115; 194 120; 195 121; 195 125; 196 126; 196 137; 197 138; 199 138; 200 137; 201 137; 203 135; 204 135; 205 134; 206 134; 209 131; 210 131; 212 129; 213 129; 215 127; 216 127; 217 126; 218 126; 219 125; 220 125; 222 123; 223 123; 224 122; 225 122; 227 120; 229 120; 230 119; 231 119; 231 115; 230 115; 229 114; 228 114; 227 113; 226 113; 225 112; 224 112; 223 111; 222 111; 220 109; 219 109; 218 108; 216 108; 215 107; 214 107; 213 106; 212 106; 211 105; 210 105; 207 102; 206 102; 204 100; 203 100; 202 99
24; 890 101; 889 102; 889 108; 890 109; 890 110; 891 111; 891 112; 892 113; 892 114; 893 115; 893 116; 894 117; 894 118; 895 119; 895 120; 896 121; 896 122; 898 124; 898 125; 899 126; 899 127; 900 128; 900 129; 901 130; 901 132; 902 133; 902 135; 903 136; 903 137; 904 138; 904 139; 906 139; 908 137; 908 136; 911 133; 914 133; 915 134; 918 131; 916 129; 916 128; 918 126; 918 125; 920 123; 920 122; 921 121; 921 120; 923 118; 923 117; 925 115; 925 114; 927 112; 927 111; 928 110; 928 107; 927 106; 920 106; 919 105; 913 105; 912 104; 904 104; 903 103; 897 103; 896 102; 894 102; 893 101
25; 356 98; 355 99; 355 100; 354 101; 354 102; 353 103; 353 104; 352 105; 352 106; 347 111; 347 112; 345 114; 345 115; 343 117; 343 118; 342 119; 342 120; 341 121; 341 122; 340 123; 340 124; 339 125; 339 126; 336 129; 336 132; 345 132; 346 133; 350 133; 351 134; 352 134; 353 135; 367 135; 368 136; 371 136; 372 137; 374 137; 376 135; 376 133; 374 131; 374 130; 373 129; 373 128; 372 127; 372 126; 371 125; 371 123; 370 122; 370 121; 369 120; 369 118; 368 117; 368 115; 367 114; 367 113; 366 112; 366 111; 365 110; 365 109; 364 108; 364 106; 363 105; 363 104; 362 103; 362 101; 361 100; 361 99; 360 98
26; 386 106; 385 107; 385 112; 386 113; 386 115; 387 116; 387 117; 388 118; 388 119; 389 120; 389 121; 391 123; 391 124; 392 125; 392 126; 393 127; 393 129; 394 130; 394 132; 395 133; 395 135; 396 136; 396 138; 397 139; 397 140; 398 141; 398 142; 399 143; 399 144; 400 145; 403 145; 404 144; 404 143; 405 142; 405 141; 406 140; 406 139; 407 138; 407 137; 412 132; 413 132; 415 130; 415 128; 416 127; 416 126; 418 124; 418 123; 425 116; 425 113; 424 112; 423 112; 422 111; 417 111; 416 110; 412 110; 411 109; 403 109; 402 108; 394 108; 393 107; 390 107; 389 106
27; 695 102; 691 106; 691 107; 686 112; 685 112; 684 113; 683 113; 682 114; 682 115; 681 116; 681 118; 680 119; 680 120; 677 123; 677 124; 674 127; 673 127; 672 128; 672 129; 671 130; 671 134; 674 134; 675 135; 679 135; 680 134; 681 134; 682 135; 688 135; 689 136; 692 136; 693 137; 697 137; 698 138; 701 138; 702 139; 708 139; 709 140; 711 140; 713 138; 713 135; 709 131; 709 129; 708 128; 708 126; 707 125; 707 122; 706 121; 706 119; 705 118; 705 117; 704 116; 704 114; 703 113; 703 111; 702 110; 702 107; 701 106; 701 104; 700 103; 700 102
28; 815 107; 814 108; 813 108; 811 110; 810 110; 809 111; 808 111; 807 112; 806 112; 805 113; 803 113; 802 114; 801 114; 799 116; 798 116; 797 117; 795 117; 794 118; 793 118; 792 119; 791 119; 790 120; 789 120; 786 123; 785 123; 784 124; 784 127; 785 128; 786 128; 788 130; 789 130; 790 131; 791 131; 794 134; 795 134; 798 137; 799 137; 800 138; 801 138; 802 139; 803 139; 804 140; 805 140; 808 143; 809 143; 811 145; 812 145; 814 147; 818 147; 818 131; 819 130; 819 107
29; 17 95; 12 100; 11 100; 9 102; 8 102; 4 106; 2 106; 1 107; 0 107; 0 128; 4 128; 5 129; 7 129; 8 130; 9 130; 10 131; 11 131; 12 132; 14 132; 15 133; 17 133; 18 134; 20 134; 21 135; 22 135; 23 136; 26 136; 27 135; 27 132; 26 131; 26 124; 25 123; 25 115; 24 114; 24 113; 23 112; 23 109; 22 108; 22 101; 21 100; 21 97; 19 95
30; 715 113; 714 114; 714 118; 715 119; 715 121; 716 122; 716 124; 717 125; 717 127; 718 128; 718 136; 719 137; 719 138; 720 139; 720 142; 721 143; 721 145; 722 146; 722 148; 723 149; 723 153; 724 154; 727 154; 729 152; 729 151; 730 150; 730 149; 735 144; 736 144; 740 140; 741 140; 741 139; 750 130; 751 130; 752 129; 753 129; 754 128; 754 125; 753 124; 751 124; 750 123; 746 123; 745 122; 744 122; 743 121; 741 121; 740 120; 739 120; 738 119; 736 119; 735 118; 733 118; 732 117; 730 117; 729 116; 728 116; 727 115; 725 115; 724 114; 722 114; 721 113
31; 479 109; 478 110; 478 111; 477 112; 477 114; 476 115; 476 116; 471 121; 471 122; 469 124; 469 125; 467 127; 466 127; 465 128; 465 129; 457 137; 457 139; 462 139; 463 140; 464 140; 467 143; 468 143; 469 144; 470 144; 472 146; 473 146; 474 147; 482 147; 483 148; 489 148; 490 149; 491 149; 492 150; 496 150; 497 149; 497 146; 496 145; 496 144; 495 143; 495 142; 494 141; 494 140; 493 139; 493 137; 492 136; 492 135; 491 134; 491 133; 490 132; 490 129; 489 128; 489 125; 488 124; 488 122; 487 121; 487 120; 486 119; 486 118; 485 117; 485 115; 484 114; 484 112; 483 111; 483 110; 482 109
32; 170 125; 169 126; 167 126; 167 128; 165 130; 164 130; 164 132; 166 134; 166 136; 163 139; 159 139; 158 138; 158 137; 157 136; 157 134; 160 131; 161 131; 161 129; 155 129; 154 128; 153 128; 152 127; 151 127; 150 126; 148 126; 148 128; 149 129; 149 131; 150 132; 150 134; 151 135; 151 137; 150 138; 150 140; 151 141; 151 142; 154 145; 154 147; 155 148; 155 152; 156 153; 156 156; 157 157; 157 158; 158 159; 160 159; 161 158; 161 154; 163 152; 167 152; 168 151; 169 151; 171 149; 171 148; 173 146; 174 146; 178 142; 178 141; 183 136; 183 135; 185 133; 185 130; 184 129; 177 129; 176 128; 175 128; 172 125
33; 884 116; 884 117; 883 118; 883 119; 882 120; 882 121; 879 124; 879 125; 875 129; 873 129; 872 130; 872 131; 871 132; 871 134; 869 136; 869 137; 866 140; 866 141; 862 145; 862 148; 864 148; 865 149; 868 149; 869 150; 875 150; 876 151; 883 151; 884 152; 887 152; 888 153; 891 153; 892 154; 895 154; 896 155; 899 155; 900 156; 901 156; 903 154; 903 153; 902 152; 902 151; 901 150; 901 149; 900 148; 900 146; 899 145; 899 144; 898 143; 898 142; 897 141; 897 140; 896 139; 896 138; 895 137; 895 136; 894 135; 894 133; 893 132; 893 130; 892 129; 892 128; 891 127; 891 125; 890 124; 890 123; 889 122; 889 118; 887 116
34; 247 118; 247 119; 245 121; 245 122; 243 124; 242 124; 239 127; 238 127; 235 130; 235 131; 234 132; 234 133; 233 134; 233 135; 227 141; 227 142; 224 145; 224 148; 225 149; 226 149; 227 150; 230 150; 231 151; 237 151; 238 152; 240 152; 241 153; 243 153; 244 154; 246 154; 247 155; 252 155; 253 156; 255 156; 256 157; 258 157; 259 158; 262 158; 263 157; 263 153; 262 152; 262 150; 261 149; 261 146; 260 145; 260 143; 259 142; 259 140; 258 139; 258 137; 257 136; 257 135; 256 134; 256 132; 255 131; 255 128; 254 127; 254 124; 253 123; 253 121; 252 120; 252 119; 251 118
35; 440 120; 435 125; 435 126; 434 127; 434 128; 433 129; 433 130; 430 133; 430 134; 425 139; 425 140; 423 142; 423 143; 417 149; 417 150; 416 151; 416 153; 418 155; 423 155; 424 156; 440 156; 441 157; 445 157; 446 158; 449 158; 450 159; 454 159; 455 160; 457 160; 459 158; 459 156; 458 155; 458 154; 457 153; 457 152; 456 151; 456 150; 454 148; 454 147; 453 146; 453 141; 454 140; 454 138; 453 138; 448 133; 448 132; 446 130; 446 128; 445 127; 445 125; 444 124; 444 122; 443 121; 443 120
36; 918 132; 916 134; 916 135; 917 136; 917 137; 918 138; 918 140; 919 141; 919 147; 920 148; 920 150; 921 151; 921 155; 922 156; 922 160; 923 161; 923 164; 924 165; 924 169; 925 169; 927 171; 928 171; 935 164; 936 164; 938 162; 939 162; 940 161; 941 161; 943 159; 943 158; 944 157; 944 156; 954 146; 954 143; 953 142; 952 142; 951 141; 948 141; 947 140; 944 140; 943 139; 942 139; 941 138; 939 138; 938 137; 936 137; 935 136; 932 136; 931 135; 928 135; 927 134; 924 134; 923 133; 921 133; 920 132
37; 608 134; 607 135; 607 139; 608 140; 608 142; 609 143; 609 145; 610 146; 610 147; 611 148; 611 155; 614 158; 614 159; 615 160; 615 161; 616 162; 616 163; 617 164; 617 165; 618 166; 618 168; 619 169; 619 170; 620 171; 620 173; 624 173; 624 172; 625 171; 625 170; 627 168; 627 167; 631 163; 632 163; 635 160; 635 159; 637 157; 637 156; 641 152; 641 151; 643 149; 643 148; 646 145; 646 144; 647 143; 647 141; 646 140; 645 140; 644 139; 637 139; 636 138; 628 138; 627 137; 625 137; 624 136; 623 136; 622 135; 613 135; 612 134
38; 671 135; 670 136; 670 141; 669 142; 669 144; 668 145; 668 146; 667 147; 667 149; 666 150; 666 151; 665 152; 665 153; 664 154; 664 155; 663 156; 663 158; 662 159; 662 162; 661 163; 661 166; 659 168; 659 171; 661 171; 662 172; 667 172; 668 171; 677 171; 678 170; 683 170; 684 169; 686 169; 687 168; 691 168; 692 167; 700 167; 701 166; 701 163; 696 158; 695 158; 691 154; 691 153; 689 151; 689 150; 688 149; 688 148; 687 147; 686 147; 679 140; 679 139; 678 138; 678 136; 675 136; 674 135
39; 194 146; 191 149; 190 149; 188 151; 187 151; 186 152; 185 152; 184 153; 183 153; 182 154; 180 154; 179 155; 176 155; 175 156; 175 157; 170 162; 169 162; 167 164; 166 164; 163 167; 163 170; 164 171; 165 171; 166 172; 168 172; 169 173; 170 173; 171 174; 172 174; 173 175; 174 175; 175 176; 176 176; 177 177; 178 177; 180 179; 181 179; 183 181; 185 181; 186 182; 189 182; 190 183; 191 183; 193 185; 194 185; 195 186; 198 186; 198 155; 197 154; 197 147; 196 146
40; 250 166; 249 167; 241 167; 240 168; 232 168; 231 169; 231 172; 234 175; 234 176; 236 178; 236 179; 237 180; 237 182; 239 184; 239 185; 241 187; 241 188; 242 189; 242 190; 244 192; 244 193; 246 195; 246 196; 247 197; 247 198; 248 199; 248 200; 249 201; 249 202; 250 203; 252 203; 254 201; 254 200; 255 199; 255 198; 257 196; 257 195; 259 193; 259 192; 260 191; 260 190; 261 189; 261 188; 265 184; 265 183; 266 182; 266 181; 267 180; 267 178; 268 177; 268 176; 269 175; 269 174; 271 172; 271 168; 258 168; 257 167; 255 167; 254 166
41; 760 156; 758 158; 758 159; 753 164; 753 165; 752 166; 752 167; 751 168; 751 169; 750 170; 750 171; 749 172; 749 173; 747 175; 747 176; 745 178; 745 179; 744 180; 744 181; 740 185; 740 186; 739 187; 739 190; 740 191; 742 191; 743 190; 746 190; 747 191; 751 191; 752 192; 754 192; 755 193; 762 193; 763 192; 772 192; 773 193; 775 193; 776 194; 779 194; 779 189; 777 187; 777 186; 776 185; 776 184; 775 183; 775 182; 773 180; 773 179; 772 178; 772 177; 771 176; 771 175; 770 174; 770 172; 769 171; 769 170; 767 168; 767 167; 766 166; 766 163; 765 162; 765 160; 764 159; 764 157; 763 156
42; 903 155; 901 157; 901 167; 900 168; 900 183; 899 184; 899 191; 898 192; 898 197; 902 197; 903 196; 904 196; 905 195; 907 195; 908 194; 914 194; 915 193; 916 193; 918 191; 919 191; 921 189; 922 189; 923 188; 924 188; 925 187; 927 187; 928 186; 930 186; 931 185; 932 185; 933 184; 934 184; 934 181; 933 180; 932 180; 931 179; 930 179; 928 177; 928 176; 927 175; 927 172; 925 170; 920 170; 917 167; 916 167; 911 162; 910 162; 906 158; 906 157; 904 155
43; 526 160; 525 161; 525 163; 524 164; 524 171; 523 172; 523 178; 522 179; 522 187; 521 188; 521 192; 520 193; 520 194; 519 195; 519 196; 518 197; 518 200; 519 201; 522 201; 523 200; 524 200; 525 199; 527 199; 528 198; 531 198; 532 197; 534 197; 535 196; 540 196; 543 193; 544 193; 545 192; 546 192; 547 191; 548 191; 549 190; 551 190; 552 189; 557 189; 558 188; 558 186; 556 184; 555 184; 541 170; 540 170; 538 168; 537 168; 534 165; 534 164; 530 160
44; 564 168; 563 169; 563 171; 564 172; 564 173; 566 175; 566 176; 567 177; 567 179; 568 180; 568 181; 569 182; 569 184; 570 185; 570 186; 571 187; 571 188; 572 189; 572 190; 573 191; 573 192; 574 193; 574 195; 575 196; 575 197; 576 198; 576 199; 577 200; 577 201; 578 202; 578 204; 579 205; 579 207; 580 208; 582 208; 582 207; 583 206; 583 205; 584 204; 584 203; 586 201; 586 200; 591 195; 592 195; 595 192; 595 190; 596 189; 596 188; 597 187; 597 186; 604 179; 604 175; 603 174; 598 174; 597 173; 592 173; 591 172; 588 172; 587 171; 581 171; 580 170; 576 170; 575 169; 568 169; 567 168
45; 76 162; 74 164; 74 165; 65 174; 65 175; 60 180; 60 181; 56 185; 56 186; 55 187; 54 187; 50 191; 50 193; 52 193; 53 194; 57 194; 58 195; 61 195; 62 196; 65 196; 66 197; 68 197; 69 198; 75 198; 76 199; 79 199; 80 200; 81 200; 82 201; 84 201; 85 202; 89 202; 90 201; 90 199; 89 198; 89 197; 88 196; 88 195; 87 194; 87 190; 86 189; 86 187; 85 186; 85 183; 84 182; 84 179; 83 178; 83 176; 82 175; 82 174; 81 173; 81 169; 80 168; 80 164; 78 162
46; 840 164; 839 165; 839 168; 840 169; 840 170; 841 171; 841 174; 842 175; 842 181; 841 182; 841 184; 840 185; 840 187; 841 188; 841 189; 842 190; 842 203; 843 204; 847 204; 849 202; 850 202; 851 201; 852 201; 853 200; 854 200; 856 198; 857 198; 860 195; 861 195; 862 194; 863 194; 865 192; 866 192; 867 191; 868 191; 869 190; 870 190; 874 186; 875 186; 877 184; 877 182; 876 181; 874 181; 873 180; 871 180; 870 179; 869 179; 866 176; 865 176; 864 175; 862 175; 861 174; 859 174; 858 173; 857 173; 855 171; 854 171; 853 170; 852 170; 851 169; 850 169; 849 168; 848 168; 847 167; 846 167; 844 165; 843 165; 842 164
47; 633 172; 632 173; 632 177; 634 179; 634 180; 635 181; 635 182; 636 183; 636 184; 637 185; 637 187; 638 188; 638 192; 640 194; 640 195; 642 197; 642 198; 643 199; 643 200; 644 201; 644 202; 645 203; 645 206; 646 207; 646 209; 647 210; 650 210; 651 209; 651 208; 653 206; 653 205; 654 204; 654 203; 668 189; 668 188; 669 187; 669 185; 671 183; 671 182; 673 180; 673 177; 666 177; 664 175; 664 173; 662 173; 661 172; 658 172; 658 173; 657 174; 656 174; 655 175; 654 175; 653 174; 649 174; 648 173; 637 173; 636 172
48; 221 169; 221 170; 216 175; 216 176; 214 178; 214 179; 213 180; 213 181; 210 184; 210 185; 209 186; 209 187; 207 189; 207 190; 205 192; 205 193; 203 195; 203 196; 200 199; 200 202; 211 202; 212 203; 216 203; 218 205; 219 205; 220 206; 222 206; 223 205; 230 205; 231 206; 234 206; 235 207; 238 207; 239 206; 239 203; 238 202; 238 201; 237 200; 237 198; 236 197; 236 195; 235 194; 235 193; 234 192; 234 191; 233 190; 233 189; 232 188; 232 186; 231 185; 231 184; 230 183; 230 182; 229 181; 229 180; 227 178; 227 177; 226 176; 226 173; 225 172; 225 170; 224 169
49; 20 188; 20 191; 12 196; 12 200; 23 204; 30 210; 38 211; 45 215; 48 214; 46 198; 48 192; 44 187; 43 175; 37 175
50; 37 175; 35 173; 37 159; 35 157; 22 163; 14 163; 6 169; 0 171; 0 179; 14 184; 20 188
51; 123 180; 123 185; 124 186; 124 187; 125 188; 125 189; 126 190; 126 191; 127 192; 127 194; 128 195; 128 198; 129 199; 129 200; 131 202; 131 203; 133 205; 133 206; 134 207; 134 208; 135 209; 135 210; 136 211; 136 213; 137 214; 137 215; 139 217; 141 217; 144 214; 144 213; 145 212; 145 210; 147 208; 147 207; 148 206; 148 205; 150 203; 150 202; 152 200; 153 200; 154 199; 157 199; 158 198; 158 197; 157 196; 157 192; 158 191; 158 190; 161 187; 161 183; 145 183; 144 182; 133 182; 132 181; 128 181; 127 180
52; 620 174; 620 175; 619 176; 619 177; 615 181; 615 182; 613 184; 613 185; 610 188; 609 188; 607 190; 607 194; 605 196; 605 197; 602 200; 602 201; 598 205; 598 207; 599 208; 603 208; 604 209; 607 209; 608 210; 612 210; 613 211; 618 211; 619 212; 621 212; 622 213; 627 213; 631 217; 633 217; 634 216; 636 216; 638 214; 638 211; 637 210; 637 208; 636 207; 636 206; 635 205; 635 204; 634 203; 634 202; 633 201; 633 198; 632 197; 632 195; 631 194; 631 193; 630 192; 630 191; 629 190; 629 189; 628 188; 628 187; 627 186; 627 183; 626 182; 626 180; 625 179; 625 178; 624 177; 624 174
53; 671 190; 671 192; 672 193; 672 194; 673 195; 673 197; 674 198; 674 199; 675 200; 675 201; 676 202; 676 204; 677 205; 677 208; 678 209; 678 210; 680 212; 680 213; 682 215; 682 216; 683 217; 683 218; 684 219; 684 220; 685 221; 685 222; 686 223; 686 224; 687 225; 687 226; 688 227; 691 227; 691 226; 692 225; 692 224; 693 223; 693 222; 695 220; 695 219; 697 217; 697 216; 701 212; 701 211; 702 210; 702 209; 703 208; 703 207; 705 205; 705 204; 707 202; 707 201; 709 199; 709 198; 711 196; 711 194; 710 193; 709 193; 708 192; 687 192; 686 191; 678 191; 677 190
54; 733 200; 732 201; 732 204; 733 205; 733 206; 734 207; 734 209; 735 210; 735 212; 736 213; 736 214; 737 215; 737 216; 738 217; 738 218; 739 219; 739 222; 740 223; 740 224; 741 225; 741 226; 743 228; 743 229; 744 230; 744 231; 746 233; 746 234; 747 235; 747 237; 748 238; 748 239; 751 239; 753 237; 753 235; 754 234; 754 232; 755 231; 755 230; 756 229; 756 228; 758 226; 758 225; 759 224; 759 223; 765 217; 765 216; 767 214; 767 212; 769 210; 769 209; 771 207; 771 204; 765 204; 764 203; 760 203; 759 202; 755 202; 754 201; 737 201; 736 200
55; 939 197; 938 198; 937 198; 936 199; 934 199; 933 200; 923 200; 922 201; 919 201; 918 202; 914 202; 913 203; 911 203; 910 204; 909 204; 908 205; 905 205; 904 206; 903 206; 903 208; 904 209; 904 210; 924 230; 924 231; 927 234; 927 235; 928 236; 931 236; 932 235; 932 232; 933 231; 933 225; 934 224; 934 222; 937 219; 937 208; 938 207; 938 204; 940 202; 940 201; 941 200; 941 197
56; 159 198; 157 200; 158 201; 158 202; 160 204; 160 205; 161 206; 161 211; 162 212; 162 214; 164 216; 164 218; 165 219; 165 220; 166 221; 166 222; 167 223; 167 224; 168 225; 168 227; 169 228; 169 233; 170 234; 170 237; 171 238; 174 238; 175 237; 175 236; 176 235; 176 234; 178 232; 178 231; 180 229; 180 228; 184 224; 185 224; 186 223; 187 223; 187 222; 188 221; 188 220; 189 219; 189 218; 191 216; 191 215; 193 213; 193 212; 194 211; 194 210; 195 209; 195 208; 196 207; 196 204; 188 204; 187 203; 180 203; 179 202; 176 202; 175 201; 173 201; 172 200; 165 200; 164 199; 160 199
57; 563 191; 561 193; 561 194; 558 197; 558 198; 557 199; 557 200; 555 202; 555 203; 553 205; 553 206; 550 209; 550 210; 549 211; 549 212; 547 214; 547 215; 545 217; 545 218; 543 220; 542 220; 542 224; 544 224; 545 225; 552 225; 553 226; 555 226; 556 227; 557 227; 558 228; 563 228; 564 227; 569 227; 570 228; 582 228; 582 225; 581 224; 581 223; 580 222; 580 221; 579 220; 579 219; 578 218; 578 216; 577 215; 577 213; 576 212; 576 210; 574 208; 574 207; 571 204; 571 203; 570 202; 570 199; 569 198; 569 196; 568 195; 568 194; 565 191
58; 109 193; 101 201; 101 202; 90 213; 89 213; 87 215; 86 215; 84 217; 84 220; 85 221; 87 221; 89 223; 91 223; 92 224; 93 224; 94 225; 97 225; 98 226; 101 226; 102 227; 104 227; 105 228; 108 228; 109 229; 113 229; 114 230; 116 230; 117 231; 119 231; 120 232; 120 230; 121 229; 121 228; 122 227; 121 226; 121 225; 120 224; 120 222; 119 221; 119 211; 118 210; 118 209; 116 207; 116 206; 115 205; 115 203; 114 202; 114 200; 113 199; 113 195; 111 193
59; 417 195; 416 196; 416 215; 417 216; 417 220; 418 221; 418 225; 419 226; 419 232; 418 233; 418 236; 419 237; 422 237; 428 231; 429 231; 430 230; 431 230; 432 229; 433 229; 434 228; 435 228; 443 220; 444 220; 446 218; 447 218; 448 217; 449 217; 450 216; 451 216; 452 215; 453 215; 453 212; 451 210; 450 210; 449 209; 447 209; 445 207; 444 207; 443 206; 442 206; 441 205; 440 205; 439 204; 437 204; 436 203; 435 203; 434 202; 433 202; 432 201; 431 201; 430 200; 428 200; 427 199; 426 199; 425 198; 424 198; 423 197; 422 197; 420 195
60; 949 196; 949 198; 950 199; 950 206; 951 207; 951 212; 950 213; 950 219; 951 220; 951 221; 952 222; 952 234; 953 235; 953 236; 957 236; 957 235; 963 229; 964 229; 965 228; 966 228; 971 223; 972 223; 974 221; 975 221; 977 219; 978 219; 980 217; 981 217; 982 216; 983 216; 984 215; 985 215; 985 212; 984 211; 982 211; 981 210; 979 210; 978 209; 977 209; 976 208; 975 208; 974 207; 973 207; 972 206; 970 206; 969 205; 968 205; 966 203; 965 203; 963 201; 961 201; 960 200; 959 200; 958 199; 957 199; 956 198; 955 198; 954 197; 953 197; 952 196
61; 889 198; 888 199; 888 200; 886 202; 886 203; 877 212; 876 212; 876 213; 873 216; 873 217; 872 218; 872 219; 866 225; 866 229; 872 229; 873 230; 878 230; 879 231; 882 231; 883 232; 887 232; 888 233; 893 233; 894 234; 897 234; 898 235; 900 235; 901 236; 904 236; 905 235; 905 232; 904 231; 904 230; 903 229; 903 228; 902 227; 902 224; 901 223; 901 220; 900 219; 900 213; 896 209; 896 208; 894 206; 894 204; 893 203; 893 198
62; 11 211; 10 212; 10 216; 11 217; 11 219; 12 220; 12 221; 13 222; 13 224; 14 225; 14 233; 16 235; 16 236; 17 237; 17 243; 18 244; 18 247; 20 249; 23 249; 23 248; 24 247; 24 245; 26 243; 26 242; 27 241; 27 239; 29 237; 30 237; 31 238; 31 239; 34 242; 37 242; 38 241; 38 239; 39 238; 39 234; 38 233; 38 232; 37 231; 37 230; 35 228; 35 227; 32 224; 32 223; 24 215; 23 215; 22 214; 20 214; 19 213; 17 213; 16 212; 15 212; 14 211
63; 607 216; 606 217; 592 217; 591 218; 591 222; 595 226; 595 227; 596 228; 596 229; 597 230; 597 231; 598 232; 598 234; 599 235; 599 236; 600 237; 600 238; 605 243; 605 244; 607 246; 607 247; 608 248; 608 249; 610 251; 610 252; 612 254; 614 254; 616 252; 616 251; 617 250; 617 247; 618 246; 618 245; 619 244; 619 243; 623 239; 624 239; 625 238; 625 232; 626 231; 626 230; 627 229; 627 228; 628 227; 628 226; 630 224; 630 223; 632 221; 632 220; 633 219; 633 218; 631 218; 629 216; 627 216; 626 217; 618 217; 617 216
64; 128 218; 127 219; 127 225; 126 226; 126 227; 125 228; 122 228; 122 229; 121 230; 121 232; 124 235; 124 246; 123 247; 123 252; 122 253; 122 258; 123 259; 126 259; 127 258; 128 258; 130 256; 131 256; 132 255; 133 255; 134 254; 135 254; 136 253; 138 253; 139 252; 145 252; 145 251; 146 250; 147 250; 149 248; 150 248; 151 247; 153 247; 154 246; 156 246; 157 245; 160 245; 161 244; 161 241; 160 240; 159 240; 157 238; 156 238; 155 237; 154 237; 151 234; 150 234; 146 230; 145 230; 136 221; 135 221; 134 220; 133 220; 132 219; 131 219; 130 218
65; 296 227; 296 231; 297 232; 297 234; 298 235; 298 237; 300 239; 300 240; 301 241; 301 242; 303 244; 303 245; 304 246; 304 247; 305 248; 305 250; 306 251; 306 252; 307 253; 307 254; 309 256; 309 257; 311 259; 311 260; 312 261; 312 265; 315 265; 317 263; 317 262; 320 259; 320 258; 322 256; 322 255; 326 251; 327 251; 328 250; 328 247; 329 246; 329 243; 331 241; 331 240; 333 238; 333 237; 335 235; 335 234; 336 233; 336 229; 335 228; 331 228; 330 229; 324 229; 323 228; 318 228; 317 227; 314 227; 313 228; 301 228; 300 227
66; 1022 217; 1019 220; 1019 221; 1005 235; 1004 235; 1002 237; 1001 237; 999 239; 998 239; 997 240; 997 243; 998 244; 999 244; 1000 245; 1002 245; 1003 246; 1005 246; 1006 247; 1007 247; 1008 248; 1009 248; 1012 251; 1014 251; 1015 252; 1023 252; 1023 246; 1020 246; 1019 245; 1017 245; 1016 244; 1014 244; 1013 243; 1012 243; 1010 241; 1010 239; 1011 238; 1011 237; 1019 229; 1020 229; 1022 227; 1023 227; 1023 217
67; 674 220; 673 221; 673 222; 672 223; 672 224; 671 225; 671 226; 666 231; 665 231; 664 232; 662 232; 660 234; 660 239; 659 240; 659 242; 658 243; 658 244; 657 245; 657 246; 652 251; 652 255; 667 255; 668 256; 674 256; 675 257; 689 257; 690 258; 693 258; 694 257; 694 254; 693 253; 693 252; 692 251; 692 250; 691 249; 691 248; 690 247; 690 245; 689 244; 689 242; 688 241; 688 240; 687 239; 687 238; 685 236; 685 235; 684 234; 684 233; 683 232; 683 231; 681 229; 681 228; 680 227; 680 226; 679 225; 679 224; 678 223; 678 222; 677 221; 677 220
68; 463 236; 461 238; 461 241; 463 243; 463 244; 464 245; 464 246; 465 247; 465 249; 466 250; 466 252; 467 253; 467 258; 468 259; 468 260; 472 264; 472 265; 473 266; 473 267; 474 268; 474 271; 475 272; 475 275; 480 275; 484 271; 484 270; 485 269; 485 268; 491 262; 491 261; 495 257; 495 256; 496 255; 496 254; 498 252; 498 251; 503 246; 503 244; 502 243; 500 243; 499 242; 496 242; 495 241; 492 241; 491 240; 486 240; 485 239; 480 239; 479 238; 476 238; 475 237; 471 237; 470 236
69; 877 240; 876 241; 875 241; 874 242; 874 244; 876 246; 876 247; 878 249; 878 250; 879 251; 879 252; 881 254; 881 259; 886 264; 886 265; 888 267; 888 268; 889 269; 889 270; 891 272; 891 273; 892 274; 892 276; 893 277; 896 277; 897 276; 897 275; 898 274; 898 273; 899 272; 899 271; 901 269; 901 268; 902 267; 902 266; 904 264; 904 263; 908 259; 908 258; 909 257; 909 256; 910 255; 910 253; 912 251; 912 250; 916 246; 916 243; 915 243; 914 242; 911 242; 910 243; 909 243; 908 242; 903 242; 902 241; 898 241; 897 242; 892 242; 891 241; 883 241; 882 240
70; 970 232; 967 235; 966 235; 959 242; 959 243; 949 253; 948 253; 943 258; 943 260; 944 261; 948 261; 949 262; 952 262; 953 263; 954 263; 955 264; 956 264; 957 265; 958 265; 960 267; 966 267; 967 268; 968 268; 969 269; 970 269; 971 270; 973 270; 974 271; 980 271; 980 268; 979 267; 979 260; 978 259; 978 253; 977 252; 977 250; 976 249; 976 247; 975 246; 975 243; 974 242; 974 237; 973 236; 973 233; 972 232
71; 343 237; 342 238; 342 239; 341 240; 341 243; 340 244; 340 245; 338 247; 338 248; 336 250; 336 251; 334 253; 333 253; 333 254; 332 255; 332 259; 331 260; 331 262; 330 263; 330 264; 329 265; 329 266; 326 269; 326 274; 338 274; 339 275; 355 275; 356 274; 365 274; 365 270; 363 268; 363 267; 362 266; 362 264; 361 263; 361 262; 360 261; 360 260; 358 258; 358 257; 356 255; 356 254; 354 252; 354 251; 353 250; 353 249; 352 248; 352 247; 350 245; 350 244; 349 243; 349 242; 348 241; 348 240; 347 239; 347 238; 346 238; 345 237
72; 852 243; 851 244; 851 245; 849 247; 849 249; 848 250; 848 251; 847 252; 847 253; 842 258; 842 260; 841 261; 841 264; 840 265; 840 267; 839 268; 839 269; 837 271; 837 272; 836 273; 836 274; 835 275; 835 277; 836 278; 849 278; 850 279; 856 279; 857 278; 865 278; 867 276; 869 276; 870 275; 875 275; 874 274; 874 273; 873 272; 873 271; 872 270; 872 269; 870 267; 870 266; 869 265; 869 264; 868 263; 868 262; 866 260; 866 259; 865 258; 865 257; 863 255; 863 254; 861 252; 861 251; 860 250; 860 249; 858 247; 858 246; 857 245; 857 244; 856 243
73; 511 247; 511 248; 510 249; 510 253; 509 254; 509 282; 508 283; 508 286; 509 287; 512 287; 513 286; 514 286; 516 284; 517 284; 519 282; 520 282; 521 281; 523 281; 524 280; 528 280; 531 277; 532 277; 534 275; 535 275; 536 274; 538 274; 539 273; 541 273; 542 272; 543 272; 545 270; 545 268; 543 266; 542 266; 540 264; 539 264; 537 262; 536 262; 533 259; 532 259; 528 255; 527 255; 525 253; 524 253; 523 252; 522 252; 520 250; 519 250; 517 248; 516 248; 515 247
74; 1016 261; 1015 262; 1012 262; 1011 263; 1000 263; 999 264; 997 264; 997 266; 998 267; 998 268; 1002 272; 1002 273; 1003 274; 1003 275; 1005 277; 1005 278; 1010 283; 1010 284; 1014 288; 1014 289; 1017 292; 1017 293; 1018 294; 1018 295; 1019 296; 1023 296; 1023 280; 1022 280; 1019 283; 1017 283; 1012 278; 1012 277; 1010 275; 1010 274; 1009 273; 1009 270; 1011 268; 1012 268; 1013 267; 1017 267; 1018 266; 1020 266; 1021 267; 1023 267; 1023 261
75; 271 247; 271 254; 272 255; 272 259; 273 260; 273 286; 274 287; 274 288; 278 288; 281 285; 282 285; 284 283; 285 283; 286 282; 291 282; 293 280; 293 279; 299 273; 300 273; 302 271; 303 271; 304 270; 306 270; 308 268; 308 266; 307 265; 306 265; 305 264; 304 264; 303 263; 302 263; 300 261; 299 261; 298 260; 297 260; 296 259; 295 259; 292 256; 291 256; 290 255; 289 255; 287 253; 286 253; 285 252; 284 252; 283 251; 281 251; 280 250; 279 250; 278 249; 277 249; 275 247
76; 567 253; 566 254; 566 256; 567 257; 567 259; 568 260; 568 261; 569 262; 569 264; 570 265; 570 273; 571 274; 571 276; 572 277; 572 280; 573 281; 573 285; 574 286; 574 293; 578 293; 585 286; 586 286; 588 284; 589 284; 590 283; 591 283; 592 282; 593 282; 593 281; 595 279; 595 278; 596 277; 597 277; 601 273; 602 273; 603 272; 604 272; 606 270; 606 268; 604 266; 603 266; 602 265; 601 265; 600 264; 599 264; 598 263; 597 263; 596 262; 594 262; 593 261; 592 261; 591 260; 590 260; 589 259; 588 259; 587 258; 584 258; 583 257; 580 257; 579 256; 577 256; 576 255; 574 255; 573 254; 572 254; 571 253
77; 59 250; 58 251; 58 252; 56 254; 56 255; 53 258; 53 259; 51 261; 51 262; 46 267; 46 268; 42 272; 42 273; 41 274; 41 275; 39 277; 39 278; 37 280; 37 283; 38 284; 42 284; 43 283; 44 283; 45 284; 54 284; 55 285; 57 285; 58 286; 60 286; 61 287; 68 287; 69 288; 71 288; 72 289; 75 289; 76 288; 76 285; 75 284; 75 283; 74 282; 74 280; 73 279; 73 278; 72 277; 72 276; 71 275; 71 273; 70 272; 70 268; 69 267; 69 266; 67 264; 67 262; 66 261; 66 259; 65 258; 65 256; 64 255; 64 254; 63 253; 63 251; 62 250
78; 99 263; 98 264; 98 268; 100 270; 100 272; 101 273; 101 274; 102 275; 102 276; 103 277; 103 279; 104 280; 104 281; 107 284; 107 285; 108 286; 108 287; 109 288; 109 289; 110 290; 110 291; 111 292; 111 293; 112 294; 112 296; 113 297; 113 298; 115 298; 116 299; 118 299; 119 298; 119 296; 121 294; 121 293; 123 291; 123 290; 125 288; 125 287; 128 284; 128 282; 129 281; 129 280; 130 279; 130 278; 133 275; 133 274; 135 272; 135 271; 136 270; 136 267; 135 266; 131 266; 130 265; 123 265; 122 264; 121 264; 120 263; 116 263; 115 264; 102 264; 101 263
79; 710 261; 709 262; 709 268; 710 269; 710 271; 711 272; 711 283; 712 284; 712 286; 713 287; 713 288; 714 289; 714 291; 715 292; 715 296; 716 297; 716 300; 717 301; 720 301; 730 291; 731 291; 734 288; 735 288; 743 280; 744 280; 746 278; 747 278; 747 275; 745 273; 743 273; 742 272; 741 272; 740 271; 739 271; 738 270; 737 270; 736 269; 733 269; 732 268; 729 268; 728 267; 726 267; 725 266; 724 266; 723 265; 721 265; 720 264; 719 264; 718 263; 716 263; 715 262; 714 262; 713 261
80; 820 256; 818 258; 818 259; 816 261; 816 262; 809 269; 809 270; 803 276; 803 277; 799 281; 799 282; 794 287; 794 289; 795 289; 796 290; 807 290; 808 291; 809 291; 810 292; 811 292; 812 293; 822 293; 823 294; 825 294; 826 295; 828 295; 829 296; 831 296; 833 298; 833 299; 836 299; 837 300; 840 300; 840 295; 839 294; 839 291; 837 291; 833 287; 833 286; 832 285; 832 279; 829 276; 829 275; 828 274; 828 273; 827 272; 827 270; 826 269; 826 267; 825 266; 825 264; 824 263; 824 259; 823 258; 823 257; 822 256
81; 624 264; 614 274; 613 274; 610 277; 609 277; 605 281; 604 281; 599 286; 598 286; 596 288; 596 291; 597 292; 599 292; 600 293; 602 293; 603 294; 606 294; 607 295; 608 295; 610 297; 611 297; 612 298; 618 298; 619 299; 622 299; 623 300; 625 300; 626 301; 627 301; 629 303; 631 303; 632 304; 635 304; 635 297; 634 296; 634 293; 633 292; 633 288; 632 287; 632 281; 631 280; 631 276; 630 275; 630 273; 629 272; 629 271; 628 270; 628 266; 627 265; 627 264
82; 187 265; 186 266; 186 268; 185 269; 185 271; 184 272; 184 273; 182 275; 182 276; 181 277; 181 279; 180 280; 180 281; 178 283; 178 284; 177 285; 177 286; 175 288; 175 289; 174 290; 174 291; 173 292; 173 294; 172 295; 172 296; 171 297; 171 301; 172 302; 177 302; 178 301; 184 301; 185 302; 187 302; 188 301; 192 301; 193 300; 197 300; 198 299; 210 299; 211 298; 211 296; 210 295; 210 294; 207 291; 207 290; 204 287; 204 286; 202 284; 202 283; 201 282; 201 279; 193 271; 193 270; 192 269; 192 268; 191 267; 191 266; 190 265
83; 927 274; 926 275; 926 277; 927 278; 927 279; 928 280; 928 282; 929 283; 929 286; 930 287; 930 290; 931 291; 931 292; 932 293; 932 295; 933 296; 933 297; 934 298; 934 299; 935 300; 935 301; 936 302; 936 304; 937 305; 937 306; 938 307; 938 308; 939 309; 939 311; 940 312; 943 312; 945 310; 945 309; 949 305; 949 304; 952 301; 952 300; 955 297; 955 296; 959 292; 959 291; 962 288; 962 287; 964 285; 964 281; 959 281; 958 280; 953 280; 952 279; 951 279; 949 277; 938 277; 937 276; 933 276; 932 275; 930 275; 929 274
84; 870 276; 869 277; 867 277; 865 279; 865 280; 862 283; 860 283; 859 284; 854 284; 851 287; 850 287; 849 288; 848 288; 847 289; 846 289; 845 290; 841 290; 840 291; 840 294; 841 295; 841 298; 842 298; 843 299; 843 301; 846 304; 849 304; 850 305; 851 305; 852 306; 853 306; 858 311; 859 311; 863 315; 863 316; 866 316; 867 317; 870 317; 871 316; 871 308; 872 307; 872 304; 874 302; 876 302; 880 306; 880 308; 875 313; 875 316; 876 317; 878 317; 879 316; 880 316; 881 315; 883 315; 884 314; 885 314; 886 313; 887 313; 888 312; 889 312; 891 310; 893 310; 893 309; 894 308; 894 307; 893 306; 892 306; 891 305; 890 305; 885 300; 884 300; 881 297; 880 297; 877 294; 877 293; 876 292; 876 290; 875 289; 875 283; 876 282; 876 281; 877 280; 877 277; 876 276
85; 89 275; 88 276; 88 277; 86 279; 86 280; 85 281; 85 282; 84 283; 84 284; 83 285; 83 286; 82 287; 82 288; 81 289; 81 290; 80 291; 80 294; 79 295; 79 296; 78 297; 78 298; 77 299; 77 300; 76 301; 76 302; 75 303; 75 304; 73 306; 73 310; 79 310; 80 309; 86 309; 87 310; 96 310; 97 309; 98 309; 99 308; 109 308; 110 307; 111 307; 112 308; 113 308; 114 307; 115 307; 118 304; 118 300; 116 300; 115 299; 110 299; 106 295; 106 294; 103 291; 103 290; 102 289; 102 288; 96 282; 96 281; 94 279; 94 278; 93 277; 93 276; 92 275
86; 340 293; 339 294; 339 295; 337 297; 337 298; 332 303; 331 303; 326 308; 326 310; 325 311; 325 312; 322 315; 322 316; 318 320; 318 321; 317 322; 317 324; 318 325; 319 325; 320 326; 326 326; 327 327; 329 327; 330 328; 335 328; 337 326; 337 322; 336 321; 333 321; 332 320; 330 320; 329 319; 329 316; 333 312; 333 311; 337 307; 339 307; 342 310; 342 312; 343 313; 343 315; 344 316; 344 318; 345 319; 345 321; 346 322; 346 323; 351 328; 351 329; 352 330; 352 331; 354 331; 354 326; 353 325; 353 322; 352 321; 352 318; 351 317; 351 316; 350 315; 350 313; 349 312; 349 310; 348 309; 348 306; 347 305; 347 303; 346 302; 346 301; 345 300; 345 298; 344 297; 344 295; 342 293
87; 294 287; 293 288; 290 288; 289 289; 285 289; 284 290; 281 290; 280 291; 279 291; 277 289; 274 289; 274 291; 273 292; 272 292; 271 293; 267 293; 266 294; 264 294; 263 295; 263 299; 269 305; 269 306; 270 306; 271 307; 271 308; 279 316; 279 317; 284 322; 284 323; 285 324; 286 324; 287 325; 288 325; 288 324; 289 323; 289 320; 290 319; 290 318; 291 317; 291 315; 292 314; 292 312; 293 311; 293 309; 294 308; 294 307; 295 306; 295 304; 296 303; 296 299; 297 298; 297 296; 298 295; 298 293; 299 292; 299 288; 298 287
88; 530 285; 525 290; 524 290; 523 291; 521 291; 520 292; 519 292; 518 293; 517 293; 516 294; 515 294; 514 295; 513 295; 512 296; 511 296; 510 297; 509 297; 508 298; 507 298; 506 299; 505 299; 504 300; 503 300; 502 301; 501 301; 500 302; 499 302; 498 303; 498 306; 499 307; 500 307; 501 308; 503 308; 504 309; 505 309; 508 312; 509 312; 511 314; 512 314; 515 317; 516 317; 519 320; 520 320; 522 322; 523 322; 528 327; 529 327; 530 328; 531 328; 532 327; 532 322; 533 321; 533 316; 534 315; 534 310; 535 309; 535 308; 536 307; 536 304; 535 303; 535 300; 534 299; 534 290; 535 289; 535 287; 534 286; 534 285
89; 135 294; 131 298; 130 298; 128 300; 127 300; 123 304; 122 304; 121 305; 120 305; 119 304; 115 308; 114 308; 113 309; 114 310; 114 311; 113 312; 113 313; 109 317; 108 317; 105 320; 108 323; 109 322; 111 322; 112 323; 115 323; 116 324; 118 324; 119 325; 120 325; 121 326; 122 326; 123 327; 125 327; 126 328; 127 328; 128 329; 130 329; 131 330; 133 330; 134 331; 137 331; 138 332; 139 332; 140 333; 141 333; 142 334; 144 334; 146 332; 146 330; 145 329; 145 328; 144 327; 144 326; 143 325; 143 319; 142 318; 142 313; 141 312; 141 309; 140 308; 140 305; 139 304; 139 299; 138 298; 138 295; 137 294
90; 830 304; 827 302; 809 302; 805 304; 790 304; 789 308; 811 339; 815 338; 817 331; 821 325; 825 325
91; 825 325; 831 332; 837 336; 843 337; 842 325; 843 316; 840 311; 840 301; 833 300; 830 304
92; 588 297; 587 298; 587 306; 588 307; 588 315; 589 316; 589 320; 590 321; 590 330; 591 331; 591 338; 593 338; 594 337; 595 337; 599 333; 600 333; 602 331; 603 331; 604 330; 605 330; 606 329; 609 329; 611 327; 612 327; 612 326; 613 325; 613 324; 616 321; 617 321; 621 317; 622 317; 623 316; 624 316; 625 315; 625 312; 624 312; 623 311; 622 311; 621 310; 620 310; 619 309; 618 309; 617 308; 616 308; 615 307; 613 307; 612 306; 611 306; 610 305; 609 305; 608 304; 607 304; 606 303; 605 303; 603 301; 601 301; 600 300; 597 300; 596 299; 595 299; 594 298; 593 298; 592 297
93; 905 294; 903 296; 903 297; 902 298; 902 299; 901 300; 901 301; 900 302; 900 303; 896 307; 895 307; 895 308; 894 309; 894 310; 895 311; 895 312; 896 313; 895 314; 895 316; 894 317; 894 318; 892 320; 892 322; 891 323; 891 325; 890 326; 890 328; 889 329; 889 332; 892 332; 893 331; 896 331; 897 330; 901 330; 902 331; 908 331; 909 330; 911 330; 912 329; 915 329; 916 328; 927 328; 928 327; 928 325; 927 324; 927 323; 925 321; 925 320; 923 318; 923 317; 921 315; 921 314; 919 312; 919 311; 916 308; 916 307; 911 302; 911 301; 909 299; 909 298; 908 297; 908 295; 907 294
94; 969 309; 969 313; 970 314; 970 315; 971 316; 971 319; 972 320; 972 323; 973 324; 973 326; 974 327; 974 328; 975 329; 975 330; 976 331; 976 333; 977 334; 977 335; 978 336; 978 338; 979 339; 979 341; 980 342; 980 345; 981 346; 981 347; 984 347; 985 346; 985 345; 987 343; 987 342; 993 336; 994 336; 995 335; 996 335; 997 334; 997 333; 998 332; 998 331; 999 330; 999 328; 1000 327; 1000 326; 1002 324; 1002 323; 1003 322; 1003 321; 1005 319; 1005 316; 1004 315; 999 315; 998 314; 995 314; 994 313; 986 313; 985 312; 980 312; 979 311; 976 311; 975 310; 972 310; 971 309
95; 39 306; 39 308; 38 309; 38 315; 37 316; 37 322; 36 323; 36 326; 35 327; 35 331; 34 332; 34 341; 33 342; 33 345; 34 346; 37 346; 38 345; 39 345; 40 344; 41 344; 42 343; 43 343; 44 342; 46 342; 47 341; 49 341; 50 340; 52 340; 53 339; 54 339; 55 338; 57 338; 58 337; 60 337; 61 336; 62 336; 63 335; 65 335; 66 334; 69 334; 70 333; 71 333; 71 330; 70 329; 69 329; 58 318; 58 317; 57 317; 56 316; 55 316; 54 315; 52 315; 49 312; 48 312; 42 306
96; 705 310; 702 313; 702 314; 699 317; 698 317; 695 320; 694 320; 692 322; 692 323; 679 336; 679 339; 680 340; 681 340; 682 341; 684 341; 685 342; 689 342; 690 343; 693 343; 694 344; 696 344; 697 345; 699 345; 700 346; 703 346; 704 347; 706 347; 707 348; 709 348; 710 349; 712 349; 713 350; 714 350; 715 351; 717 351; 719 349; 719 346; 718 345; 718 343; 717 342; 717 341; 716 340; 716 337; 715 336; 715 334; 714 333; 714 326; 713 325; 713 324; 711 322; 711 321; 710 320; 710 318; 709 317; 709 314; 708 313; 708 310
97; 850 314; 849 315; 848 315; 848 316; 847 317; 847 320; 848 321; 848 322; 849 323; 849 326; 850 327; 850 332; 849 333; 849 339; 850 340; 850 345; 849 346; 849 352; 850 353; 850 355; 851 356; 852 356; 853 355; 854 355; 858 351; 859 351; 861 349; 862 349; 863 348; 864 348; 865 347; 868 347; 869 346; 870 346; 871 345; 871 344; 874 341; 875 341; 876 340; 877 340; 879 338; 881 338; 882 337; 883 337; 884 336; 885 336; 887 334; 887 332; 883 332; 882 331; 881 331; 880 330; 879 330; 878 329; 877 329; 875 327; 874 327; 870 323; 870 318; 867 318; 866 317; 863 317; 862 318; 859 318; 858 317; 857 317; 856 316; 855 316; 853 314
98; 248 320; 247 321; 247 323; 248 324; 248 325; 249 326; 249 328; 250 329; 250 334; 251 335; 251 337; 252 338; 252 340; 253 341; 253 344; 254 345; 254 347; 255 348; 255 349; 256 350; 256 351; 257 352; 257 354; 258 355; 258 356; 259 357; 259 358; 263 358; 263 357; 266 354; 266 353; 272 347; 273 347; 274 346; 275 346; 277 344; 277 343; 278 342; 278 341; 280 339; 280 338; 287 331; 287 330; 288 329; 288 326; 287 326; 286 325; 285 325; 283 327; 279 327; 278 326; 274 326; 273 325; 270 325; 269 324; 262 324; 261 323; 259 323; 258 322; 255 322; 254 321; 253 321; 252 320
99; 103 321; 99 325; 98 325; 96 327; 95 327; 92 330; 91 330; 90 331; 88 331; 87 332; 86 332; 84 334; 84 335; 81 338; 80 338; 77 341; 76 341; 75 342; 74 342; 73 343; 73 346; 74 347; 75 347; 76 348; 77 348; 79 350; 81 350; 82 351; 83 351; 84 352; 85 352; 87 354; 88 354; 90 356; 91 356; 93 358; 95 358; 96 359; 98 359; 99 360; 100 360; 101 361; 102 361; 104 363; 107 363; 107 362; 108 361; 108 348; 107 347; 107 335; 108 334; 109 334; 109 329; 108 329; 106 327; 106 325; 107 324; 107 323; 105 321
100; 517 328; 517 334; 518 335; 518 337; 519 338; 519 343; 520 344; 520 352; 521 353; 521 356; 522 357; 522 359; 523 360; 523 362; 524 363; 524 368; 525 369; 527 369; 528 368; 529 368; 537 360; 538 360; 539 359; 540 359; 546 353; 547 353; 548 352; 549 352; 554 347; 555 347; 556 346; 556 344; 555 343; 555 342; 554 342; 553 341; 552 341; 551 340; 550 340; 549 339; 547 339; 546 338; 545 338; 544 337; 543 337; 541 335; 540 335; 538 333; 537 333; 536 332; 533 332; 531 330; 531 329; 530 329; 529 328; 528 328; 527 329; 524 329; 523 328
101; 111 329; 110 330; 110 334; 112 336; 112 337; 113 338; 113 341; 114 342; 114 345; 115 346; 115 348; 116 349; 116 353; 117 354; 117 358; 118 359; 118 361; 119 362; 119 365; 120 366; 120 368; 121 369; 123 369; 130 362; 131 362; 133 360; 134 360; 135 359; 136 359; 137 358; 137 357; 138 356; 138 355; 148 345; 148 344; 149 343; 149 341; 148 340; 147 340; 146 339; 143 339; 142 338; 139 338; 138 337; 136 337; 135 336; 133 336; 132 335; 131 335; 130 334; 129 334; 128 333; 126 333; 125 332; 121 332; 120 331; 117 331; 116 330; 114 330; 113 329
102; 914 335; 913 336; 912 336; 911 337; 910 337; 909 338; 906 338; 905 339; 903 339; 902 340; 899 340; 898 341; 895 341; 894 342; 894 344; 898 348; 898 349; 900 351; 900 353; 901 354; 901 355; 902 355; 915 368; 915 369; 917 371; 917 372; 920 372; 921 371; 921 368; 922 367; 922 365; 923 364; 923 363; 924 362; 924 361; 925 360; 925 359; 926 358; 926 357; 927 356; 927 355; 928 354; 928 352; 929 351; 929 349; 930 348; 930 347; 932 345; 933 345; 933 342; 934 341; 934 336; 933 335; 927 335; 926 336; 922 336; 921 337; 920 337; 919 336; 917 336; 916 335
103; 561 334; 561 338; 562 339; 562 341; 563 342; 563 344; 564 345; 564 349; 565 350; 565 353; 566 354; 566 355; 567 356; 567 357; 568 358; 568 359; 569 360; 569 361; 570 362; 570 365; 571 366; 571 372; 572 373; 572 374; 573 375; 575 375; 576 374; 576 373; 582 367; 582 366; 586 362; 587 362; 589 360; 589 359; 598 350; 599 350; 601 348; 601 345; 600 344; 597 344; 596 343; 595 343; 594 342; 593 342; 592 341; 592 340; 591 339; 585 339; 582 336; 579 336; 578 337; 574 337; 573 336; 570 336; 569 335; 567 335; 566 334
104; 319 332; 316 335; 315 335; 314 336; 313 336; 311 338; 310 338; 308 340; 307 340; 306 341; 305 341; 304 342; 303 342; 301 344; 300 344; 298 346; 297 346; 296 347; 295 347; 294 348; 292 348; 290 350; 289 350; 288 351; 288 354; 289 355; 290 355; 291 356; 292 356; 293 357; 294 357; 295 358; 296 358; 297 359; 298 359; 299 360; 300 360; 301 361; 302 361; 303 362; 304 362; 306 364; 307 364; 310 367; 311 367; 312 368; 314 368; 315 369; 316 369; 320 373; 324 373; 324 367; 323 366; 323 358; 324 357; 324 356; 325 355; 325 352; 324 351; 324 349; 323 348; 323 333; 322 332
105; 941 330; 940 331; 940 333; 939 334; 939 335; 937 337; 936 337; 936 340; 934 342; 934 350; 933 351; 933 353; 932 354; 932 357; 931 358; 931 361; 930 362; 930 363; 929 364; 929 368; 932 368; 933 367; 938 367; 939 366; 945 366; 946 367; 948 367; 949 366; 950 366; 952 364; 955 364; 956 363; 966 363; 966 359; 964 357; 964 356; 963 355; 963 354; 961 352; 961 351; 953 343; 953 342; 950 339; 950 338; 944 332; 944 331; 943 330
106; 627 334; 625 336; 625 337; 619 343; 618 343; 616 345; 616 346; 608 354; 608 355; 601 362; 601 364; 602 365; 607 365; 608 366; 611 366; 612 367; 614 367; 615 368; 616 368; 619 371; 623 371; 624 370; 626 370; 627 371; 630 371; 631 372; 634 372; 635 373; 636 373; 637 374; 640 374; 641 373; 641 370; 640 369; 640 367; 639 366; 639 363; 638 362; 638 357; 637 356; 637 353; 636 352; 636 349; 635 348; 635 346; 634 345; 634 344; 633 343; 633 342; 632 341; 632 339; 631 338; 631 336; 629 334
107; 884 342; 883 343; 883 344; 882 345; 882 346; 881 347; 881 349; 879 351; 879 352; 878 353; 878 354; 877 355; 877 356; 876 357; 876 358; 873 361; 871 361; 871 366; 872 367; 871 368; 871 370; 870 371; 870 373; 868 375; 868 378; 869 379; 873 379; 874 378; 882 378; 883 377; 890 377; 891 378; 896 378; 897 377; 906 377; 907 376; 907 373; 905 371; 905 370; 902 367; 902 366; 900 364; 900 363; 899 362; 899 360; 898 359; 898 356; 896 354; 896 353; 891 348; 891 347; 890 346; 890 345; 889 344; 889 343; 888 342
108; 190 352; 189 353; 188 353; 187 354; 179 354; 178 353; 174 353; 173 354; 173 358; 175 360; 175 361; 176 362; 176 363; 177 364; 177 365; 178 366; 178 367; 180 369; 180 371; 181 372; 181 373; 182 374; 182 376; 183 377; 183 378; 184 379; 184 380; 185 381; 185 382; 186 383; 186 384; 187 385; 187 386; 188 387; 188 388; 189 389; 189 390; 192 390; 194 388; 194 387; 196 385; 196 384; 198 382; 198 381; 199 380; 199 379; 201 377; 201 376; 203 374; 203 373; 204 372; 204 371; 206 369; 206 368; 209 365; 209 364; 212 361; 212 358; 211 358; 210 357; 209 357; 208 356; 206 356; 205 355; 198 355; 197 354; 196 354; 194 352
109; 163 344; 152 355; 151 355; 150 356; 150 357; 146 361; 146 362; 141 367; 140 367; 137 370; 137 373; 138 374; 141 374; 142 375; 144 375; 145 376; 146 376; 147 377; 148 377; 149 378; 150 378; 151 379; 152 379; 154 381; 161 381; 162 382; 166 382; 167 383; 168 383; 169 384; 174 384; 174 381; 173 380; 173 378; 172 377; 172 374; 171 373; 171 369; 170 368; 170 365; 169 364; 169 360; 168 359; 168 355; 167 354; 167 350; 166 349; 166 345; 165 344
110; 853 356; 852 357; 851 357; 849 359; 848 359; 847 360; 844 360; 843 359; 831 359; 830 360; 830 362; 831 363; 831 364; 833 366; 833 367; 834 368; 834 369; 835 370; 835 371; 837 373; 837 374; 838 375; 838 376; 839 377; 839 380; 845 386; 845 387; 846 388; 846 389; 847 390; 847 391; 848 392; 848 394; 849 394; 850 395; 852 395; 853 394; 853 393; 854 392; 854 390; 855 389; 855 388; 856 387; 856 386; 857 385; 857 384; 859 382; 859 381; 860 380; 860 378; 861 377; 861 376; 862 375; 862 374; 863 373; 863 372; 865 370; 865 369; 867 367; 867 366; 868 365; 870 365; 870 361; 869 361; 868 360; 864 360; 863 359; 858 359; 857 358; 855 358; 854 357; 854 356
111; 80 362; 79 363; 65 363; 64 364; 63 364; 62 365; 57 365; 56 366; 55 366; 54 367; 50 367; 49 368; 49 370; 51 372; 51 373; 52 374; 52 378; 53 378; 54 379; 55 379; 66 390; 66 391; 70 395; 70 396; 71 397; 71 398; 72 399; 75 399; 75 398; 76 397; 76 395; 77 394; 77 392; 78 391; 78 390; 79 389; 79 387; 80 386; 80 384; 81 383; 81 381; 82 380; 82 378; 83 377; 83 374; 84 373; 84 371; 85 370; 85 368; 86 367; 86 366; 88 364; 88 362
112; 680 362; 679 363; 679 365; 680 366; 680 367; 681 368; 681 369; 682 370; 682 372; 683 373; 683 375; 684 376; 684 378; 685 379; 685 380; 686 381; 686 382; 687 383; 687 385; 688 386; 688 387; 689 388; 689 389; 690 390; 690 393; 691 394; 691 396; 692 397; 692 400; 693 401; 696 401; 698 399; 698 398; 703 393; 703 392; 708 387; 708 386; 715 379; 715 378; 717 376; 717 375; 721 371; 721 369; 720 368; 714 368; 713 367; 709 367; 708 366; 705 366; 704 365; 703 365; 702 364; 691 364; 690 363; 687 363; 686 362
113; 221 355; 220 356; 220 357; 218 359; 218 360; 217 361; 217 362; 216 363; 216 365; 215 366; 215 367; 214 368; 214 369; 213 370; 213 371; 211 373; 211 374; 209 376; 209 377; 208 378; 208 379; 206 381; 206 382; 204 384; 204 385; 203 386; 203 389; 204 390; 210 390; 211 391; 234 391; 235 392; 241 392; 241 387; 240 386; 240 385; 239 384; 239 382; 238 381; 238 380; 237 379; 237 378; 236 377; 236 372; 229 365; 229 364; 228 363; 228 362; 227 361; 227 360; 226 359; 226 358; 225 357; 225 356; 224 355
114; 400 356; 399 357; 399 370; 398 371; 398 372; 396 374; 396 390; 395 391; 395 396; 396 397; 401 397; 403 395; 404 395; 406 393; 407 393; 408 392; 411 392; 412 391; 414 391; 416 389; 417 389; 418 388; 420 388; 421 387; 422 387; 423 386; 424 386; 425 385; 426 385; 427 384; 428 384; 429 383; 431 383; 432 382; 432 378; 431 378; 430 377; 429 377; 420 368; 419 368; 418 367; 417 367; 416 366; 415 366; 410 361; 409 361; 405 357; 404 357; 403 356
115; 277 358; 270 365; 269 365; 267 367; 265 367; 262 370; 262 371; 259 374; 258 374; 255 377; 254 377; 251 380; 250 380; 249 381; 249 384; 250 384; 251 385; 252 385; 253 386; 254 386; 255 387; 256 387; 257 388; 259 388; 260 389; 263 389; 264 390; 265 390; 266 391; 267 391; 268 392; 269 392; 270 393; 272 393; 273 394; 274 394; 275 395; 276 395; 277 396; 278 396; 279 397; 280 397; 282 399; 286 399; 287 398; 287 395; 286 394; 286 392; 285 391; 285 380; 284 379; 284 375; 283 374; 283 369; 282 368; 282 365; 281 364; 281 358
116; 335 364; 335 365; 334 366; 334 375; 333 376; 333 381; 332 382; 332 383; 330 385; 329 385; 329 387; 330 388; 330 390; 331 390; 332 391; 332 392; 333 393; 333 397; 332 398; 332 401; 333 402; 333 403; 337 403; 339 401; 340 401; 341 400; 343 400; 344 399; 345 399; 346 398; 347 398; 348 397; 349 397; 350 396; 355 396; 360 391; 361 391; 362 390; 363 390; 364 389; 366 389; 367 388; 368 388; 368 385; 365 382; 364 382; 362 380; 361 380; 359 378; 358 378; 356 376; 355 376; 350 371; 349 371; 347 369; 346 369; 344 367; 343 367; 342 366; 341 366; 339 364
117; 0 350; 0 373; 1 373; 2 374; 2 376; 3 377; 3 380; 1 382; 0 382; 0 389; 3 389; 4 390; 6 390; 7 391; 8 391; 9 392; 12 392; 13 391; 13 388; 11 386; 11 384; 10 383; 10 381; 9 380; 9 377; 10 376; 13 376; 14 377; 14 378; 15 379; 15 381; 16 382; 16 385; 17 386; 17 388; 18 389; 18 392; 19 393; 19 396; 20 397; 20 399; 21 400; 21 402; 22 403; 22 405; 23 406; 23 408; 26 408; 27 407; 27 406; 33 400; 34 400; 34 399; 39 394; 39 393; 50 382; 51 382; 51 381; 52 380; 52 379; 51 378; 46 378; 45 377; 43 377; 42 376; 40 376; 39 375; 37 375; 36 374; 35 374; 34 373; 33 373; 32 372; 22 372; 21 371; 14 371; 13 370; 9 370; 7 368; 7 367; 6 366; 6 362; 5 361; 5 359; 4 358; 4 353; 3 352; 3 351; 2 351; 1 350
118; 290 375; 290 379; 291 380; 291 383; 292 384; 292 392; 294 394; 294 396; 295 397; 295 401; 296 402; 296 406; 297 407; 297 411; 298 412; 298 414; 301 414; 309 406; 310 406; 311 405; 312 405; 313 404; 315 404; 315 403; 316 402; 316 401; 326 391; 327 391; 328 390; 329 390; 329 388; 328 387; 328 385; 322 385; 321 384; 319 384; 318 383; 316 383; 315 382; 314 382; 313 381; 311 381; 310 380; 308 380; 307 379; 306 379; 305 378; 302 378; 301 377; 297 377; 296 376; 295 376; 294 375
119; 754 370; 753 371; 752 371; 743 380; 742 380; 739 383; 738 383; 737 384; 737 385; 729 393; 728 393; 726 395; 726 398; 727 399; 729 399; 730 400; 732 400; 733 401; 736 401; 737 402; 738 402; 739 403; 741 403; 742 404; 743 404; 744 405; 745 405; 746 406; 753 406; 754 407; 757 407; 758 408; 759 408; 760 409; 761 409; 762 410; 764 410; 765 409; 765 405; 764 404; 764 397; 763 396; 763 394; 762 393; 762 391; 761 390; 761 388; 760 387; 760 383; 759 382; 759 380; 758 379; 758 375; 757 374; 757 371; 756 370
120; 811 378; 811 393; 810 394; 810 396; 809 397; 809 399; 810 400; 810 403; 808 405; 808 408; 809 408; 811 410; 811 412; 812 413; 812 418; 816 418; 818 416; 819 416; 820 415; 821 415; 822 414; 823 414; 825 412; 826 412; 828 410; 829 410; 830 409; 831 409; 833 407; 834 407; 836 405; 837 405; 838 404; 839 404; 841 402; 842 402; 843 401; 844 401; 845 400; 848 400; 851 397; 851 396; 850 396; 849 395; 842 395; 841 394; 840 394; 836 390; 835 390; 834 389; 833 389; 832 388; 831 388; 830 387; 829 387; 827 385; 826 385; 824 383; 823 383; 822 382; 821 382; 820 381; 819 381; 818 380; 817 380; 815 378
121; 142 389; 141 390; 141 394; 142 395; 142 397; 143 398; 143 400; 144 401; 144 402; 145 403; 145 405; 146 406; 146 408; 147 409; 147 411; 148 412; 148 414; 149 415; 149 418; 150 419; 150 425; 152 427; 155 427; 160 422; 160 421; 163 418; 163 417; 166 414; 166 413; 171 408; 171 407; 176 402; 177 402; 179 400; 179 397; 178 396; 176 396; 175 395; 172 395; 171 394; 167 394; 166 393; 165 393; 164 392; 162 392; 161 391; 153 391; 152 390; 149 390; 148 389
122; 504 381; 503 382; 503 388; 502 389; 502 393; 501 394; 501 396; 500 397; 500 398; 497 401; 497 412; 496 413; 496 417; 495 418; 495 420; 496 421; 496 422; 499 422; 500 421; 502 421; 503 420; 504 420; 505 419; 506 419; 507 418; 510 418; 511 417; 514 417; 515 416; 518 416; 519 415; 522 415; 523 414; 527 414; 528 413; 529 413; 530 412; 532 412; 533 411; 534 411; 535 410; 535 407; 534 406; 533 406; 531 404; 530 404; 529 403; 528 403; 524 399; 524 398; 522 396; 521 396; 515 390; 515 389; 512 386; 512 385; 508 381
123; 657 391; 656 392; 639 392; 638 393; 629 393; 629 395; 630 396; 630 397; 634 401; 634 402; 635 403; 635 404; 637 406; 637 407; 638 408; 638 410; 639 411; 639 412; 643 416; 643 417; 645 419; 645 420; 646 421; 646 422; 648 424; 648 425; 650 427; 650 428; 655 428; 655 426; 656 425; 656 424; 658 422; 658 421; 659 420; 659 418; 660 417; 660 415; 661 414; 661 413; 662 412; 662 411; 663 410; 663 409; 665 407; 665 405; 666 404; 666 403; 667 402; 667 400; 668 399; 668 398; 670 396; 670 395; 671 394; 671 391
124; 769 395; 768 396; 768 400; 769 401; 769 403; 770 404; 770 406; 771 407; 771 408; 772 409; 772 411; 773 412; 773 414; 774 415; 774 422; 776 424; 776 425; 777 426; 777 427; 778 428; 778 430; 779 431; 779 435; 780 436; 783 436; 788 431; 788 430; 789 429; 789 428; 795 422; 795 421; 800 416; 800 415; 807 408; 807 405; 806 404; 804 404; 803 403; 797 403; 796 402; 794 402; 793 401; 790 401; 789 400; 785 400; 784 399; 781 399; 780 398; 778 398; 777 397; 775 397; 774 396; 773 396; 772 395
125; 946 392; 945 393; 945 394; 944 395; 943 395; 939 399; 938 399; 936 401; 935 401; 928 408; 927 408; 924 411; 924 412; 922 414; 921 414; 918 417; 918 419; 919 420; 920 420; 921 421; 926 421; 927 422; 929 422; 930 423; 931 423; 932 424; 933 424; 934 425; 935 425; 936 426; 939 426; 940 427; 941 427; 942 428; 943 428; 944 429; 945 429; 946 430; 947 430; 948 431; 949 431; 950 432; 956 432; 956 429; 955 428; 955 426; 954 425; 954 419; 953 418; 953 416; 954 415; 954 410; 952 408; 952 405; 951 404; 951 399; 950 398; 950 393; 949 392
126; 370 398; 370 403; 371 404; 371 406; 372 407; 372 410; 373 411; 373 414; 374 415; 374 418; 375 419; 375 423; 376 424; 376 429; 377 430; 377 433; 378 434; 378 438; 382 438; 387 433; 387 432; 390 429; 391 429; 393 427; 394 427; 395 426; 397 426; 397 424; 398 423; 398 422; 404 416; 405 416; 409 412; 409 410; 408 409; 406 409; 405 408; 403 408; 402 407; 401 407; 400 406; 399 406; 398 405; 395 405; 394 404; 393 404; 392 403; 391 403; 390 402; 387 402; 386 401; 381 401; 380 400; 378 400; 377 399; 376 399; 375 398
127; 851 398; 849 400; 849 401; 848 402; 848 403; 844 407; 843 407; 841 409; 840 409; 834 415; 833 415; 831 417; 830 417; 829 418; 828 418; 827 419; 826 419; 826 423; 827 423; 828 424; 829 424; 830 425; 831 425; 832 426; 834 426; 835 427; 836 427; 838 429; 839 429; 840 430; 841 430; 842 431; 844 431; 845 432; 849 432; 850 433; 851 433; 852 434; 853 434; 855 436; 857 436; 859 438; 860 438; 861 439; 863 439; 864 438; 864 433; 863 432; 863 429; 862 428; 862 420; 861 419; 861 417; 860 416; 860 413; 859 412; 859 399; 858 398
128; 354 398; 354 399; 353 400; 353 401; 352 402; 352 403; 340 415; 339 415; 338 416; 338 417; 331 424; 330 424; 329 425; 329 428; 330 429; 333 429; 334 430; 339 430; 340 431; 342 431; 343 432; 344 432; 345 433; 346 433; 347 434; 351 434; 352 435; 353 435; 354 436; 355 436; 356 437; 358 437; 359 438; 360 438; 361 439; 362 439; 363 440; 367 440; 368 439; 368 434; 367 433; 367 430; 366 429; 366 426; 365 425; 365 417; 364 416; 364 415; 363 414; 363 413; 362 412; 362 410; 361 409; 361 407; 360 406; 360 404; 359 403; 359 402; 358 401; 358 400; 356 398
129; 566 401; 563 404; 562 404; 561 405; 560 405; 559 406; 558 406; 557 407; 556 407; 555 408; 554 408; 553 409; 552 409; 551 410; 550 410; 549 411; 548 411; 547 412; 546 412; 545 413; 544 413; 543 414; 542 414; 541 415; 540 415; 539 416; 538 416; 537 417; 536 417; 535 418; 534 418; 533 419; 532 419; 532 422; 533 423; 534 423; 535 424; 536 424; 537 425; 538 425; 541 428; 541 429; 540 430; 541 431; 541 432; 543 434; 544 434; 545 433; 549 433; 550 434; 551 434; 552 435; 553 435; 555 437; 556 437; 563 444; 564 444; 565 445; 568 445; 569 444; 569 439; 568 438; 568 433; 569 432; 569 401
130; 108 402; 106 404; 106 405; 105 406; 105 407; 101 411; 101 412; 100 413; 99 413; 98 414; 98 415; 94 419; 94 420; 90 424; 90 425; 85 430; 85 434; 90 434; 91 435; 93 435; 94 436; 96 436; 97 437; 98 437; 99 438; 100 438; 102 440; 109 440; 110 441; 118 441; 119 442; 123 442; 124 441; 124 437; 123 436; 123 435; 122 434; 122 432; 121 431; 121 429; 120 428; 120 427; 119 426; 119 424; 118 423; 118 421; 117 420; 117 418; 116 417; 116 416; 115 415; 115 414; 114 413; 114 412; 112 410; 112 403; 111 402
131; 239 402; 238 403; 238 409; 237 410; 237 412; 236 413; 236 414; 235 415; 235 417; 234 418; 234 419; 233 420; 233 422; 232 423; 232 424; 231 425; 231 426; 230 427; 230 429; 229 430; 229 435; 228 436; 228 437; 227 438; 227 442; 228 443; 233 443; 234 442; 236 442; 237 441; 239 441; 240 440; 241 440; 242 441; 243 441; 244 442; 248 442; 248 441; 252 437; 256 437; 257 436; 267 436; 267 432; 263 428; 263 427; 257 421; 257 420; 253 416; 253 415; 244 406; 244 405; 241 402
132; 4 398; 4 399; 3 400; 3 401; 1 403; 0 403; 0 418; 1 418; 3 416; 3 415; 6 412; 8 412; 11 415; 11 416; 13 418; 13 419; 15 421; 15 422; 16 423; 16 425; 14 427; 13 427; 12 428; 10 428; 9 427; 0 427; 0 433; 5 433; 6 434; 8 434; 9 435; 11 435; 12 434; 13 434; 14 433; 25 433; 26 432; 27 432; 27 428; 25 426; 25 425; 23 423; 23 422; 22 421; 22 420; 21 419; 21 418; 19 416; 19 415; 16 412; 16 411; 14 409; 14 408; 13 407; 13 406; 11 404; 11 403; 9 401; 9 400; 7 398
133; 576 418; 576 423; 577 424; 577 426; 579 428; 579 429; 580 430; 580 431; 581 432; 581 435; 582 436; 582 439; 583 440; 583 441; 584 442; 584 443; 585 444; 585 445; 586 446; 586 447; 587 448; 587 449; 588 450; 588 451; 589 452; 589 453; 590 454; 590 456; 591 457; 591 458; 594 458; 595 457; 595 456; 596 455; 596 454; 597 453; 597 452; 601 448; 601 447; 603 445; 603 444; 605 442; 605 441; 607 439; 607 438; 609 436; 609 435; 610 434; 611 434; 612 433; 612 432; 613 431; 613 430; 614 429; 614 427; 616 425; 616 422; 615 421; 599 421; 598 420; 594 420; 593 419; 589 419; 588 418
134; 511 431; 510 432; 503 432; 501 434; 501 436; 502 437; 502 439; 504 441; 504 442; 505 443; 505 444; 507 446; 507 447; 509 449; 509 452; 512 455; 513 455; 517 459; 517 460; 519 462; 519 467; 520 468; 520 470; 521 469; 527 469; 528 468; 528 467; 529 466; 529 465; 530 464; 530 461; 531 460; 531 459; 532 458; 532 457; 533 456; 533 454; 534 453; 534 452; 535 451; 535 450; 536 449; 536 448; 537 447; 537 446; 538 445; 538 444; 539 443; 539 440; 540 439; 540 438; 541 437; 541 436; 542 435; 542 434; 540 432; 540 431
135; 913 432; 912 433; 911 433; 910 434; 908 434; 907 435; 904 435; 903 434; 897 434; 896 435; 896 438; 897 439; 897 440; 898 441; 898 443; 899 444; 899 445; 901 447; 901 448; 902 449; 902 450; 904 452; 904 453; 905 454; 905 455; 907 457; 907 458; 908 459; 908 460; 907 461; 907 462; 908 463; 909 463; 910 464; 911 464; 912 465; 912 466; 913 467; 913 468; 914 469; 914 470; 915 471; 917 471; 918 470; 918 468; 919 467; 919 466; 920 465; 920 464; 923 461; 923 460; 925 458; 925 457; 926 456; 926 455; 927 454; 927 453; 928 452; 928 451; 929 450; 929 449; 930 448; 930 447; 931 446; 931 445; 932 444; 932 443; 933 442; 933 440; 934 439; 934 438; 935 437; 935 434; 934 433; 917 433; 916 432
136; 809 428; 809 429; 808 430; 808 440; 807 441; 807 469; 808 470; 810 470; 813 467; 814 467; 815 466; 816 466; 817 465; 818 465; 819 464; 821 464; 822 463; 826 463; 827 462; 828 462; 832 458; 833 458; 834 457; 835 457; 836 456; 837 456; 838 455; 839 455; 840 454; 841 454; 844 451; 844 449; 842 447; 841 447; 839 445; 838 445; 836 443; 835 443; 834 442; 833 442; 831 440; 830 440; 829 439; 828 439; 826 437; 825 437; 824 436; 823 436; 821 434; 820 434; 819 433; 818 433; 813 428
137; 181 445; 178 448; 177 448; 172 453; 171 453; 169 455; 168 455; 167 456; 167 457; 166 458; 166 459; 164 461; 164 462; 161 465; 161 466; 160 467; 159 467; 155 471; 155 473; 156 474; 158 474; 159 475; 160 475; 161 476; 162 476; 163 477; 165 477; 166 478; 170 478; 171 479; 173 479; 175 477; 175 475; 174 474; 174 473; 173 473; 172 472; 171 472; 168 469; 168 468; 169 467; 169 466; 176 459; 177 459; 178 458; 187 467; 187 468; 189 470; 189 471; 190 472; 190 473; 192 475; 192 476; 193 477; 193 478; 194 479; 196 479; 196 472; 195 471; 195 470; 193 468; 193 467; 192 466; 192 465; 191 464; 191 463; 190 462; 190 461; 189 460; 189 458; 188 457; 188 455; 187 454; 187 453; 186 452; 186 446; 185 445
138; 58 438; 52 444; 51 444; 50 445; 49 445; 47 447; 46 447; 45 448; 44 448; 41 451; 40 451; 37 454; 36 454; 34 456; 33 456; 32 457; 31 457; 29 459; 29 461; 30 462; 31 462; 32 463; 33 463; 34 464; 35 464; 36 465; 37 465; 38 466; 39 466; 40 467; 41 467; 45 471; 46 471; 47 472; 50 472; 51 473; 53 473; 54 474; 55 474; 56 475; 57 475; 58 476; 59 476; 60 477; 61 477; 62 478; 67 478; 67 469; 66 468; 66 466; 65 465; 65 446; 64 445; 64 441; 63 440; 63 439; 62 438
139; 964 441; 963 442; 963 443; 962 444; 962 449; 961 450; 961 453; 960 454; 960 455; 958 457; 958 472; 957 473; 957 474; 956 475; 956 477; 955 478; 955 481; 956 482; 956 483; 958 483; 959 482; 960 482; 961 481; 963 481; 964 480; 966 480; 967 479; 968 479; 969 478; 971 478; 972 477; 977 477; 978 476; 981 476; 982 475; 983 475; 985 473; 986 473; 987 472; 988 472; 989 471; 992 471; 993 470; 993 467; 987 461; 987 460; 983 456; 982 456; 973 447; 972 447; 970 445; 970 444; 967 441
140; 335 444; 334 445; 334 446; 333 447; 333 448; 331 450; 331 451; 324 458; 323 458; 321 460; 321 463; 320 464; 320 465; 319 466; 319 467; 318 468; 318 469; 317 470; 317 471; 312 476; 312 479; 313 480; 319 480; 320 481; 329 481; 330 482; 333 482; 334 483; 337 483; 338 484; 341 484; 342 485; 345 485; 346 486; 348 486; 349 487; 351 487; 353 485; 353 483; 352 482; 352 480; 351 479; 351 478; 350 477; 350 476; 349 475; 349 473; 348 472; 348 469; 347 468; 347 466; 346 465; 346 463; 345 462; 345 460; 344 459; 344 458; 343 457; 343 456; 342 455; 342 454; 341 453; 341 452; 340 451; 340 449; 339 448; 339 446; 337 444
141; 356 454; 355 455; 355 465; 356 466; 356 471; 357 472; 357 477; 358 478; 358 483; 359 484; 359 496; 360 497; 365 497; 366 496; 366 495; 371 490; 372 490; 374 488; 375 488; 376 487; 377 487; 383 481; 384 481; 391 474; 392 474; 392 470; 391 469; 390 469; 389 468; 388 468; 387 467; 386 467; 385 466; 384 466; 383 465; 382 465; 380 463; 379 463; 377 461; 372 461; 371 460; 370 460; 368 458; 367 458; 365 456; 364 456; 363 455; 361 455; 360 454
142; 867 460; 866 461; 866 465; 868 467; 868 468; 869 469; 869 470; 871 472; 871 474; 872 475; 872 478; 873 479; 873 481; 874 482; 874 484; 875 485; 875 486; 876 487; 876 488; 878 490; 878 491; 879 492; 879 493; 880 494; 880 495; 881 496; 881 498; 882 499; 882 500; 885 500; 887 498; 887 497; 888 496; 888 494; 890 492; 890 491; 893 488; 894 488; 897 485; 897 480; 898 479; 898 478; 899 477; 899 476; 900 475; 900 474; 901 473; 901 472; 903 470; 903 469; 907 465; 907 463; 906 462; 904 462; 903 463; 897 463; 896 462; 886 462; 885 461; 871 461; 870 460
143; 548 451; 546 453; 546 455; 545 456; 545 457; 543 459; 543 460; 542 461; 542 462; 541 463; 541 464; 535 470; 535 471; 533 473; 533 474; 532 475; 532 476; 531 477; 531 478; 530 479; 530 480; 526 484; 526 485; 525 486; 525 488; 526 489; 527 489; 528 490; 547 490; 548 491; 551 491; 552 492; 562 492; 563 493; 566 493; 568 491; 568 488; 566 486; 566 485; 564 483; 564 482; 563 481; 563 479; 562 478; 562 476; 561 475; 561 470; 560 469; 560 468; 559 468; 557 466; 557 465; 556 464; 556 463; 555 462; 555 461; 554 460; 554 458; 553 457; 553 455; 552 454; 552 453; 550 451
144; 480 459; 480 470; 481 471; 481 473; 482 474; 482 476; 483 477; 483 479; 484 480; 484 481; 485 482; 485 483; 486 484; 486 485; 487 486; 487 488; 488 489; 488 490; 489 491; 489 492; 490 493; 490 494; 491 495; 491 500; 490 501; 492 503; 493 503; 498 498; 500 498; 501 497; 503 497; 504 496; 507 496; 507 494; 506 493; 506 491; 507 490; 507 489; 508 488; 508 487; 509 486; 509 485; 510 484; 510 483; 511 482; 511 481; 513 479; 513 478; 515 476; 515 475; 519 471; 519 468; 518 467; 518 465; 517 465; 516 466; 515 466; 514 465; 509 465; 508 464; 503 464; 502 463; 498 463; 497 462; 492 462; 491 461; 488 461; 487 460; 485 460; 484 459
145; 132 461; 132 462; 131 463; 131 464; 128 467; 128 468; 125 471; 125 472; 121 476; 121 477; 119 479; 119 481; 117 483; 117 484; 115 486; 115 487; 111 491; 111 494; 112 495; 112 496; 121 496; 122 497; 129 497; 130 498; 132 498; 133 499; 144 499; 145 500; 148 500; 149 501; 151 501; 152 500; 152 497; 151 496; 151 495; 150 494; 150 490; 149 489; 149 488; 147 486; 147 485; 146 484; 146 483; 145 482; 145 481; 144 480; 144 479; 143 478; 143 477; 142 476; 142 475; 140 473; 140 472; 139 471; 139 469; 138 468; 138 467; 137 466; 137 464; 136 463; 136 462; 135 461
146; 71 470; 71 474; 72 475; 72 476; 73 477; 73 479; 74 480; 74 482; 75 483; 75 486; 76 487; 76 490; 77 491; 77 493; 78 494; 78 496; 79 497; 79 499; 80 500; 80 501; 81 502; 81 504; 82 505; 82 508; 83 509; 83 510; 86 510; 89 507; 89 506; 98 497; 98 496; 102 492; 103 492; 103 491; 105 489; 105 488; 108 485; 108 484; 110 482; 110 479; 109 478; 108 478; 107 477; 100 477; 99 476; 97 476; 96 475; 95 475; 93 473; 84 473; 83 472; 81 472; 80 471; 78 471; 77 470
147; 854 464; 852 466; 852 467; 846 473; 846 474; 831 489; 831 490; 829 492; 829 496; 830 497; 831 497; 832 498; 836 498; 837 499; 840 499; 841 500; 844 500; 845 501; 848 501; 849 502; 851 502; 852 503; 858 503; 859 504; 862 504; 863 505; 868 505; 868 504; 869 503; 869 501; 868 500; 868 498; 867 497; 867 496; 866 495; 866 493; 865 492; 865 485; 863 483; 863 482; 862 481; 862 479; 861 478; 861 475; 860 474; 860 473; 859 472; 859 470; 858 469; 858 466; 857 465; 857 464
148; 955 487; 953 489; 953 490; 951 492; 957 498; 957 499; 958 500; 958 502; 959 503; 959 505; 960 506; 960 509; 963 512; 963 513; 964 514; 964 515; 965 516; 965 517; 966 518; 966 519; 967 520; 967 521; 968 522; 968 523; 969 524; 969 525; 970 526; 972 526; 973 525; 973 524; 975 522; 975 521; 978 518; 978 517; 979 516; 979 515; 981 513; 981 512; 983 510; 983 509; 987 505; 987 503; 989 501; 989 500; 993 496; 993 493; 992 492; 991 492; 990 491; 984 491; 983 490; 981 490; 980 489; 968 489; 967 488; 959 488; 958 487
149; 10 470; 9 471; 9 472; 8 473; 8 474; 6 476; 6 477; 1 482; 0 482; 0 492; 2 492; 3 491; 4 491; 4 490; 5 489; 6 489; 6 488; 8 486; 10 486; 12 488; 12 489; 13 490; 13 492; 14 493; 14 499; 13 500; 4 500; 3 499; 0 499; 0 507; 6 507; 7 508; 16 508; 17 509; 20 509; 21 510; 26 510; 26 505; 25 504; 25 503; 24 502; 24 500; 23 499; 23 498; 22 497; 22 495; 21 494; 21 491; 20 490; 20 488; 19 487; 19 486; 18 485; 18 484; 17 483; 17 481; 16 480; 16 478; 15 477; 15 475; 14 474; 14 472; 12 470
150; 911 490; 910 491; 910 493; 911 494; 911 496; 913 498; 913 499; 914 500; 914 502; 915 503; 915 505; 916 506; 916 507; 917 508; 917 509; 918 510; 918 513; 919 514; 919 516; 922 519; 922 521; 923 522; 923 523; 926 526; 926 527; 927 528; 930 528; 930 527; 931 526; 931 525; 933 523; 933 522; 936 519; 936 518; 940 514; 941 514; 943 512; 943 507; 944 506; 944 505; 945 504; 945 503; 952 496; 952 494; 951 493; 941 493; 940 492; 935 492; 934 491; 918 491; 917 490
151; 360 498; 360 499; 359 500; 359 501; 357 503; 357 506; 361 510; 361 511; 362 512; 362 513; 363 514; 363 515; 365 517; 365 518; 367 520; 367 521; 369 523; 369 524; 371 526; 371 527; 374 530; 374 531; 376 533; 376 535; 377 536; 377 537; 379 539; 381 539; 383 537; 383 535; 384 534; 384 531; 385 530; 385 529; 386 528; 386 526; 391 521; 391 520; 392 519; 392 514; 393 513; 393 510; 394 509; 394 508; 395 507; 395 506; 398 503; 398 500; 397 499; 388 499; 387 500; 378 500; 377 501; 373 501; 372 500; 366 500; 365 499; 365 498
152; 489 502; 488 503; 487 503; 486 504; 482 504; 481 505; 476 505; 475 506; 473 506; 472 507; 471 507; 470 508; 465 508; 464 509; 462 509; 461 510; 455 510; 454 511; 453 511; 453 515; 460 522; 460 523; 465 523; 466 522; 470 522; 469 521; 469 520; 468 519; 468 518; 471 515; 474 515; 475 514; 480 514; 481 515; 484 515; 484 514; 485 513; 485 512; 492 505; 492 504; 490 502
153; 744 502; 743 503; 743 506; 745 508; 745 509; 746 510; 746 511; 747 512; 747 513; 748 514; 748 516; 749 517; 749 518; 750 519; 750 520; 751 521; 751 522; 752 523; 752 524; 753 525; 753 526; 754 527; 754 528; 755 529; 755 531; 756 532; 756 534; 757 535; 757 537; 758 538; 758 540; 760 542; 764 542; 765 541; 765 540; 766 539; 766 537; 767 536; 767 534; 772 529; 773 529; 774 528; 775 528; 775 527; 776 526; 776 524; 777 523; 777 522; 778 521; 778 520; 780 518; 780 516; 781 515; 781 513; 783 511; 783 510; 784 509; 784 506; 783 505; 775 505; 774 504; 764 504; 763 503; 758 503; 757 502; 753 502; 752 503; 749 503; 748 502
154; 508 496; 507 497; 504 497; 503 498; 501 498; 500 499; 500 503; 501 504; 501 506; 500 507; 500 513; 499 514; 499 526; 498 527; 498 530; 497 531; 497 532; 496 533; 496 536; 497 537; 501 537; 502 536; 503 536; 504 535; 506 535; 507 534; 509 534; 510 533; 518 533; 519 532; 519 531; 523 527; 525 527; 526 526; 528 526; 529 525; 532 525; 533 524; 534 524; 535 523; 535 519; 534 518; 533 518; 532 517; 531 517; 523 509; 522 509; 510 497; 509 497
155; 108 492; 107 493; 105 493; 104 494; 104 497; 103 498; 103 499; 102 500; 102 501; 101 502; 101 503; 100 504; 100 505; 99 506; 99 507; 98 508; 98 509; 97 510; 97 511; 96 512; 96 513; 94 515; 94 516; 91 519; 91 520; 90 521; 90 522; 89 523; 89 524; 86 527; 86 530; 87 531; 93 531; 94 532; 98 532; 99 533; 101 533; 102 534; 103 534; 104 535; 107 535; 109 533; 113 533; 114 532; 115 533; 120 533; 121 534; 125 534; 126 533; 126 531; 125 530; 125 529; 123 527; 123 526; 122 525; 122 524; 121 523; 121 521; 120 520; 120 519; 119 518; 119 517; 118 516; 118 515; 117 514; 117 513; 116 512; 116 511; 115 510; 115 509; 114 508; 114 507; 113 506; 113 505; 112 504; 112 502; 111 501; 111 498; 112 497; 111 496; 111 495; 110 494; 110 492
156; 892 506; 891 507; 882 507; 881 508; 878 508; 877 509; 874 509; 873 510; 872 510; 871 509; 868 509; 867 510; 865 510; 864 511; 861 511; 860 512; 857 512; 856 513; 856 515; 868 527; 868 528; 871 531; 871 532; 872 533; 872 534; 874 536; 874 537; 878 541; 878 542; 881 545; 884 545; 886 543; 886 542; 887 541; 887 540; 888 539; 888 537; 889 536; 889 535; 890 534; 890 531; 891 530; 891 529; 892 528; 892 527; 893 526; 893 522; 894 521; 894 518; 895 517; 895 515; 896 514; 896 513; 897 512; 897 510; 898 509; 898 507; 897 506
157; 414 507; 412 509; 412 511; 411 512; 411 513; 406 518; 405 518; 405 519; 403 521; 403 522; 397 528; 397 529; 395 531; 395 532; 393 534; 392 534; 390 536; 390 540; 391 540; 392 541; 396 541; 397 542; 401 542; 402 543; 404 543; 406 545; 413 545; 414 546; 421 546; 422 547; 424 547; 425 548; 430 548; 430 541; 429 540; 429 538; 428 537; 428 536; 427 535; 427 534; 426 533; 426 531; 425 530; 425 528; 424 527; 424 524; 423 523; 423 518; 422 517; 422 515; 421 514; 421 513; 419 511; 419 510; 418 509; 418 508; 417 508; 416 507
158; 36 518; 35 519; 35 523; 37 525; 37 527; 38 528; 38 529; 39 530; 39 532; 40 533; 40 536; 41 537; 41 538; 43 540; 43 541; 44 542; 44 543; 45 544; 45 545; 46 546; 46 547; 47 548; 47 549; 48 550; 48 551; 49 552; 49 553; 50 554; 50 556; 52 558; 55 558; 57 556; 57 555; 58 554; 58 551; 59 550; 59 549; 60 548; 60 547; 63 544; 63 543; 66 540; 66 539; 67 538; 67 537; 69 535; 69 534; 71 532; 71 531; 72 530; 72 529; 74 527; 74 526; 75 525; 75 523; 73 523; 72 522; 69 522; 68 521; 61 521; 60 520; 59 520; 58 519; 52 519; 51 520; 44 520; 43 519; 41 519; 40 518
159; 303 512; 300 515; 300 516; 296 520; 296 521; 295 522; 295 523; 292 526; 292 527; 286 533; 286 534; 279 541; 279 542; 280 543; 280 544; 281 545; 285 545; 286 546; 288 546; 289 547; 292 547; 293 548; 294 548; 295 549; 296 549; 297 550; 307 550; 308 551; 312 551; 313 552; 319 552; 320 551; 320 549; 319 548; 319 547; 318 546; 318 545; 317 544; 317 541; 316 540; 316 538; 315 537; 315 534; 314 533; 314 532; 312 530; 312 529; 311 528; 311 527; 310 526; 310 525; 309 524; 309 522; 308 521; 308 519; 307 518; 307 514; 305 512
160; 913 515; 909 519; 909 521; 907 523; 907 524; 901 530; 900 530; 898 532; 898 533; 897 534; 897 537; 896 538; 896 539; 894 541; 894 542; 892 544; 892 545; 890 547; 890 548; 889 549; 888 549; 888 550; 889 551; 889 552; 899 552; 900 551; 907 551; 908 552; 910 552; 911 553; 915 553; 916 554; 921 554; 922 553; 924 553; 925 554; 930 554; 931 553; 931 551; 930 550; 930 549; 928 547; 928 546; 927 545; 927 544; 926 543; 926 541; 925 540; 925 538; 924 537; 924 536; 923 535; 923 534; 922 533; 922 530; 921 529; 921 527; 920 526; 920 525; 919 524; 919 523; 918 522; 918 519; 917 518; 917 516; 916 516; 915 515
161; 553 518; 553 519; 552 520; 552 521; 548 525; 547 525; 545 527; 544 527; 542 529; 541 529; 537 533; 537 534; 534 537; 534 538; 530 542; 530 543; 527 546; 527 547; 526 548; 526 550; 527 550; 528 551; 530 551; 531 552; 534 552; 535 553; 538 553; 539 554; 541 554; 542 555; 544 555; 545 556; 547 556; 548 557; 551 557; 552 558; 554 558; 555 559; 557 559; 558 560; 559 560; 561 562; 564 562; 566 560; 566 557; 565 556; 565 555; 564 554; 564 551; 563 550; 563 546; 562 545; 562 538; 561 537; 561 535; 560 534; 560 531; 559 530; 559 528; 558 527; 558 524; 557 523; 557 519; 556 518
162; 466 523; 465 524; 461 524; 462 525; 462 526; 463 527; 463 529; 460 532; 460 533; 456 537; 456 538; 455 539; 455 540; 454 541; 454 542; 453 543; 453 544; 452 545; 452 546; 449 549; 449 550; 447 552; 447 553; 446 554; 446 556; 445 557; 445 558; 441 562; 441 566; 442 567; 446 567; 447 568; 465 568; 466 569; 473 569; 474 568; 476 568; 477 569; 481 569; 483 567; 483 565; 482 564; 482 563; 480 561; 480 560; 479 559; 479 557; 478 556; 478 555; 477 554; 477 552; 476 551; 476 550; 474 548; 474 547; 471 544; 471 543; 470 542; 470 541; 469 540; 469 536; 470 535; 471 535; 474 538; 474 539; 477 542; 480 542; 480 538; 479 537; 479 534; 478 533; 478 530; 475 527; 474 527; 471 524; 471 523
163; 277 541; 276 542; 271 542; 270 543; 269 543; 268 544; 259 544; 258 543; 257 543; 256 542; 253 542; 252 543; 250 543; 249 544; 240 544; 239 545; 237 545; 236 546; 236 550; 238 552; 238 553; 240 555; 240 556; 241 557; 241 558; 243 560; 243 561; 244 562; 244 563; 245 564; 245 565; 246 566; 246 567; 247 568; 247 569; 248 570; 248 571; 250 573; 250 574; 251 575; 251 576; 252 577; 252 579; 253 580; 253 581; 257 581; 258 580; 258 579; 261 576; 261 575; 263 573; 263 572; 264 571; 264 569; 265 568; 265 567; 266 566; 266 565; 268 563; 268 562; 269 561; 269 559; 271 557; 271 556; 272 555; 272 554; 273 553; 273 551; 274 550; 274 549; 278 545; 279 545; 279 543; 278 542; 278 541
164; 627 542; 626 543; 626 546; 627 547; 627 548; 628 549; 628 550; 629 551; 629 552; 630 553; 630 554; 631 555; 631 557; 632 558; 632 559; 633 560; 633 561; 634 562; 634 563; 636 565; 636 567; 637 568; 637 570; 639 572; 639 573; 641 575; 641 577; 642 578; 642 580; 644 582; 647 582; 649 580; 649 579; 650 578; 650 577; 652 575; 652 574; 653 573; 653 572; 657 568; 659 568; 662 565; 662 563; 661 562; 661 561; 662 560; 662 559; 663 558; 663 557; 664 556; 664 555; 665 554; 665 553; 666 552; 666 551; 668 549; 668 545; 667 544; 666 544; 665 543; 661 543; 660 544; 649 544; 648 543; 646 543; 645 542; 642 542; 641 543; 631 543; 630 542
165; 848 541; 847 542; 847 548; 848 549; 848 552; 849 553; 849 556; 850 557; 850 559; 851 560; 851 561; 852 562; 852 563; 853 564; 853 567; 854 568; 854 571; 855 572; 855 575; 856 576; 856 581; 858 583; 862 583; 862 582; 864 580; 864 579; 872 571; 873 571; 874 570; 875 570; 876 569; 876 568; 877 567; 877 566; 881 562; 881 561; 883 559; 883 558; 884 557; 884 556; 888 552; 888 551; 887 550; 887 549; 885 549; 884 548; 884 547; 881 547; 881 548; 880 549; 875 549; 874 548; 870 548; 869 547; 868 547; 867 546; 866 546; 865 545; 864 545; 863 544; 860 544; 859 543; 857 543; 856 542; 852 542; 851 541
166; 171 537; 170 538; 170 540; 169 541; 169 545; 168 546; 168 548; 167 549; 167 552; 166 553; 166 554; 162 558; 162 569; 161 570; 161 571; 158 574; 158 578; 159 579; 163 579; 164 578; 165 578; 166 577; 168 577; 169 576; 174 576; 175 575; 180 575; 181 574; 183 574; 184 573; 185 573; 186 572; 188 572; 189 571; 196 571; 197 570; 198 570; 199 569; 199 566; 196 563; 195 563; 189 557; 189 556; 181 548; 181 547; 177 543; 177 542; 176 541; 176 540; 175 539; 175 538; 174 537
167; 693 548; 692 549; 691 549; 689 551; 688 551; 687 552; 686 552; 685 553; 684 553; 683 554; 682 554; 681 555; 679 555; 678 556; 676 556; 676 557; 671 562; 670 562; 668 564; 667 564; 666 565; 663 565; 660 568; 660 570; 663 573; 664 573; 665 574; 666 574; 668 576; 669 576; 670 577; 671 577; 673 579; 674 579; 675 580; 676 580; 678 582; 679 582; 681 584; 682 584; 683 585; 684 585; 685 586; 686 586; 687 587; 688 587; 689 588; 690 588; 692 590; 693 590; 694 591; 698 591; 699 590; 699 584; 698 583; 698 568; 697 567; 697 549; 696 548
168; 367 555; 366 556; 351 556; 350 557; 350 561; 351 562; 351 563; 353 565; 353 566; 354 567; 354 568; 355 569; 355 570; 356 571; 356 572; 357 573; 357 574; 358 575; 358 577; 359 578; 359 579; 360 580; 360 581; 362 583; 362 584; 364 586; 364 587; 365 588; 365 590; 366 591; 366 593; 367 594; 367 595; 368 596; 369 596; 370 597; 372 597; 372 596; 374 594; 374 591; 375 590; 375 588; 378 585; 378 584; 381 581; 381 580; 382 579; 382 578; 385 575; 385 574; 386 573; 386 572; 387 571; 387 569; 388 568; 388 567; 391 564; 391 563; 392 562; 392 559; 391 558; 377 558; 376 557; 373 557; 372 556; 371 556; 370 555
169; 714 559; 713 560; 713 566; 714 567; 714 570; 715 571; 715 578; 716 579; 716 583; 717 584; 717 587; 718 588; 718 592; 719 593; 719 595; 720 596; 720 598; 721 599; 721 601; 723 603; 725 603; 727 601; 727 600; 731 596; 732 596; 733 595; 734 595; 736 593; 737 593; 738 592; 738 591; 753 576; 753 574; 751 572; 749 572; 748 571; 746 571; 745 570; 744 570; 743 569; 742 569; 741 568; 740 568; 737 565; 736 565; 735 564; 727 564; 726 563; 724 563; 723 562; 722 562; 721 561; 719 561; 718 560; 717 560; 716 559
170; 288 555; 288 556; 287 557; 287 558; 286 559; 286 560; 284 562; 284 563; 281 566; 280 566; 269 577; 269 578; 263 584; 263 587; 265 589; 269 589; 270 590; 274 590; 275 591; 276 591; 277 592; 279 592; 280 593; 284 593; 285 594; 291 594; 292 595; 294 595; 295 596; 297 596; 298 597; 302 597; 303 596; 304 596; 304 592; 303 591; 303 589; 302 588; 302 586; 301 585; 301 583; 300 582; 300 574; 298 572; 298 571; 297 570; 297 569; 296 568; 296 566; 295 565; 295 562; 294 561; 294 559; 293 558; 293 557; 291 555
171; 844 565; 842 567; 842 568; 839 571; 839 572; 837 574; 837 575; 832 580; 832 581; 824 589; 824 590; 819 595; 819 597; 821 599; 822 599; 823 600; 826 600; 827 601; 831 601; 832 602; 834 602; 836 604; 837 604; 838 605; 841 605; 842 604; 845 604; 846 605; 852 605; 853 606; 856 606; 857 607; 859 607; 860 606; 860 602; 859 601; 859 599; 858 598; 858 596; 857 595; 857 593; 856 592; 856 590; 855 589; 855 587; 854 586; 854 583; 853 582; 853 580; 852 579; 852 578; 850 576; 850 574; 849 573; 849 571; 848 570; 848 568; 847 567; 847 566; 846 565
172; 121 572; 119 574; 119 575; 118 576; 118 577; 117 578; 117 579; 115 581; 115 582; 113 584; 113 585; 110 588; 110 589; 107 592; 107 593; 106 594; 106 595; 105 596; 105 597; 103 599; 103 600; 100 603; 100 607; 102 607; 103 608; 113 608; 114 609; 122 609; 123 610; 126 610; 127 611; 132 611; 133 612; 135 612; 137 614; 138 614; 139 613; 139 608; 138 607; 138 606; 137 605; 137 604; 136 603; 136 597; 135 596; 135 593; 134 592; 134 589; 128 583; 128 582; 127 581; 127 580; 126 579; 126 577; 125 576; 125 575; 124 574; 124 573; 123 572
173; 507 574; 506 575; 506 576; 505 577; 505 578; 504 579; 504 580; 502 582; 502 583; 501 584; 501 585; 498 588; 497 588; 494 591; 494 594; 493 595; 493 596; 492 597; 492 598; 491 599; 491 600; 489 602; 489 603; 486 606; 486 608; 487 609; 487 610; 489 610; 490 611; 492 611; 493 612; 499 612; 500 613; 508 613; 509 614; 522 614; 523 615; 527 615; 528 614; 528 611; 526 609; 526 608; 525 607; 525 606; 524 605; 524 603; 523 602; 523 601; 522 600; 522 598; 521 597; 521 595; 520 594; 520 593; 519 592; 519 590; 518 589; 518 588; 517 587; 517 585; 516 584; 516 583; 515 582; 515 581; 514 580; 514 579; 513 578; 513 577; 512 576; 512 575; 511 574
174; 332 588; 331 589; 329 589; 327 591; 327 592; 326 593; 326 594; 325 595; 324 595; 322 597; 321 597; 320 598; 318 598; 317 599; 316 599; 315 600; 314 600; 313 601; 311 601; 310 602; 309 602; 308 603; 308 605; 309 606; 309 607; 317 615; 318 615; 319 616; 319 617; 320 618; 320 619; 321 620; 322 620; 323 621; 325 621; 329 625; 330 625; 333 628; 334 628; 335 629; 339 629; 339 624; 340 623; 340 616; 339 615; 339 613; 338 612; 338 609; 337 608; 337 599; 336 598; 337 597; 337 596; 338 595; 338 590; 337 589; 336 589; 335 588
175; 687 598; 684 601; 684 605; 685 606; 686 606; 687 607; 689 607; 690 608; 691 608; 693 610; 693 611; 692 612; 692 613; 690 615; 690 616; 689 617; 689 618; 688 619; 688 620; 686 622; 684 622; 682 620; 682 619; 681 618; 681 616; 680 615; 680 614; 679 613; 679 611; 678 610; 678 609; 676 607; 675 607; 672 604; 671 604; 670 603; 669 603; 668 602; 665 602; 665 604; 666 605; 666 606; 668 608; 668 609; 669 610; 669 611; 670 612; 670 613; 671 614; 671 615; 672 616; 672 617; 673 618; 673 619; 674 620; 674 621; 675 622; 675 623; 677 625; 677 626; 679 628; 679 629; 681 631; 681 632; 682 633; 682 636; 683 637; 683 638; 684 639; 687 639; 687 638; 688 637; 688 633; 689 632; 689 631; 691 629; 691 628; 693 626; 693 625; 694 624; 694 623; 695 622; 695 621; 697 619; 697 618; 699 616; 699 615; 701 613; 701 612; 706 607; 706 606; 707 605; 707 603; 705 601; 694 601; 693 600; 692 600; 691 599; 690 599; 689 598
176; 481 593; 480 594; 476 594; 475 595; 470 595; 469 596; 461 596; 460 597; 457 597; 456 598; 452 598; 451 599; 445 599; 445 603; 449 607; 449 608; 452 611; 452 612; 455 615; 455 616; 458 619; 458 620; 461 623; 461 624; 467 630; 467 632; 468 633; 468 635; 470 637; 472 635; 472 631; 473 630; 473 628; 474 627; 474 626; 475 625; 475 624; 476 623; 476 622; 478 620; 478 619; 480 617; 480 616; 481 615; 481 609; 483 607; 483 606; 484 605; 484 603; 485 602; 485 600; 487 598; 487 595; 485 593
177; 158 595; 157 596; 157 598; 158 599; 158 600; 159 601; 159 610; 160 611; 160 612; 159 613; 159 614; 158 615; 158 618; 162 622; 162 625; 163 626; 163 629; 164 630; 164 633; 163 634; 163 637; 164 638; 167 638; 169 636; 169 635; 175 629; 176 629; 177 628; 178 628; 179 627; 181 627; 182 626; 182 625; 185 622; 186 622; 195 613; 195 611; 194 610; 193 610; 192 609; 190 609; 189 608; 187 608; 186 607; 185 607; 184 606; 182 606; 181 605; 180 605; 178 603; 176 603; 175 602; 173 602; 172 601; 171 601; 170 600; 169 600; 168 599; 167 599; 166 598; 165 598; 163 596; 162 596; 161 595
178; 648 593; 647 594; 646 594; 640 600; 640 601; 636 605; 635 605; 628 612; 627 612; 625 614; 624 614; 622 616; 622 617; 621 618; 621 619; 620 620; 620 624; 621 624; 622 625; 624 625; 625 626; 627 626; 628 627; 631 627; 632 628; 634 628; 635 629; 636 629; 637 630; 638 630; 639 631; 641 631; 642 632; 643 632; 644 633; 646 633; 647 634; 649 634; 650 635; 651 635; 652 636; 653 636; 655 638; 658 638; 658 633; 657 632; 657 631; 656 630; 656 624; 655 623; 655 617; 656 616; 656 612; 655 611; 655 610; 653 608; 653 606; 652 605; 652 596; 651 595; 651 594; 650 593
179; 375 594; 373 596; 373 597; 372 598; 373 599; 373 600; 372 601; 372 603; 370 605; 370 606; 366 610; 365 610; 363 612; 363 615; 362 616; 362 618; 361 619; 361 620; 360 621; 360 623; 358 625; 358 626; 357 627; 357 631; 359 631; 360 632; 363 632; 364 633; 367 633; 368 634; 372 634; 373 633; 374 633; 375 634; 378 634; 379 635; 381 635; 382 634; 387 634; 388 635; 394 635; 395 634; 395 632; 394 631; 394 630; 392 628; 392 626; 391 625; 391 623; 390 622; 390 620; 389 619; 389 617; 387 615; 387 614; 386 613; 386 612; 385 611; 385 609; 384 608; 384 607; 383 606; 383 605; 382 604; 382 603; 381 602; 381 599; 380 598; 380 596; 379 595; 377 595; 376 594
180; 984 598; 983 599; 983 600; 982 601; 982 602; 977 607; 977 608; 970 615; 970 616; 967 619; 967 620; 965 622; 965 623; 961 627; 961 630; 962 630; 963 631; 967 631; 968 632; 972 632; 973 633; 976 633; 977 634; 980 634; 981 635; 984 635; 985 636; 989 636; 990 637; 993 637; 994 638; 999 638; 999 636; 998 635; 998 634; 997 633; 997 631; 996 630; 996 628; 995 627; 995 625; 994 624; 994 622; 995 621; 995 617; 993 615; 993 614; 992 613; 992 612; 991 611; 991 610; 990 609; 990 607; 989 606; 989 603; 988 602; 988 599; 987 598
181; 139 614; 136 617; 118 617; 117 618; 117 621; 118 622; 118 623; 120 625; 120 626; 122 628; 122 633; 124 635; 124 636; 125 637; 125 638; 126 639; 126 640; 130 644; 130 645; 132 647; 132 648; 133 649; 133 650; 134 651; 134 652; 135 653; 135 654; 136 655; 138 655; 140 653; 140 651; 141 650; 141 649; 142 648; 142 647; 144 645; 144 644; 146 642; 146 641; 147 640; 147 638; 148 637; 148 635; 149 634; 149 633; 151 631; 151 629; 152 628; 152 627; 153 626; 153 625; 154 624; 154 623; 155 622; 155 621; 156 620; 156 618; 147 618; 146 617; 144 617; 143 616; 142 616; 140 614
182; 290 617; 289 618; 281 618; 280 619; 277 619; 276 620; 275 620; 274 621; 272 621; 271 622; 269 622; 268 623; 263 623; 262 624; 258 624; 257 625; 256 625; 255 626; 255 629; 263 637; 263 638; 267 642; 267 643; 269 645; 269 646; 279 656; 279 657; 280 658; 284 658; 284 654; 285 653; 285 650; 286 649; 286 644; 287 643; 287 642; 289 640; 289 639; 290 638; 290 633; 289 632; 289 631; 290 630; 290 627; 291 626; 291 625; 292 624; 292 623; 293 622; 293 617
183; 485 618; 485 621; 486 622; 486 624; 487 625; 487 627; 488 628; 488 630; 489 631; 489 634; 490 635; 490 637; 491 638; 491 645; 492 646; 492 648; 493 649; 493 650; 494 651; 494 653; 495 654; 495 657; 496 658; 496 661; 497 662; 500 662; 501 661; 501 660; 505 656; 505 655; 508 652; 508 651; 513 646; 514 646; 526 634; 526 631; 525 631; 524 630; 519 630; 518 629; 516 629; 515 628; 513 628; 510 625; 509 625; 507 623; 501 623; 500 622; 498 622; 497 621; 495 621; 494 620; 492 620; 491 619; 489 619; 488 618
184; 930 623; 929 624; 927 624; 926 625; 918 625; 917 626; 917 629; 920 632; 920 633; 921 634; 921 636; 922 637; 922 638; 923 639; 923 641; 924 642; 924 643; 926 645; 926 646; 928 648; 928 649; 929 650; 929 651; 930 652; 930 653; 931 654; 931 655; 932 656; 932 657; 933 658; 933 659; 934 660; 934 661; 936 663; 938 663; 938 662; 939 661; 939 659; 940 658; 940 657; 941 656; 941 654; 942 653; 942 652; 943 651; 943 649; 946 646; 946 645; 947 644; 947 643; 948 642; 948 638; 949 637; 949 635; 950 634; 950 631; 951 630; 951 628; 952 627; 952 625; 951 624; 944 624; 943 625; 942 625; 941 624; 934 624; 933 623
185; 82 621; 81 622; 81 624; 82 625; 82 627; 83 628; 83 632; 84 633; 84 641; 85 642; 85 643; 86 644; 86 646; 87 647; 87 650; 88 651; 88 655; 89 656; 89 661; 90 662; 94 662; 94 661; 100 655; 101 655; 102 654; 105 654; 107 652; 107 647; 119 635; 119 633; 116 633; 115 632; 112 632; 111 631; 110 631; 109 630; 108 630; 107 629; 105 629; 104 628; 103 628; 102 627; 100 627; 99 626; 98 626; 97 625; 96 625; 95 624; 93 624; 92 623; 90 623; 89 622; 87 622; 86 621
186; 900 615; 899 616; 899 617; 898 618; 898 620; 897 621; 897 622; 896 623; 896 624; 894 626; 894 627; 893 628; 893 629; 892 630; 892 631; 890 633; 890 634; 887 637; 887 638; 885 640; 885 641; 883 643; 883 644; 880 647; 880 649; 881 650; 890 650; 891 651; 895 651; 896 652; 897 652; 898 653; 901 653; 902 652; 903 652; 904 651; 909 651; 910 652; 916 652; 917 653; 920 653; 921 652; 921 650; 920 649; 920 648; 919 647; 919 645; 918 644; 918 643; 917 642; 917 641; 916 640; 916 639; 915 638; 915 637; 914 636; 914 635; 913 634; 913 633; 912 632; 912 631; 910 629; 910 628; 909 627; 909 626; 908 625; 908 623; 906 621; 906 620; 905 619; 905 618; 904 617; 904 616; 903 615
187; 601 619; 601 635; 600 636; 600 637; 599 638; 599 643; 600 644; 600 645; 601 646; 601 658; 600 659; 600 663; 601 664; 603 664; 604 663; 605 663; 608 660; 609 660; 610 659; 611 659; 612 658; 613 658; 616 655; 617 655; 619 653; 620 653; 621 652; 623 652; 624 651; 625 651; 630 646; 631 646; 632 645; 634 645; 635 644; 636 644; 637 643; 637 640; 636 639; 635 639; 634 638; 633 638; 631 636; 630 636; 628 634; 627 634; 626 633; 625 633; 622 630; 621 630; 620 629; 619 629; 617 627; 616 627; 615 626; 614 626; 613 625; 612 625; 610 623; 609 623; 606 620; 605 620; 604 619
188; 71 623; 70 624; 70 625; 69 626; 69 627; 67 629; 67 630; 65 632; 64 632; 62 634; 61 634; 60 635; 59 635; 57 637; 57 638; 56 639; 56 640; 51 645; 51 646; 46 651; 46 654; 47 655; 51 655; 52 656; 54 656; 55 657; 56 657; 57 658; 61 658; 62 659; 65 659; 66 660; 70 660; 71 661; 74 661; 75 662; 77 662; 78 663; 80 663; 81 664; 84 664; 85 663; 85 660; 84 659; 84 658; 83 657; 83 655; 82 654; 82 652; 81 651; 81 648; 80 647; 80 640; 79 639; 79 638; 78 637; 78 635; 77 634; 77 633; 76 632; 76 631; 75 630; 75 629; 74 628; 74 624; 73 623
189; 297 629; 296 630; 296 632; 297 633; 297 634; 298 635; 298 637; 299 638; 299 641; 300 642; 300 650; 301 651; 301 653; 302 654; 302 657; 303 658; 303 662; 304 663; 304 666; 305 667; 305 669; 306 670; 310 670; 310 669; 323 656; 323 655; 332 646; 334 646; 336 644; 336 640; 334 638; 332 638; 331 637; 327 637; 326 636; 323 636; 322 635; 319 635; 318 634; 316 634; 315 633; 313 633; 312 632; 308 632; 307 631; 305 631; 304 630; 303 630; 302 629
190; 456 627; 455 628; 455 630; 454 631; 454 633; 453 634; 453 635; 452 636; 452 637; 451 638; 451 639; 450 640; 450 642; 449 643; 449 646; 448 647; 448 651; 447 652; 447 654; 446 655; 446 657; 445 658; 445 660; 444 661; 444 663; 443 664; 443 668; 444 669; 447 669; 448 668; 450 668; 451 667; 460 667; 461 666; 463 666; 464 665; 467 665; 468 664; 471 664; 472 663; 476 663; 477 662; 482 662; 483 661; 484 661; 484 657; 482 655; 481 655; 479 653; 479 652; 478 652; 475 649; 475 648; 473 646; 473 645; 472 644; 472 642; 471 641; 471 640; 470 639; 470 638; 469 637; 466 637; 461 632; 461 631; 459 629; 459 628; 458 627
191; 185 635; 184 636; 184 637; 183 638; 183 639; 180 642; 180 643; 178 645; 178 646; 177 647; 177 648; 173 652; 173 653; 171 655; 171 656; 169 658; 169 659; 165 663; 165 664; 164 665; 164 669; 168 669; 169 670; 175 670; 176 671; 179 671; 180 672; 190 672; 191 673; 194 673; 195 674; 203 674; 204 673; 204 670; 203 669; 203 667; 202 666; 202 664; 201 663; 201 661; 200 660; 200 659; 199 658; 199 657; 198 656; 198 655; 197 654; 197 653; 196 652; 196 651; 195 650; 195 649; 194 648; 194 647; 193 646; 193 644; 192 643; 192 642; 191 641; 191 639; 190 638; 190 637; 188 635
192; 9 679; 9 691; 17 690; 20 687; 27 688; 37 677; 54 666; 54 663; 49 660; 46 655; 40 655; 36 651; 25 648; 20 644; 17 644; 17 672; 16 673
193; 765 650; 762 653; 761 653; 756 658; 755 658; 753 660; 752 660; 748 664; 748 665; 747 666; 747 667; 743 671; 742 671; 739 674; 738 674; 737 675; 736 675; 735 676; 735 679; 736 679; 737 680; 738 680; 739 681; 741 681; 742 682; 743 682; 744 683; 746 683; 747 684; 748 684; 749 685; 751 685; 752 686; 755 686; 756 687; 758 687; 759 688; 761 688; 762 689; 763 689; 764 690; 766 690; 767 691; 769 691; 770 692; 775 692; 775 685; 774 684; 774 675; 775 674; 775 672; 773 670; 773 669; 772 668; 772 664; 771 663; 771 659; 770 658; 770 655; 769 654; 769 652; 767 650
194; 868 665; 867 666; 867 668; 869 670; 869 671; 871 673; 871 674; 872 675; 872 676; 873 677; 873 678; 874 679; 874 680; 875 681; 875 682; 877 684; 877 685; 878 686; 878 687; 879 688; 879 689; 880 690; 880 691; 881 692; 881 693; 882 694; 882 695; 883 696; 883 697; 884 698; 884 699; 885 700; 885 701; 886 702; 886 703; 887 704; 889 704; 891 702; 891 700; 892 699; 892 698; 893 697; 893 695; 894 694; 894 693; 895 692; 895 691; 901 685; 901 684; 902 683; 902 679; 903 678; 903 677; 904 676; 904 675; 905 674; 905 673; 907 671; 907 670; 908 669; 908 666; 907 666; 906 665; 879 665; 878 666; 877 665
195; 107 653; 105 655; 104 655; 104 659; 103 660; 103 661; 100 664; 99 664; 96 667; 96 669; 91 674; 91 675; 88 678; 88 679; 87 680; 87 681; 84 684; 84 688; 86 688; 87 689; 93 689; 94 690; 96 690; 97 691; 98 691; 99 692; 102 692; 103 693; 111 693; 112 694; 114 694; 115 695; 116 695; 117 696; 118 696; 119 697; 122 697; 123 696; 123 692; 121 690; 121 689; 120 688; 120 687; 119 686; 119 682; 118 681; 118 679; 117 678; 117 676; 116 675; 116 674; 115 673; 115 671; 114 670; 114 669; 113 668; 113 666; 112 665; 112 662; 111 661; 111 659; 110 658; 110 655; 108 653
196; 334 665; 332 667; 332 669; 334 671; 334 672; 336 674; 336 676; 337 677; 337 678; 338 679; 338 680; 339 681; 339 684; 340 685; 340 688; 341 689; 341 690; 342 691; 342 692; 343 693; 343 694; 345 696; 345 698; 346 699; 346 700; 347 701; 347 702; 348 703; 348 704; 349 705; 351 705; 353 703; 353 702; 355 700; 355 699; 356 698; 356 697; 360 693; 360 692; 361 691; 361 690; 362 689; 362 688; 366 684; 366 683; 367 682; 367 681; 368 680; 368 679; 370 677; 370 676; 373 673; 373 669; 370 669; 369 668; 362 668; 361 667; 354 667; 353 666; 345 666; 344 665
197; 321 667; 318 670; 317 670; 315 672; 311 672; 310 671; 306 671; 306 673; 304 675; 304 676; 303 677; 303 679; 300 682; 299 682; 298 683; 297 683; 291 689; 291 692; 292 692; 294 694; 295 694; 297 696; 299 696; 301 698; 302 698; 303 699; 304 699; 306 701; 307 701; 309 703; 311 703; 312 704; 313 704; 314 705; 315 705; 318 708; 319 708; 322 711; 325 711; 325 710; 326 709; 326 695; 327 694; 327 691; 326 690; 326 683; 325 682; 325 670; 324 669; 324 667
198; 61 674; 60 675; 58 675; 57 676; 56 676; 55 677; 54 677; 53 678; 51 678; 50 679; 49 679; 48 680; 47 680; 46 681; 45 681; 44 682; 43 682; 42 683; 41 683; 40 684; 39 684; 38 685; 37 685; 36 686; 35 686; 34 687; 29 687; 28 688; 28 690; 40 702; 40 703; 41 704; 41 705; 42 705; 43 706; 44 706; 45 707; 46 707; 47 708; 48 708; 50 710; 51 710; 55 714; 56 714; 57 715; 60 715; 61 714; 61 709; 62 708; 62 702; 63 701; 63 695; 62 694; 63 693; 63 689; 64 688; 64 687; 65 686; 65 675; 64 674
199; 545 672; 543 674; 543 676; 542 677; 542 678; 541 679; 541 680; 538 683; 538 684; 532 690; 532 694; 531 695; 531 696; 530 697; 530 698; 529 699; 529 700; 528 701; 528 702; 527 703; 527 704; 525 706; 525 710; 526 711; 561 711; 562 712; 566 712; 567 711; 567 709; 566 708; 566 707; 565 706; 565 705; 564 704; 564 702; 563 701; 563 700; 561 698; 561 697; 560 696; 560 695; 559 694; 559 693; 558 692; 558 691; 557 690; 557 689; 555 687; 555 686; 554 685; 554 684; 553 683; 553 682; 552 681; 552 680; 551 679; 551 678; 550 677; 550 675; 549 674; 549 673; 548 672
200; 503 675; 501 677; 500 677; 497 680; 497 681; 477 701; 476 701; 476 702; 475 703; 475 705; 476 706; 477 706; 478 707; 482 707; 483 708; 485 708; 486 709; 488 709; 489 710; 490 710; 492 712; 493 712; 494 713; 495 713; 496 714; 502 714; 503 715; 506 715; 507 716; 509 716; 510 717; 514 717; 515 716; 515 713; 514 712; 514 708; 513 707; 513 704; 512 703; 512 699; 511 698; 511 696; 510 695; 510 692; 509 691; 509 687; 508 686; 508 682; 507 681; 507 676; 506 675
201; 161 691; 161 694; 162 695; 162 699; 163 700; 163 703; 164 704; 164 706; 165 707; 165 709; 166 710; 166 711; 167 712; 167 716; 168 717; 168 719; 169 720; 169 722; 170 723; 170 725; 171 726; 171 729; 174 729; 183 720; 183 719; 188 714; 188 713; 191 710; 191 709; 195 705; 195 704; 199 700; 199 697; 194 697; 193 696; 189 696; 188 695; 187 695; 186 694; 184 694; 183 693; 182 693; 181 692; 176 692; 175 693; 174 692; 166 692; 165 691
202; 934 682; 934 683; 928 689; 927 689; 926 690; 925 690; 923 692; 922 692; 911 703; 910 703; 907 706; 907 711; 909 713; 912 713; 913 714; 916 714; 917 715; 918 715; 920 717; 921 717; 922 718; 927 718; 928 719; 931 719; 932 720; 934 720; 935 721; 937 721; 938 722; 939 722; 941 724; 943 724; 944 723; 944 716; 943 715; 943 713; 942 712; 942 708; 941 707; 941 706; 942 705; 942 700; 941 699; 941 698; 940 697; 940 696; 939 695; 939 690; 938 689; 939 688; 939 683; 938 682
203; 383 681; 382 682; 382 683; 381 684; 381 685; 379 687; 379 688; 372 695; 371 695; 368 698; 368 699; 367 700; 367 701; 366 702; 366 703; 365 704; 365 705; 360 710; 360 711; 359 712; 359 715; 360 715; 361 716; 365 716; 366 717; 370 717; 371 718; 376 718; 377 719; 380 719; 381 720; 383 720; 384 721; 387 721; 388 722; 390 722; 391 723; 394 723; 395 724; 398 724; 399 723; 399 720; 398 719; 398 718; 397 717; 397 715; 396 714; 396 710; 395 709; 395 707; 394 706; 394 705; 393 704; 393 702; 392 701; 392 700; 391 699; 391 698; 390 697; 390 694; 389 693; 389 689; 388 688; 388 685; 387 684; 387 682; 386 681
204; 426 683; 426 684; 421 689; 420 689; 420 690; 417 693; 417 694; 415 696; 415 697; 413 699; 413 700; 410 703; 410 704; 408 706; 408 707; 406 709; 406 710; 405 711; 405 712; 403 714; 403 717; 404 718; 410 718; 411 719; 416 719; 417 720; 419 720; 420 721; 421 721; 422 722; 431 722; 432 723; 437 723; 438 724; 443 724; 443 719; 442 718; 442 717; 441 716; 441 714; 440 713; 440 711; 439 710; 439 709; 438 708; 438 705; 437 704; 437 702; 436 701; 436 700; 435 699; 435 697; 434 696; 434 695; 433 694; 433 690; 432 689; 432 687; 431 686; 431 684; 430 683
205; 1002 692; 1001 693; 1001 694; 998 697; 998 698; 996 700; 996 701; 990 707; 990 710; 989 711; 989 712; 987 714; 987 715; 986 716; 986 717; 984 719; 984 720; 981 723; 981 726; 982 727; 987 727; 988 726; 989 726; 990 727; 1001 727; 1002 728; 1006 728; 1007 729; 1014 729; 1015 730; 1019 730; 1020 729; 1020 726; 1019 725; 1019 724; 1018 723; 1018 721; 1017 720; 1017 719; 1016 718; 1016 717; 1015 716; 1015 715; 1014 714; 1014 712; 1013 711; 1013 710; 1012 709; 1012 708; 1011 707; 1011 706; 1010 705; 1010 703; 1009 702; 1009 700; 1008 699; 1008 697; 1007 696; 1007 695; 1006 694; 1006 693; 1005 692
206; 872 705; 871 706; 846 706; 845 707; 841 707; 840 708; 836 708; 835 709; 835 712; 839 716; 839 717; 841 719; 841 720; 842 721; 842 722; 843 723; 843 725; 844 726; 844 728; 851 735; 851 736; 854 739; 854 740; 855 741; 855 742; 856 743; 856 744; 859 744; 860 743; 860 741; 861 740; 861 739; 862 738; 862 737; 863 736; 863 735; 864 734; 864 733; 865 732; 865 730; 866 729; 866 728; 867 727; 867 726; 868 725; 868 724; 870 722; 870 721; 872 719; 872 717; 873 716; 873 714; 874 713; 874 712; 875 711; 875 710; 876 709; 876 706; 875 705
207; 12 711; 12 715; 13 716; 13 717; 14 718; 14 722; 15 723; 15 730; 16 731; 16 732; 17 733; 17 734; 18 735; 18 736; 19 737; 19 739; 20 740; 20 741; 21 742; 21 743; 22 744; 22 746; 23 747; 23 750; 25 752; 27 752; 28 751; 28 750; 29 749; 29 748; 30 747; 30 745; 35 740; 35 739; 42 732; 42 731; 49 724; 50 724; 51 723; 51 721; 50 720; 49 720; 48 719; 46 719; 45 718; 42 718; 41 717; 39 717; 38 716; 36 716; 35 715; 29 715; 28 714; 26 714; 25 713; 23 713; 22 712; 20 712; 19 711
208; 214 715; 213 716; 213 717; 211 719; 207 719; 206 718; 200 718; 199 719; 199 723; 200 724; 200 727; 201 728; 201 729; 202 730; 202 732; 203 733; 203 734; 204 735; 204 736; 205 737; 205 739; 206 740; 206 744; 207 745; 208 745; 209 746; 209 747; 211 749; 211 750; 212 751; 212 752; 213 753; 213 754; 214 755; 214 756; 217 756; 218 755; 218 754; 219 753; 219 752; 220 751; 220 750; 221 749; 221 748; 222 747; 222 744; 223 743; 223 742; 224 741; 224 740; 225 739; 225 738; 226 737; 226 736; 227 735; 227 732; 228 731; 228 727; 229 726; 229 717; 228 716; 228 715; 226 715; 225 716; 224 716; 223 717; 219 717; 218 716; 217 716; 216 715
209; 305 708; 303 710; 303 711; 300 714; 300 715; 298 717; 298 718; 295 721; 294 721; 292 723; 292 727; 291 728; 291 729; 286 734; 286 735; 282 739; 282 743; 283 743; 284 744; 291 744; 294 747; 293 748; 298 748; 299 747; 310 747; 311 748; 313 748; 314 749; 316 749; 317 750; 321 750; 322 749; 322 746; 321 745; 321 743; 320 742; 320 740; 319 739; 319 737; 318 736; 318 735; 317 734; 317 732; 316 731; 316 730; 315 729; 315 728; 314 727; 314 725; 313 724; 313 722; 312 721; 312 720; 311 719; 311 717; 310 716; 310 715; 309 714; 309 711; 308 710; 308 709; 307 708
210; 904 714; 902 716; 902 720; 903 721; 903 725; 904 726; 904 730; 903 731; 903 737; 904 738; 904 739; 905 740; 905 742; 906 743; 906 756; 907 757; 911 757; 912 756; 912 755; 914 753; 915 753; 917 751; 918 751; 923 746; 924 746; 925 745; 926 745; 927 744; 928 744; 931 741; 931 740; 934 737; 935 737; 937 735; 938 735; 939 734; 939 732; 937 730; 935 730; 934 729; 933 729; 932 728; 931 728; 929 726; 928 726; 927 725; 926 725; 924 723; 923 723; 922 722; 921 722; 920 721; 918 721; 917 720; 916 720; 915 719; 914 719; 913 718; 912 718; 909 715; 907 715; 906 714
211; 325 721; 324 722; 324 724; 325 725; 325 726; 326 727; 326 728; 327 729; 327 730; 328 731; 328 732; 329 733; 329 734; 330 735; 330 737; 331 738; 331 742; 333 744; 333 745; 335 747; 335 749; 336 750; 336 751; 337 752; 337 753; 338 754; 338 755; 339 756; 339 758; 340 759; 340 760; 341 761; 343 761; 345 759; 345 758; 348 755; 348 754; 350 752; 350 751; 352 749; 352 748; 353 747; 353 746; 355 744; 355 743; 357 741; 357 740; 359 738; 359 737; 361 735; 361 734; 362 733; 362 732; 363 731; 363 730; 365 728; 365 726; 364 725; 354 725; 353 724; 341 724; 340 723; 336 723; 335 722; 330 722; 329 721
212; 527 721; 526 722; 525 722; 525 727; 526 728; 526 729; 527 730; 527 731; 528 732; 528 734; 529 735; 529 740; 530 741; 530 743; 533 746; 533 747; 534 748; 534 749; 535 750; 535 751; 536 752; 536 753; 537 754; 537 755; 538 756; 538 759; 539 760; 539 762; 540 763; 542 763; 544 761; 544 760; 546 758; 546 757; 547 756; 547 755; 549 753; 549 752; 552 749; 552 748; 553 747; 553 746; 556 743; 556 742; 557 741; 558 741; 559 740; 559 739; 562 736; 562 735; 564 733; 564 732; 565 731; 565 728; 564 727; 562 727; 561 726; 557 726; 556 725; 554 725; 553 724; 551 724; 550 723; 544 723; 543 722; 542 722; 541 721
213; 476 726; 475 727; 475 731; 477 733; 477 734; 478 735; 478 736; 479 737; 479 738; 480 739; 480 741; 481 742; 481 743; 484 746; 484 747; 485 748; 485 749; 486 750; 486 751; 487 752; 487 753; 488 754; 488 755; 490 757; 490 758; 491 759; 491 761; 492 762; 492 764; 494 766; 496 766; 498 764; 498 762; 500 760; 500 759; 501 758; 501 757; 503 755; 503 754; 506 751; 507 751; 508 750; 508 749; 509 748; 509 744; 510 743; 510 742; 511 741; 511 740; 514 737; 514 736; 515 735; 515 734; 516 733; 516 732; 517 731; 517 729; 515 727; 494 727; 493 726
214; 96 719; 95 720; 95 721; 93 723; 93 724; 90 727; 90 728; 86 732; 85 732; 83 734; 83 735; 82 736; 82 738; 80 740; 80 741; 73 748; 73 752; 76 752; 77 753; 82 753; 83 754; 86 754; 87 755; 90 755; 91 756; 95 756; 96 757; 97 757; 98 758; 100 758; 101 759; 105 759; 106 760; 111 760; 112 759; 112 757; 111 756; 111 754; 110 753; 110 751; 109 750; 109 748; 108 747; 108 745; 107 744; 107 743; 106 742; 106 739; 105 738; 105 734; 104 733; 104 732; 103 731; 103 730; 102 729; 102 728; 101 727; 101 725; 100 724; 100 722; 99 721; 99 720; 98 719
215; 1009 738; 1008 739; 1005 739; 1004 740; 1003 739; 994 739; 993 740; 993 742; 994 743; 994 744; 995 745; 995 746; 996 747; 996 748; 997 749; 997 750; 998 751; 998 753; 999 754; 999 755; 1000 756; 1000 757; 1001 758; 1001 759; 1002 760; 1002 761; 1003 762; 1003 764; 1005 766; 1005 768; 1006 769; 1006 770; 1007 771; 1007 772; 1008 773; 1008 774; 1009 775; 1009 776; 1012 776; 1014 774; 1014 773; 1018 769; 1018 768; 1019 767; 1019 766; 1023 762; 1023 740; 1021 740; 1020 741; 1019 741; 1018 740; 1016 740; 1014 738
216; 963 724; 963 727; 962 728; 962 730; 960 732; 960 733; 959 734; 959 735; 958 736; 958 738; 957 739; 957 740; 955 742; 955 743; 954 744; 954 745; 952 747; 952 748; 951 749; 951 750; 950 751; 950 752; 949 753; 949 755; 948 756; 948 757; 947 758; 947 759; 946 760; 946 762; 947 762; 949 764; 950 764; 951 763; 952 763; 953 762; 969 762; 970 763; 976 763; 977 762; 981 762; 982 761; 986 761; 986 758; 985 757; 985 756; 983 754; 983 753; 981 751; 981 750; 980 749; 980 748; 979 747; 979 743; 978 742; 978 741; 975 738; 975 737; 973 735; 973 734; 969 730; 969 729; 968 728; 968 727; 967 726; 967 725; 966 724
217; 832 724; 830 726; 830 727; 829 728; 828 728; 820 736; 820 737; 819 738; 819 739; 818 740; 818 741; 814 745; 814 746; 811 749; 811 750; 810 751; 809 751; 807 753; 807 756; 808 757; 810 757; 811 758; 812 758; 813 759; 815 759; 816 760; 818 760; 819 761; 821 761; 822 762; 824 762; 825 763; 835 763; 836 764; 838 764; 839 765; 840 765; 841 766; 846 766; 847 765; 847 763; 846 762; 846 761; 845 760; 845 759; 844 758; 844 754; 843 753; 843 751; 842 750; 842 745; 841 744; 841 743; 839 741; 839 738; 838 737; 838 733; 837 732; 837 731; 836 730; 836 729; 835 728; 835 726; 834 725; 834 724
218; 165 735; 164 736; 164 739; 165 740; 165 741; 166 742; 166 745; 167 746; 167 748; 168 749; 168 752; 169 753; 169 757; 170 758; 170 760; 171 761; 171 762; 172 763; 172 765; 173 766; 173 769; 174 770; 174 773; 175 774; 175 776; 176 777; 179 777; 179 776; 184 771; 184 770; 187 767; 187 766; 190 763; 190 762; 194 758; 194 757; 202 749; 202 748; 204 746; 204 744; 201 744; 200 743; 196 743; 195 742; 193 742; 192 741; 187 741; 186 740; 183 740; 182 739; 181 739; 180 738; 179 738; 178 737; 174 737; 173 736; 171 736; 170 735
219; 659 739; 658 740; 658 756; 657 757; 657 763; 658 764; 658 769; 659 770; 659 782; 660 783; 664 783; 665 782; 666 782; 668 780; 669 780; 670 779; 675 779; 677 777; 677 775; 681 771; 682 771; 685 768; 686 768; 687 767; 688 767; 689 766; 690 766; 691 765; 694 765; 694 763; 695 762; 695 759; 692 756; 691 756; 689 754; 688 754; 687 753; 686 753; 685 752; 684 752; 683 751; 682 751; 681 750; 680 750; 678 748; 677 748; 676 747; 675 747; 674 746; 673 746; 672 745; 671 745; 670 744; 669 744; 668 743; 667 743; 665 741; 664 741; 662 739
220; 711 741; 710 742; 710 744; 704 750; 704 751; 703 752; 703 753; 702 754; 702 756; 701 757; 701 758; 699 760; 696 760; 696 762; 695 763; 695 766; 694 767; 694 768; 692 770; 692 771; 690 773; 690 777; 691 778; 692 778; 693 779; 701 779; 702 780; 713 780; 714 781; 722 781; 723 782; 730 782; 732 780; 732 778; 731 777; 731 776; 730 775; 730 774; 728 772; 728 770; 727 769; 727 767; 726 766; 726 761; 721 756; 721 755; 720 754; 720 752; 719 751; 719 750; 718 749; 718 748; 716 746; 716 745; 715 744; 715 743; 713 741
221; 0 757; 0 765; 3 765; 4 766; 7 766; 8 767; 11 767; 12 768; 13 768; 15 770; 15 772; 6 781; 3 781; 1 779; 0 779; 0 797; 2 797; 4 795; 4 794; 13 785; 13 784; 21 776; 21 775; 24 772; 24 771; 27 768; 27 766; 25 764; 23 764; 22 763; 20 763; 19 762; 16 762; 15 761; 14 761; 13 760; 12 760; 11 759; 5 759; 4 758; 2 758; 1 757
222; 293 749; 292 750; 292 755; 293 756; 293 758; 294 759; 294 761; 295 762; 295 764; 296 765; 296 769; 297 770; 297 772; 298 773; 298 774; 299 775; 299 777; 300 778; 300 781; 301 782; 301 784; 302 785; 302 787; 303 788; 303 791; 304 792; 304 793; 308 793; 309 792; 309 791; 311 789; 311 788; 313 786; 313 785; 323 775; 323 774; 324 773; 324 772; 327 769; 327 768; 328 767; 328 766; 329 765; 329 764; 331 762; 331 758; 330 757; 325 757; 324 756; 322 756; 321 755; 317 755; 316 754; 310 754; 309 753; 308 753; 307 752; 304 752; 303 751; 300 751; 298 749
223; 51 759; 51 764; 52 765; 52 769; 53 770; 53 771; 54 772; 54 774; 55 775; 55 776; 56 777; 56 780; 57 781; 57 783; 58 784; 58 785; 59 786; 59 788; 60 789; 60 791; 61 792; 61 796; 62 797; 62 799; 63 800; 66 800; 67 799; 67 798; 70 795; 70 794; 72 792; 72 791; 81 782; 81 780; 82 779; 82 778; 83 777; 83 776; 87 772; 87 771; 90 768; 90 765; 89 765; 88 764; 77 764; 76 763; 72 763; 71 762; 66 762; 65 761; 62 761; 61 760; 58 760; 57 759
224; 883 758; 883 759; 882 760; 882 761; 881 762; 881 763; 879 765; 879 766; 877 768; 877 769; 876 770; 876 771; 872 775; 872 777; 871 778; 871 779; 870 780; 870 781; 866 785; 866 787; 865 788; 865 789; 863 791; 863 792; 862 793; 862 796; 863 797; 883 797; 884 798; 886 798; 887 799; 893 799; 894 798; 897 798; 898 799; 903 799; 904 798; 904 794; 902 792; 902 791; 901 790; 901 789; 900 788; 900 787; 899 786; 899 785; 898 784; 898 783; 897 782; 897 781; 896 780; 896 779; 895 778; 895 776; 894 775; 894 773; 893 772; 893 771; 892 770; 892 768; 891 767; 891 766; 890 765; 890 764; 888 762; 888 761; 886 759; 886 758
225; 957 769; 956 770; 955 770; 955 773; 956 774; 956 775; 957 776; 957 777; 959 779; 959 780; 961 782; 961 784; 962 785; 962 789; 963 790; 963 793; 964 794; 964 795; 966 797; 966 798; 967 799; 967 800; 968 801; 968 802; 969 803; 969 805; 970 806; 970 808; 972 810; 975 810; 977 808; 977 807; 979 805; 979 804; 980 803; 980 802; 981 801; 981 800; 983 798; 983 796; 985 794; 985 793; 989 789; 989 788; 990 787; 990 786; 992 784; 992 783; 993 782; 993 781; 994 780; 994 778; 995 777; 995 773; 994 773; 993 772; 980 772; 979 771; 976 771; 975 770; 967 770; 966 769
226; 945 763; 945 764; 944 765; 944 766; 938 772; 938 773; 935 776; 935 777; 933 779; 933 780; 931 782; 931 783; 929 785; 929 786; 925 790; 925 791; 921 795; 921 796; 920 797; 920 801; 927 801; 928 802; 932 802; 933 803; 935 803; 936 804; 937 804; 938 805; 948 805; 949 806; 952 806; 953 807; 957 807; 958 808; 961 808; 962 807; 962 804; 961 803; 961 802; 960 801; 960 800; 959 799; 959 797; 958 796; 958 795; 957 794; 957 793; 956 792; 956 790; 955 789; 955 787; 954 786; 954 785; 953 784; 953 782; 952 781; 952 780; 951 779; 951 778; 950 777; 950 775; 949 774; 949 765; 947 763
227; 198 771; 196 773; 195 773; 194 774; 193 774; 192 775; 191 775; 190 776; 188 776; 187 777; 185 777; 183 779; 182 779; 178 783; 177 783; 175 785; 174 785; 171 788; 170 788; 169 789; 168 789; 167 790; 166 790; 165 791; 165 793; 166 794; 167 794; 168 795; 169 795; 174 800; 175 800; 179 804; 179 805; 181 807; 185 807; 186 808; 187 808; 194 815; 195 815; 196 816; 201 816; 201 795; 202 794; 202 787; 201 786; 201 777; 202 776; 202 773; 201 772; 201 771
228; 815 766; 813 768; 813 769; 812 770; 812 771; 809 774; 809 775; 805 779; 805 780; 804 781; 804 782; 803 783; 803 784; 802 785; 802 786; 797 791; 797 792; 792 797; 792 801; 793 802; 794 802; 795 803; 798 803; 799 804; 805 804; 806 805; 807 805; 810 808; 814 808; 815 807; 823 807; 824 808; 829 808; 830 809; 833 809; 834 808; 835 808; 835 804; 833 802; 833 801; 832 800; 832 799; 831 798; 831 796; 830 795; 830 794; 829 793; 829 791; 828 790; 828 788; 827 787; 827 786; 826 785; 826 783; 825 782; 825 781; 824 780; 824 779; 823 778; 823 777; 822 776; 822 775; 821 774; 821 772; 820 771; 820 769; 819 768; 819 767; 818 766
229; 123 777; 121 779; 121 781; 122 782; 122 784; 123 785; 123 787; 124 788; 124 790; 125 791; 125 799; 126 800; 126 803; 127 804; 127 808; 128 809; 128 813; 129 814; 129 818; 130 819; 130 820; 131 821; 133 821; 134 820; 135 820; 136 819; 136 818; 143 811; 144 811; 145 810; 146 810; 148 808; 148 807; 149 806; 149 805; 150 804; 150 803; 160 793; 161 793; 162 792; 162 790; 161 790; 159 788; 158 788; 156 786; 154 786; 153 785; 150 785; 149 784; 148 784; 147 783; 145 783; 144 782; 142 782; 141 781; 138 781; 137 780; 134 780; 133 779; 131 779; 130 778; 127 778; 126 777
230; 677 778; 675 780; 675 783; 676 784; 676 796; 677 797; 677 804; 676 805; 676 811; 675 812; 675 813; 674 814; 674 817; 675 818; 675 819; 676 820; 676 821; 677 822; 677 823; 678 823; 679 824; 681 824; 682 823; 683 823; 684 822; 685 822; 687 820; 688 820; 689 819; 690 819; 691 818; 693 818; 695 816; 696 816; 697 815; 698 815; 699 814; 701 814; 705 810; 706 810; 709 807; 710 807; 714 803; 714 800; 711 797; 710 797; 709 796; 708 796; 707 795; 706 795; 705 794; 704 794; 701 791; 700 791; 697 788; 697 787; 696 786; 696 785; 695 785; 694 784; 690 784; 689 783; 688 783; 687 782; 686 782; 685 781; 684 781; 683 780; 682 780; 681 779; 680 779; 679 778
231; 420 797; 418 799; 418 800; 417 801; 417 802; 416 803; 416 804; 414 806; 414 807; 409 812; 409 813; 407 815; 407 816; 405 818; 405 819; 404 820; 404 821; 403 822; 403 823; 401 825; 401 826; 400 827; 400 828; 399 829; 399 830; 398 831; 398 835; 399 836; 409 836; 410 837; 425 837; 426 838; 429 838; 430 839; 439 839; 440 838; 440 834; 439 833; 439 832; 438 831; 438 829; 437 828; 437 827; 436 826; 436 825; 435 824; 435 820; 434 819; 434 817; 433 816; 433 815; 432 814; 432 813; 430 811; 430 810; 429 809; 429 808; 427 806; 427 805; 426 804; 426 802; 425 801; 425 799; 424 798; 424 797
232; 217 806; 217 807; 213 811; 213 812; 212 813; 212 814; 210 816; 210 817; 208 819; 208 820; 207 821; 207 822; 206 823; 206 824; 205 825; 205 826; 204 827; 204 829; 203 830; 203 831; 201 833; 201 834; 200 835; 200 836; 197 839; 197 840; 196 841; 196 843; 198 845; 208 845; 209 846; 219 846; 220 847; 237 847; 237 842; 236 841; 236 840; 235 839; 235 837; 234 836; 234 835; 233 834; 233 832; 232 831; 232 830; 233 829; 233 825; 232 824; 231 824; 227 820; 227 819; 226 818; 226 817; 225 816; 225 814; 224 813; 224 812; 223 811; 223 809; 222 808; 222 807; 221 806
233; 297 809; 293 813; 293 814; 290 817; 290 818; 274 834; 274 835; 273 836; 272 836; 272 841; 273 841; 274 842; 275 842; 276 843; 279 843; 280 844; 283 844; 284 845; 285 845; 286 846; 287 846; 288 847; 290 847; 291 848; 294 848; 295 849; 297 849; 298 850; 299 850; 300 851; 301 851; 302 852; 304 852; 305 853; 310 853; 310 847; 309 846; 309 835; 308 834; 308 826; 307 825; 307 823; 306 822; 306 820; 305 819; 305 816; 304 815; 304 814; 303 813; 303 812; 302 811; 302 810; 301 809
234; 71 829; 46 832; 46 836; 53 844; 64 865; 71 872; 73 872; 76 868; 82 865; 86 867; 90 867; 90 862; 87 855; 88 845; 85 839; 85 832
235; 683 831; 682 832; 656 832; 655 833; 655 836; 656 837; 656 838; 659 841; 659 842; 660 843; 660 844; 661 845; 661 846; 662 847; 662 848; 663 849; 663 850; 664 851; 664 853; 665 854; 665 855; 666 856; 666 857; 669 860; 669 862; 670 863; 670 864; 671 865; 671 866; 674 869; 674 870; 675 871; 675 872; 676 873; 679 873; 680 872; 680 870; 681 869; 681 868; 682 867; 682 866; 683 865; 683 864; 684 863; 684 862; 685 861; 685 859; 686 858; 686 857; 687 856; 687 855; 688 854; 688 853; 690 851; 690 850; 691 849; 691 848; 692 847; 692 845; 693 844; 693 843; 694 842; 694 841; 695 840; 695 839; 697 837; 697 836; 698 835; 698 833; 696 831
236; 854 834; 853 835; 853 839; 854 840; 854 842; 855 843; 855 845; 856 846; 856 849; 857 850; 857 851; 858 852; 858 855; 859 856; 859 858; 860 859; 860 860; 861 861; 861 862; 862 863; 862 864; 863 865; 863 866; 864 867; 864 868; 865 869; 865 872; 866 873; 866 876; 868 878; 871 878; 872 877; 872 876; 873 875; 873 874; 874 873; 874 872; 875 871; 875 870; 877 868; 877 867; 884 860; 888 860; 889 861; 889 851; 892 848; 892 847; 893 846; 893 842; 892 841; 885 841; 884 840; 881 840; 880 839; 879 839; 878 838; 875 838; 874 837; 871 837; 870 838; 868 838; 867 837; 862 837; 861 836; 860 836; 859 835; 857 835; 856 834
237; 900 873; 885 885; 885 889; 894 896; 909 931; 913 930; 909 909; 911 907; 918 912; 922 911; 923 883
238; 954 839; 954 834; 959 829; 956 824; 919 818; 922 837
239; 922 837; 945 878; 956 871; 969 843; 954 839
240; 909 846; 890 854; 890 862; 900 873; 923 883; 931 878
241; 931 878; 945 878; 922 837; 914 839; 909 846
242; 798 835; 796 837; 796 846; 797 847; 797 856; 798 857; 798 867; 799 868; 799 879; 800 880; 804 880; 810 874; 811 874; 813 872; 814 872; 815 871; 819 871; 820 870; 820 869; 821 868; 821 867; 827 861; 828 861; 832 857; 833 857; 833 853; 831 851; 830 851; 829 850; 828 850; 827 849; 826 849; 824 847; 823 847; 822 846; 821 846; 820 845; 819 845; 818 844; 817 844; 816 843; 815 843; 813 841; 812 841; 810 839; 809 839; 808 838; 807 838; 806 837; 805 837; 803 835
243; 513 834; 513 835; 511 837; 511 838; 509 840; 509 841; 506 844; 506 845; 502 849; 501 849; 496 854; 496 855; 494 857; 493 857; 489 861; 489 862; 486 865; 486 868; 487 869; 488 869; 489 870; 491 870; 492 871; 494 871; 495 872; 497 872; 498 873; 500 873; 501 874; 505 874; 506 875; 508 875; 509 876; 511 876; 512 877; 513 877; 514 878; 516 878; 517 879; 518 879; 519 880; 521 880; 522 881; 526 881; 527 880; 527 876; 526 875; 526 874; 525 873; 525 864; 524 863; 524 860; 523 859; 523 856; 522 855; 522 854; 521 853; 521 852; 520 851; 520 849; 519 848; 519 846; 518 845; 518 841; 517 840; 517 836; 515 834
244; 754 845; 753 846; 748 846; 747 847; 745 847; 744 848; 741 848; 740 849; 737 849; 736 850; 729 850; 728 851; 723 851; 722 852; 717 852; 716 853; 716 857; 718 859; 718 860; 720 862; 720 863; 721 864; 722 864; 724 866; 724 867; 726 869; 726 871; 727 872; 727 873; 728 874; 729 874; 733 878; 733 879; 737 883; 737 884; 739 886; 739 887; 742 890; 746 890; 747 889; 747 881; 748 880; 748 876; 749 875; 749 873; 750 872; 750 870; 751 869; 751 867; 752 866; 752 865; 753 864; 753 861; 754 860; 754 857; 755 856; 755 854; 757 852; 757 851; 758 850; 758 846; 757 845
245; 249 850; 248 851; 248 854; 250 856; 250 857; 252 859; 252 862; 253 863; 253 865; 254 866; 254 868; 255 869; 255 870; 256 871; 256 873; 257 874; 257 876; 258 877; 258 878; 260 880; 260 881; 261 882; 261 883; 262 884; 262 887; 263 888; 263 890; 264 891; 267 891; 272 886; 272 885; 273 884; 273 883; 274 882; 274 881; 278 877; 278 876; 279 875; 279 874; 280 873; 280 871; 281 870; 281 869; 283 867; 283 866; 286 863; 286 862; 287 861; 287 860; 289 858; 289 855; 288 854; 281 854; 280 853; 275 853; 273 851; 272 851; 271 850; 267 850; 266 851; 264 851; 263 852; 257 852; 256 851; 252 851; 251 850
246; 646 841; 644 843; 644 845; 638 851; 638 852; 636 854; 636 855; 634 857; 634 859; 633 860; 633 861; 632 862; 632 863; 631 864; 631 865; 629 867; 629 868; 628 869; 628 870; 627 871; 627 873; 626 874; 626 875; 625 876; 625 877; 624 878; 624 880; 625 881; 637 881; 638 882; 640 882; 642 884; 647 884; 648 883; 657 883; 658 884; 666 884; 666 879; 665 878; 665 877; 664 876; 664 875; 663 874; 663 872; 662 871; 662 870; 661 869; 661 867; 660 866; 660 865; 658 863; 658 862; 657 861; 657 860; 656 859; 656 858; 655 857; 655 856; 653 854; 653 853; 652 852; 652 850; 651 849; 651 847; 650 846; 650 844; 649 843; 649 842; 648 841
247; 439 884; 435 883; 430 869; 426 868; 417 880; 412 883; 410 891; 404 898; 404 903; 414 898; 420 889; 426 885; 429 891; 428 901; 444 908; 445 905; 439 893; 441 891
248; 441 891; 446 898; 447 907; 452 908; 471 881; 476 877; 476 873; 464 868; 436 863; 435 867; 439 876; 439 884
249; 361 873; 359 875; 359 879; 360 880; 360 883; 361 884; 361 886; 362 887; 362 889; 363 890; 363 893; 364 894; 364 895; 365 896; 365 901; 366 902; 366 905; 367 906; 367 907; 369 909; 369 911; 370 912; 370 916; 371 917; 371 918; 375 918; 380 913; 380 912; 388 904; 389 904; 389 903; 390 902; 390 900; 391 899; 391 897; 395 893; 395 892; 398 889; 399 889; 399 888; 401 886; 401 884; 399 882; 397 882; 396 881; 392 881; 391 880; 387 880; 386 879; 385 879; 384 878; 383 878; 382 877; 381 877; 380 876; 378 876; 377 877; 375 877; 374 876; 371 876; 370 875; 367 875; 366 874; 364 874; 363 873
250; 956 883; 955 884; 953 884; 951 886; 950 886; 949 885; 946 885; 944 887; 944 889; 945 890; 945 892; 946 893; 946 894; 947 895; 947 896; 948 897; 948 898; 949 899; 949 902; 950 903; 950 905; 951 906; 951 908; 952 909; 952 911; 953 912; 953 914; 954 915; 954 917; 955 918; 955 921; 956 922; 956 923; 957 924; 957 926; 958 927; 958 929; 963 929; 963 927; 964 926; 964 925; 966 923; 966 922; 969 919; 969 918; 973 914; 973 913; 974 912; 974 911; 976 909; 976 908; 977 907; 977 906; 978 905; 979 905; 979 904; 984 899; 984 898; 986 896; 986 894; 984 892; 979 892; 978 891; 974 891; 973 890; 970 890; 967 887; 966 887; 965 886; 960 886; 958 884; 958 883
251; 0 896; 0 904; 3 904; 4 905; 6 905; 7 906; 9 906; 10 907; 11 907; 12 908; 13 908; 14 909; 14 910; 15 911; 14 912; 14 913; 13 914; 13 915; 11 917; 11 918; 10 919; 10 920; 7 923; 5 923; 2 920; 2 916; 1 915; 0 915; 0 941; 4 941; 7 938; 7 936; 8 935; 8 934; 9 933; 9 932; 13 928; 15 928; 17 926; 16 925; 16 923; 17 922; 17 921; 20 918; 20 917; 27 910; 28 910; 29 909; 29 905; 28 904; 26 904; 25 903; 22 903; 21 902; 18 902; 17 901; 16 901; 15 900; 14 900; 13 899; 11 899; 10 898; 9 898; 8 897; 6 897; 5 896
252; 205 891; 205 892; 204 893; 204 894; 203 895; 203 896; 201 898; 201 899; 200 900; 200 901; 198 903; 197 903; 196 904; 195 904; 193 906; 193 910; 192 911; 192 912; 191 913; 191 914; 188 917; 188 918; 186 920; 186 921; 184 923; 184 928; 189 928; 190 929; 192 929; 193 930; 195 930; 196 931; 203 931; 204 932; 209 932; 210 933; 213 933; 214 934; 216 934; 217 935; 222 935; 223 934; 223 929; 222 928; 222 924; 221 923; 221 922; 220 921; 220 919; 219 918; 219 916; 218 915; 218 912; 217 911; 217 908; 216 907; 216 906; 215 905; 215 904; 214 903; 214 902; 213 901; 213 899; 212 898; 212 897; 211 896; 211 895; 210 894; 210 892; 209 891
253; 1021 902; 1020 903; 1019 903; 1018 904; 1009 904; 1008 905; 999 905; 998 906; 992 906; 991 907; 986 907; 985 908; 984 908; 984 911; 986 913; 986 914; 987 915; 987 918; 989 920; 990 920; 992 922; 992 923; 996 927; 996 928; 998 930; 998 931; 999 932; 999 933; 1000 934; 1000 935; 1001 936; 1001 937; 1002 938; 1002 939; 1003 940; 1003 941; 1004 942; 1004 943; 1005 944; 1005 945; 1006 946; 1009 946; 1010 945; 1010 943; 1011 942; 1011 940; 1012 939; 1012 937; 1013 936; 1013 934; 1014 933; 1014 931; 1015 930; 1015 929; 1017 927; 1017 925; 1018 924; 1018 921; 1019 920; 1019 919; 1020 918; 1020 916; 1022 914; 1023 914; 1023 902
254; 935 896; 935 897; 934 898; 934 899; 933 900; 933 902; 932 903; 932 905; 931 906; 931 907; 929 909; 929 910; 925 914; 924 914; 924 915; 923 916; 923 920; 922 921; 922 923; 921 924; 921 925; 920 926; 920 927; 916 931; 912 931; 911 932; 910 932; 910 933; 911 934; 911 935; 912 936; 912 937; 917 937; 918 936; 922 936; 923 935; 924 936; 930 936; 931 937; 948 937; 949 938; 958 938; 958 933; 957 932; 957 931; 956 931; 954 929; 954 928; 953 927; 953 925; 952 924; 952 922; 951 921; 951 920; 950 919; 950 918; 949 917; 949 916; 948 915; 948 913; 947 912; 947 910; 946 909; 946 908; 945 907; 945 906; 943 904; 943 903; 942 902; 942 901; 940 899; 940 898; 939 897; 939 896
255; 399 909; 398 910; 398 914; 399 915; 399 925; 400 926; 400 929; 401 930; 401 941; 402 942; 402 945; 403 946; 403 954; 404 955; 404 956; 408 956; 411 953; 412 953; 424 941; 425 941; 435 931; 436 931; 437 930; 437 927; 436 926; 435 926; 434 925; 433 925; 432 924; 431 924; 428 921; 427 921; 426 920; 425 920; 424 919; 423 919; 420 916; 418 916; 417 915; 414 915; 413 914; 411 914; 409 912; 408 912; 407 911; 406 911; 405 910; 404 910; 403 909
256; 511 905; 510 906; 510 908; 509 909; 509 912; 508 913; 508 914; 506 916; 506 917; 505 918; 505 920; 504 921; 504 922; 503 923; 503 924; 502 925; 502 926; 501 927; 501 928; 500 929; 500 931; 499 932; 499 936; 498 937; 498 939; 497 940; 497 941; 496 942; 496 943; 495 944; 495 948; 496 948; 497 949; 507 949; 508 948; 511 948; 512 949; 513 949; 514 950; 518 950; 519 949; 520 949; 521 948; 523 948; 524 947; 531 947; 532 948; 539 948; 539 942; 537 942; 534 939; 534 938; 532 936; 532 935; 530 933; 530 932; 529 931; 529 930; 528 929; 528 927; 527 926; 527 924; 526 923; 526 922; 525 921; 525 920; 522 917; 522 916; 521 915; 521 914; 520 913; 520 912; 518 910; 518 909; 517 908; 517 907; 515 905
257; 565 912; 560 917; 560 918; 557 921; 557 922; 555 924; 555 925; 548 932; 548 933; 546 935; 546 936; 540 942; 540 947; 541 948; 546 948; 547 949; 549 949; 550 950; 552 950; 553 951; 554 951; 557 954; 566 954; 568 956; 569 956; 570 957; 572 957; 573 958; 579 958; 581 956; 581 953; 580 952; 580 949; 579 948; 579 945; 578 944; 578 942; 577 941; 577 940; 576 939; 576 938; 575 937; 575 935; 574 934; 574 931; 573 930; 573 925; 572 924; 572 920; 571 919; 571 916; 570 915; 570 913; 569 912
258; 159 914; 158 915; 158 916; 157 917; 157 926; 156 927; 156 930; 155 931; 155 932; 154 933; 154 934; 153 935; 153 946; 152 947; 152 950; 151 951; 151 952; 150 953; 150 955; 149 956; 149 958; 150 959; 153 959; 154 958; 156 958; 157 957; 160 957; 161 956; 165 956; 166 955; 167 955; 168 954; 170 954; 171 953; 173 953; 174 952; 178 952; 179 951; 181 951; 182 950; 183 950; 184 949; 187 949; 188 948; 189 948; 189 944; 188 943; 187 943; 185 941; 184 941; 181 938; 181 937; 179 935; 179 934; 173 928; 173 927; 172 926; 172 925; 161 914
259; 17 927; 15 929; 17 931; 17 933; 18 934; 18 935; 19 936; 19 937; 20 938; 20 939; 22 941; 22 942; 24 944; 24 945; 26 947; 26 949; 27 950; 27 951; 28 952; 28 954; 29 955; 29 956; 31 958; 31 959; 33 961; 33 962; 35 964; 35 965; 36 966; 36 967; 38 969; 40 969; 42 967; 42 966; 43 965; 43 963; 44 962; 44 961; 45 960; 45 958; 47 956; 47 955; 48 954; 48 953; 49 952; 49 949; 50 948; 50 946; 51 945; 51 943; 52 942; 52 939; 53 938; 53 937; 54 936; 54 935; 56 933; 56 929; 55 929; 54 928; 43 928; 42 927; 38 927; 36 929; 34 929; 33 930; 32 929; 27 929; 26 928; 20 928; 19 927
260; 133 920; 132 921; 132 922; 110 944; 110 945; 106 949; 106 952; 108 952; 109 953; 112 953; 113 954; 115 954; 116 955; 117 955; 118 956; 119 956; 120 957; 121 957; 122 958; 125 958; 126 959; 127 959; 128 960; 129 960; 130 961; 132 961; 133 962; 136 962; 137 963; 139 963; 140 964; 141 964; 142 965; 145 965; 145 964; 146 963; 146 959; 144 957; 144 956; 143 955; 143 953; 142 952; 142 940; 140 938; 140 937; 139 936; 139 935; 138 934; 138 931; 137 930; 137 922; 136 921; 136 920
261; 983 920; 970 933; 969 933; 968 934; 967 934; 966 935; 966 936; 965 937; 965 938; 964 939; 964 940; 962 942; 962 943; 953 952; 953 953; 954 954; 958 954; 959 955; 960 955; 961 956; 962 956; 964 958; 966 958; 967 959; 968 959; 969 960; 972 960; 973 961; 977 961; 978 962; 980 962; 981 963; 985 963; 986 964; 988 964; 989 965; 992 965; 993 964; 993 962; 992 961; 992 958; 991 957; 991 953; 990 952; 990 945; 989 944; 989 941; 988 940; 988 936; 987 935; 987 931; 986 930; 986 920
262; 696 934; 694 936; 694 939; 695 940; 695 949; 696 950; 696 953; 697 954; 697 958; 698 959; 698 966; 699 967; 699 971; 700 972; 700 979; 701 980; 701 981; 704 981; 710 975; 711 975; 713 973; 714 973; 719 968; 719 967; 724 962; 725 962; 732 955; 733 955; 734 954; 734 951; 732 949; 730 949; 729 948; 728 948; 727 947; 725 947; 724 946; 723 946; 722 945; 721 945; 720 944; 719 944; 718 943; 717 943; 716 942; 715 942; 714 941; 713 941; 712 940; 711 940; 710 939; 709 939; 708 938; 706 938; 705 937; 704 937; 703 936; 701 936; 700 935; 699 935; 698 934
263; 72 930; 72 931; 71 932; 71 933; 70 934; 70 935; 69 936; 69 937; 66 940; 66 941; 64 943; 64 944; 58 950; 58 951; 49 960; 49 964; 50 965; 55 965; 56 966; 58 966; 59 967; 61 967; 62 968; 64 968; 66 970; 67 970; 68 971; 74 971; 75 972; 78 972; 79 973; 82 973; 83 974; 85 974; 86 975; 86 973; 87 972; 87 971; 88 970; 87 969; 87 968; 86 967; 86 966; 85 965; 85 961; 84 960; 84 957; 83 956; 83 952; 82 951; 82 948; 81 947; 81 945; 80 944; 80 943; 79 942; 79 940; 78 939; 78 938; 77 937; 77 934; 76 933; 76 931; 75 930
264; 212 943; 212 944; 210 946; 210 947; 207 950; 207 951; 206 952; 206 953; 204 955; 204 956; 203 957; 203 958; 201 960; 201 961; 200 962; 200 963; 199 964; 199 965; 198 966; 198 967; 196 969; 196 970; 195 971; 195 972; 191 976; 191 977; 190 978; 190 980; 192 982; 202 982; 203 983; 211 983; 212 984; 213 984; 214 985; 215 985; 216 986; 218 986; 219 987; 221 987; 222 988; 225 988; 226 989; 229 989; 230 988; 230 985; 229 984; 229 983; 228 982; 228 981; 227 980; 227 978; 226 977; 226 974; 225 973; 225 970; 224 969; 224 964; 223 963; 223 962; 222 961; 222 960; 220 958; 220 956; 219 955; 219 953; 218 952; 218 951; 217 950; 217 947; 216 946; 216 944; 215 943
265; 263 940; 262 941; 262 942; 261 943; 261 945; 260 946; 260 947; 254 953; 254 954; 253 955; 253 957; 252 958; 252 959; 250 961; 250 962; 248 964; 248 965; 246 967; 246 968; 244 970; 244 971; 240 975; 240 977; 242 979; 245 979; 246 980; 249 980; 250 981; 254 981; 255 982; 256 982; 257 983; 258 983; 260 985; 269 985; 270 986; 271 986; 272 987; 273 987; 274 988; 275 988; 276 989; 278 989; 279 988; 279 985; 278 984; 278 982; 277 981; 277 975; 276 974; 276 972; 275 971; 275 970; 274 969; 274 966; 273 965; 273 960; 272 959; 272 958; 271 957; 271 955; 270 954; 270 953; 269 952; 269 950; 268 949; 268 947; 267 946; 267 942; 266 941; 266 940
266; 950 953; 949 954; 948 954; 946 956; 943 956; 942 957; 932 957; 931 958; 926 958; 925 959; 923 959; 922 960; 921 960; 920 961; 914 961; 913 962; 912 962; 911 963; 911 965; 918 972; 918 973; 920 975; 920 976; 921 977; 921 978; 924 981; 924 982; 927 985; 927 986; 928 987; 928 988; 930 990; 930 991; 931 992; 931 993; 932 994; 932 995; 933 996; 933 997; 934 998; 934 999; 936 1001; 936 1002; 939 1002; 940 1001; 940 999; 941 998; 941 993; 942 992; 942 988; 943 987; 943 985; 944 984; 944 983; 945 982; 945 981; 946 980; 946 975; 947 974; 947 971; 948 970; 948 965; 949 964; 949 963; 950 962; 950 961; 952 959; 952 957; 953 956; 953 954; 952 953
267; 838 950; 838 956; 839 957; 839 960; 840 961; 840 967; 841 968; 841 976; 842 977; 842 987; 843 988; 843 995; 844 996; 844 997; 845 998; 845 1000; 849 1000; 850 999; 850 998; 852 996; 852 995; 856 991; 856 990; 857 989; 858 989; 867 980; 867 979; 869 977; 870 977; 876 971; 876 968; 874 966; 873 966; 872 965; 871 965; 870 964; 868 964; 867 963; 866 963; 864 961; 863 961; 860 958; 859 958; 858 957; 854 957; 853 956; 852 956; 850 954; 849 954; 848 953; 847 953; 844 950
268; 93 952; 93 970; 92 971; 88 971; 88 972; 87 973; 87 975; 88 976; 89 976; 92 979; 92 981; 93 982; 93 1001; 97 1001; 97 1000; 102 995; 103 995; 104 994; 106 994; 107 993; 108 993; 114 987; 115 987; 116 986; 117 986; 118 985; 120 985; 124 981; 125 981; 127 979; 127 977; 126 976; 125 976; 119 970; 118 970; 113 965; 113 964; 109 960; 107 960; 106 959; 105 959; 104 958; 103 958; 102 957; 101 957; 96 952
269; 426 1012; 421 1015; 409 1012; 399 1012; 401 1023; 442 1023; 442 1019; 429 1013
270; 429 1013; 428 1009; 446 983; 456 973; 456 970; 435 963; 428 958; 416 956; 420 975; 419 982; 423 990; 426 1012
271; 619 963; 619 968; 620 969; 620 970; 621 971; 621 972; 622 973; 622 974; 623 975; 623 977; 624 978; 624 979; 625 980; 625 982; 626 983; 626 986; 625 987; 625 989; 631 995; 631 996; 632 997; 632 999; 633 1000; 633 1003; 634 1004; 634 1006; 635 1007; 635 1009; 636 1010; 636 1011; 637 1012; 639 1012; 641 1010; 641 1008; 642 1007; 642 1005; 643 1004; 643 1003; 644 1002; 644 999; 645 998; 645 997; 646 996; 646 995; 647 994; 647 993; 648 992; 648 991; 650 989; 650 988; 651 987; 651 986; 652 985; 652 984; 653 983; 653 982; 654 981; 654 980; 655 979; 655 978; 656 977; 656 976; 657 975; 657 973; 658 972; 658 971; 659 970; 659 966; 658 965; 641 965; 640 964; 628 964; 627 963
272; 171 964; 170 965; 168 965; 167 966; 162 966; 161 967; 159 967; 158 968; 156 968; 155 969; 153 969; 152 970; 149 970; 148 971; 147 971; 146 972; 145 972; 144 973; 143 973; 142 974; 140 974; 139 975; 138 975; 137 976; 137 978; 138 979; 139 979; 146 986; 146 987; 149 990; 149 991; 152 994; 152 995; 154 997; 154 998; 156 1000; 156 1001; 158 1003; 158 1004; 160 1006; 160 1008; 162 1010; 162 1011; 165 1014; 167 1014; 167 1006; 168 1005; 168 1003; 169 1002; 169 997; 170 996; 170 991; 171 990; 171 989; 172 988; 172 987; 173 986; 173 984; 172 983; 172 978; 173 977; 173 973; 174 972; 174 970; 175 969; 175 967; 176 966; 176 964
273; 773 960; 772 961; 771 961; 770 962; 769 962; 768 963; 767 963; 766 964; 765 964; 764 965; 762 965; 761 966; 760 966; 759 967; 758 967; 756 969; 755 969; 753 971; 752 971; 751 972; 749 972; 748 973; 747 973; 745 975; 744 975; 743 976; 742 976; 741 977; 739 977; 738 978; 738 980; 744 986; 745 986; 748 989; 749 989; 751 991; 751 992; 753 994; 753 995; 754 996; 754 997; 757 1000; 759 1000; 762 1003; 763 1003; 768 1008; 768 1009; 770 1011; 770 1012; 773 1012; 774 1011; 774 991; 775 990; 775 981; 776 980; 776 978; 775 977; 775 974; 776 973; 776 967; 777 966; 777 960
274; 956 960; 955 961; 955 966; 956 967; 956 980; 955 981; 955 987; 956 988; 956 994; 957 995; 957 1012; 958 1013; 960 1013; 968 1005; 969 1005; 972 1002; 973 1002; 975 1000; 976 1000; 976 999; 980 995; 981 995; 984 992; 985 992; 990 987; 991 987; 991 986; 992 985; 992 983; 990 981; 989 981; 988 980; 987 980; 986 979; 985 979; 984 978; 983 978; 981 976; 980 976; 978 974; 977 974; 972 969; 971 969; 970 968; 969 968; 967 966; 966 966; 965 965; 964 965; 962 963; 961 963; 958 960
275; 831 967; 830 968; 829 968; 828 969; 826 969; 825 970; 823 970; 822 971; 820 971; 819 972; 818 972; 817 973; 816 973; 815 974; 813 974; 812 975; 810 975; 809 976; 807 976; 806 977; 805 977; 804 978; 803 978; 802 979; 798 979; 796 981; 796 984; 805 993; 805 994; 807 996; 807 997; 809 999; 809 1000; 810 1001; 811 1001; 817 1007; 817 1008; 819 1010; 819 1011; 822 1014; 822 1015; 825 1018; 825 1019; 826 1020; 828 1020; 829 1019; 829 1009; 830 1008; 830 1001; 831 1000; 831 993; 832 992; 832 979; 833 978; 833 974; 834 973; 834 967
276; 22 968; 22 974; 23 975; 23 990; 24 991; 24 1003; 25 1004; 25 1012; 26 1013; 26 1023; 30 1023; 30 1020; 32 1018; 32 1017; 34 1015; 35 1015; 39 1011; 40 1011; 43 1008; 43 1007; 55 995; 56 995; 57 994; 58 994; 58 990; 56 988; 55 988; 52 985; 51 985; 49 983; 48 983; 43 978; 42 978; 41 977; 40 977; 39 976; 38 976; 36 974; 33 974; 32 973; 31 973; 30 972; 29 972; 26 969; 25 969; 24 968
277; 728 979; 727 980; 727 981; 726 982; 726 983; 724 985; 724 986; 723 987; 723 988; 722 989; 722 990; 721 991; 721 992; 720 993; 720 994; 719 995; 719 996; 718 997; 718 998; 717 999; 717 1000; 716 1001; 716 1002; 713 1005; 713 1006; 712 1007; 712 1010; 711 1011; 711 1013; 710 1014; 710 1019; 709 1020; 709 1023; 725 1023; 725 1022; 724 1021; 718 1021; 717 1020; 717 1019; 716 1018; 717 1017; 717 1016; 718 1015; 718 1014; 721 1011; 721 1010; 722 1009; 722 1008; 723 1007; 723 1004; 724 1003; 724 1002; 727 999; 729 999; 730 1000; 730 1001; 731 1002; 731 1004; 732 1005; 732 1006; 733 1007; 733 1008; 734 1009; 734 1010; 735 1011; 735 1013; 736 1014; 736 1016; 737 1017; 737 1020; 736 1021; 736 1023; 745 1023; 745 1020; 744 1019; 744 1015; 743 1014; 743 1012; 742 1011; 742 1009; 741 1008; 741 1006; 740 1005; 740 1004; 739 1003; 739 1001; 738 1000; 738 999; 737 998; 737 996; 736 995; 736 993; 735 992; 735 990; 734 989; 734 988; 733 987; 733 985; 732 984; 732 983; 731 982; 731 980; 730 979
278; 606 979; 606 980; 605 981; 605 984; 604 985; 604 986; 602 988; 602 989; 601 990; 601 992; 600 993; 600 994; 599 995; 599 996; 598 997; 598 998; 597 999; 597 1000; 596 1001; 596 1005; 595 1006; 595 1009; 594 1010; 594 1016; 593 1017; 593 1019; 592 1020; 592 1023; 601 1023; 601 1014; 602 1013; 602 1010; 603 1009; 603 1006; 604 1005; 604 1003; 608 999; 610 1001; 610 1002; 611 1003; 611 1004; 612 1005; 612 1007; 614 1009; 614 1010; 615 1011; 615 1012; 616 1013; 616 1014; 617 1015; 617 1016; 618 1017; 618 1020; 619 1021; 619 1023; 626 1023; 626 1020; 625 1019; 625 1017; 624 1016; 624 1013; 623 1012; 623 1009; 622 1008; 622 1006; 621 1005; 621 1002; 620 1001; 620 1000; 616 996; 616 995; 615 994; 615 993; 614 992; 614 991; 613 990; 613 988; 612 987; 612 986; 611 985; 611 983; 610 982; 610 981; 608 979
279; 472 977; 472 978; 470 980; 470 981; 468 983; 468 984; 466 986; 466 987; 463 990; 463 991; 461 993; 461 994; 459 996; 459 997; 458 998; 458 999; 457 1000; 457 1001; 456 1002; 456 1004; 455 1005; 455 1006; 454 1007; 454 1008; 453 1009; 453 1010; 452 1011; 452 1012; 451 1013; 451 1014; 450 1015; 450 1016; 449 1017; 449 1019; 450 1020; 450 1023; 487 1023; 487 1018; 486 1017; 486 1014; 485 1013; 485 1009; 484 1008; 484 999; 483 998; 483 997; 482 996; 482 994; 481 993; 481 992; 480 991; 480 990; 479 989; 479 988; 478 987; 478 984; 477 983; 477 981; 476 980; 476 978; 475 977
280; 524 999; 517 1006; 517 1007; 515 1009; 515 1010; 510 1015; 510 1016; 508 1018; 508 1019; 507 1020; 507 1021; 506 1022; 506 1023; 518 1023; 518 1021; 520 1019; 521 1019; 523 1021; 523 1023; 530 1023; 530 1020; 529 1019; 529 1009; 528 1008; 528 1004; 527 1003; 527 1000; 526 999
281; 567 1000; 566 1001; 562 1001; 561 1002; 551 1002; 550 1003; 545 1003; 543 1005; 543 1007; 545 1009; 545 1010; 546 1011; 546 1012; 547 1013; 547 1014; 549 1016; 549 1017; 550 1018; 550 1019; 551 1020; 551 1023; 559 1023; 559 1020; 558 1019; 558 1018; 557 1017; 557 1014; 559 1012; 562 1012; 563 1011; 573 1011; 575 1013; 575 1018; 574 1019; 574 1023; 581 1023; 581 1019; 582 1018; 582 1016; 583 1015; 583 1011; 584 1010; 584 1007; 585 1006; 585 1005; 586 1004; 586 1001; 585 1000
