0; 48 0; 48 1; 44 5; 43 5; 41 7; 40 7; 39 8; 38 8; 36 10; 35 10; 34 11; 34 17; 35 18; 35 21; 37 23; 40 23; 41 24; 42 24; 44 26; 45 26; 46 27; 47 27; 48 28; 49 28; 51 30; 52 30; 53 31; 54 31; 56 33; 57 33; 63 39; 67 39; 68 38; 68 37; 69 36; 69 26; 70 25; 70 22; 71 21; 71 20; 72 19; 72 16; 71 15; 71 14; 70 13; 70 9; 71 8; 71 4; 72 3; 72 0
1; 846 0; 846 4; 845 5; 845 7; 844 8; 844 12; 843 13; 843 14; 842 15; 842 18; 843 19; 843 27; 842 28; 842 37; 841 38; 841 40; 840 41; 840 43; 844 43; 845 42; 846 42; 847 41; 849 41; 850 40; 852 40; 853 39; 854 39; 855 38; 856 38; 857 37; 858 37; 859 36; 860 36; 861 35; 863 35; 864 34; 865 34; 866 33; 868 33; 869 32; 872 32; 873 31; 874 31; 876 29; 877 29; 878 28; 881 28; 882 27; 885 27; 885 23; 884 23; 883 22; 882 22; 881 21; 880 21; 877 18; 876 18; 870 12; 870 11; 868 9; 868 8; 865 8; 864 7; 863 7; 858 2; 858 1; 857 0
2; 338 0; 338 5; 347 5; 348 6; 355 6; 356 7; 359 7; 361 9; 361 12; 355 18; 354 18; 352 20; 351 20; 349 22; 348 22; 347 23; 346 23; 345 24; 344 24; 343 25; 343 28; 344 28; 345 29; 346 29; 347 30; 348 30; 349 31; 351 31; 352 32; 353 32; 354 33; 355 33; 356 34; 357 34; 360 37; 360 38; 361 39; 364 39; 366 37; 371 37; 372 38; 373 38; 377 34; 377 33; 380 30; 379 29; 379 27; 385 21; 385 14; 384 13; 384 11; 383 10; 383 9; 382 8; 382 2; 383 1; 383 0; 366 0; 366 2; 365 3; 364 3; 362 1; 362 0
3; 923 0; 922 1; 922 2; 919 5; 918 5; 916 7; 915 7; 912 10; 910 10; 909 11; 906 11; 901 16; 900 16; 899 17; 895 17; 894 18; 894 19; 891 22; 890 22; 889 23; 886 23; 886 27; 890 27; 892 29; 893 29; 894 30; 895 30; 896 31; 897 31; 898 32; 899 32; 900 33; 901 33; 903 35; 904 35; 906 37; 907 37; 910 40; 911 40; 912 41; 914 41; 915 42; 916 42; 917 43; 918 43; 919 44; 920 44; 921 45; 922 45; 924 47; 928 47; 928 25; 929 24; 929 22; 930 21; 930 19; 929 18; 929 16; 928 15; 928 9; 929 8; 929 0
4; 170 7; 170 52; 173 52; 177 48; 178 48; 179 47; 180 47; 181 46; 182 46; 184 44; 185 44; 186 43; 187 43; 188 42; 195 42; 196 41; 196 40; 197 39; 197 38; 200 35; 201 35; 206 30; 207 30; 208 29; 208 27; 207 27; 206 26; 205 26; 204 25; 203 25; 201 23; 200 23; 199 22; 198 22; 196 20; 195 20; 192 17; 192 16; 191 15; 187 15; 186 14; 185 14; 184 13; 183 13; 182 12; 181 12; 180 11; 179 11; 178 10; 177 10; 175 8; 174 8; 173 7
5; 651 0; 651 5; 650 6; 650 9; 649 10; 649 12; 648 13; 648 15; 647 16; 647 18; 646 19; 646 21; 645 22; 645 25; 644 26; 644 28; 643 29; 643 33; 642 34; 642 37; 641 38; 641 39; 654 39; 655 40; 664 40; 667 43; 669 43; 672 40; 673 40; 674 39; 675 39; 676 38; 678 38; 679 37; 682 37; 683 36; 684 36; 685 35; 686 35; 686 33; 685 33; 684 32; 683 32; 676 25; 676 24; 673 21; 673 20; 672 19; 672 15; 671 15; 670 14; 669 14; 668 13; 668 7; 667 6; 661 6; 657 2; 657 1; 656 0
6; 148 4; 147 5; 147 6; 145 8; 145 9; 136 18; 135 18; 134 19; 133 19; 132 20; 132 21; 131 22; 131 23; 128 26; 128 27; 124 31; 124 32; 121 35; 121 36; 119 38; 119 41; 124 41; 125 40; 127 40; 128 41; 130 41; 131 42; 133 42; 134 43; 136 43; 137 44; 138 44; 139 45; 141 45; 142 46; 145 46; 146 47; 149 47; 150 48; 153 48; 154 49; 156 49; 157 50; 159 50; 159 46; 158 45; 158 43; 157 42; 157 34; 156 33; 156 30; 157 29; 157 24; 155 22; 155 21; 154 20; 154 17; 153 16; 153 13; 152 12; 152 9; 151 8; 151 5; 150 4
7; 730 6; 728 8; 727 8; 725 10; 724 10; 723 11; 721 11; 720 12; 719 12; 718 13; 717 13; 710 20; 709 20; 707 22; 706 22; 704 24; 703 24; 699 28; 698 28; 695 31; 694 31; 693 32; 691 32; 690 33; 689 33; 689 35; 690 36; 691 36; 692 37; 693 37; 694 38; 696 38; 697 39; 701 39; 704 42; 705 42; 708 45; 708 46; 709 47; 715 47; 717 49; 718 49; 724 55; 725 55; 726 56; 728 56; 729 57; 731 57; 733 55; 733 46; 732 45; 732 39; 733 38; 733 33; 732 32; 732 16; 733 15; 733 14; 734 13; 734 7; 733 6
8; 0 0; 0 11; 3 11; 4 12; 6 12; 9 15; 11 15; 12 16; 15 16; 17 18; 18 18; 19 19; 21 19; 24 22; 24 32; 23 33; 23 35; 21 37; 21 39; 20 40; 20 42; 21 43; 21 49; 20 50; 20 53; 19 54; 19 60; 18 61; 18 68; 22 68; 24 66; 25 66; 27 64; 29 64; 30 63; 31 63; 32 62; 34 62; 36 60; 37 60; 38 59; 39 59; 40 58; 41 58; 42 57; 43 57; 44 56; 45 56; 46 55; 47 55; 48 54; 49 54; 51 52; 52 52; 53 51; 55 51; 56 50; 57 50; 58 49; 60 49; 60 45; 59 45; 58 44; 56 44; 54 42; 53 42; 43 32; 43 31; 42 31; 40 29; 40 28; 36 24; 36 23; 34 21; 34 18; 33 17; 33 12; 32 12; 31 13; 30 13; 29 14; 28 14; 27 15; 25 15; 23 13; 23 12; 22 11; 22 0; 12 0; 12 2; 11 3; 9 3; 7 1; 7 0
9; 438 32; 438 33; 437 34; 437 35; 438 36; 438 42; 437 43; 437 48; 438 49; 438 50; 443 55; 443 56; 444 56; 447 59; 450 59; 450 57; 451 56; 451 55; 453 53; 472 53; 473 54; 477 54; 480 51; 480 48; 479 47; 478 47; 477 46; 476 46; 475 45; 474 45; 473 44; 471 44; 470 43; 469 43; 468 42; 467 42; 464 39; 463 39; 462 38; 461 38; 460 37; 453 37; 452 36; 451 36; 449 34; 444 34; 443 33; 439 33
10; 106 29; 105 30; 104 30; 102 32; 101 32; 100 33; 99 33; 98 34; 97 34; 96 35; 95 35; 94 36; 93 36; 92 37; 90 37; 89 38; 88 38; 87 39; 85 39; 83 41; 81 41; 80 42; 78 42; 76 44; 75 44; 74 45; 72 45; 71 46; 68 46; 68 49; 70 51; 70 52; 72 54; 72 55; 74 57; 75 57; 76 58; 77 58; 81 62; 81 63; 82 63; 84 65; 86 65; 87 66; 88 66; 91 69; 92 69; 93 70; 94 70; 99 75; 99 76; 100 77; 102 77; 103 76; 103 72; 104 71; 104 68; 105 67; 105 66; 106 65; 106 64; 107 63; 107 62; 108 61; 108 56; 106 54; 106 40; 107 39; 107 35; 108 34; 108 29
11; 312 71; 314 73; 315 77; 313 83; 324 83; 333 86; 353 85; 355 87; 357 85; 355 80; 358 75; 358 70; 356 67; 352 68; 349 65; 348 59
12; 348 59; 341 44; 337 44; 334 46; 329 40; 328 33; 325 32; 313 48; 302 71; 312 71
13; 634 64; 638 82; 642 84; 666 83; 679 63
14; 679 63; 673 46; 667 44; 664 41; 640 40; 639 49; 635 56; 634 64
15; 570 45; 569 46; 569 57; 570 58; 570 62; 569 63; 569 67; 568 68; 568 70; 569 71; 569 72; 570 73; 570 76; 571 77; 571 87; 570 88; 570 94; 575 94; 577 92; 578 92; 580 90; 581 90; 583 88; 587 88; 589 90; 589 92; 590 93; 590 96; 591 97; 591 99; 594 99; 595 98; 595 96; 594 95; 594 94; 593 93; 593 92; 595 90; 597 90; 598 89; 598 87; 597 86; 596 86; 595 85; 595 84; 594 83; 594 81; 595 80; 595 79; 596 78; 597 78; 598 77; 603 77; 607 73; 608 73; 612 69; 612 67; 611 66; 611 65; 610 64; 609 64; 607 62; 606 62; 604 60; 603 60; 601 58; 600 58; 597 55; 596 55; 594 53; 593 53; 592 52; 591 52; 589 50; 588 50; 583 45; 581 45; 581 46; 579 48; 577 48; 576 47; 575 47; 573 45
16; 377 50; 362 55; 357 60; 356 66; 359 74; 370 67; 379 66
17; 386 72; 386 80; 389 83; 409 85; 414 88; 446 73; 446 69; 416 54
18; 416 54; 418 43; 406 39; 399 42; 389 31; 380 31; 374 38; 377 50; 379 66; 386 72
19; 418 43; 437 32; 398 11; 394 15; 387 15; 387 21; 400 28; 406 39
20; 142 53; 142 65; 143 66; 143 68; 144 69; 144 75; 143 76; 143 80; 144 81; 144 82; 146 84; 146 85; 147 86; 147 89; 148 90; 148 97; 149 98; 149 100; 151 100; 163 88; 164 88; 165 87; 170 87; 171 86; 171 80; 173 78; 173 77; 181 69; 182 69; 182 66; 181 66; 180 65; 177 65; 176 64; 174 64; 173 63; 171 63; 170 62; 168 62; 167 61; 165 61; 164 60; 162 60; 161 59; 159 59; 158 58; 156 58; 155 57; 153 57; 152 56; 150 56; 149 55; 147 55; 145 53
21; 696 56; 696 57; 695 58; 695 61; 696 62; 696 74; 695 75; 695 76; 693 78; 693 83; 696 86; 696 95; 695 96; 695 101; 694 102; 694 106; 698 106; 699 105; 700 105; 701 104; 702 104; 705 101; 706 101; 707 100; 708 100; 709 99; 713 99; 714 100; 714 101; 716 103; 717 103; 719 105; 722 105; 722 102; 719 99; 719 98; 718 97; 718 95; 721 92; 722 92; 723 91; 724 91; 725 90; 726 90; 727 89; 729 89; 730 88; 732 88; 737 83; 737 79; 736 78; 735 78; 732 75; 731 75; 728 72; 727 72; 726 71; 725 71; 724 70; 723 70; 722 69; 721 69; 720 68; 718 68; 717 67; 715 67; 712 64; 711 64; 709 62; 708 62; 707 61; 706 61; 704 59; 703 59; 700 56
22; 44 62; 43 63; 43 65; 42 66; 42 68; 39 71; 39 72; 32 79; 32 80; 31 81; 31 82; 28 85; 28 86; 25 89; 25 90; 24 91; 24 92; 22 94; 22 95; 19 98; 19 99; 17 101; 17 104; 18 104; 20 106; 22 106; 23 105; 31 105; 32 106; 34 106; 35 107; 40 107; 41 106; 45 106; 46 107; 56 107; 57 108; 59 108; 60 109; 63 109; 63 104; 62 103; 62 101; 61 100; 61 95; 60 94; 60 93; 59 92; 59 91; 57 89; 57 88; 56 87; 56 86; 55 85; 55 83; 54 82; 54 80; 53 79; 53 78; 52 77; 52 76; 51 75; 51 74; 50 73; 50 70; 53 67; 53 65; 49 65; 46 62
23; 391 114; 393 118; 388 122; 388 124; 390 126; 396 127; 401 133; 402 136; 399 141; 416 136; 424 137; 425 131; 419 115; 413 110
24; 413 110; 411 99; 412 89; 409 86; 391 85; 386 81; 375 82; 373 85; 373 89; 377 95; 380 113; 382 115; 387 112; 391 114
25; 294 72; 293 73; 293 74; 292 75; 292 76; 290 78; 290 79; 283 86; 283 87; 282 88; 282 90; 281 91; 281 92; 280 93; 280 94; 279 95; 279 96; 278 97; 278 98; 277 99; 277 101; 276 102; 276 103; 275 104; 275 105; 274 106; 274 107; 272 109; 272 110; 271 111; 271 113; 277 113; 278 112; 287 112; 288 113; 293 113; 294 112; 315 112; 316 111; 316 109; 313 106; 313 105; 311 103; 311 102; 310 101; 310 99; 309 98; 309 97; 308 96; 308 94; 307 93; 307 91; 302 86; 302 85; 301 84; 301 83; 300 82; 300 81; 299 80; 299 79; 298 78; 298 73; 297 72
26; 645 107; 652 125; 655 142; 659 142; 670 131; 674 129; 676 130; 688 118; 690 107; 687 102
27; 687 102; 687 95; 689 87; 692 84; 692 77; 690 75; 672 81; 670 80; 666 84; 642 85; 644 90; 641 94; 641 97; 645 103; 645 107
28; 817 85; 816 86; 815 86; 814 87; 813 87; 812 88; 811 88; 810 89; 806 89; 805 90; 804 90; 804 91; 801 94; 800 94; 799 95; 798 95; 797 96; 795 96; 794 97; 793 97; 787 103; 786 103; 785 104; 778 104; 777 105; 776 105; 776 109; 778 111; 779 111; 780 112; 781 112; 783 114; 784 114; 793 123; 794 123; 795 124; 798 124; 799 125; 801 125; 802 126; 803 126; 804 127; 805 127; 806 128; 807 128; 809 130; 810 130; 814 134; 819 134; 819 132; 818 131; 818 127; 817 126; 817 123; 818 122; 818 108; 817 107; 817 106; 818 105; 818 99; 819 98; 819 92; 820 91; 820 90; 821 89; 821 87; 819 85
29; 228 91; 226 93; 225 93; 223 95; 221 95; 220 96; 219 96; 218 97; 216 97; 215 98; 214 98; 213 99; 211 99; 210 100; 209 100; 208 101; 207 101; 207 102; 206 103; 205 103; 203 105; 202 105; 201 106; 200 106; 199 107; 198 107; 197 108; 196 108; 195 109; 194 109; 193 110; 192 110; 192 113; 194 115; 195 115; 196 116; 197 116; 201 120; 202 120; 205 123; 205 124; 206 124; 208 126; 209 126; 210 127; 211 127; 214 130; 215 130; 218 133; 219 133; 220 134; 221 134; 223 136; 224 136; 225 137; 227 137; 227 134; 228 133; 228 124; 229 123; 229 113; 230 112; 230 107; 231 106; 231 97; 232 96; 232 91
30; 357 86; 356 87; 356 90; 355 91; 355 93; 354 94; 354 95; 353 96; 353 97; 352 98; 352 99; 348 103; 348 104; 347 105; 347 106; 346 107; 346 108; 345 109; 345 110; 344 111; 344 112; 343 113; 343 114; 342 115; 342 116; 340 118; 340 119; 334 125; 334 129; 335 130; 337 130; 338 129; 339 129; 340 128; 341 128; 342 127; 343 127; 344 128; 347 128; 348 129; 375 129; 376 130; 380 130; 380 128; 379 127; 379 121; 381 119; 382 119; 382 116; 380 114; 379 114; 377 116; 376 116; 375 115; 374 115; 373 114; 373 113; 372 112; 372 109; 371 108; 371 107; 368 104; 368 103; 366 101; 366 100; 365 99; 365 98; 364 97; 364 96; 363 95; 363 94; 362 93; 362 92; 361 91; 361 90; 359 88; 359 87; 358 86
31; 756 99; 752 103; 750 103; 749 104; 744 104; 742 102; 739 102; 737 104; 737 105; 736 106; 735 106; 734 107; 730 107; 729 108; 724 108; 723 107; 721 107; 721 108; 720 109; 717 109; 715 111; 715 113; 716 114; 716 115; 720 119; 720 120; 723 123; 723 127; 724 128; 724 129; 726 131; 728 131; 729 132; 731 132; 736 137; 736 138; 738 140; 738 141; 740 143; 740 144; 742 146; 742 147; 743 148; 743 149; 746 149; 747 148; 747 147; 748 146; 748 145; 749 144; 749 142; 750 141; 750 139; 751 138; 751 136; 752 135; 752 133; 753 132; 753 129; 754 128; 754 125; 755 124; 755 122; 756 121; 756 120; 757 119; 757 117; 758 116; 758 114; 759 113; 759 109; 760 108; 760 105; 761 104; 761 100; 760 99
32; 0 100; 0 105; 1 105; 2 106; 2 108; 3 109; 3 125; 2 126; 2 132; 4 134; 4 144; 5 145; 5 149; 6 150; 6 152; 8 154; 10 154; 13 151; 13 150; 20 143; 21 143; 23 141; 25 141; 26 140; 27 140; 29 138; 29 137; 37 129; 38 129; 39 128; 40 128; 41 127; 42 127; 44 125; 44 122; 43 121; 42 121; 41 120; 40 120; 39 119; 38 119; 36 117; 35 117; 34 116; 33 116; 32 115; 31 115; 29 113; 28 113; 27 112; 26 112; 25 111; 24 111; 23 110; 22 110; 20 108; 20 107; 18 105; 17 105; 16 104; 15 105; 13 105; 11 103; 10 103; 8 101; 7 101; 6 100
33; 117 105; 115 107; 115 108; 113 110; 112 110; 109 113; 108 113; 106 115; 105 115; 104 116; 103 116; 102 117; 101 117; 100 118; 99 118; 93 124; 92 124; 89 127; 88 127; 87 128; 86 128; 85 129; 84 129; 82 131; 82 133; 83 134; 84 134; 85 135; 86 135; 87 136; 88 136; 89 137; 90 137; 91 138; 92 138; 93 139; 94 139; 95 140; 96 140; 99 143; 99 144; 100 145; 104 145; 105 146; 106 146; 108 148; 109 148; 110 149; 111 149; 113 151; 114 151; 116 153; 117 153; 118 154; 120 154; 120 132; 121 131; 121 115; 120 114; 120 105
34; 596 109; 595 110; 594 110; 593 111; 591 111; 590 112; 588 112; 587 113; 585 113; 584 114; 583 114; 582 115; 580 115; 579 116; 578 116; 577 117; 576 117; 574 119; 572 119; 571 120; 570 120; 569 121; 568 121; 567 122; 566 122; 565 123; 563 123; 562 124; 559 124; 558 125; 556 125; 555 126; 555 130; 556 130; 557 131; 558 131; 560 133; 561 133; 572 144; 572 145; 574 147; 575 147; 576 148; 577 148; 578 149; 579 149; 583 153; 584 153; 586 155; 587 155; 589 157; 593 157; 593 146; 594 145; 594 142; 595 141; 595 140; 596 139; 596 138; 597 137; 597 131; 596 130; 597 129; 597 125; 598 124; 598 120; 599 119; 599 116; 600 115; 600 111; 599 110; 599 109
35; 828 106; 828 107; 827 108; 827 114; 826 115; 826 118; 825 119; 825 124; 824 125; 824 127; 823 128; 823 129; 822 130; 822 131; 821 132; 821 143; 820 144; 820 146; 819 147; 819 149; 818 150; 818 154; 819 155; 821 155; 822 154; 823 154; 824 153; 825 153; 826 152; 828 152; 829 151; 832 151; 833 150; 835 150; 836 149; 843 149; 845 147; 846 147; 847 146; 848 146; 849 145; 851 145; 852 144; 853 144; 854 143; 856 143; 857 142; 859 142; 860 141; 863 141; 864 140; 864 138; 858 132; 858 131; 854 127; 853 127; 851 125; 850 125; 848 123; 848 122; 845 119; 845 118; 838 111; 837 111; 833 107; 832 107; 831 106
36; 1004 117; 1003 118; 1003 119; 1002 120; 1002 123; 1001 124; 1001 125; 1000 126; 1000 127; 999 128; 999 129; 998 130; 998 131; 995 134; 995 135; 993 137; 993 139; 992 140; 992 143; 991 144; 991 145; 989 147; 989 148; 987 150; 987 151; 983 155; 983 158; 990 158; 991 157; 992 157; 993 158; 1004 158; 1005 157; 1023 157; 1023 142; 1020 139; 1020 136; 1019 135; 1019 134; 1012 127; 1012 126; 1010 124; 1010 123; 1009 122; 1009 121; 1008 120; 1008 119; 1006 117
37; 452 119; 452 120; 451 121; 451 123; 450 124; 450 125; 449 126; 449 127; 445 131; 445 132; 441 136; 440 136; 438 138; 438 140; 437 141; 437 143; 436 144; 436 146; 435 147; 435 148; 434 149; 434 150; 433 151; 433 153; 431 155; 431 156; 429 158; 429 161; 437 161; 438 160; 443 160; 444 161; 446 161; 447 162; 454 162; 455 161; 469 161; 470 162; 474 162; 475 161; 475 158; 472 155; 472 154; 471 153; 471 152; 470 151; 470 150; 468 148; 468 147; 467 146; 467 145; 466 144; 466 143; 465 142; 465 141; 464 140; 464 138; 463 137; 463 131; 462 131; 457 126; 457 124; 456 123; 456 120; 455 119
38; 607 123; 606 124; 606 139; 607 140; 607 141; 606 142; 606 147; 607 148; 607 168; 608 169; 607 170; 607 173; 608 174; 611 174; 614 171; 615 171; 619 167; 620 167; 623 164; 624 164; 625 163; 626 163; 627 162; 629 162; 630 161; 631 161; 639 153; 640 153; 641 152; 643 152; 644 151; 645 151; 646 150; 647 150; 648 149; 648 146; 647 145; 646 145; 645 144; 643 144; 642 143; 641 143; 639 141; 638 141; 635 138; 634 138; 631 135; 629 135; 628 134; 626 134; 625 133; 624 133; 623 132; 622 132; 621 131; 620 131; 618 129; 617 129; 616 128; 615 128; 613 126; 612 126; 609 123
39; 678 129; 676 131; 676 147; 675 148; 675 153; 676 154; 676 158; 677 159; 677 166; 676 167; 676 174; 675 175; 675 178; 677 180; 679 180; 681 178; 682 178; 687 173; 688 173; 691 170; 692 170; 693 169; 695 169; 696 168; 697 168; 698 167; 700 167; 701 166; 702 166; 704 164; 705 164; 707 162; 708 162; 709 161; 710 161; 711 160; 712 160; 713 159; 714 159; 715 158; 716 158; 718 156; 718 154; 716 152; 715 152; 714 151; 712 151; 710 149; 709 149; 708 148; 707 148; 706 147; 705 147; 704 146; 703 146; 700 143; 700 142; 699 141; 698 141; 697 140; 695 140; 694 139; 693 139; 691 137; 690 137; 689 136; 688 136; 686 134; 685 134; 681 130; 680 130; 679 129
40; 940 128; 940 136; 939 137; 939 142; 938 143; 938 144; 937 145; 937 146; 936 147; 936 150; 937 151; 937 158; 936 159; 936 168; 934 170; 934 171; 933 172; 933 175; 934 176; 937 176; 938 175; 939 175; 940 174; 942 174; 943 173; 945 173; 946 172; 948 172; 949 171; 950 171; 951 170; 952 170; 953 169; 955 169; 957 167; 958 167; 959 166; 961 166; 962 165; 963 165; 965 163; 966 163; 968 161; 969 161; 970 160; 971 160; 973 158; 976 158; 977 157; 977 155; 976 154; 975 154; 974 153; 973 153; 969 149; 968 149; 966 147; 965 147; 960 142; 960 141; 959 140; 958 140; 957 139; 956 139; 954 137; 953 137; 949 133; 948 133; 944 129; 943 129; 942 128
41; 47 131; 47 132; 42 137; 41 137; 38 140; 37 140; 35 142; 34 142; 33 143; 30 143; 29 144; 28 144; 23 149; 21 149; 20 150; 19 150; 18 151; 17 151; 16 152; 13 152; 10 155; 9 155; 10 156; 10 157; 14 161; 15 161; 16 162; 17 162; 20 165; 20 166; 21 167; 21 168; 20 169; 20 172; 19 173; 26 173; 27 174; 33 174; 34 175; 35 174; 36 175; 38 175; 39 176; 40 176; 41 177; 42 177; 44 179; 45 179; 47 181; 48 181; 49 182; 51 182; 52 181; 52 177; 51 176; 51 170; 52 169; 52 167; 53 166; 53 159; 54 158; 54 156; 53 155; 53 154; 52 153; 52 146; 53 145; 53 140; 52 139; 52 135; 51 134; 51 132; 50 131
42; 57 141; 57 146; 58 147; 58 154; 57 155; 57 165; 58 166; 58 167; 59 168; 59 169; 60 170; 60 173; 59 174; 59 177; 60 178; 60 185; 59 186; 59 188; 60 189; 60 192; 63 192; 64 191; 64 190; 73 181; 74 181; 75 180; 76 180; 78 178; 79 178; 82 175; 83 175; 90 168; 91 168; 93 166; 94 166; 95 165; 96 165; 97 164; 98 164; 98 161; 97 161; 96 160; 95 160; 94 159; 92 159; 91 158; 90 158; 88 156; 87 156; 84 153; 83 153; 81 151; 80 151; 79 150; 77 150; 76 149; 75 149; 74 148; 73 148; 72 147; 71 147; 70 146; 68 146; 67 145; 66 145; 65 144; 64 144; 61 141
43; 796 138; 792 142; 791 142; 788 145; 787 145; 786 146; 785 146; 784 147; 779 147; 777 149; 777 150; 774 153; 773 153; 772 154; 771 154; 768 157; 767 157; 765 159; 764 159; 763 160; 762 160; 761 161; 760 161; 759 162; 758 162; 757 163; 757 165; 760 168; 761 168; 762 169; 764 169; 765 170; 766 170; 767 171; 768 171; 769 172; 770 172; 772 174; 773 174; 775 176; 776 176; 777 177; 778 177; 780 179; 781 179; 784 182; 785 182; 787 184; 788 184; 789 185; 790 185; 791 186; 792 186; 796 190; 796 191; 799 191; 801 189; 801 182; 800 181; 800 175; 799 174; 799 171; 800 170; 800 166; 802 164; 802 163; 803 162; 803 160; 802 159; 802 158; 801 157; 801 151; 800 150; 800 139; 799 138
44; 163 145; 162 146; 162 147; 160 149; 160 150; 159 151; 159 153; 158 154; 158 155; 157 156; 157 157; 152 162; 152 163; 151 164; 151 165; 150 166; 150 168; 149 169; 149 170; 148 171; 148 174; 147 175; 147 176; 146 177; 146 178; 144 180; 144 181; 143 182; 143 183; 142 184; 142 185; 141 186; 143 188; 145 188; 146 187; 151 187; 152 186; 167 186; 168 185; 185 185; 186 184; 186 181; 184 179; 184 178; 183 177; 183 176; 182 175; 182 174; 180 172; 180 171; 179 170; 179 169; 178 168; 178 167; 177 166; 177 165; 176 164; 176 161; 173 158; 172 158; 170 156; 170 155; 169 154; 169 153; 168 152; 168 151; 167 150; 167 148; 166 147; 166 145
45; 104 156; 104 158; 103 159; 103 161; 102 162; 102 172; 101 173; 101 175; 100 176; 100 177; 98 179; 98 181; 97 182; 97 194; 96 195; 96 204; 99 204; 101 202; 102 202; 104 200; 106 200; 107 199; 115 199; 116 198; 117 198; 119 196; 120 196; 121 195; 122 195; 123 194; 125 194; 126 193; 128 193; 129 192; 131 192; 132 191; 139 191; 140 190; 142 190; 143 189; 141 187; 136 187; 125 176; 125 175; 121 171; 121 170; 117 166; 117 165; 116 164; 115 164; 108 157; 107 157; 106 156
46; 741 159; 740 160; 739 160; 737 162; 736 162; 734 164; 733 164; 731 166; 730 166; 729 167; 727 167; 726 168; 720 168; 720 169; 717 172; 716 172; 715 173; 714 173; 712 175; 711 175; 710 176; 709 176; 708 177; 707 177; 706 178; 704 178; 703 179; 702 179; 702 183; 704 185; 705 185; 708 188; 709 188; 716 195; 716 196; 717 197; 718 197; 719 198; 721 198; 722 199; 723 199; 724 200; 725 200; 726 201; 727 201; 731 205; 732 205; 739 212; 741 212; 741 204; 742 203; 742 201; 743 200; 743 179; 744 178; 744 172; 745 171; 745 164; 746 163; 746 161; 745 160; 745 159
47; 837 161; 837 166; 836 167; 835 167; 834 168; 832 168; 831 167; 828 167; 827 166; 826 166; 825 165; 821 165; 820 164; 815 164; 814 165; 814 168; 815 169; 815 171; 816 172; 816 173; 817 174; 817 176; 818 177; 818 183; 819 184; 819 189; 820 190; 820 192; 821 193; 821 197; 822 198; 822 205; 824 207; 824 208; 825 209; 825 210; 826 211; 826 212; 827 213; 830 213; 831 212; 831 211; 833 209; 833 208; 837 204; 837 203; 842 198; 843 198; 844 197; 846 197; 852 191; 852 190; 854 188; 854 187; 861 180; 861 177; 860 177; 859 176; 854 176; 853 175; 850 175; 849 174; 847 174; 846 173; 844 173; 843 172; 842 172; 841 171; 841 170; 839 168; 839 161
48; 655 165; 654 166; 654 167; 651 170; 651 171; 648 174; 647 174; 643 178; 642 178; 640 180; 639 180; 638 181; 637 181; 636 182; 635 182; 634 183; 633 183; 632 182; 628 182; 627 183; 627 187; 628 188; 628 190; 625 193; 624 193; 623 194; 622 194; 621 195; 621 197; 622 198; 623 198; 624 199; 626 199; 627 200; 628 200; 629 201; 630 201; 631 202; 632 202; 635 205; 635 210; 637 212; 641 212; 642 211; 642 210; 645 207; 646 207; 647 208; 648 208; 649 209; 652 209; 653 210; 654 210; 655 211; 657 211; 658 212; 659 212; 660 213; 661 213; 662 214; 666 214; 666 213; 667 212; 667 210; 666 209; 666 205; 665 204; 665 201; 664 200; 664 197; 663 196; 663 181; 662 180; 662 179; 661 178; 661 176; 660 175; 660 166; 659 165
49; 978 171; 977 172; 976 172; 975 173; 973 173; 972 174; 970 174; 969 175; 966 175; 965 176; 961 176; 960 177; 959 177; 958 178; 956 178; 955 179; 953 179; 952 180; 950 180; 949 181; 948 181; 947 182; 945 182; 944 183; 943 183; 942 184; 940 184; 939 185; 937 185; 936 186; 936 189; 937 190; 938 190; 941 193; 942 193; 946 197; 946 198; 948 200; 948 201; 952 205; 953 205; 954 206; 955 206; 963 214; 964 214; 968 218; 970 218; 970 217; 971 216; 971 213; 972 212; 972 210; 973 209; 973 208; 976 205; 978 205; 980 203; 980 200; 979 200; 975 196; 975 194; 976 193; 976 190; 977 189; 977 184; 978 183; 978 180; 979 179; 979 177; 980 176; 980 175; 981 174; 981 172; 980 171
50; 1001 182; 1000 183; 1000 186; 999 187; 999 193; 1000 194; 1000 201; 999 202; 999 205; 1000 206; 1000 209; 1003 209; 1004 208; 1006 208; 1006 193; 1007 192; 1008 192; 1009 193; 1010 193; 1011 194; 1012 194; 1013 195; 1014 195; 1015 196; 1017 196; 1018 197; 1019 197; 1020 198; 1023 198; 1023 191; 1022 191; 1021 190; 1019 190; 1018 189; 1016 189; 1015 188; 1014 188; 1011 185; 1008 185; 1007 184; 1005 184; 1003 182
51; 65 224; 60 231; 53 231; 52 235; 66 251; 69 251; 70 244; 66 236; 68 233; 73 232; 71 224
52; 45 191; 33 175; 19 174; 15 195; 16 210; 14 218; 19 219; 26 214; 37 212
53; 37 212; 38 214; 32 221; 32 225; 38 227; 64 214; 65 224; 71 224; 76 217; 73 214; 73 203; 71 201; 65 202; 62 193; 52 195; 45 191
54; 330 176; 330 178; 331 179; 331 187; 330 188; 330 190; 329 191; 329 193; 330 194; 330 195; 331 196; 331 198; 329 200; 328 200; 327 201; 326 201; 325 202; 325 205; 327 207; 331 207; 332 206; 337 206; 338 207; 344 207; 347 210; 347 211; 349 213; 349 216; 348 217; 348 218; 346 220; 346 221; 344 223; 344 227; 346 229; 356 229; 357 228; 359 228; 360 227; 362 227; 363 228; 367 228; 367 227; 368 226; 368 225; 369 224; 369 223; 370 222; 370 220; 371 219; 371 211; 372 210; 372 206; 371 205; 371 204; 370 204; 368 202; 367 202; 366 201; 365 201; 363 199; 362 199; 361 198; 359 198; 358 197; 357 197; 356 196; 355 196; 354 195; 353 195; 351 193; 351 188; 350 187; 350 186; 349 186; 347 184; 346 184; 345 183; 341 183; 340 182; 338 182; 336 180; 335 180; 334 179; 334 178; 332 176
55; 541 188; 539 190; 539 191; 532 198; 531 198; 528 201; 528 202; 523 207; 522 207; 513 216; 512 216; 509 219; 509 222; 510 222; 511 223; 513 223; 514 224; 517 224; 518 225; 519 225; 520 226; 521 226; 522 227; 523 227; 524 228; 527 228; 528 229; 532 229; 533 230; 537 230; 538 231; 540 231; 541 232; 542 232; 543 233; 544 233; 545 234; 546 234; 547 235; 549 235; 551 237; 553 237; 553 234; 554 233; 554 231; 555 230; 554 229; 554 228; 553 227; 553 225; 552 224; 552 222; 551 221; 551 211; 550 210; 550 209; 549 208; 549 207; 548 206; 548 203; 547 202; 547 199; 546 198; 546 191; 545 190; 545 188
56; 140 191; 139 192; 137 192; 137 193; 138 194; 138 197; 137 198; 137 199; 135 201; 135 202; 133 204; 133 205; 132 206; 132 207; 131 208; 131 209; 128 212; 128 216; 127 217; 127 218; 126 219; 126 220; 125 221; 125 222; 123 224; 123 225; 117 231; 120 234; 123 234; 124 235; 128 235; 129 234; 136 234; 137 235; 139 235; 140 236; 142 236; 143 235; 147 235; 148 234; 151 234; 152 233; 156 233; 157 234; 162 234; 163 233; 163 229; 162 228; 162 227; 159 224; 159 223; 156 220; 156 219; 155 218; 155 217; 153 215; 153 214; 152 213; 152 210; 151 209; 151 208; 150 207; 150 206; 147 203; 147 202; 145 200; 145 199; 144 198; 144 197; 143 196; 143 195; 142 194; 142 191
57; 565 197; 564 198; 564 200; 563 201; 563 205; 562 206; 562 208; 561 209; 561 213; 559 215; 559 216; 558 217; 558 223; 559 224; 559 227; 558 228; 558 229; 556 231; 555 231; 555 233; 554 234; 554 239; 555 240; 555 243; 557 245; 559 245; 560 244; 561 244; 562 243; 563 243; 564 242; 566 242; 567 241; 569 241; 570 240; 571 240; 572 239; 573 239; 574 238; 576 238; 577 237; 578 237; 579 236; 581 236; 582 235; 583 235; 584 234; 585 234; 586 233; 588 233; 589 232; 591 232; 592 231; 595 231; 596 230; 598 230; 599 229; 600 229; 601 228; 601 225; 599 223; 598 223; 596 221; 595 221; 593 219; 592 219; 589 216; 589 215; 587 213; 587 212; 584 209; 581 209; 579 207; 578 207; 575 204; 574 204; 567 197
58; 116 212; 114 214; 102 214; 101 215; 90 215; 89 216; 86 216; 85 215; 83 215; 82 216; 78 216; 76 218; 76 219; 79 222; 79 223; 80 224; 80 225; 81 226; 81 227; 83 229; 83 230; 84 231; 84 232; 85 233; 85 235; 86 236; 86 237; 87 238; 87 239; 90 242; 90 243; 92 245; 92 246; 94 248; 94 249; 95 250; 95 251; 96 252; 96 253; 97 254; 97 255; 98 256; 98 257; 100 257; 101 256; 101 255; 102 254; 102 253; 103 252; 103 251; 104 250; 104 249; 105 248; 105 247; 106 246; 106 245; 110 241; 111 241; 112 240; 112 237; 113 236; 113 235; 114 234; 114 233; 115 232; 116 232; 116 231; 117 230; 117 229; 116 228; 117 227; 117 224; 118 223; 118 220; 119 219; 119 218; 120 217; 120 213; 119 212
59; 811 208; 811 209; 810 210; 810 214; 809 215; 809 217; 808 218; 808 219; 807 220; 807 222; 806 223; 806 225; 805 226; 805 228; 804 229; 804 230; 803 231; 803 233; 802 234; 802 235; 801 236; 801 242; 800 243; 800 249; 799 250; 799 252; 798 253; 798 256; 799 257; 803 257; 804 256; 806 256; 807 255; 811 255; 812 256; 812 257; 811 258; 814 258; 815 259; 818 259; 821 256; 821 255; 822 254; 822 253; 827 248; 829 248; 830 247; 834 247; 835 246; 839 246; 840 245; 841 246; 844 246; 845 245; 845 241; 841 237; 841 236; 840 235; 840 230; 839 229; 839 228; 834 228; 833 227; 832 227; 830 225; 829 225; 826 222; 825 222; 818 215; 818 214; 816 212; 816 211; 814 209; 814 208
60; 0 222; 0 250; 3 250; 5 248; 5 240; 6 239; 6 238; 8 236; 9 236; 10 237; 12 237; 13 238; 15 238; 16 239; 17 239; 20 242; 19 243; 19 244; 1 262; 0 262; 0 273; 1 273; 3 271; 4 271; 5 270; 6 270; 11 265; 12 265; 13 264; 14 264; 17 261; 18 261; 19 260; 20 260; 21 259; 21 258; 22 257; 22 256; 23 255; 23 254; 24 253; 24 252; 33 243; 34 243; 35 242; 36 242; 39 239; 39 236; 37 236; 36 235; 32 235; 31 234; 28 234; 27 233; 25 233; 24 232; 23 232; 22 231; 21 231; 20 230; 19 230; 18 229; 16 229; 15 228; 13 228; 12 227; 11 227; 10 226; 9 226; 8 225; 7 225; 6 224; 5 224; 4 223; 2 223; 1 222
61; 185 230; 187 232; 187 260; 184 276; 195 269; 206 267; 208 263; 224 254; 224 251; 211 241; 184 227
62; 184 227; 184 220; 193 204; 196 189; 179 193; 171 192; 166 195; 153 197; 162 214; 177 231; 181 232; 185 230
63; 433 226; 427 232; 426 232; 425 233; 424 233; 423 234; 422 234; 420 236; 419 236; 412 243; 411 243; 408 246; 407 246; 402 251; 401 251; 400 252; 399 252; 398 253; 398 257; 399 258; 405 258; 406 259; 408 259; 409 260; 411 260; 412 261; 413 261; 416 264; 416 267; 418 267; 420 265; 423 265; 424 266; 425 266; 426 267; 427 267; 428 268; 429 268; 431 270; 432 270; 433 271; 435 271; 436 272; 437 272; 438 273; 442 273; 442 269; 441 268; 441 259; 440 258; 440 255; 441 254; 441 249; 439 247; 439 246; 438 245; 438 243; 437 242; 437 227; 436 226
64; 959 232; 959 241; 958 242; 958 250; 957 251; 957 258; 958 259; 958 267; 959 268; 959 273; 958 274; 958 277; 960 279; 964 279; 965 280; 967 280; 968 281; 970 281; 970 279; 969 278; 969 276; 970 275; 970 274; 971 273; 972 273; 974 271; 975 271; 977 269; 978 269; 981 266; 982 266; 984 264; 985 264; 986 263; 988 263; 989 262; 991 262; 992 261; 993 261; 994 260; 995 260; 996 259; 1000 259; 1000 257; 999 256; 999 255; 998 254; 998 253; 995 250; 992 250; 990 248; 989 248; 987 246; 986 246; 980 240; 975 240; 973 238; 972 238; 971 237; 970 237; 968 235; 966 235; 964 233; 963 233; 962 232
65; 346 243; 345 244; 345 246; 346 247; 346 248; 348 250; 348 251; 350 253; 350 254; 351 255; 351 256; 352 257; 352 258; 353 259; 353 261; 354 262; 354 267; 356 269; 356 270; 358 272; 358 273; 359 274; 359 275; 360 276; 360 277; 361 278; 361 280; 362 281; 362 283; 363 284; 363 285; 364 286; 366 286; 368 284; 368 283; 369 282; 369 281; 371 279; 371 278; 373 276; 373 275; 376 272; 377 272; 378 271; 379 271; 380 270; 380 269; 381 268; 381 266; 382 265; 382 264; 386 260; 386 259; 389 256; 389 255; 391 253; 391 252; 392 251; 392 248; 391 247; 385 247; 384 246; 375 246; 374 245; 358 245; 357 244; 354 244; 353 243
66; 541 246; 539 248; 538 248; 537 249; 536 249; 534 251; 533 251; 532 252; 525 252; 524 253; 523 253; 522 254; 522 255; 519 258; 518 258; 517 259; 516 259; 515 260; 514 260; 513 261; 512 261; 511 262; 509 262; 508 263; 507 263; 505 265; 504 265; 503 266; 502 266; 501 267; 501 268; 500 269; 500 272; 502 274; 509 274; 510 275; 511 275; 512 276; 513 276; 515 278; 516 278; 518 280; 519 280; 520 281; 521 281; 523 283; 524 283; 527 286; 528 286; 534 292; 535 292; 536 293; 541 293; 541 280; 542 279; 542 273; 543 272; 543 270; 544 269; 544 266; 545 265; 545 246
67; 1005 257; 1004 258; 1003 258; 1002 259; 1001 259; 1001 260; 1000 261; 1000 262; 997 265; 995 265; 994 266; 993 266; 991 268; 991 269; 987 273; 986 273; 984 275; 983 275; 981 277; 980 277; 978 279; 977 279; 976 280; 975 280; 974 281; 972 281; 972 283; 974 285; 975 285; 976 286; 977 286; 978 287; 980 287; 981 288; 982 288; 983 289; 985 289; 986 290; 988 290; 989 291; 991 291; 992 292; 993 292; 994 293; 995 293; 996 294; 997 294; 998 295; 999 295; 1000 296; 1001 296; 1002 297; 1004 297; 1006 299; 1007 299; 1010 302; 1013 302; 1013 276; 1012 275; 1012 272; 1011 271; 1011 265; 1010 264; 1010 258; 1009 257
68; 235 260; 234 261; 233 261; 231 263; 230 263; 229 264; 228 264; 227 265; 226 265; 225 266; 223 266; 222 267; 220 267; 219 268; 217 268; 216 269; 211 269; 210 268; 209 268; 208 267; 207 267; 206 268; 205 268; 205 272; 200 277; 199 277; 198 278; 197 278; 196 279; 196 281; 197 282; 198 282; 199 283; 200 283; 201 284; 202 284; 206 288; 207 288; 209 290; 209 291; 210 292; 210 296; 218 296; 219 297; 220 297; 221 298; 222 298; 227 303; 227 304; 228 305; 231 305; 231 297; 232 296; 232 292; 233 291; 233 287; 234 286; 234 285; 236 283; 236 280; 235 279; 235 270; 236 269; 236 265; 237 264; 237 260
69; 810 259; 808 261; 807 261; 806 262; 805 262; 803 264; 803 265; 802 266; 802 267; 800 269; 800 270; 798 272; 798 273; 797 274; 797 275; 796 276; 795 276; 794 277; 793 277; 792 278; 791 278; 790 277; 789 277; 788 276; 784 276; 783 277; 783 278; 782 279; 782 280; 781 281; 781 285; 782 286; 783 286; 784 287; 785 287; 786 288; 787 288; 788 289; 789 289; 790 290; 792 290; 793 291; 795 291; 796 292; 797 292; 798 293; 799 293; 800 294; 802 294; 803 295; 804 295; 805 296; 807 296; 808 297; 809 297; 810 298; 811 298; 813 300; 814 300; 816 302; 816 308; 817 308; 818 309; 822 309; 824 307; 824 304; 823 303; 823 302; 822 301; 822 300; 821 299; 821 298; 823 296; 824 296; 825 295; 825 292; 820 287; 820 283; 819 282; 819 281; 820 280; 820 278; 821 277; 821 274; 820 273; 820 272; 819 272; 817 270; 817 268; 816 267; 816 266; 817 265; 817 260; 815 260; 814 259
70; 398 270; 397 271; 396 271; 390 277; 389 277; 388 278; 387 278; 386 279; 385 279; 384 280; 378 280; 377 281; 376 281; 376 282; 375 283; 375 285; 371 289; 369 289; 367 291; 366 291; 365 292; 364 292; 363 293; 362 293; 361 294; 361 297; 362 297; 363 298; 369 298; 371 300; 372 300; 374 302; 375 302; 376 303; 377 303; 380 306; 380 307; 382 309; 384 309; 385 310; 386 310; 387 311; 388 311; 389 312; 390 312; 391 313; 392 313; 393 314; 394 314; 395 315; 396 315; 399 318; 402 318; 402 308; 401 307; 401 295; 402 294; 402 288; 401 287; 401 272; 400 271; 400 270
71; 305 272; 302 275; 302 276; 288 290; 288 291; 286 293; 286 294; 284 296; 284 297; 280 301; 279 301; 276 304; 276 306; 281 306; 282 307; 284 307; 285 308; 287 308; 288 309; 290 309; 291 310; 292 310; 295 313; 307 313; 308 314; 311 314; 312 315; 315 315; 316 316; 319 316; 320 315; 320 313; 319 312; 319 310; 318 309; 318 308; 317 307; 317 305; 316 304; 316 301; 315 300; 315 295; 314 294; 314 293; 313 292; 313 291; 312 290; 312 289; 311 288; 311 286; 310 285; 310 284; 309 283; 309 281; 308 280; 308 273; 307 272
72; 467 277; 466 278; 465 278; 464 279; 463 279; 462 280; 461 280; 460 281; 459 281; 458 282; 457 282; 456 283; 453 283; 452 284; 451 284; 450 285; 446 285; 445 286; 444 286; 443 287; 442 287; 440 289; 438 289; 437 290; 436 290; 435 291; 434 291; 433 292; 432 292; 431 293; 430 293; 429 294; 429 297; 430 298; 431 298; 432 299; 433 299; 439 305; 439 306; 444 311; 446 311; 447 312; 448 312; 449 313; 450 313; 455 318; 456 318; 459 321; 459 322; 461 324; 464 324; 464 323; 465 322; 465 317; 466 316; 466 307; 467 306; 467 299; 468 298; 468 296; 469 295; 469 293; 470 292; 470 284; 471 283; 471 282; 472 281; 472 277
73; 10 297; 0 298; 0 330; 5 327; 13 327; 27 319
74; 27 319; 35 319; 35 316; 40 311; 51 306; 51 302; 43 298; 31 284; 25 283; 18 276; 14 276; 13 284; 10 290; 10 297
75; 184 279; 183 280; 183 282; 182 283; 182 286; 181 287; 181 288; 180 289; 180 291; 179 292; 179 294; 178 295; 178 297; 177 298; 177 299; 176 300; 176 301; 175 302; 175 304; 174 305; 174 306; 173 307; 173 308; 172 309; 172 310; 171 311; 171 312; 170 313; 170 315; 169 316; 169 317; 167 319; 167 322; 168 323; 170 323; 171 322; 173 322; 174 321; 179 321; 180 320; 193 320; 194 319; 195 319; 196 318; 200 318; 201 317; 205 317; 206 316; 211 316; 211 313; 205 307; 205 306; 203 304; 203 303; 202 302; 202 300; 201 299; 201 298; 197 294; 197 293; 194 290; 194 289; 192 287; 192 286; 190 284; 190 283; 186 279
76; 735 292; 734 293; 734 294; 732 296; 732 297; 726 303; 725 303; 723 305; 723 306; 706 323; 706 324; 700 330; 700 332; 701 333; 702 333; 703 334; 705 334; 707 332; 715 332; 716 333; 719 333; 720 334; 721 334; 722 335; 723 335; 724 336; 734 336; 735 337; 738 337; 739 338; 741 338; 742 339; 745 339; 746 340; 750 340; 751 339; 752 339; 752 337; 751 336; 751 335; 748 332; 748 330; 747 329; 747 326; 746 325; 746 322; 745 321; 745 319; 744 318; 744 316; 743 315; 743 312; 742 311; 742 309; 741 308; 741 307; 740 306; 740 303; 739 302; 739 293; 738 292
77; 481 303; 480 304; 480 308; 479 309; 479 319; 478 320; 478 322; 479 323; 479 327; 480 328; 480 335; 481 336; 481 349; 482 350; 484 350; 489 345; 490 345; 492 343; 493 343; 494 342; 495 342; 496 341; 497 341; 498 340; 500 340; 501 339; 507 339; 508 338; 508 336; 513 331; 514 331; 515 330; 516 330; 517 329; 521 329; 521 328; 522 327; 522 325; 521 324; 520 324; 518 322; 517 322; 516 321; 515 321; 514 320; 513 320; 512 319; 511 319; 510 318; 509 318; 508 317; 507 317; 506 316; 505 316; 503 314; 502 314; 501 313; 500 313; 499 312; 498 312; 497 311; 496 311; 494 309; 493 309; 492 308; 490 308; 489 307; 488 307; 486 305; 485 305; 483 303
78; 886 302; 886 303; 885 304; 885 306; 878 313; 877 313; 875 315; 874 315; 872 317; 871 317; 871 318; 855 334; 855 336; 856 337; 857 337; 858 338; 862 338; 863 339; 865 339; 866 340; 867 340; 870 343; 870 344; 871 345; 871 347; 872 348; 875 348; 876 347; 876 346; 878 344; 879 344; 880 343; 881 343; 882 344; 886 344; 887 345; 889 345; 890 346; 893 346; 894 347; 895 347; 896 348; 897 348; 898 349; 902 349; 903 348; 903 345; 902 344; 902 343; 901 342; 901 334; 900 333; 900 332; 897 329; 897 327; 896 326; 896 323; 895 322; 895 320; 894 319; 894 317; 893 316; 893 312; 892 311; 892 309; 891 308; 891 306; 890 305; 890 303; 889 302
79; 116 314; 114 316; 113 316; 112 317; 111 317; 110 318; 106 318; 105 319; 104 319; 103 320; 102 320; 100 322; 99 322; 98 323; 97 323; 92 328; 91 328; 90 329; 89 329; 88 330; 85 330; 84 331; 81 331; 80 332; 79 332; 79 335; 80 336; 82 336; 83 337; 84 337; 85 338; 86 338; 89 341; 90 341; 91 342; 92 342; 94 344; 95 344; 97 346; 98 346; 101 349; 102 349; 104 351; 105 351; 107 353; 108 353; 113 358; 113 359; 114 359; 115 360; 117 360; 118 359; 118 351; 119 350; 119 343; 120 342; 120 339; 121 338; 121 316; 120 315; 120 314
80; 33 320; 32 321; 30 321; 30 323; 31 324; 31 326; 32 327; 32 329; 33 330; 33 333; 34 334; 34 338; 33 339; 33 340; 32 341; 32 343; 33 344; 34 344; 38 348; 38 350; 39 351; 39 352; 40 353; 40 358; 41 359; 41 365; 43 367; 45 367; 48 364; 48 363; 56 355; 56 354; 63 347; 64 347; 65 346; 65 345; 74 336; 76 336; 77 335; 78 335; 78 332; 76 332; 75 331; 72 331; 71 330; 67 330; 66 329; 63 329; 62 328; 61 328; 60 327; 59 327; 56 324; 53 324; 52 325; 47 325; 46 324; 43 324; 42 323; 40 323; 39 322; 38 322; 36 320
81; 443 338; 442 339; 441 339; 440 340; 439 340; 438 341; 436 341; 435 342; 434 342; 433 343; 431 343; 430 344; 423 344; 422 345; 421 345; 417 349; 415 349; 414 350; 413 350; 412 351; 411 351; 410 352; 408 352; 407 353; 405 353; 404 354; 403 354; 403 357; 404 357; 406 359; 407 359; 409 361; 410 361; 418 369; 418 370; 420 372; 421 372; 423 374; 424 374; 426 376; 427 376; 428 377; 429 377; 430 378; 431 378; 433 380; 436 380; 436 375; 437 374; 437 373; 439 371; 439 370; 444 365; 444 361; 445 360; 445 356; 447 354; 447 348; 446 347; 446 344; 447 343; 447 338
82; 386 328; 386 329; 384 331; 384 332; 382 334; 382 335; 368 349; 368 350; 363 355; 363 356; 358 361; 357 361; 356 362; 357 363; 362 363; 363 364; 368 364; 369 365; 371 365; 372 366; 373 366; 374 367; 376 367; 377 368; 385 368; 386 369; 392 369; 393 370; 397 370; 398 371; 403 371; 403 368; 402 367; 402 366; 401 365; 401 363; 400 362; 400 359; 401 358; 401 354; 400 354; 399 353; 399 352; 397 350; 397 349; 396 348; 396 346; 395 345; 395 343; 394 342; 394 340; 393 339; 393 337; 392 336; 392 334; 391 333; 391 331; 390 330; 390 329; 389 328
83; 662 332; 660 334; 660 343; 661 344; 661 352; 660 353; 660 357; 661 358; 661 369; 662 370; 661 371; 661 380; 662 381; 665 381; 666 380; 667 380; 673 374; 674 374; 676 372; 677 372; 678 371; 679 371; 680 370; 681 370; 682 369; 683 369; 684 368; 686 368; 687 367; 688 367; 689 366; 690 366; 691 365; 693 365; 694 364; 701 364; 701 359; 702 358; 702 357; 704 355; 704 351; 703 351; 702 350; 697 350; 696 349; 695 349; 690 344; 688 344; 687 343; 686 343; 685 342; 683 342; 682 341; 680 341; 679 340; 677 340; 676 339; 675 339; 674 338; 673 338; 671 336; 670 336; 669 335; 668 335; 665 332
84; 471 351; 469 353; 469 358; 471 360; 472 360; 474 362; 474 365; 471 368; 471 371; 473 373; 473 375; 474 374; 475 374; 477 372; 478 372; 479 371; 480 371; 483 368; 484 368; 485 367; 486 367; 487 366; 490 366; 491 365; 491 362; 490 362; 489 361; 488 361; 487 360; 486 360; 485 359; 484 359; 478 353; 477 353; 475 351
85; 68 349; 67 350; 67 361; 65 363; 61 363; 61 365; 63 367; 66 367; 69 370; 69 371; 70 372; 70 375; 71 376; 71 384; 72 385; 72 387; 73 388; 73 393; 72 394; 72 396; 81 396; 81 393; 90 384; 91 384; 92 383; 96 383; 99 380; 99 379; 100 378; 100 375; 101 374; 101 368; 105 364; 105 363; 104 363; 103 362; 102 362; 101 361; 100 361; 99 360; 98 360; 95 357; 95 356; 94 356; 93 355; 88 355; 87 354; 84 354; 83 353; 80 353; 79 352; 77 352; 76 351; 73 351; 72 350; 71 350; 70 349
86; 312 351; 311 352; 311 354; 312 355; 312 358; 313 359; 313 362; 314 363; 314 376; 315 377; 315 378; 317 380; 317 381; 318 382; 318 385; 319 386; 319 390; 320 391; 320 394; 321 395; 324 395; 330 389; 331 389; 331 388; 336 383; 337 383; 338 382; 339 382; 341 380; 341 379; 348 372; 348 371; 355 364; 356 364; 356 363; 355 362; 348 362; 347 361; 343 361; 342 360; 340 360; 339 359; 338 359; 337 358; 336 358; 335 357; 334 357; 333 356; 332 356; 331 355; 328 355; 327 354; 324 354; 323 353; 319 353; 318 352; 316 352; 315 351
87; 452 365; 451 366; 450 366; 450 376; 449 377; 449 381; 450 382; 450 383; 449 384; 449 388; 454 388; 455 387; 456 387; 457 386; 458 386; 459 385; 460 385; 461 384; 462 384; 463 383; 464 383; 470 377; 471 377; 472 376; 472 373; 470 371; 470 368; 468 370; 467 370; 465 372; 464 372; 462 374; 461 374; 460 375; 459 375; 458 374; 458 373; 457 372; 457 366; 456 365
88; 799 354; 799 355; 798 356; 798 360; 797 361; 797 368; 796 369; 796 372; 795 373; 795 384; 794 385; 794 390; 793 391; 793 395; 792 396; 792 397; 791 398; 791 402; 792 403; 795 403; 796 402; 797 402; 798 401; 800 401; 801 400; 803 400; 804 399; 806 399; 807 398; 809 398; 810 397; 811 397; 812 396; 814 396; 815 395; 817 395; 818 394; 820 394; 821 393; 823 393; 824 392; 828 392; 829 391; 831 391; 832 390; 833 390; 834 389; 835 389; 837 387; 837 385; 836 384; 834 384; 826 376; 825 376; 824 375; 824 374; 820 370; 820 369; 819 368; 819 367; 817 365; 816 365; 814 363; 812 363; 811 362; 810 362; 809 361; 808 361; 805 358; 805 357; 802 354
89; 594 369; 594 370; 593 371; 593 375; 592 376; 591 376; 591 379; 593 381; 595 381; 596 382; 597 382; 600 385; 600 386; 601 387; 601 388; 602 389; 602 390; 603 391; 603 393; 604 394; 604 397; 605 398; 605 405; 606 406; 606 408; 607 409; 607 411; 608 412; 608 413; 609 414; 611 414; 614 411; 614 410; 624 400; 625 400; 626 399; 627 399; 628 398; 629 398; 630 397; 630 396; 631 395; 631 394; 632 393; 632 392; 636 388; 637 388; 641 384; 642 384; 642 380; 641 379; 640 379; 639 378; 636 378; 635 377; 632 377; 631 376; 628 376; 627 375; 626 375; 625 374; 624 374; 623 373; 622 373; 621 372; 613 372; 612 371; 609 371; 608 370; 601 370; 600 369
90; 694 365; 693 366; 693 367; 691 369; 691 370; 681 380; 681 381; 668 394; 668 397; 669 397; 670 398; 673 398; 674 399; 676 399; 677 400; 680 400; 681 401; 684 401; 685 402; 687 402; 689 404; 690 404; 691 405; 700 405; 701 406; 704 406; 705 407; 707 407; 708 408; 710 408; 711 409; 714 409; 716 407; 714 405; 714 404; 713 403; 713 402; 712 401; 712 400; 711 399; 711 397; 710 396; 710 393; 709 392; 709 388; 710 387; 710 384; 707 381; 707 380; 706 379; 706 377; 705 376; 705 374; 704 373; 704 371; 703 370; 703 369; 702 368; 702 365
91; 283 370; 279 374; 278 374; 276 376; 275 376; 273 378; 269 378; 268 379; 267 379; 266 380; 266 381; 265 382; 265 383; 263 385; 262 385; 261 386; 260 386; 259 387; 258 387; 255 390; 254 390; 252 392; 250 392; 249 393; 248 393; 248 395; 251 395; 252 396; 253 396; 255 398; 256 398; 257 399; 258 399; 259 400; 260 400; 261 401; 263 401; 264 402; 265 402; 267 404; 268 404; 271 407; 272 407; 274 409; 276 409; 277 410; 280 410; 281 411; 282 411; 283 412; 284 412; 285 413; 288 413; 289 412; 289 410; 288 409; 288 407; 287 406; 287 398; 289 396; 289 392; 288 391; 288 389; 289 388; 289 385; 288 384; 288 383; 287 382; 287 380; 286 379; 286 376; 287 375; 287 372; 286 371; 286 370
92; 357 373; 357 376; 358 377; 358 378; 359 379; 359 389; 360 390; 360 392; 361 393; 361 395; 362 396; 362 398; 363 399; 363 403; 364 404; 364 415; 365 416; 365 417; 367 417; 375 409; 376 409; 379 406; 380 406; 381 405; 386 405; 388 403; 388 400; 392 396; 393 396; 397 392; 398 392; 400 390; 400 388; 399 388; 398 387; 395 387; 394 386; 392 386; 391 385; 390 385; 389 384; 388 384; 387 383; 386 383; 381 378; 379 378; 378 379; 376 379; 375 378; 373 378; 372 377; 371 377; 370 376; 368 376; 367 375; 365 375; 364 374; 362 374; 361 373
93; 105 365; 102 368; 102 374; 101 375; 101 378; 100 379; 100 380; 96 384; 96 386; 95 387; 95 388; 88 395; 87 395; 86 396; 85 396; 84 397; 83 397; 83 399; 84 400; 85 400; 86 401; 87 401; 88 402; 89 402; 90 403; 92 403; 93 404; 95 404; 96 405; 98 405; 99 406; 101 406; 102 407; 103 407; 104 408; 106 408; 107 409; 116 409; 117 410; 119 410; 120 411; 122 411; 123 412; 125 412; 125 408; 124 407; 124 406; 123 405; 123 403; 122 402; 122 395; 121 394; 121 391; 120 390; 120 389; 119 388; 119 385; 118 384; 118 381; 117 380; 117 370; 116 369; 116 368; 115 367; 114 367; 113 366; 108 366; 107 365
94; 161 395; 157 399; 156 399; 154 401; 153 401; 151 403; 150 403; 149 404; 148 404; 147 405; 144 405; 143 406; 141 406; 140 407; 137 407; 137 408; 136 409; 136 410; 135 411; 135 412; 133 414; 133 415; 132 416; 128 416; 128 418; 132 418; 132 417; 133 416; 139 416; 140 415; 141 415; 142 414; 143 414; 145 412; 146 412; 147 411; 148 411; 150 409; 151 409; 153 407; 154 407; 155 406; 158 406; 159 407; 159 408; 160 409; 160 413; 161 414; 161 423; 160 424; 160 427; 159 428; 157 428; 156 427; 155 427; 153 425; 151 425; 150 424; 147 424; 146 423; 145 423; 144 422; 142 422; 141 421; 135 421; 135 423; 136 424; 137 424; 139 426; 141 426; 146 431; 151 431; 152 432; 153 432; 154 433; 155 433; 157 435; 158 435; 161 438; 165 438; 166 437; 166 434; 165 433; 165 431; 166 430; 166 425; 165 424; 165 395
95; 185 385; 185 388; 186 389; 186 390; 188 392; 188 394; 189 395; 189 401; 188 402; 188 404; 189 405; 189 408; 190 409; 190 412; 191 413; 191 416; 192 417; 192 422; 191 423; 191 428; 194 428; 196 426; 197 426; 199 424; 199 423; 204 418; 205 418; 208 415; 209 415; 210 414; 211 414; 212 413; 213 413; 219 407; 220 407; 223 404; 224 404; 225 403; 228 403; 229 402; 229 400; 227 398; 225 398; 224 399; 220 399; 218 397; 217 397; 216 396; 215 396; 214 395; 212 395; 209 392; 209 391; 208 390; 208 389; 207 388; 204 388; 203 389; 198 389; 197 388; 195 388; 194 387; 192 387; 191 386; 190 386; 189 385
96; 650 377; 649 378; 649 379; 648 380; 648 381; 646 383; 645 383; 644 384; 644 385; 643 386; 643 387; 641 389; 641 390; 637 394; 636 394; 635 395; 633 395; 632 396; 632 399; 631 400; 631 401; 629 403; 629 404; 626 407; 626 408; 622 412; 622 415; 623 416; 627 416; 628 417; 635 417; 636 418; 639 418; 641 420; 659 420; 660 421; 662 421; 663 422; 667 422; 667 418; 666 417; 666 416; 665 415; 665 414; 664 413; 664 411; 663 410; 663 408; 662 407; 662 405; 661 404; 661 402; 660 401; 660 400; 659 399; 659 397; 658 396; 658 393; 657 392; 657 390; 656 389; 656 388; 655 387; 655 385; 654 384; 654 380; 653 379; 653 378; 652 377
97; 532 385; 531 386; 530 386; 527 389; 526 389; 524 391; 523 391; 520 394; 519 394; 517 396; 514 396; 513 397; 512 397; 509 400; 509 401; 507 403; 506 403; 504 405; 503 405; 500 408; 499 408; 497 410; 497 414; 499 414; 500 415; 502 415; 503 416; 505 416; 506 417; 507 417; 509 419; 510 419; 514 423; 520 423; 521 424; 523 424; 524 425; 525 425; 526 426; 527 426; 528 427; 529 427; 530 428; 531 428; 532 429; 534 429; 535 430; 539 430; 539 426; 538 425; 538 424; 537 423; 537 422; 536 421; 536 402; 535 401; 535 387; 534 386; 534 385
98; 3 383; 2 384; 2 385; 1 386; 0 386; 0 439; 1 439; 6 434; 7 434; 8 433; 9 433; 11 431; 12 431; 14 429; 15 429; 16 428; 18 428; 19 427; 23 427; 24 426; 24 424; 29 419; 31 419; 32 418; 36 418; 36 417; 38 415; 38 413; 31 406; 30 406; 29 405; 27 405; 26 404; 24 404; 22 402; 21 402; 19 400; 18 400; 17 399; 16 399; 15 398; 13 398; 12 397; 11 397; 9 395; 8 395; 3 390; 3 388; 4 387; 5 387; 6 386; 6 383
99; 547 393; 547 396; 548 397; 548 402; 547 403; 547 405; 546 406; 546 410; 545 411; 545 417; 546 418; 546 423; 545 424; 545 426; 544 427; 544 428; 543 429; 543 440; 544 441; 545 441; 545 440; 547 438; 548 438; 551 435; 554 435; 555 436; 556 435; 562 435; 563 434; 567 434; 568 433; 569 433; 568 432; 568 429; 570 427; 572 427; 573 426; 575 426; 576 425; 577 425; 578 424; 579 424; 581 422; 583 422; 584 421; 585 421; 586 420; 586 418; 584 416; 583 416; 582 415; 581 415; 577 411; 576 411; 573 408; 572 408; 571 407; 571 406; 569 404; 569 403; 568 403; 567 402; 566 402; 565 401; 563 401; 562 400; 561 400; 560 399; 559 399; 557 397; 556 397; 553 394; 552 394; 551 393
100; 339 399; 330 408; 329 408; 328 409; 327 409; 325 411; 325 413; 324 414; 324 416; 323 417; 323 418; 317 424; 316 424; 311 429; 311 431; 312 432; 317 432; 318 433; 321 433; 322 434; 325 434; 326 435; 330 435; 331 436; 335 436; 336 437; 338 437; 339 438; 342 438; 343 439; 346 439; 347 440; 348 440; 349 441; 353 441; 353 437; 352 436; 352 433; 351 432; 351 429; 350 428; 350 425; 349 424; 349 422; 348 421; 348 420; 347 419; 347 418; 346 417; 346 415; 345 414; 345 411; 344 410; 344 407; 343 406; 343 405; 342 404; 342 403; 341 402; 341 399
101; 716 408; 715 409; 715 410; 719 414; 719 415; 721 417; 721 418; 722 419; 722 420; 723 421; 723 423; 724 424; 724 431; 725 432; 725 433; 729 437; 729 438; 730 439; 730 440; 731 441; 731 442; 733 444; 733 445; 734 446; 734 449; 735 450; 735 451; 738 451; 741 448; 741 447; 742 446; 742 445; 743 444; 743 443; 746 440; 746 439; 751 434; 751 433; 754 430; 754 429; 756 427; 756 426; 758 424; 758 423; 764 417; 764 414; 763 413; 754 413; 753 412; 751 412; 750 411; 748 411; 747 410; 745 410; 744 409; 743 409; 742 408; 735 408; 734 409; 724 409; 723 408
102; 450 410; 446 414; 445 414; 444 415; 443 415; 441 417; 439 417; 438 416; 434 416; 434 417; 433 418; 433 419; 432 420; 432 421; 431 422; 429 422; 428 423; 427 423; 426 424; 425 424; 424 425; 423 425; 422 426; 421 426; 420 427; 419 427; 418 428; 417 428; 416 429; 415 429; 414 430; 413 430; 413 432; 414 433; 415 433; 418 436; 418 437; 419 438; 419 439; 420 439; 421 440; 426 440; 427 441; 429 441; 430 442; 431 442; 433 444; 434 444; 435 445; 436 445; 438 447; 439 447; 441 449; 442 449; 444 451; 445 451; 448 454; 452 454; 452 441; 453 440; 453 436; 454 435; 454 429; 453 428; 453 423; 452 422; 452 420; 453 419; 453 415; 454 414; 454 410
103; 39 414; 39 415; 37 417; 37 418; 36 419; 37 420; 37 422; 34 425; 34 426; 32 428; 31 428; 30 429; 29 429; 28 430; 27 430; 26 431; 26 433; 23 436; 23 437; 19 441; 13 441; 11 443; 11 445; 12 446; 12 447; 14 449; 15 449; 16 450; 18 450; 19 451; 20 451; 21 452; 22 452; 23 453; 30 453; 31 454; 33 454; 34 455; 36 455; 37 456; 44 456; 45 457; 50 457; 51 458; 52 458; 54 460; 54 461; 57 464; 58 464; 59 463; 59 462; 60 461; 60 456; 56 452; 56 450; 55 449; 55 443; 54 442; 54 439; 53 438; 53 434; 52 433; 52 432; 51 431; 51 430; 50 429; 50 428; 49 427; 49 425; 48 424; 48 423; 47 422; 47 421; 46 420; 46 414; 44 414; 43 415; 40 415
104; 248 443; 217 421; 212 438; 201 443; 201 447; 207 447; 212 452; 208 469; 199 469; 204 480; 215 477; 222 482; 225 479; 222 476; 227 471; 224 469; 218 472; 216 468; 225 458; 245 446
105; 245 446; 255 450; 260 444; 272 439; 286 425; 286 422; 278 420; 272 413; 264 413; 248 407; 252 440; 248 443
106; 578 477; 597 461; 603 454; 603 450; 594 450; 585 444; 580 439; 580 436; 574 436; 571 434; 556 436; 553 453; 553 471; 559 472; 567 467; 573 465; 577 466; 578 468; 576 470
107; 812 434; 811 435; 810 435; 809 436; 803 436; 802 437; 801 437; 800 438; 799 438; 797 440; 796 440; 795 441; 791 441; 785 447; 784 447; 783 448; 782 448; 781 449; 780 449; 779 450; 778 450; 777 451; 776 451; 775 452; 774 452; 773 453; 773 456; 774 457; 775 457; 776 458; 778 458; 779 459; 780 459; 782 461; 783 461; 785 463; 786 463; 788 465; 789 465; 790 466; 791 466; 793 468; 794 468; 797 471; 798 471; 800 473; 801 473; 804 476; 805 476; 809 480; 812 480; 813 479; 813 464; 814 463; 814 453; 815 452; 815 442; 816 441; 816 434
108; 983 433; 982 434; 982 435; 980 437; 980 438; 976 442; 976 443; 970 449; 970 450; 969 451; 969 454; 968 455; 968 456; 967 457; 967 458; 966 459; 966 460; 965 461; 965 462; 964 463; 964 464; 961 467; 961 471; 967 471; 968 470; 974 470; 976 472; 977 472; 979 474; 982 474; 983 473; 984 473; 985 472; 1000 472; 1001 473; 1003 473; 1004 472; 1004 469; 1002 467; 1002 466; 1001 465; 1001 464; 1000 463; 1000 461; 999 460; 999 459; 998 458; 998 457; 996 455; 996 453; 995 452; 995 451; 993 449; 993 447; 992 446; 992 445; 991 444; 991 443; 990 442; 990 441; 988 439; 988 438; 987 437; 987 435; 986 434; 986 433
109; 163 449; 131 457; 151 480; 146 490; 154 498; 159 499; 164 490; 162 483; 167 478; 184 479; 182 475; 172 472; 169 468; 172 458
110; 172 458; 176 454; 189 473; 191 473; 191 468; 184 456; 185 449; 191 453; 196 467; 203 467; 195 451; 200 447; 200 443; 187 444; 175 440; 163 449
111; 418 440; 418 441; 417 442; 417 443; 416 444; 416 448; 415 449; 415 450; 414 451; 414 453; 413 454; 413 460; 412 461; 412 462; 411 463; 411 471; 410 472; 410 476; 409 477; 409 479; 408 480; 408 485; 412 485; 413 484; 414 484; 415 483; 418 483; 419 482; 422 482; 423 481; 429 481; 431 479; 432 479; 434 477; 436 477; 437 476; 438 476; 439 475; 441 475; 442 474; 451 474; 451 471; 448 468; 447 468; 445 466; 445 465; 444 464; 444 463; 443 462; 443 461; 442 460; 441 460; 440 459; 438 459; 429 450; 428 450; 422 444; 422 441; 421 441; 420 440
112; 542 441; 541 442; 541 443; 534 450; 533 450; 532 451; 531 451; 529 453; 527 453; 526 454; 524 454; 523 455; 523 456; 516 463; 515 463; 513 465; 512 465; 511 466; 509 466; 507 468; 507 471; 509 471; 510 472; 511 472; 513 474; 514 474; 516 476; 517 476; 518 477; 519 477; 520 478; 521 478; 522 479; 524 479; 525 480; 526 480; 527 481; 528 481; 530 483; 531 483; 532 484; 533 484; 534 485; 536 485; 538 487; 539 487; 540 488; 541 488; 542 489; 543 489; 544 490; 547 490; 548 489; 548 482; 547 481; 547 468; 546 467; 546 460; 545 459; 545 452; 544 451; 544 442; 543 441
113; 486 441; 485 442; 485 443; 484 444; 484 445; 479 450; 479 451; 478 452; 477 452; 474 455; 474 456; 472 458; 472 459; 467 464; 467 465; 458 474; 458 476; 460 476; 461 477; 462 477; 465 480; 465 481; 467 481; 469 479; 473 479; 474 480; 475 480; 477 482; 486 482; 487 483; 490 483; 491 484; 493 484; 494 485; 496 485; 497 486; 501 486; 503 484; 503 481; 502 480; 502 479; 501 478; 501 477; 499 475; 499 471; 498 470; 498 463; 496 461; 496 460; 494 458; 494 457; 493 456; 493 453; 492 452; 492 450; 491 449; 491 447; 490 446; 490 443; 489 442; 489 441
114; 0 455; 0 468; 3 468; 5 466; 6 466; 7 465; 9 465; 12 468; 12 469; 13 470; 13 471; 15 473; 15 474; 18 477; 18 478; 20 480; 20 481; 21 482; 21 483; 22 484; 22 485; 24 487; 24 488; 25 489; 25 490; 27 492; 27 493; 28 494; 28 495; 30 497; 30 498; 31 499; 31 501; 33 503; 33 505; 34 506; 37 506; 38 505; 38 503; 40 501; 40 500; 41 499; 41 497; 42 496; 42 495; 43 494; 43 493; 44 492; 44 491; 45 490; 45 489; 46 488; 46 486; 47 485; 47 484; 48 483; 48 482; 49 481; 49 480; 51 478; 51 477; 52 476; 52 475; 54 473; 54 472; 56 470; 56 468; 57 467; 57 466; 58 465; 57 465; 55 463; 54 463; 53 464; 52 464; 51 465; 46 465; 45 464; 36 464; 35 465; 34 465; 33 466; 29 466; 28 467; 25 467; 24 466; 19 466; 18 465; 14 465; 11 462; 11 461; 8 458; 7 458; 5 456; 4 456; 3 455
115; 737 466; 737 472; 738 473; 738 475; 739 476; 739 478; 740 479; 740 480; 741 481; 741 482; 742 483; 742 485; 743 486; 743 490; 748 495; 748 496; 749 497; 749 498; 751 500; 751 502; 752 503; 752 505; 753 506; 753 508; 754 509; 754 510; 758 510; 758 509; 759 508; 759 507; 760 506; 760 505; 763 502; 763 501; 766 498; 768 498; 769 499; 774 499; 774 498; 775 497; 775 495; 774 494; 774 493; 771 490; 771 489; 772 488; 772 487; 773 486; 773 485; 776 482; 776 481; 778 479; 778 478; 782 474; 782 470; 770 470; 769 469; 763 469; 762 470; 751 470; 750 469; 744 469; 743 468; 742 468; 741 467; 740 467; 739 466
116; 250 456; 248 458; 247 458; 245 460; 244 460; 243 461; 241 461; 240 462; 239 462; 238 463; 237 463; 236 464; 233 464; 232 465; 231 465; 230 466; 229 466; 228 467; 227 467; 226 468; 226 469; 228 471; 229 471; 230 470; 235 470; 236 469; 237 469; 239 467; 240 467; 241 466; 243 466; 246 469; 246 473; 245 474; 245 481; 244 482; 244 489; 241 492; 240 492; 230 482; 229 482; 228 481; 227 481; 226 480; 225 480; 223 482; 223 483; 225 485; 225 486; 228 489; 228 490; 229 490; 232 493; 233 493; 235 495; 235 497; 233 499; 232 499; 231 498; 229 498; 228 497; 228 499; 227 500; 227 502; 228 502; 229 503; 234 503; 235 502; 237 502; 238 503; 240 503; 241 502; 243 502; 245 504; 245 505; 246 506; 246 507; 249 510; 250 510; 251 511; 253 511; 253 510; 257 506; 258 506; 259 507; 258 508; 258 509; 255 512; 255 513; 256 514; 256 515; 261 515; 263 513; 263 512; 264 511; 264 507; 263 506; 263 500; 264 499; 264 495; 266 493; 268 493; 269 494; 270 494; 272 496; 273 496; 275 498; 275 499; 274 500; 274 503; 276 503; 278 501; 279 501; 281 499; 282 499; 283 498; 284 498; 285 497; 286 497; 286 495; 285 494; 285 492; 284 493; 282 493; 281 494; 280 494; 277 491; 277 488; 278 487; 278 484; 276 482; 276 481; 275 480; 275 479; 274 478; 274 476; 273 475; 273 472; 274 471; 275 471; 278 474; 278 472; 279 471; 279 469; 278 468; 277 468; 276 467; 275 467; 273 465; 270 465; 269 466; 269 477; 267 479; 265 479; 264 478; 261 478; 260 477; 257 477; 252 472; 252 471; 251 470; 251 462; 252 461; 252 456
117; 69 473; 68 474; 68 476; 67 477; 67 481; 66 482; 66 483; 65 484; 65 485; 64 486; 64 487; 63 488; 63 494; 64 495; 64 499; 63 500; 63 503; 62 504; 62 506; 61 507; 61 510; 60 511; 60 518; 64 518; 65 517; 66 517; 67 516; 68 516; 69 515; 70 515; 71 514; 72 514; 73 513; 74 513; 75 512; 76 512; 77 511; 78 511; 79 510; 80 510; 81 509; 82 509; 83 508; 85 508; 86 507; 88 507; 89 506; 92 506; 93 505; 95 505; 96 504; 98 504; 99 503; 101 503; 101 500; 100 499; 99 499; 93 493; 92 493; 89 490; 89 489; 87 487; 87 486; 84 483; 83 483; 82 482; 81 482; 80 481; 79 481; 71 473
118; 945 476; 945 478; 944 479; 944 485; 943 486; 943 505; 942 506; 942 522; 946 522; 947 521; 947 520; 950 517; 951 517; 952 516; 953 516; 954 515; 956 515; 957 514; 962 514; 965 511; 966 511; 968 509; 969 509; 972 506; 973 506; 975 504; 977 504; 978 503; 982 503; 983 502; 983 499; 982 498; 981 498; 980 497; 978 497; 976 495; 975 495; 973 493; 972 493; 970 491; 969 491; 966 488; 965 488; 964 487; 963 487; 961 485; 960 485; 958 483; 957 483; 956 482; 955 482; 954 481; 953 481; 948 476
119; 189 479; 189 481; 190 482; 190 483; 189 484; 188 484; 187 485; 184 485; 183 486; 181 486; 180 487; 179 487; 178 488; 177 488; 176 489; 175 489; 174 490; 173 490; 172 491; 170 491; 169 492; 166 492; 165 491; 164 491; 164 492; 163 493; 163 495; 161 497; 161 498; 159 500; 160 501; 160 502; 161 503; 161 507; 168 514; 168 515; 170 517; 170 519; 171 520; 171 521; 172 522; 174 522; 175 521; 175 520; 176 519; 176 518; 177 517; 177 516; 178 515; 178 514; 179 513; 179 512; 182 509; 183 509; 185 507; 185 505; 186 504; 186 502; 188 500; 188 499; 189 498; 189 497; 191 495; 191 494; 192 493; 193 493; 194 492; 196 492; 196 483; 193 483; 191 481; 191 479
120; 451 475; 451 478; 447 482; 446 482; 445 483; 444 483; 443 484; 442 484; 441 485; 440 485; 438 487; 437 487; 435 489; 433 489; 432 490; 430 490; 429 491; 428 491; 426 493; 425 493; 422 496; 421 496; 419 498; 418 498; 417 499; 416 499; 415 500; 414 500; 414 503; 415 503; 416 504; 418 504; 419 505; 420 505; 424 509; 425 509; 426 510; 427 510; 428 511; 429 511; 431 513; 431 514; 433 516; 434 516; 435 517; 439 517; 441 519; 442 519; 444 521; 445 521; 449 525; 451 525; 452 524; 452 513; 453 512; 453 510; 454 509; 454 508; 456 506; 456 504; 455 503; 455 502; 454 501; 454 500; 453 499; 453 488; 454 487; 454 480; 455 479; 455 478; 456 477; 456 475
121; 465 482; 465 483; 464 484; 464 496; 463 497; 463 500; 462 501; 462 502; 461 503; 461 508; 462 509; 462 520; 461 521; 461 528; 465 528; 468 525; 469 525; 470 524; 471 524; 472 523; 473 523; 474 522; 476 522; 477 521; 480 521; 481 520; 483 520; 484 519; 485 519; 486 518; 487 518; 488 517; 490 517; 491 516; 492 516; 495 513; 496 513; 497 512; 498 512; 499 511; 501 511; 502 510; 502 508; 501 507; 500 507; 497 504; 496 504; 494 502; 493 502; 483 492; 482 492; 481 491; 480 491; 479 490; 478 490; 476 488; 475 488; 474 487; 472 487; 471 486; 470 486; 468 484; 468 483; 467 482
122; 684 478; 682 480; 681 480; 679 482; 678 482; 678 483; 677 484; 677 485; 676 486; 676 488; 674 490; 674 491; 672 493; 672 494; 669 497; 669 498; 665 502; 665 503; 660 508; 660 509; 654 515; 654 517; 655 518; 660 518; 661 519; 667 519; 668 520; 674 520; 675 521; 677 521; 678 522; 679 522; 680 523; 685 523; 686 522; 693 522; 694 523; 696 523; 697 524; 698 524; 699 525; 700 525; 701 524; 702 524; 701 523; 701 520; 700 519; 700 517; 698 515; 698 514; 697 513; 697 512; 696 511; 696 509; 695 508; 695 506; 694 505; 694 504; 693 503; 693 502; 692 501; 692 500; 691 499; 691 498; 690 497; 690 495; 689 494; 689 493; 688 492; 688 489; 687 488; 687 482; 688 481; 688 478
123; 144 491; 141 494; 140 494; 138 496; 137 496; 136 497; 134 497; 131 500; 131 501; 128 504; 127 504; 123 508; 122 508; 120 510; 119 510; 118 511; 117 511; 116 512; 116 515; 118 515; 119 516; 121 516; 122 517; 123 517; 124 518; 125 518; 126 519; 127 519; 128 520; 129 520; 130 521; 132 521; 133 522; 134 522; 135 523; 136 523; 137 524; 138 524; 139 525; 141 525; 142 526; 143 526; 144 527; 146 527; 147 528; 148 528; 149 529; 151 529; 153 531; 155 531; 155 521; 154 520; 154 515; 153 514; 153 513; 154 512; 154 511; 155 510; 155 505; 153 503; 153 498; 148 493; 148 492; 147 491
124; 203 481; 201 483; 200 483; 199 484; 197 484; 197 493; 198 494; 198 496; 197 497; 197 499; 196 500; 196 501; 193 504; 193 505; 190 508; 189 508; 187 510; 187 514; 186 515; 186 517; 185 518; 185 522; 184 523; 184 524; 182 526; 182 529; 183 530; 186 530; 187 529; 189 529; 190 528; 199 528; 203 532; 207 532; 208 531; 209 531; 212 528; 215 528; 216 529; 223 529; 224 530; 225 530; 226 529; 226 528; 231 523; 231 515; 236 510; 236 508; 232 508; 229 511; 228 511; 224 515; 223 515; 222 516; 221 516; 220 515; 219 515; 218 514; 217 514; 215 512; 215 511; 214 510; 214 509; 213 508; 213 507; 211 505; 211 502; 210 501; 210 499; 212 497; 215 497; 216 498; 217 498; 218 499; 220 499; 221 500; 223 500; 224 501; 226 501; 226 500; 227 499; 227 497; 226 496; 225 496; 224 495; 222 495; 221 494; 217 494; 216 493; 215 493; 214 492; 211 492; 209 490; 208 490; 206 488; 206 487; 205 486; 205 482; 204 481
125; 527 489; 526 490; 526 491; 525 492; 525 495; 524 496; 524 499; 523 500; 523 502; 522 503; 522 505; 521 506; 521 509; 520 510; 520 513; 519 514; 519 516; 518 517; 518 518; 517 519; 517 520; 516 521; 516 522; 515 523; 515 525; 513 527; 513 528; 512 529; 512 532; 513 533; 522 533; 523 532; 524 532; 525 531; 529 531; 530 532; 532 532; 533 531; 534 531; 536 529; 537 529; 539 527; 542 527; 543 526; 556 526; 557 525; 558 525; 559 524; 559 521; 558 520; 557 520; 556 519; 555 519; 550 514; 550 513; 549 512; 549 511; 548 510; 548 508; 546 506; 544 506; 543 505; 542 505; 540 503; 540 502; 533 495; 533 494; 531 492; 531 491; 529 489
126; 301 499; 300 500; 299 500; 297 502; 296 502; 295 503; 294 503; 293 504; 292 504; 291 505; 290 505; 289 506; 288 506; 287 507; 286 507; 283 510; 282 510; 281 511; 280 511; 278 513; 277 513; 276 514; 275 514; 274 515; 273 515; 272 516; 271 516; 270 517; 269 517; 268 518; 266 518; 266 520; 267 521; 268 521; 269 522; 271 522; 274 525; 275 525; 278 528; 279 528; 283 532; 285 532; 286 533; 287 533; 288 534; 289 534; 290 535; 291 535; 292 536; 293 536; 296 539; 297 539; 300 542; 303 542; 303 536; 304 535; 304 511; 303 510; 303 499
127; 627 502; 626 503; 625 503; 625 504; 622 507; 621 507; 615 513; 615 514; 613 516; 612 516; 610 518; 609 518; 608 519; 608 521; 606 523; 606 524; 598 532; 597 532; 595 534; 595 537; 596 538; 605 538; 606 539; 608 539; 609 540; 612 540; 613 541; 615 541; 616 542; 618 542; 619 543; 620 543; 621 544; 622 544; 623 545; 635 545; 636 546; 641 546; 643 544; 643 542; 639 538; 639 536; 638 535; 638 527; 637 526; 637 524; 636 523; 636 521; 635 520; 635 519; 632 516; 632 514; 631 513; 631 504; 629 502
128; 253 512; 253 513; 250 516; 249 516; 248 517; 247 517; 246 518; 245 518; 244 519; 243 519; 242 518; 237 518; 236 519; 236 520; 235 521; 235 522; 234 523; 232 523; 227 528; 227 529; 225 531; 227 533; 227 534; 228 535; 228 536; 229 537; 229 538; 228 539; 221 539; 219 537; 215 537; 214 538; 214 545; 216 545; 217 544; 217 543; 219 541; 221 541; 222 542; 223 542; 226 545; 227 545; 232 550; 232 551; 233 552; 233 554; 235 556; 236 556; 240 560; 241 560; 246 565; 246 566; 247 567; 249 567; 249 566; 250 565; 250 561; 254 557; 254 556; 256 554; 256 552; 258 550; 258 548; 259 547; 259 545; 258 544; 258 543; 259 542; 259 538; 260 537; 260 535; 262 533; 262 532; 264 530; 264 526; 263 525; 263 524; 262 523; 258 523; 257 524; 255 524; 253 522; 253 519; 254 518; 254 517; 255 516; 255 514; 254 513; 254 512
129; 814 514; 814 515; 812 517; 811 517; 809 519; 807 519; 806 520; 804 520; 803 521; 794 521; 793 520; 790 520; 787 523; 786 523; 785 524; 783 524; 782 525; 779 525; 778 526; 771 526; 770 527; 769 527; 769 531; 770 532; 770 533; 772 535; 773 535; 775 537; 776 537; 777 538; 777 539; 778 540; 778 542; 779 543; 779 544; 780 545; 781 545; 782 546; 783 546; 787 550; 787 551; 788 552; 788 553; 790 555; 791 555; 792 556; 792 557; 794 559; 794 560; 795 561; 795 562; 796 563; 800 563; 800 562; 801 561; 801 559; 802 558; 802 556; 803 555; 803 553; 804 552; 804 551; 805 550; 805 548; 806 547; 806 545; 807 544; 807 542; 808 541; 808 540; 809 539; 809 538; 810 537; 810 536; 811 535; 811 533; 812 532; 812 531; 813 530; 813 529; 814 528; 814 527; 815 526; 815 524; 816 523; 816 517; 817 516; 817 514
130; 423 524; 422 525; 422 527; 423 528; 423 535; 424 536; 424 542; 425 543; 425 551; 426 552; 426 556; 427 557; 427 559; 428 560; 428 569; 432 569; 441 560; 442 560; 444 558; 445 558; 447 556; 448 556; 449 557; 450 557; 453 554; 453 551; 459 545; 460 545; 462 543; 463 543; 464 542; 464 538; 461 538; 460 537; 455 537; 454 536; 453 536; 452 535; 450 535; 446 531; 445 531; 444 530; 440 530; 439 529; 436 529; 435 528; 432 528; 431 527; 429 527; 427 525; 426 525; 425 524
131; 701 525; 700 526; 699 526; 700 527; 697 530; 696 530; 695 531; 693 531; 692 532; 690 532; 689 533; 687 533; 686 534; 684 534; 683 535; 681 535; 680 536; 678 536; 677 537; 676 537; 675 538; 673 538; 672 539; 671 539; 670 540; 669 540; 668 541; 667 541; 666 542; 665 542; 664 543; 663 543; 662 544; 661 544; 660 545; 660 549; 661 549; 663 551; 664 551; 665 552; 666 552; 668 554; 669 554; 673 558; 674 558; 676 560; 677 560; 680 563; 681 563; 683 565; 684 565; 688 569; 688 570; 689 571; 690 571; 692 573; 693 573; 695 575; 697 575; 699 573; 699 567; 700 566; 700 556; 701 555; 701 554; 702 553; 702 552; 703 551; 703 548; 702 547; 702 539; 703 538; 703 535; 704 534; 704 532; 705 531; 705 528; 702 525
132; 134 533; 133 534; 132 534; 130 536; 129 536; 127 538; 126 538; 125 539; 123 539; 122 540; 121 540; 120 541; 118 541; 117 542; 114 542; 112 544; 111 544; 109 546; 107 546; 106 547; 105 547; 104 548; 103 548; 102 549; 101 549; 100 550; 98 550; 97 551; 96 551; 96 554; 97 555; 98 555; 99 556; 100 556; 105 561; 106 561; 115 570; 119 570; 120 571; 121 571; 123 573; 124 573; 127 576; 128 576; 130 578; 133 578; 133 577; 134 576; 134 572; 133 571; 133 568; 134 567; 134 561; 135 560; 135 558; 136 557; 136 538; 137 537; 137 534; 136 533
133; 522 535; 518 539; 517 539; 516 540; 515 540; 514 541; 510 541; 509 542; 508 542; 508 543; 505 546; 504 546; 503 547; 502 547; 501 548; 497 548; 496 549; 494 549; 492 551; 491 551; 489 553; 487 553; 486 554; 486 556; 487 557; 488 557; 489 558; 490 558; 496 564; 497 564; 499 566; 500 566; 503 569; 504 569; 507 572; 508 572; 514 578; 515 578; 517 580; 518 580; 522 584; 524 584; 525 583; 525 581; 524 580; 525 579; 525 568; 526 567; 526 565; 527 564; 527 563; 528 562; 528 559; 527 558; 527 552; 528 551; 528 547; 529 546; 529 540; 530 539; 530 536; 529 535
134; 854 543; 853 544; 852 544; 851 545; 849 545; 848 546; 832 546; 831 547; 830 547; 829 548; 825 548; 824 549; 814 549; 813 550; 812 550; 812 553; 813 554; 813 555; 819 561; 819 562; 821 564; 821 565; 822 566; 822 569; 825 572; 826 572; 831 577; 831 578; 835 582; 835 583; 836 584; 836 586; 839 589; 841 589; 842 588; 842 585; 843 584; 843 582; 844 581; 844 580; 845 579; 845 578; 846 577; 846 576; 847 575; 847 574; 848 573; 848 571; 849 570; 849 569; 850 568; 850 566; 851 565; 851 564; 852 563; 852 562; 853 561; 853 559; 854 558; 854 557; 855 556; 855 555; 856 554; 856 552; 857 551; 857 550; 858 549; 858 547; 859 546; 859 544; 858 543
135; 473 542; 471 544; 470 544; 465 549; 464 549; 459 554; 458 554; 457 555; 455 555; 454 554; 450 558; 451 559; 444 566; 443 566; 442 567; 441 567; 440 568; 440 571; 441 572; 442 572; 444 574; 446 574; 447 575; 449 575; 450 576; 452 576; 453 577; 454 577; 456 579; 456 581; 459 581; 460 580; 464 580; 465 581; 467 581; 468 582; 469 582; 470 583; 471 583; 472 584; 473 584; 474 585; 476 585; 477 586; 479 586; 480 587; 481 587; 481 585; 483 583; 483 577; 482 576; 482 575; 481 574; 481 572; 480 571; 480 564; 479 563; 479 553; 478 552; 478 548; 477 547; 477 542
136; 737 547; 736 548; 736 552; 737 553; 737 556; 738 557; 738 560; 739 561; 739 563; 738 564; 738 565; 737 566; 737 567; 736 568; 736 570; 738 572; 739 572; 742 575; 742 577; 743 578; 743 579; 744 580; 744 581; 745 582; 745 583; 746 584; 746 590; 749 593; 751 593; 755 589; 755 588; 756 587; 757 587; 769 575; 769 574; 777 566; 778 566; 781 563; 783 563; 785 565; 785 566; 787 566; 787 563; 786 562; 786 559; 785 558; 785 557; 775 557; 774 556; 771 556; 770 555; 768 555; 767 554; 766 554; 765 553; 764 553; 763 552; 763 551; 762 551; 761 550; 758 550; 757 551; 754 551; 753 550; 747 550; 746 549; 742 549; 741 548; 740 548; 739 547
137; 344 553; 344 554; 343 555; 343 557; 342 558; 342 559; 340 561; 340 562; 338 564; 338 565; 333 570; 333 572; 332 573; 332 577; 331 578; 331 579; 330 580; 330 581; 329 582; 329 583; 328 584; 328 585; 327 586; 327 588; 326 589; 326 590; 325 591; 325 594; 328 594; 329 593; 331 593; 332 592; 336 592; 337 591; 342 591; 343 590; 349 590; 350 591; 353 591; 354 590; 363 590; 364 591; 366 591; 367 590; 368 590; 369 589; 369 587; 368 586; 368 585; 367 584; 367 583; 363 579; 363 578; 362 577; 362 576; 361 575; 361 574; 360 573; 360 572; 359 571; 359 566; 358 565; 358 564; 357 563; 356 563; 355 562; 354 562; 350 558; 350 557; 348 555; 348 554; 347 553
138; 722 561; 720 563; 720 565; 717 568; 717 569; 715 571; 715 572; 714 573; 714 575; 713 576; 713 577; 712 578; 712 579; 710 581; 709 581; 707 583; 707 585; 706 586; 706 587; 705 588; 705 590; 704 591; 704 593; 700 597; 700 598; 699 599; 699 603; 702 606; 703 606; 704 607; 706 607; 707 606; 708 606; 709 605; 711 605; 712 604; 722 604; 723 605; 728 605; 729 604; 737 604; 738 603; 746 603; 748 605; 751 605; 751 602; 750 601; 750 600; 749 599; 749 598; 748 597; 749 596; 749 595; 750 594; 749 594; 746 591; 743 591; 738 586; 738 585; 737 584; 737 583; 736 582; 736 581; 735 580; 735 579; 734 578; 734 577; 733 576; 733 574; 732 573; 732 572; 731 571; 731 570; 729 568; 729 567; 727 565; 727 564; 726 563; 726 562; 725 562; 724 561
139; 375 577; 375 579; 380 584; 380 585; 381 586; 381 587; 388 587; 389 588; 395 588; 396 589; 399 589; 400 590; 401 590; 402 591; 402 594; 395 601; 394 601; 394 602; 392 604; 392 605; 390 607; 387 607; 386 606; 386 605; 385 604; 385 603; 384 602; 384 598; 383 597; 383 594; 381 594; 381 597; 380 598; 380 599; 379 600; 379 601; 377 603; 377 606; 381 610; 381 612; 382 613; 382 614; 383 615; 383 617; 384 618; 384 622; 387 622; 389 620; 389 619; 392 616; 393 616; 394 615; 394 614; 395 613; 395 612; 396 611; 396 610; 398 608; 398 607; 403 602; 404 602; 409 597; 409 596; 411 594; 411 593; 413 591; 413 590; 415 588; 415 585; 409 585; 408 584; 405 584; 404 583; 402 583; 401 582; 398 582; 397 581; 396 581; 395 580; 389 580; 388 581; 387 581; 386 580; 384 580; 383 579; 382 579; 381 578; 379 578; 378 577
140; 99 572; 99 573; 98 574; 98 576; 99 577; 99 580; 100 581; 100 584; 99 585; 99 591; 98 592; 98 598; 99 599; 99 608; 100 609; 100 619; 103 619; 106 616; 107 616; 109 614; 110 614; 111 613; 113 613; 114 612; 116 612; 117 613; 117 618; 119 618; 120 617; 120 614; 119 613; 119 611; 131 599; 132 599; 133 598; 134 598; 135 597; 137 597; 138 596; 139 596; 140 595; 140 593; 138 591; 135 591; 134 590; 131 590; 130 589; 129 589; 128 588; 127 588; 125 586; 124 586; 121 583; 120 583; 119 582; 117 582; 116 581; 115 581; 114 580; 113 580; 112 579; 111 579; 110 578; 109 578; 107 576; 106 576; 102 572
141; 953 581; 952 582; 950 582; 949 583; 945 583; 944 582; 942 582; 941 583; 936 583; 935 584; 934 584; 934 587; 937 590; 937 591; 938 592; 938 593; 939 594; 939 596; 940 597; 940 598; 941 599; 941 602; 942 603; 942 604; 949 611; 949 612; 950 613; 950 614; 951 615; 951 616; 952 617; 952 620; 951 621; 951 624; 955 624; 956 623; 957 623; 961 619; 961 618; 963 616; 963 615; 964 614; 964 613; 965 612; 965 611; 966 610; 966 609; 967 608; 967 607; 969 605; 969 604; 970 603; 970 602; 971 601; 971 600; 972 599; 972 597; 973 596; 973 595; 974 594; 974 593; 975 592; 975 590; 977 588; 977 587; 979 585; 979 582; 958 582; 957 581
142; 489 572; 489 573; 488 574; 488 575; 487 576; 487 577; 486 578; 486 582; 485 583; 484 583; 482 585; 482 587; 484 589; 484 592; 485 593; 485 599; 484 600; 484 605; 483 606; 483 611; 482 612; 482 613; 481 614; 481 615; 480 616; 480 618; 481 619; 486 619; 487 618; 489 618; 490 617; 491 617; 492 616; 493 616; 494 615; 497 615; 498 614; 501 614; 502 613; 503 613; 505 611; 506 611; 507 610; 508 610; 509 609; 511 609; 512 608; 514 608; 515 607; 519 607; 520 606; 525 606; 525 603; 519 597; 518 597; 510 589; 509 589; 503 583; 503 582; 498 577; 497 577; 492 572
143; 622 577; 618 581; 617 581; 616 582; 615 582; 614 583; 612 583; 611 584; 608 584; 607 585; 601 585; 600 584; 595 584; 594 585; 593 585; 590 588; 589 588; 588 589; 585 589; 584 590; 581 590; 580 591; 577 591; 576 592; 574 592; 573 593; 572 593; 572 594; 573 595; 573 596; 576 596; 578 598; 579 598; 583 602; 583 603; 586 606; 586 607; 587 608; 587 611; 588 612; 589 612; 590 613; 591 613; 592 614; 593 614; 594 615; 594 616; 601 623; 601 624; 602 625; 602 626; 604 628; 607 628; 608 627; 608 624; 609 623; 609 618; 610 617; 610 616; 611 615; 611 614; 612 613; 612 610; 613 609; 613 607; 614 606; 614 605; 615 604; 615 603; 616 602; 616 601; 618 599; 618 598; 619 597; 619 595; 620 594; 620 586; 621 585; 621 584; 622 583; 623 583; 624 582; 625 582; 626 581; 626 578; 625 577
144; 432 581; 431 582; 431 584; 432 585; 432 587; 433 588; 433 607; 435 609; 435 610; 436 611; 436 626; 437 627; 441 627; 442 626; 442 625; 447 620; 448 620; 449 619; 450 619; 451 618; 453 618; 454 619; 455 619; 458 622; 460 622; 461 623; 463 623; 465 621; 466 621; 467 622; 472 622; 473 621; 473 617; 471 615; 467 615; 465 617; 465 618; 464 619; 463 619; 462 618; 462 616; 461 615; 461 610; 473 598; 473 595; 468 595; 467 594; 466 594; 465 593; 464 593; 463 592; 462 592; 461 591; 457 591; 456 590; 455 590; 452 587; 446 587; 445 586; 443 586; 442 585; 441 585; 440 584; 439 584; 438 583; 437 583; 436 582; 435 582; 434 581
145; 525 584; 524 585; 523 585; 523 586; 524 587; 524 588; 525 589; 525 590; 526 591; 526 592; 527 593; 527 595; 528 596; 528 602; 527 603; 526 603; 526 606; 528 606; 531 609; 531 610; 532 611; 532 613; 533 614; 533 617; 534 618; 534 623; 535 624; 535 628; 536 629; 536 630; 537 631; 540 631; 542 629; 542 628; 543 627; 543 626; 548 621; 549 621; 550 620; 550 619; 551 618; 551 617; 554 614; 554 613; 558 609; 558 608; 565 601; 566 601; 568 599; 569 599; 572 596; 572 595; 571 594; 571 593; 561 593; 560 592; 556 592; 555 591; 554 591; 553 590; 552 590; 551 589; 541 589; 540 588; 536 588; 535 587; 532 587; 531 586; 529 586; 528 585; 527 585; 526 584
146; 774 594; 772 596; 772 598; 774 600; 778 600; 779 601; 779 604; 780 605; 780 606; 781 607; 781 608; 782 609; 782 610; 783 611; 783 612; 784 613; 784 614; 785 615; 785 617; 786 618; 786 621; 785 622; 785 624; 786 625; 786 626; 789 629; 789 631; 790 632; 790 634; 791 635; 791 637; 792 638; 792 641; 793 642; 793 649; 794 650; 798 650; 798 648; 799 647; 799 645; 800 644; 800 643; 801 642; 801 641; 807 635; 808 635; 813 630; 813 629; 816 626; 816 625; 820 621; 821 621; 822 620; 823 620; 824 619; 824 617; 828 613; 828 610; 827 609; 826 609; 825 608; 821 608; 820 607; 817 607; 816 606; 809 606; 808 605; 807 605; 806 604; 805 604; 804 603; 801 603; 800 602; 789 602; 788 601; 786 601; 785 600; 780 600; 779 599; 779 598; 778 597; 778 596; 776 594
147; 276 604; 276 605; 275 606; 275 610; 274 611; 274 617; 273 618; 273 620; 272 621; 272 622; 271 623; 271 624; 270 625; 270 628; 271 629; 271 632; 270 633; 270 635; 269 636; 269 639; 268 640; 268 643; 267 644; 267 648; 271 648; 273 646; 281 646; 285 642; 286 642; 287 641; 290 641; 291 640; 293 640; 294 639; 295 639; 296 638; 299 638; 300 637; 302 637; 303 636; 309 636; 311 634; 311 631; 309 629; 308 629; 302 623; 301 623; 298 620; 297 620; 295 618; 295 617; 294 616; 294 615; 292 613; 291 613; 290 612; 289 612; 288 611; 287 611; 285 609; 284 609; 279 604
148; 414 603; 414 604; 413 605; 413 606; 412 607; 412 609; 411 610; 411 611; 408 614; 408 615; 407 616; 407 617; 401 623; 401 625; 400 626; 400 627; 399 628; 399 629; 398 630; 398 631; 396 633; 396 634; 392 638; 391 638; 391 639; 390 640; 390 642; 391 643; 391 644; 392 645; 398 645; 400 643; 408 643; 409 644; 410 644; 411 645; 432 645; 433 646; 439 646; 439 644; 438 643; 438 642; 437 641; 437 640; 436 639; 436 638; 435 637; 435 636; 434 635; 434 634; 433 633; 433 631; 432 630; 432 628; 431 627; 431 625; 427 621; 427 620; 425 618; 425 616; 424 615; 424 614; 423 613; 423 612; 420 609; 420 608; 418 606; 418 604; 417 603
149; 907 615; 906 616; 900 616; 899 617; 889 617; 888 616; 885 616; 884 617; 880 617; 879 618; 871 618; 870 619; 865 619; 864 620; 864 623; 866 625; 867 625; 869 627; 869 628; 871 630; 871 631; 874 634; 874 635; 876 637; 876 638; 878 640; 878 641; 879 642; 879 643; 881 645; 881 646; 886 651; 886 652; 888 654; 888 655; 889 656; 889 657; 890 658; 890 659; 894 659; 895 658; 895 657; 896 656; 896 654; 897 653; 897 652; 898 651; 898 650; 901 647; 901 646; 902 645; 902 643; 903 642; 903 640; 904 639; 904 637; 905 636; 905 634; 906 633; 906 632; 907 631; 907 630; 908 629; 908 628; 909 627; 909 626; 910 625; 910 624; 911 623; 911 622; 912 621; 912 620; 913 619; 913 615
150; 83 629; 82 630; 82 631; 81 632; 81 637; 80 638; 80 649; 79 650; 79 656; 78 657; 78 660; 77 661; 77 662; 79 664; 79 668; 80 669; 80 677; 82 675; 83 675; 84 674; 85 674; 86 673; 88 673; 89 672; 91 672; 92 671; 94 671; 95 670; 100 670; 103 667; 103 666; 104 665; 105 665; 106 664; 107 664; 108 663; 109 663; 110 662; 111 662; 112 661; 113 661; 114 660; 117 660; 118 659; 118 656; 117 655; 116 655; 115 654; 114 654; 112 652; 111 652; 105 646; 104 646; 101 643; 100 643; 97 640; 96 640; 94 638; 93 638; 88 633; 88 632; 87 631; 87 630; 86 629
151; 283 649; 283 654; 284 655; 284 657; 285 658; 285 660; 288 663; 288 665; 289 666; 289 670; 295 676; 295 678; 296 679; 296 681; 297 682; 297 684; 298 685; 298 686; 299 687; 299 688; 300 689; 300 691; 302 693; 304 693; 304 692; 305 691; 305 689; 306 688; 306 687; 308 685; 308 684; 310 682; 310 681; 311 680; 311 679; 312 678; 312 677; 315 674; 315 673; 321 667; 321 665; 322 664; 322 662; 323 661; 323 660; 325 658; 325 657; 326 656; 326 655; 327 654; 327 651; 326 650; 307 650; 306 649; 302 649; 301 650; 298 650; 297 651; 292 651; 291 650; 287 650; 286 649
152; 989 637; 988 638; 988 639; 987 640; 987 641; 986 642; 986 643; 985 644; 985 645; 984 646; 984 647; 983 648; 983 649; 982 650; 982 652; 981 653; 981 654; 979 656; 979 657; 976 660; 976 665; 975 666; 975 668; 974 669; 974 671; 973 672; 973 673; 971 675; 971 676; 968 679; 968 680; 970 682; 971 682; 972 681; 973 681; 974 680; 985 680; 986 679; 1000 679; 1001 678; 1007 678; 1008 677; 1012 677; 1013 676; 1015 676; 1015 672; 1013 670; 1013 669; 1011 667; 1011 666; 1008 663; 1008 662; 1006 660; 1006 659; 1005 658; 1005 654; 1004 653; 1004 651; 1003 650; 1002 650; 1001 649; 1000 649; 996 645; 996 644; 995 643; 995 642; 994 641; 994 639; 993 638; 993 637
153; 69 641; 68 642; 67 642; 64 645; 63 645; 62 646; 61 646; 60 647; 58 647; 57 648; 55 648; 54 649; 53 649; 52 650; 51 650; 51 651; 47 655; 46 655; 44 657; 43 657; 41 659; 40 659; 39 660; 38 660; 37 661; 36 661; 35 662; 33 662; 30 665; 30 667; 32 669; 33 669; 36 672; 39 672; 40 673; 41 673; 42 674; 43 674; 44 675; 45 675; 47 677; 48 677; 49 678; 50 678; 51 679; 52 679; 54 681; 55 681; 58 684; 59 684; 61 686; 62 686; 64 688; 65 688; 66 689; 67 689; 68 690; 70 690; 71 689; 71 682; 72 681; 72 680; 74 678; 79 678; 79 669; 78 668; 78 664; 76 662; 75 663; 74 663; 72 661; 72 649; 73 648; 73 642; 72 641
154; 776 645; 775 646; 775 647; 774 648; 774 649; 772 651; 771 651; 770 652; 767 652; 766 653; 755 653; 754 654; 753 654; 752 655; 750 655; 749 656; 746 656; 745 657; 735 657; 734 658; 732 658; 732 662; 734 664; 734 665; 737 668; 738 668; 739 669; 739 670; 746 677; 746 679; 747 680; 747 683; 748 684; 748 685; 749 685; 756 692; 756 693; 757 694; 757 695; 758 696; 758 698; 759 698; 760 699; 764 699; 765 698; 765 696; 766 695; 766 690; 767 689; 767 686; 768 685; 768 684; 769 683; 769 682; 774 677; 774 670; 775 669; 775 667; 776 666; 776 665; 777 664; 777 662; 778 661; 778 660; 779 659; 779 657; 780 656; 780 655; 781 654; 781 653; 782 652; 782 647; 780 645
155; 130 656; 126 660; 125 660; 124 661; 123 661; 122 662; 121 662; 116 667; 115 667; 113 669; 112 669; 110 671; 109 671; 107 673; 106 673; 98 681; 97 681; 95 683; 95 686; 96 687; 98 687; 99 688; 101 688; 103 690; 105 690; 106 691; 108 691; 109 692; 110 692; 111 693; 112 693; 115 696; 116 696; 117 697; 119 697; 120 698; 121 698; 123 700; 127 700; 128 701; 129 701; 130 702; 131 702; 132 703; 135 703; 136 702; 136 699; 135 698; 135 689; 134 688; 135 687; 135 685; 136 684; 136 678; 135 677; 135 669; 134 668; 134 666; 133 665; 133 658; 132 657; 132 656
156; 12 673; 12 675; 11 676; 11 679; 12 680; 12 682; 11 683; 10 683; 9 684; 3 684; 2 683; 0 683; 0 706; 1 706; 5 710; 5 711; 6 712; 6 713; 8 715; 8 719; 9 720; 9 722; 11 724; 11 725; 13 727; 13 728; 15 730; 17 730; 17 729; 18 728; 18 727; 19 726; 19 724; 20 723; 20 722; 21 721; 21 720; 22 719; 22 718; 23 717; 23 716; 24 715; 24 714; 25 713; 25 712; 26 711; 26 710; 28 708; 29 708; 30 707; 31 707; 33 705; 33 698; 34 697; 34 696; 35 695; 35 694; 36 693; 36 692; 37 691; 37 690; 38 689; 38 688; 39 687; 39 686; 40 685; 40 683; 39 682; 31 682; 30 681; 26 681; 25 682; 24 682; 23 683; 20 683; 18 681; 18 674; 17 673
157; 471 676; 470 677; 469 677; 469 680; 470 681; 470 682; 471 683; 471 684; 472 685; 472 695; 471 696; 471 697; 470 698; 470 702; 471 703; 471 704; 472 705; 472 707; 473 708; 473 717; 472 718; 472 722; 473 723; 473 724; 476 724; 477 723; 478 723; 480 721; 481 721; 484 718; 485 718; 487 716; 488 716; 489 715; 490 715; 492 713; 493 713; 495 711; 496 711; 498 709; 499 709; 501 707; 502 707; 504 705; 505 705; 507 703; 508 703; 509 702; 510 702; 511 701; 512 701; 514 699; 514 696; 512 694; 510 694; 509 693; 507 693; 506 692; 504 692; 503 691; 502 691; 501 690; 500 690; 497 687; 497 685; 496 684; 496 683; 490 683; 489 682; 488 682; 487 681; 486 681; 485 680; 484 680; 483 679; 482 679; 481 678; 479 678; 478 677; 476 677; 475 676
158; 967 681; 966 682; 966 683; 964 685; 964 686; 960 690; 960 691; 959 692; 959 693; 953 699; 952 699; 951 700; 950 700; 949 701; 948 701; 948 705; 947 706; 947 707; 946 708; 946 709; 943 712; 943 713; 938 718; 938 719; 937 720; 937 722; 938 722; 939 723; 940 723; 942 725; 942 726; 945 726; 946 725; 948 725; 949 726; 952 726; 953 727; 960 727; 961 726; 965 726; 966 727; 973 727; 974 728; 978 728; 979 729; 983 729; 983 725; 982 724; 982 721; 981 720; 981 714; 980 713; 980 712; 979 711; 979 710; 978 709; 978 708; 977 707; 977 701; 974 698; 974 697; 973 696; 973 695; 972 694; 972 692; 970 690; 970 689; 969 688; 969 685; 970 684; 970 683; 968 681
159; 524 696; 523 697; 523 703; 524 704; 524 710; 523 711; 523 713; 522 714; 522 716; 521 717; 521 719; 522 720; 522 723; 523 724; 523 732; 522 733; 522 746; 526 746; 527 745; 528 745; 530 743; 531 743; 533 741; 534 741; 536 739; 537 739; 538 738; 539 738; 540 737; 541 737; 542 736; 543 736; 548 731; 549 731; 550 730; 551 730; 552 729; 553 729; 554 728; 555 728; 556 727; 557 727; 558 726; 559 726; 560 725; 561 725; 562 724; 564 724; 565 723; 565 719; 564 718; 563 718; 562 717; 561 717; 560 716; 559 716; 558 715; 557 715; 556 714; 555 714; 553 712; 552 712; 551 711; 550 711; 546 707; 545 707; 542 704; 541 704; 539 702; 538 702; 537 701; 536 701; 535 700; 533 700; 532 699; 531 699; 529 697; 528 697; 527 696
160; 113 703; 112 704; 109 704; 108 705; 99 705; 98 704; 94 704; 93 705; 92 705; 91 706; 90 706; 89 707; 87 707; 86 708; 83 708; 82 709; 79 709; 78 710; 72 710; 72 714; 73 715; 73 716; 78 721; 78 722; 79 723; 79 724; 80 725; 80 726; 81 727; 81 728; 82 729; 82 730; 83 731; 83 732; 84 733; 84 735; 83 736; 82 736; 81 737; 80 737; 79 738; 79 741; 83 741; 83 740; 84 739; 84 738; 85 737; 87 737; 93 743; 93 744; 94 745; 94 746; 95 747; 95 748; 97 750; 99 750; 100 749; 100 747; 101 746; 101 743; 102 742; 102 740; 103 739; 103 738; 104 737; 104 735; 105 734; 105 733; 106 732; 106 731; 107 730; 107 728; 108 727; 108 725; 109 724; 109 723; 110 722; 110 721; 111 720; 111 719; 112 718; 112 717; 113 716; 113 714; 114 713; 114 711; 115 710; 115 709; 118 706; 119 706; 120 705; 121 705; 121 703
161; 781 706; 780 707; 778 707; 777 708; 771 708; 770 709; 763 709; 762 710; 761 710; 758 713; 757 713; 756 714; 754 714; 753 715; 750 715; 749 716; 748 716; 747 717; 745 717; 744 718; 738 718; 736 720; 736 723; 745 732; 745 733; 751 739; 751 740; 755 744; 756 744; 763 751; 763 752; 764 753; 764 754; 765 755; 765 756; 767 758; 770 758; 770 757; 771 756; 771 752; 772 751; 772 748; 773 747; 773 745; 774 744; 774 742; 775 741; 775 739; 777 737; 777 736; 778 735; 778 724; 779 723; 779 721; 780 720; 780 719; 781 718; 781 717; 783 715; 783 714; 784 713; 784 712; 785 711; 785 708; 783 706
162; 1017 718; 1015 720; 1011 720; 1010 721; 1008 721; 1007 722; 1005 722; 1004 723; 996 723; 995 724; 994 724; 993 725; 993 728; 995 730; 995 731; 1000 736; 1000 737; 1002 739; 1002 740; 1003 741; 1003 742; 1004 743; 1005 743; 1006 744; 1006 745; 1007 746; 1007 747; 1008 748; 1008 750; 1009 751; 1011 751; 1012 752; 1015 752; 1018 755; 1018 764; 1020 764; 1022 762; 1023 762; 1023 743; 1022 743; 1022 744; 1020 746; 1020 747; 1019 748; 1018 748; 1017 749; 1016 748; 1015 748; 1014 747; 1014 746; 1011 743; 1011 742; 1008 739; 1008 737; 1007 736; 1007 735; 1006 734; 1006 733; 1005 732; 1005 730; 1007 728; 1008 728; 1009 727; 1013 727; 1014 726; 1019 726; 1020 725; 1023 725; 1023 719; 1021 719; 1020 718
163; 442 710; 441 711; 440 711; 439 712; 438 712; 437 713; 436 713; 435 714; 434 714; 433 715; 432 715; 431 716; 430 716; 429 717; 428 717; 427 718; 426 718; 425 719; 424 719; 423 720; 422 720; 421 721; 420 721; 419 722; 418 722; 417 723; 416 723; 415 724; 414 724; 413 725; 412 725; 411 726; 409 726; 408 727; 406 727; 405 728; 403 728; 402 729; 402 732; 403 733; 404 733; 407 736; 408 736; 419 747; 420 747; 424 751; 425 751; 435 761; 438 761; 438 760; 439 759; 439 754; 438 753; 438 751; 439 750; 439 744; 440 743; 440 742; 441 741; 441 740; 443 738; 443 724; 444 723; 444 720; 445 719; 445 710
164; 264 711; 264 717; 263 718; 263 720; 264 721; 264 725; 263 726; 263 730; 262 731; 262 739; 261 740; 261 751; 260 752; 260 754; 259 755; 259 761; 262 761; 267 756; 268 756; 269 755; 270 755; 271 754; 272 754; 273 753; 274 753; 276 751; 277 751; 279 749; 280 749; 281 748; 282 748; 283 747; 284 747; 286 745; 287 745; 288 744; 290 744; 291 743; 292 743; 293 742; 295 742; 296 741; 297 741; 298 740; 299 740; 300 739; 300 737; 299 736; 298 736; 292 730; 291 730; 285 724; 285 723; 284 723; 283 722; 281 722; 280 721; 279 721; 275 717; 274 717; 268 711
165; 46 707; 44 709; 44 710; 43 711; 43 712; 42 713; 42 714; 39 717; 39 718; 37 720; 37 721; 33 725; 32 725; 28 729; 28 730; 27 731; 27 732; 26 733; 26 734; 25 735; 25 736; 22 739; 22 740; 20 742; 19 742; 16 745; 16 748; 17 749; 19 749; 20 750; 22 750; 23 751; 28 751; 29 752; 37 752; 38 753; 40 753; 41 754; 44 754; 45 755; 52 755; 53 756; 56 756; 57 757; 60 757; 61 756; 61 752; 60 751; 60 750; 59 749; 59 747; 58 746; 58 743; 57 742; 57 739; 56 738; 56 736; 55 735; 55 731; 56 730; 56 727; 55 726; 55 719; 54 718; 53 718; 52 717; 52 716; 50 714; 50 712; 49 711; 49 708; 48 707
166; 118 719; 118 734; 117 735; 117 738; 116 739; 116 740; 115 741; 115 744; 116 745; 116 763; 115 764; 115 768; 116 769; 118 769; 119 768; 120 768; 123 765; 124 765; 127 762; 128 762; 130 760; 134 760; 139 755; 140 755; 143 752; 144 752; 147 749; 148 749; 149 748; 150 748; 151 747; 152 747; 153 746; 154 746; 155 745; 155 743; 154 742; 153 742; 151 740; 150 740; 149 739; 148 739; 146 737; 145 737; 143 735; 142 735; 140 733; 139 733; 135 729; 134 729; 129 724; 128 724; 127 723; 126 723; 124 721; 123 721; 121 719
167; 720 721; 720 722; 719 723; 719 727; 718 728; 718 730; 717 731; 717 734; 716 735; 716 739; 715 740; 715 742; 714 743; 714 744; 712 746; 712 748; 711 749; 711 756; 710 757; 710 760; 709 761; 709 766; 708 767; 708 769; 707 770; 707 773; 709 775; 712 775; 713 774; 714 774; 715 773; 716 773; 717 774; 719 774; 720 773; 721 773; 725 769; 726 769; 727 768; 730 768; 731 769; 734 769; 735 768; 735 767; 736 766; 737 766; 738 765; 739 765; 740 764; 743 764; 744 763; 745 763; 746 762; 747 762; 748 761; 754 761; 756 759; 756 756; 753 753; 752 753; 739 740; 739 739; 737 737; 737 736; 731 730; 731 729; 723 721
168; 586 726; 585 727; 585 730; 584 731; 584 734; 583 735; 583 740; 582 741; 582 743; 581 744; 581 747; 580 748; 580 751; 579 752; 579 755; 578 756; 578 765; 577 766; 577 768; 576 769; 576 771; 575 772; 575 773; 573 775; 573 777; 574 778; 574 779; 576 779; 577 778; 578 778; 579 777; 581 777; 582 776; 584 776; 585 775; 586 775; 587 774; 589 774; 590 773; 591 773; 592 772; 594 772; 595 771; 597 771; 598 770; 599 770; 600 769; 601 769; 602 768; 603 769; 603 772; 605 772; 607 770; 609 770; 610 771; 610 772; 611 773; 611 775; 612 776; 612 777; 616 777; 617 776; 617 769; 616 768; 616 766; 617 765; 617 764; 618 763; 618 762; 620 760; 620 756; 617 753; 616 753; 615 752; 615 751; 611 747; 611 746; 608 743; 607 743; 605 741; 605 740; 604 740; 603 739; 602 739; 601 738; 600 738; 591 729; 591 728; 589 726
169; 872 726; 871 727; 871 728; 869 730; 869 731; 868 732; 868 733; 859 742; 857 742; 855 744; 855 745; 854 746; 854 748; 851 751; 851 752; 839 764; 839 767; 840 768; 851 768; 852 769; 859 769; 860 770; 863 770; 864 771; 867 771; 868 772; 870 772; 871 773; 875 773; 876 774; 881 774; 882 775; 884 775; 885 776; 889 776; 889 775; 890 774; 890 772; 889 771; 889 769; 887 767; 887 766; 886 765; 886 764; 885 763; 885 760; 884 759; 884 756; 883 755; 883 754; 884 753; 884 747; 882 745; 882 744; 880 742; 880 741; 879 740; 879 737; 878 736; 878 733; 877 732; 877 729; 876 728; 876 727; 875 726
170; 932 738; 931 739; 930 739; 929 740; 928 740; 927 741; 921 741; 920 742; 919 742; 918 741; 913 741; 911 743; 910 743; 908 745; 907 745; 906 746; 904 746; 903 747; 902 747; 901 748; 899 748; 898 749; 890 749; 889 750; 889 753; 895 759; 895 760; 902 767; 902 768; 904 770; 904 771; 906 773; 906 774; 908 776; 909 776; 910 777; 910 778; 914 782; 914 783; 919 788; 921 788; 922 787; 922 786; 923 785; 923 783; 924 782; 924 780; 925 779; 925 776; 926 775; 926 772; 927 771; 927 769; 928 768; 928 767; 929 766; 929 765; 930 764; 930 763; 931 762; 931 757; 930 756; 931 755; 931 752; 932 751; 932 747; 933 746; 933 744; 934 743; 934 738
171; 213 738; 212 739; 212 741; 211 742; 211 744; 210 745; 210 748; 209 749; 209 751; 208 752; 208 753; 206 755; 206 756; 205 757; 205 758; 204 759; 204 764; 203 765; 203 767; 202 768; 202 770; 201 771; 201 775; 200 776; 200 777; 198 779; 198 780; 196 782; 196 784; 205 784; 206 783; 211 783; 212 784; 216 784; 217 783; 218 783; 221 780; 224 780; 225 779; 227 779; 228 778; 231 778; 232 777; 233 777; 234 778; 237 778; 238 779; 240 779; 240 776; 239 775; 239 774; 238 773; 238 772; 237 771; 237 770; 236 769; 236 768; 235 767; 235 766; 232 763; 232 762; 227 757; 227 756; 223 752; 223 751; 219 747; 219 746; 218 745; 218 744; 217 743; 217 741; 216 740; 216 739; 215 738
172; 376 746; 376 747; 370 753; 369 753; 368 754; 367 754; 365 756; 364 756; 361 759; 360 759; 359 760; 358 760; 354 764; 354 765; 348 771; 347 771; 343 775; 342 775; 341 776; 341 779; 342 779; 343 780; 344 780; 345 781; 346 781; 347 782; 348 782; 349 783; 350 783; 351 784; 353 784; 354 785; 355 785; 356 786; 357 786; 361 790; 362 790; 363 791; 365 791; 366 792; 370 792; 371 793; 373 793; 374 794; 375 794; 377 796; 378 796; 379 797; 382 797; 382 783; 381 782; 381 771; 380 770; 380 761; 379 760; 379 758; 380 757; 380 751; 379 750; 379 747; 378 746
173; 963 742; 963 752; 962 753; 962 756; 961 757; 961 760; 960 761; 960 763; 959 764; 959 765; 958 766; 958 772; 957 773; 957 777; 956 778; 956 781; 955 782; 955 784; 954 785; 954 788; 953 789; 953 792; 952 793; 952 795; 956 795; 957 794; 958 794; 959 793; 960 793; 961 792; 962 792; 963 791; 965 791; 966 790; 968 790; 969 789; 980 789; 984 785; 985 785; 986 784; 987 784; 988 783; 989 783; 990 782; 995 782; 996 781; 997 781; 997 778; 996 777; 996 776; 993 773; 993 772; 990 769; 989 769; 987 767; 987 766; 986 765; 986 763; 984 761; 983 761; 982 760; 980 760; 968 748; 968 747; 966 745; 966 744; 965 743; 965 742
174; 518 769; 517 770; 517 773; 518 774; 518 775; 520 777; 520 779; 521 780; 521 782; 522 783; 522 787; 523 788; 523 789; 524 790; 524 791; 525 792; 525 799; 526 799; 529 802; 529 803; 531 805; 531 806; 532 807; 532 808; 533 809; 533 810; 534 811; 534 816; 535 817; 535 818; 537 820; 540 820; 541 819; 541 818; 542 817; 542 812; 543 811; 543 810; 544 809; 544 808; 545 807; 545 806; 547 804; 547 803; 550 800; 551 800; 553 798; 553 795; 554 794; 554 792; 556 790; 556 789; 557 788; 557 786; 559 784; 559 783; 562 780; 563 780; 564 779; 565 779; 566 780; 568 780; 569 781; 572 781; 573 780; 573 778; 572 777; 572 776; 571 776; 570 775; 566 775; 565 774; 561 774; 560 773; 558 773; 557 772; 555 772; 554 771; 536 771; 535 770; 522 770; 521 769
175; 733 773; 730 776; 729 776; 728 777; 724 777; 721 774; 720 774; 719 775; 718 775; 718 776; 717 777; 711 777; 709 779; 708 779; 707 780; 706 780; 705 781; 700 781; 699 782; 697 782; 696 783; 693 783; 692 784; 691 784; 690 785; 689 785; 689 786; 688 787; 688 791; 689 792; 690 792; 691 793; 692 793; 693 794; 694 794; 697 797; 697 798; 700 801; 700 802; 702 804; 702 810; 704 810; 705 811; 706 811; 707 812; 707 813; 709 815; 709 816; 711 818; 711 819; 712 820; 712 821; 713 822; 713 824; 714 825; 714 827; 715 828; 719 828; 720 827; 720 826; 721 825; 721 819; 722 818; 722 817; 723 816; 723 814; 724 813; 724 812; 725 811; 725 810; 726 809; 726 807; 727 806; 727 804; 728 803; 728 802; 729 801; 729 800; 730 799; 730 797; 731 796; 731 792; 732 791; 732 790; 733 789; 733 788; 734 787; 734 785; 735 784; 735 782; 736 781; 736 780; 737 779; 737 775; 735 773
176; 311 772; 310 773; 310 774; 309 775; 309 776; 308 777; 308 778; 306 780; 305 780; 282 803; 281 803; 279 805; 279 809; 283 809; 284 810; 287 810; 288 811; 289 811; 291 813; 292 813; 293 814; 295 814; 296 815; 297 815; 298 816; 299 816; 300 817; 301 817; 302 818; 303 818; 304 819; 306 819; 307 820; 308 820; 309 821; 310 821; 311 822; 312 822; 313 823; 314 823; 316 825; 320 825; 320 821; 319 820; 319 817; 318 816; 318 804; 319 803; 319 797; 318 796; 318 795; 317 794; 317 791; 316 790; 316 785; 315 784; 315 772
177; 899 778; 898 779; 897 779; 893 783; 892 783; 891 784; 890 784; 889 785; 887 785; 886 786; 885 786; 884 787; 883 787; 881 789; 880 789; 879 790; 878 790; 875 793; 874 793; 873 794; 872 794; 870 796; 869 796; 868 797; 867 797; 865 799; 863 799; 862 800; 861 800; 860 801; 860 805; 861 805; 863 807; 864 807; 866 809; 867 809; 868 810; 869 810; 877 818; 877 821; 878 822; 878 823; 879 824; 886 824; 888 826; 889 826; 896 833; 898 833; 899 832; 899 829; 900 828; 900 817; 901 816; 901 810; 902 809; 902 803; 901 802; 901 790; 902 789; 902 784; 903 783; 903 778
178; 32 773; 31 774; 31 775; 29 777; 29 778; 27 780; 27 781; 20 788; 19 788; 18 789; 17 789; 16 790; 15 790; 13 792; 13 795; 12 796; 12 797; 7 802; 6 802; 5 803; 5 804; 4 805; 4 806; 0 810; 0 816; 9 816; 10 817; 11 817; 12 818; 13 818; 14 819; 15 819; 17 821; 17 822; 18 823; 23 823; 24 822; 30 822; 31 823; 33 823; 34 824; 37 824; 38 825; 40 825; 42 827; 45 827; 46 826; 46 822; 45 821; 45 818; 44 817; 44 815; 43 814; 43 806; 42 805; 42 803; 41 802; 41 794; 40 793; 40 791; 39 790; 39 787; 38 786; 38 784; 37 783; 37 781; 36 780; 36 776; 35 775; 35 773
179; 240 780; 240 782; 239 783; 239 784; 238 785; 237 785; 236 786; 235 786; 234 787; 231 787; 230 788; 229 788; 228 789; 223 789; 222 790; 221 790; 221 791; 220 792; 220 793; 217 796; 216 796; 215 797; 214 797; 213 798; 212 798; 211 799; 210 799; 209 800; 207 800; 206 801; 205 801; 204 802; 204 804; 205 805; 206 805; 207 806; 208 806; 216 814; 216 815; 217 816; 217 817; 222 822; 223 822; 235 834; 235 835; 236 836; 236 837; 237 837; 238 836; 239 836; 239 835; 238 834; 238 829; 239 828; 239 819; 240 818; 240 814; 241 813; 241 808; 242 807; 242 805; 243 804; 243 802; 244 801; 244 797; 245 796; 245 791; 244 790; 244 789; 245 788; 245 782; 243 780
180; 410 778; 407 781; 406 781; 404 783; 404 784; 396 792; 395 792; 394 793; 391 793; 389 795; 389 796; 388 797; 388 798; 384 802; 384 803; 380 807; 379 807; 378 808; 378 809; 377 810; 377 813; 378 814; 379 814; 380 815; 383 815; 384 816; 385 816; 386 817; 387 817; 388 818; 389 818; 390 819; 391 819; 396 824; 396 825; 400 825; 401 824; 402 825; 405 825; 406 826; 407 826; 408 827; 410 827; 412 829; 413 829; 415 831; 419 831; 419 827; 418 826; 418 823; 417 822; 417 817; 416 816; 416 805; 415 804; 415 795; 414 794; 414 786; 413 785; 413 778
181; 1001 784; 1000 785; 999 785; 996 788; 995 788; 994 789; 993 789; 992 790; 991 790; 990 791; 989 791; 988 792; 985 792; 984 793; 982 793; 981 794; 979 794; 973 800; 972 800; 971 801; 970 801; 969 802; 968 802; 967 803; 966 803; 965 804; 964 804; 963 805; 962 805; 962 807; 963 808; 964 808; 966 810; 967 810; 969 812; 970 812; 975 817; 975 818; 977 820; 977 821; 978 822; 979 822; 981 824; 982 824; 988 830; 989 830; 992 833; 992 834; 995 837; 995 838; 998 838; 999 837; 999 826; 1000 825; 1000 822; 1001 821; 1001 818; 1002 817; 1002 804; 1003 803; 1003 791; 1004 790; 1004 789; 1005 788; 1005 785; 1004 784
182; 487 790; 487 796; 488 797; 488 798; 487 799; 487 809; 486 810; 486 818; 485 819; 485 820; 484 821; 484 827; 485 828; 485 833; 484 834; 484 835; 483 836; 483 837; 482 838; 482 839; 481 840; 481 844; 483 846; 485 846; 489 842; 490 842; 491 841; 492 841; 493 840; 495 840; 497 838; 498 838; 499 837; 500 837; 502 835; 507 835; 508 834; 508 833; 514 827; 515 827; 517 825; 518 825; 519 824; 520 824; 521 823; 527 823; 527 818; 525 816; 524 816; 517 809; 516 809; 514 807; 513 807; 510 804; 509 804; 507 802; 506 802; 501 797; 500 797; 498 795; 497 795; 496 794; 495 794; 492 791; 491 791; 490 790
183; 58 797; 57 798; 57 809; 58 810; 58 820; 57 821; 57 822; 56 823; 56 827; 57 828; 57 829; 58 830; 58 855; 61 855; 64 852; 64 851; 72 843; 73 843; 75 841; 76 841; 86 831; 87 831; 94 824; 95 824; 97 822; 97 820; 96 819; 95 819; 94 818; 92 818; 90 816; 89 816; 88 815; 87 815; 85 813; 84 813; 79 808; 79 807; 78 806; 77 806; 76 805; 72 805; 71 804; 70 804; 69 803; 68 803; 67 802; 66 802; 65 801; 64 801; 60 797
184; 789 797; 788 798; 788 807; 787 808; 787 827; 786 828; 786 834; 785 835; 785 839; 786 840; 786 841; 785 842; 785 851; 784 852; 784 856; 788 856; 789 855; 790 855; 793 852; 794 852; 796 850; 797 850; 800 847; 801 847; 804 844; 805 844; 806 843; 809 843; 810 842; 811 842; 813 840; 813 838; 817 834; 818 834; 820 832; 821 832; 822 831; 823 831; 825 829; 826 829; 827 828; 828 828; 829 827; 829 824; 828 823; 827 823; 825 821; 824 821; 822 819; 821 819; 814 812; 814 811; 813 810; 813 808; 806 808; 805 807; 804 807; 800 803; 799 803; 796 800; 795 800; 792 797
185; 951 804; 949 806; 949 808; 948 809; 948 811; 945 814; 945 815; 943 817; 943 818; 941 820; 941 821; 938 824; 936 824; 935 825; 934 825; 934 826; 933 827; 933 832; 932 833; 932 834; 931 835; 931 836; 930 837; 930 838; 929 839; 929 840; 927 842; 927 843; 926 844; 926 845; 924 847; 924 852; 925 853; 940 853; 943 856; 943 858; 944 859; 944 860; 946 862; 947 862; 948 863; 951 863; 951 861; 950 860; 950 859; 949 858; 949 856; 951 854; 966 854; 967 855; 968 855; 969 856; 969 855; 971 853; 971 851; 970 850; 970 849; 969 848; 969 847; 968 846; 968 845; 967 844; 967 843; 966 842; 966 841; 965 840; 965 838; 964 837; 964 835; 963 834; 963 832; 962 831; 962 829; 961 828; 961 825; 960 824; 960 822; 959 821; 959 819; 958 818; 958 816; 957 815; 957 814; 955 812; 955 809; 954 808; 954 806; 953 805; 953 804
186; 202 819; 202 821; 201 822; 201 826; 200 827; 200 829; 199 830; 199 832; 198 833; 198 834; 197 835; 197 836; 196 837; 196 840; 195 841; 195 842; 192 845; 191 845; 189 847; 189 851; 190 852; 190 856; 189 857; 189 863; 188 864; 188 866; 187 867; 187 868; 186 869; 186 871; 190 871; 191 870; 196 870; 197 869; 199 869; 200 868; 210 868; 211 867; 214 867; 215 866; 216 866; 217 865; 219 865; 220 864; 223 864; 224 863; 227 863; 228 862; 229 862; 230 861; 230 858; 227 855; 227 854; 226 853; 226 852; 224 850; 224 849; 223 848; 223 847; 221 845; 221 844; 219 842; 219 841; 217 839; 217 838; 213 834; 213 833; 211 831; 211 830; 209 828; 209 827; 207 825; 207 824; 206 823; 206 821; 205 820; 205 819
187; 109 826; 108 827; 107 827; 102 832; 101 832; 99 834; 98 834; 97 835; 96 835; 95 836; 92 836; 90 838; 90 839; 85 844; 84 844; 77 851; 76 851; 75 852; 74 852; 73 853; 72 853; 70 855; 70 857; 73 860; 74 860; 75 861; 76 861; 77 862; 78 862; 80 864; 81 864; 85 868; 86 868; 88 870; 89 870; 91 872; 92 872; 93 873; 94 873; 97 876; 98 876; 100 878; 101 878; 102 879; 103 879; 106 882; 109 882; 109 867; 110 866; 110 858; 111 857; 111 854; 113 852; 113 847; 111 845; 111 826
188; 1016 836; 1015 837; 1015 838; 1014 839; 1013 839; 1012 840; 1011 840; 1010 841; 1008 841; 1007 842; 1005 842; 1004 843; 998 843; 996 845; 995 845; 994 846; 993 846; 992 847; 990 847; 989 848; 988 848; 987 849; 986 849; 985 850; 983 850; 982 851; 980 851; 979 852; 978 852; 977 853; 973 853; 972 852; 972 853; 970 855; 970 857; 971 857; 973 859; 974 859; 988 873; 988 875; 991 878; 992 878; 995 881; 995 882; 997 884; 997 885; 1004 892; 1006 892; 1006 884; 1004 884; 1003 883; 1003 882; 1004 881; 1005 882; 1008 882; 1008 880; 1009 879; 1009 876; 1010 875; 1010 874; 1014 870; 1014 867; 1013 866; 1013 865; 1012 864; 1012 863; 1013 862; 1013 860; 1014 859; 1014 857; 1015 856; 1015 850; 1016 849; 1016 847; 1017 846; 1017 840; 1018 839; 1018 836
189; 238 837; 237 838; 237 850; 236 851; 236 855; 235 856; 235 857; 234 858; 234 862; 235 863; 235 871; 234 872; 234 878; 233 879; 233 890; 232 891; 232 893; 231 894; 231 898; 233 898; 238 893; 239 893; 241 891; 242 891; 243 890; 244 890; 245 889; 247 889; 248 888; 253 888; 254 887; 255 887; 258 884; 258 883; 260 881; 261 881; 262 880; 263 880; 264 879; 266 879; 267 878; 269 878; 270 877; 271 877; 272 876; 272 874; 265 867; 265 866; 263 864; 263 863; 260 860; 260 859; 259 858; 259 856; 258 855; 257 855; 256 854; 255 854; 254 853; 253 853; 241 841; 241 840; 240 839; 240 838; 239 837
190; 905 842; 904 843; 904 844; 903 845; 903 850; 902 851; 902 853; 901 854; 901 855; 899 857; 899 859; 898 860; 898 863; 899 864; 898 865; 898 868; 897 869; 897 870; 896 871; 896 872; 895 873; 895 874; 894 875; 894 880; 893 881; 893 884; 892 885; 892 888; 891 889; 891 890; 890 891; 890 892; 889 893; 889 894; 888 895; 888 899; 889 900; 891 900; 892 899; 893 899; 894 898; 895 898; 896 897; 901 897; 902 896; 904 896; 905 895; 906 895; 907 894; 910 894; 911 893; 912 894; 918 894; 919 893; 920 893; 922 891; 923 891; 924 890; 926 890; 927 889; 929 889; 930 888; 934 888; 935 887; 935 883; 930 878; 930 876; 929 875; 929 874; 927 872; 927 871; 926 870; 926 869; 925 868; 925 866; 924 865; 924 864; 918 858; 918 857; 916 855; 916 854; 915 853; 915 852; 914 851; 914 850; 913 849; 913 848; 907 842
191; 837 895; 837 878; 836 877; 837 871; 832 851; 833 844; 832 842; 829 842; 824 852; 814 863; 809 865; 808 871; 794 886; 794 889; 796 891; 802 892; 816 899; 822 900
192; 845 861; 844 862; 844 867; 845 868; 845 870; 846 871; 846 875; 847 876; 847 878; 848 879; 848 883; 849 884; 849 891; 848 892; 848 894; 846 896; 846 898; 847 899; 847 900; 848 901; 849 901; 851 903; 851 904; 852 905; 852 906; 853 907; 853 909; 854 910; 854 918; 855 919; 857 919; 858 918; 859 918; 859 917; 864 912; 864 911; 866 909; 866 908; 873 901; 873 900; 874 899; 874 897; 875 896; 875 894; 877 892; 877 891; 882 886; 882 885; 883 884; 883 883; 884 882; 884 881; 887 878; 887 877; 889 875; 889 871; 888 870; 876 870; 875 869; 872 869; 870 867; 869 867; 867 865; 864 865; 863 864; 856 864; 855 863; 852 863; 851 862; 848 862; 847 861
193; 673 898; 674 906; 680 909; 688 920; 693 924; 697 924; 696 913; 700 900; 703 897; 706 897; 706 890; 704 888; 704 884
194; 704 884; 712 874; 712 872; 705 873; 702 871; 707 861; 703 861; 693 867; 687 866; 677 873; 671 870; 671 875; 669 877; 664 878; 663 880; 665 888; 673 898
195; 723 874; 707 890; 707 897; 720 903; 722 905; 723 911; 726 913; 732 910; 736 910; 743 915; 748 915; 747 902; 748 878
196; 748 878; 751 876; 752 872; 745 867; 745 863; 747 860; 746 855; 741 854; 732 862; 723 874
197; 55 872; 55 876; 56 877; 56 880; 57 881; 57 895; 56 896; 56 901; 57 902; 57 903; 58 904; 58 908; 59 909; 59 915; 60 916; 60 920; 61 921; 61 924; 62 925; 62 929; 63 929; 64 930; 65 930; 65 929; 66 928; 66 927; 68 925; 68 924; 72 920; 72 919; 80 911; 81 911; 84 908; 84 907; 86 905; 86 904; 88 902; 88 901; 90 899; 90 898; 91 897; 91 896; 96 891; 96 889; 95 888; 94 888; 93 887; 90 887; 89 886; 87 886; 86 885; 85 885; 83 883; 82 883; 81 882; 81 881; 79 879; 79 878; 78 877; 73 877; 72 878; 69 878; 68 877; 67 877; 66 876; 65 876; 64 875; 63 875; 61 873; 60 873; 59 872
198; 601 868; 595 874; 594 874; 592 876; 590 876; 589 877; 586 877; 584 879; 584 880; 582 882; 582 883; 576 889; 575 889; 572 892; 570 892; 569 893; 568 893; 567 894; 566 894; 565 895; 563 895; 561 897; 561 900; 562 900; 563 901; 565 901; 566 902; 567 902; 580 915; 580 916; 583 919; 583 920; 589 926; 590 926; 592 928; 592 929; 595 932; 598 932; 599 931; 599 929; 600 928; 600 925; 601 924; 601 923; 602 922; 602 915; 601 914; 601 910; 602 909; 602 906; 603 905; 603 904; 604 903; 604 902; 605 901; 605 897; 604 896; 604 879; 605 878; 605 877; 606 876; 606 874; 607 873; 607 870; 606 869; 606 868
199; 757 894; 756 895; 756 898; 757 899; 757 914; 758 915; 758 924; 759 925; 759 930; 760 931; 760 940; 761 941; 761 943; 760 944; 760 951; 764 951; 767 948; 767 947; 772 942; 773 942; 775 940; 776 940; 783 933; 783 929; 784 928; 784 926; 786 924; 786 923; 787 922; 787 921; 792 916; 793 916; 794 915; 796 915; 797 914; 799 914; 800 913; 797 910; 796 910; 795 909; 793 909; 792 908; 789 908; 784 903; 778 903; 777 902; 775 902; 774 901; 773 901; 772 900; 771 900; 770 899; 769 899; 768 898; 767 898; 766 897; 765 897; 764 896; 763 896; 762 895; 761 895; 760 894
200; 494 871; 490 875; 490 876; 489 877; 489 878; 487 880; 487 881; 486 882; 486 883; 483 886; 483 887; 481 889; 480 889; 479 890; 478 890; 475 893; 475 895; 474 896; 474 897; 473 898; 473 899; 471 901; 471 902; 468 905; 468 906; 465 909; 465 910; 460 915; 460 917; 461 918; 462 918; 463 919; 466 919; 467 920; 469 920; 470 921; 472 921; 473 922; 475 922; 477 924; 478 924; 479 925; 488 925; 489 926; 491 926; 492 927; 493 927; 494 928; 496 928; 497 929; 498 929; 499 930; 503 930; 504 929; 504 924; 503 923; 503 922; 502 921; 502 916; 501 915; 501 912; 500 911; 500 904; 499 903; 499 898; 498 897; 498 894; 497 893; 497 871
201; 114 907; 114 910; 115 911; 115 912; 116 913; 116 914; 117 915; 117 918; 118 919; 118 922; 119 923; 119 925; 120 926; 120 929; 124 929; 124 924; 123 923; 123 917; 124 916; 128 916; 129 917; 132 917; 133 918; 138 918; 139 919; 141 919; 141 917; 142 916; 142 912; 141 912; 140 911; 139 911; 138 910; 136 910; 135 911; 133 911; 132 910; 127 910; 126 909; 123 909; 122 908; 119 908; 118 907
202; 207 904; 202 909; 202 910; 199 913; 198 913; 195 916; 194 916; 193 917; 191 917; 189 915; 189 911; 188 910; 186 910; 184 912; 184 920; 183 921; 183 925; 180 928; 174 928; 172 930; 171 930; 171 931; 170 932; 170 935; 171 936; 175 936; 178 933; 179 933; 180 932; 181 933; 182 933; 183 934; 183 935; 184 936; 184 938; 185 939; 185 940; 186 940; 187 941; 189 941; 189 939; 185 935; 185 933; 186 932; 186 931; 190 927; 190 926; 192 924; 193 924; 195 922; 196 922; 198 920; 200 920; 201 919; 203 921; 203 922; 204 923; 204 924; 205 925; 205 927; 209 931; 209 933; 210 934; 210 936; 214 940; 215 940; 217 942; 219 942; 219 939; 217 937; 217 936; 215 934; 215 933; 213 931; 213 929; 212 928; 212 926; 211 925; 211 923; 210 922; 210 921; 209 920; 209 904
203; 405 881; 405 882; 404 883; 404 884; 403 885; 403 886; 402 887; 402 888; 401 889; 401 890; 399 892; 399 893; 397 895; 397 896; 396 897; 396 898; 395 899; 395 900; 390 905; 390 906; 389 907; 389 909; 388 910; 388 912; 387 913; 387 915; 386 916; 386 917; 385 918; 385 919; 384 920; 384 921; 379 926; 379 927; 378 928; 378 931; 382 931; 383 930; 393 930; 394 931; 399 931; 400 932; 424 932; 424 930; 423 929; 423 928; 422 927; 422 926; 421 925; 421 924; 420 923; 420 922; 419 921; 419 920; 418 919; 418 918; 417 917; 417 915; 416 914; 416 902; 412 898; 412 897; 411 896; 411 895; 410 894; 410 892; 409 891; 409 890; 408 889; 408 886; 407 885; 407 881
204; 331 910; 330 911; 330 917; 329 918; 329 920; 328 921; 328 927; 327 928; 327 930; 325 932; 325 933; 324 934; 324 936; 325 937; 325 941; 324 942; 324 946; 323 947; 323 952; 322 953; 322 957; 321 958; 321 959; 320 960; 320 962; 324 962; 326 960; 327 960; 327 958; 326 957; 326 954; 327 953; 327 952; 328 951; 328 946; 329 945; 329 941; 330 940; 330 937; 331 936; 331 931; 332 930; 332 925; 333 924; 333 923; 334 922; 335 922; 339 926; 339 927; 340 928; 340 929; 342 931; 344 931; 346 929; 346 928; 347 927; 346 926; 346 925; 344 923; 344 922; 341 919; 340 919; 337 916; 337 915; 336 914; 336 913; 334 911; 334 910
205; 25 902; 24 903; 24 906; 23 907; 23 910; 22 911; 22 914; 21 915; 21 924; 18 927; 18 932; 19 933; 19 935; 20 936; 20 937; 19 938; 19 942; 18 943; 18 949; 17 950; 17 955; 16 956; 16 958; 17 959; 20 959; 21 958; 22 958; 23 957; 24 957; 25 956; 27 956; 28 955; 29 955; 30 954; 31 954; 33 952; 34 952; 35 951; 36 951; 37 950; 38 950; 40 948; 41 948; 43 946; 44 946; 46 944; 47 944; 51 940; 52 940; 53 939; 54 939; 56 937; 58 937; 59 936; 61 936; 62 937; 65 934; 65 932; 63 930; 62 930; 60 932; 57 932; 56 931; 55 931; 54 930; 53 930; 49 926; 49 925; 47 923; 47 922; 46 921; 46 920; 44 918; 43 918; 42 917; 41 917; 37 913; 37 912; 32 907; 31 907; 29 905; 29 904; 28 903; 28 902
206; 270 887; 270 888; 263 895; 262 895; 257 900; 256 900; 254 902; 251 902; 250 901; 250 899; 248 897; 246 897; 246 901; 247 901; 248 902; 249 902; 250 903; 250 905; 249 906; 249 907; 247 909; 247 910; 244 913; 244 914; 242 916; 241 916; 239 918; 237 918; 236 919; 236 922; 237 922; 238 923; 239 923; 240 924; 242 924; 243 925; 244 925; 246 927; 247 927; 251 931; 252 931; 253 932; 257 932; 258 933; 259 933; 260 934; 261 934; 264 937; 265 937; 266 938; 272 938; 273 939; 275 939; 275 932; 274 931; 274 907; 273 906; 273 901; 272 900; 272 887
207; 347 928; 347 929; 344 932; 345 933; 345 934; 351 940; 352 940; 353 941; 352 942; 351 942; 349 944; 347 944; 346 945; 344 945; 343 944; 341 944; 341 946; 335 952; 334 952; 333 953; 331 953; 330 954; 329 954; 327 956; 327 957; 328 958; 328 959; 329 959; 330 958; 333 958; 334 957; 336 957; 337 958; 340 958; 340 956; 343 953; 344 953; 346 951; 348 951; 350 949; 353 949; 354 948; 356 948; 357 947; 358 947; 359 946; 360 946; 361 945; 363 945; 364 944; 364 942; 362 940; 361 940; 360 939; 360 938; 356 934; 355 934; 354 933; 353 933; 350 930; 350 929; 349 929; 348 928
208; 801 913; 800 914; 800 916; 801 917; 801 919; 800 920; 800 923; 799 924; 799 927; 800 928; 799 929; 799 932; 798 933; 798 934; 797 935; 797 938; 796 939; 796 940; 794 942; 794 943; 793 944; 793 954; 792 955; 792 957; 791 958; 791 960; 790 961; 790 970; 794 970; 795 969; 796 969; 797 968; 798 968; 799 967; 800 967; 802 965; 804 965; 805 964; 811 964; 812 963; 813 963; 814 962; 815 962; 816 961; 817 961; 818 960; 821 960; 822 959; 824 959; 825 958; 827 958; 828 957; 829 957; 830 956; 833 956; 834 955; 836 955; 837 954; 837 951; 828 942; 828 941; 823 936; 823 935; 818 930; 818 929; 815 926; 815 925; 811 921; 811 920; 810 919; 810 918; 808 916; 807 916; 806 915; 805 915; 804 914; 803 914; 802 913
209; 87 932; 85 934; 84 934; 83 935; 81 935; 80 936; 72 936; 71 935; 68 935; 67 934; 66 934; 63 937; 63 938; 66 941; 66 942; 67 943; 67 944; 68 945; 68 947; 69 948; 69 949; 70 950; 70 951; 71 952; 71 953; 72 954; 72 955; 73 956; 73 957; 74 958; 74 959; 75 960; 75 963; 76 964; 76 965; 77 966; 77 967; 78 968; 78 969; 82 973; 82 974; 83 975; 83 977; 84 978; 84 979; 86 979; 87 978; 87 977; 88 976; 88 975; 89 974; 89 972; 90 971; 90 969; 91 968; 91 966; 92 965; 92 964; 93 963; 93 962; 94 961; 94 960; 101 953; 101 946; 102 945; 102 944; 103 943; 103 941; 105 939; 105 938; 107 936; 107 934; 106 933; 103 933; 102 934; 93 934; 92 933; 90 933; 89 932
210; 450 920; 446 924; 446 925; 436 935; 435 935; 434 936; 433 936; 430 939; 430 940; 429 941; 429 942; 418 953; 418 954; 416 956; 416 958; 417 959; 420 959; 421 960; 424 960; 425 961; 427 961; 428 962; 429 962; 430 963; 431 963; 432 964; 436 964; 437 965; 440 965; 441 966; 442 966; 443 967; 445 967; 446 968; 449 968; 450 969; 451 969; 452 970; 454 970; 455 971; 458 971; 459 970; 459 964; 458 963; 458 962; 457 961; 457 949; 458 948; 458 947; 460 945; 460 942; 457 939; 456 939; 454 937; 454 924; 453 923; 453 921; 452 920
211; 949 917; 948 918; 948 919; 947 920; 947 921; 945 923; 945 924; 942 927; 942 928; 939 931; 939 932; 932 939; 932 941; 931 942; 931 943; 930 944; 930 945; 928 947; 928 948; 927 949; 927 950; 918 959; 917 959; 916 960; 916 962; 919 962; 920 961; 924 961; 925 962; 930 962; 931 963; 934 963; 935 964; 938 964; 941 967; 945 967; 946 966; 957 966; 958 967; 966 967; 966 964; 965 963; 965 962; 963 960; 963 959; 962 958; 962 955; 961 954; 961 950; 960 949; 960 944; 959 943; 959 941; 958 940; 958 937; 957 936; 957 934; 955 932; 955 930; 954 929; 954 926; 953 925; 953 923; 952 922; 952 917
212; 497 936; 496 937; 496 947; 495 948; 495 955; 494 956; 494 961; 493 962; 493 987; 492 988; 492 991; 493 992; 495 992; 496 991; 497 991; 498 990; 499 990; 500 989; 501 989; 502 988; 503 988; 505 986; 506 986; 508 984; 509 984; 510 983; 511 983; 513 981; 513 980; 515 978; 516 978; 517 977; 518 977; 519 976; 520 976; 521 975; 522 975; 524 973; 526 973; 527 972; 531 972; 533 970; 533 966; 532 965; 530 965; 529 964; 528 964; 527 963; 526 963; 523 960; 523 959; 522 958; 522 955; 520 953; 517 953; 514 950; 513 950; 500 937; 500 936
213; 306 941; 299 948; 298 948; 295 951; 294 951; 293 952; 291 952; 290 953; 288 953; 286 955; 285 955; 276 964; 275 964; 273 966; 272 966; 272 969; 273 969; 274 970; 275 970; 276 971; 277 971; 278 972; 279 972; 281 974; 282 974; 283 975; 284 975; 285 976; 286 976; 289 979; 290 979; 291 980; 292 980; 293 981; 294 981; 295 982; 296 982; 297 983; 298 983; 299 984; 300 984; 301 985; 303 985; 306 988; 306 989; 307 990; 309 990; 309 989; 310 988; 310 968; 311 967; 311 961; 309 959; 309 949; 310 948; 310 941
214; 748 934; 741 941; 741 942; 740 943; 740 945; 739 946; 739 947; 738 948; 738 949; 737 950; 737 951; 729 959; 729 960; 728 961; 728 963; 725 966; 725 967; 724 968; 724 969; 721 972; 721 973; 718 976; 718 980; 719 981; 723 981; 724 980; 728 980; 729 981; 733 981; 734 982; 747 982; 748 983; 765 983; 766 982; 767 982; 767 979; 766 978; 766 977; 763 974; 763 973; 762 972; 762 971; 761 970; 761 968; 760 967; 760 966; 759 965; 759 963; 758 962; 758 960; 759 959; 759 954; 758 953; 757 953; 754 950; 754 949; 753 948; 753 944; 752 943; 752 935; 751 934
215; 649 941; 648 942; 648 946; 647 947; 647 953; 646 954; 646 960; 645 961; 645 963; 644 964; 644 965; 641 968; 639 968; 638 969; 637 969; 635 971; 635 974; 636 975; 637 975; 638 976; 643 976; 644 977; 644 982; 643 983; 643 989; 642 990; 642 992; 644 994; 646 994; 648 992; 649 992; 650 991; 651 991; 652 990; 653 990; 655 988; 657 988; 658 987; 660 987; 661 986; 662 986; 663 985; 664 985; 665 984; 667 984; 668 983; 669 983; 670 982; 671 982; 673 980; 674 980; 676 978; 677 978; 679 976; 680 976; 681 975; 682 975; 683 974; 685 974; 686 973; 687 973; 687 972; 688 971; 688 969; 687 968; 686 968; 685 967; 684 967; 683 966; 682 966; 680 964; 679 964; 677 962; 676 962; 674 960; 673 960; 669 956; 669 953; 667 951; 663 951; 662 950; 661 950; 659 948; 658 948; 651 941
216; 387 960; 387 967; 388 968; 388 971; 389 972; 389 978; 388 979; 388 983; 391 986; 391 987; 392 988; 392 990; 393 991; 393 994; 394 995; 394 997; 393 998; 393 1004; 396 1004; 397 1003; 398 1003; 401 1000; 402 1000; 407 995; 408 995; 409 994; 410 994; 414 990; 414 989; 415 988; 416 988; 421 983; 421 982; 426 977; 427 977; 429 975; 429 973; 428 972; 425 972; 424 971; 420 971; 419 970; 417 970; 416 969; 414 969; 413 968; 412 968; 410 966; 410 965; 409 964; 406 964; 405 965; 400 965; 399 964; 397 964; 396 963; 394 963; 393 962; 392 962; 391 961; 390 961; 389 960
217; 107 977; 107 987; 108 988; 108 992; 107 993; 107 999; 108 1000; 108 1001; 109 1002; 109 1007; 110 1008; 110 1013; 113 1013; 115 1011; 119 1011; 120 1010; 122 1010; 122 1008; 121 1007; 121 1006; 120 1007; 118 1007; 117 1008; 115 1006; 115 1003; 114 1002; 114 998; 113 997; 113 993; 114 992; 114 988; 115 987; 119 987; 120 988; 121 988; 122 989; 123 989; 124 990; 125 990; 126 991; 127 991; 128 992; 129 992; 130 993; 132 993; 134 991; 134 988; 133 988; 130 985; 129 985; 127 983; 125 983; 124 982; 121 982; 120 981; 119 981; 118 980; 116 980; 115 979; 114 979; 113 978; 112 978; 111 977
218; 845 964; 844 965; 844 971; 845 972; 845 977; 844 978; 844 992; 845 993; 845 997; 844 998; 844 1003; 845 1004; 845 1007; 846 1008; 846 1009; 849 1009; 851 1007; 852 1007; 853 1006; 854 1006; 855 1005; 857 1005; 858 1004; 860 1004; 861 1003; 862 1003; 863 1002; 864 1002; 865 1001; 867 1001; 868 1000; 869 1000; 870 999; 870 998; 873 995; 874 995; 876 993; 877 993; 878 992; 879 992; 880 991; 881 991; 882 990; 883 990; 886 987; 886 985; 885 984; 884 984; 883 983; 881 983; 880 982; 879 982; 878 981; 876 981; 873 978; 872 978; 871 977; 871 976; 870 975; 869 975; 867 973; 866 973; 865 972; 863 972; 862 971; 860 971; 859 970; 858 970; 857 969; 856 969; 855 968; 854 968; 853 967; 852 967; 849 964
219; 442 983; 437 988; 436 988; 435 989; 434 989; 431 992; 430 992; 429 993; 427 993; 426 994; 425 994; 417 1002; 416 1002; 414 1004; 413 1004; 411 1006; 410 1006; 409 1007; 409 1010; 415 1010; 416 1011; 418 1011; 419 1012; 422 1012; 423 1013; 427 1013; 428 1014; 433 1014; 434 1015; 436 1015; 436 1013; 434 1013; 433 1012; 431 1012; 430 1011; 425 1011; 424 1010; 423 1010; 421 1008; 421 1007; 422 1006; 422 1005; 424 1003; 425 1003; 428 1000; 429 1000; 431 998; 432 998; 433 997; 434 997; 435 996; 436 996; 438 998; 438 1000; 439 1001; 439 1004; 440 1005; 440 1008; 441 1009; 441 1011; 438 1014; 438 1016; 440 1016; 441 1017; 442 1017; 443 1018; 444 1018; 445 1019; 448 1019; 449 1018; 449 1016; 448 1015; 448 1014; 447 1013; 447 1008; 446 1007; 446 1005; 447 1004; 447 999; 446 998; 446 996; 445 995; 445 994; 446 993; 446 985; 444 983
220; 40 975; 39 976; 37 976; 36 977; 35 977; 34 978; 31 978; 30 979; 27 979; 26 980; 24 980; 23 981; 22 981; 21 982; 20 982; 19 983; 17 983; 16 984; 14 984; 13 985; 11 985; 10 986; 8 986; 7 987; 0 987; 0 996; 1 997; 2 997; 3 998; 4 998; 14 1008; 17 1008; 18 1009; 20 1009; 21 1010; 22 1010; 24 1012; 25 1012; 26 1013; 27 1013; 28 1014; 31 1014; 32 1013; 32 1011; 33 1010; 33 1008; 34 1007; 34 1005; 35 1004; 35 1002; 36 1001; 36 1000; 37 999; 37 998; 38 997; 38 990; 39 989; 39 987; 40 986; 40 984; 41 983; 41 981; 42 980; 42 979; 43 978; 43 976; 42 975
221; 361 987; 361 993; 360 994; 360 997; 359 998; 359 1000; 358 1001; 358 1002; 357 1003; 357 1005; 356 1006; 356 1009; 357 1010; 356 1011; 356 1014; 355 1015; 355 1019; 358 1019; 359 1018; 361 1018; 362 1017; 363 1017; 363 1015; 362 1015; 361 1014; 361 1011; 362 1010; 362 1007; 363 1006; 363 1004; 364 1003; 364 1002; 366 1000; 369 1000; 372 1003; 374 1003; 375 1004; 376 1004; 377 1005; 378 1005; 379 1006; 380 1006; 381 1007; 381 1010; 379 1012; 378 1012; 377 1013; 373 1013; 372 1014; 370 1014; 369 1015; 369 1017; 370 1017; 371 1018; 374 1018; 375 1017; 376 1017; 378 1015; 379 1015; 380 1014; 382 1014; 383 1013; 384 1013; 385 1012; 386 1012; 387 1011; 393 1011; 393 1008; 392 1007; 390 1007; 389 1006; 388 1006; 386 1004; 385 1004; 383 1002; 382 1002; 380 1000; 379 1000; 378 999; 377 999; 376 998; 375 998; 371 994; 370 994; 363 987
222; 471 1003; 471 1008; 472 1009; 472 1011; 473 1012; 473 1014; 471 1016; 471 1020; 474 1023; 480 1023; 480 1018; 479 1017; 479 1013; 481 1011; 483 1011; 484 1012; 485 1012; 486 1013; 487 1013; 488 1014; 491 1014; 492 1013; 493 1014; 494 1014; 495 1015; 495 1016; 492 1019; 489 1019; 486 1022; 486 1023; 497 1023; 500 1020; 502 1020; 503 1019; 504 1019; 505 1018; 509 1018; 510 1017; 510 1015; 509 1015; 508 1014; 504 1014; 503 1013; 502 1013; 501 1012; 499 1012; 498 1011; 495 1011; 494 1010; 492 1010; 491 1009; 490 1009; 489 1008; 487 1008; 486 1007; 483 1007; 482 1006; 480 1006; 479 1005; 478 1005; 477 1004; 476 1004; 475 1003
223; 709 989; 707 991; 707 995; 712 1000; 712 1001; 714 1003; 714 1004; 716 1006; 716 1008; 718 1010; 719 1010; 729 1020; 734 1020; 736 1018; 736 1017; 741 1012; 742 1012; 744 1010; 744 1009; 745 1008; 745 1007; 746 1006; 746 1005; 747 1004; 747 1003; 749 1001; 749 1000; 755 994; 755 993; 756 992; 756 990; 755 989; 737 989; 736 990; 714 990; 713 989
224; 801 986; 801 987; 800 988; 800 998; 799 999; 799 1000; 797 1002; 797 1003; 795 1005; 795 1008; 796 1009; 795 1010; 795 1012; 794 1013; 794 1014; 793 1015; 793 1016; 792 1017; 792 1019; 790 1021; 790 1023; 792 1023; 793 1022; 794 1022; 795 1021; 798 1021; 799 1020; 804 1020; 805 1019; 812 1019; 813 1018; 817 1018; 818 1017; 823 1017; 824 1016; 826 1016; 827 1015; 831 1015; 832 1014; 835 1014; 836 1013; 836 1011; 835 1010; 834 1010; 833 1009; 832 1009; 828 1005; 827 1005; 824 1002; 824 1001; 821 998; 820 998; 819 997; 817 997; 807 987; 807 986
225; 900 1000; 898 1002; 898 1009; 897 1010; 897 1013; 896 1014; 896 1015; 895 1016; 895 1018; 894 1019; 894 1023; 932 1023; 932 1022; 933 1021; 934 1021; 934 1017; 931 1017; 930 1016; 928 1016; 927 1015; 926 1015; 925 1014; 924 1014; 923 1013; 922 1013; 921 1012; 920 1012; 919 1011; 918 1011; 917 1010; 916 1010; 914 1008; 913 1008; 912 1007; 911 1007; 909 1005; 908 1005; 906 1003; 906 1002; 905 1002; 903 1000
