0; 602 0; 602 4; 603 5; 603 7; 604 8; 604 17; 605 18; 605 21; 604 22; 604 26; 606 28; 606 29; 607 30; 607 41; 611 41; 613 39; 614 39; 619 34; 620 34; 621 33; 622 33; 624 31; 625 31; 626 30; 627 30; 629 28; 630 28; 631 27; 633 27; 634 26; 636 26; 637 25; 638 25; 639 24; 639 23; 641 21; 642 21; 643 20; 645 20; 646 19; 648 19; 649 18; 649 15; 648 14; 647 14; 646 13; 645 13; 644 12; 643 12; 642 11; 641 11; 639 9; 638 9; 637 8; 636 8; 635 7; 634 7; 633 6; 632 6; 629 3; 629 2; 628 1; 625 1; 624 2; 621 2; 620 1; 620 0
1; 342 0; 342 1; 333 10; 332 10; 321 21; 320 21; 317 24; 316 24; 315 25; 314 25; 313 26; 312 26; 311 27; 310 27; 307 30; 307 34; 308 34; 309 35; 314 35; 315 36; 318 36; 319 37; 320 37; 322 39; 323 39; 327 43; 331 43; 332 42; 335 42; 336 43; 340 43; 341 44; 342 44; 343 45; 344 45; 345 46; 346 46; 350 50; 352 50; 353 49; 353 45; 352 44; 352 43; 351 42; 351 39; 350 38; 350 37; 351 36; 351 30; 350 29; 350 24; 351 23; 351 19; 350 18; 350 17; 348 15; 348 11; 347 10; 347 8; 346 7; 346 4; 345 3; 345 0
2; 690 0; 690 2; 691 3; 692 3; 695 6; 696 6; 698 8; 699 8; 701 10; 702 10; 703 11; 704 11; 705 12; 706 12; 707 13; 709 13; 710 14; 711 14; 712 15; 713 15; 717 19; 717 20; 719 22; 724 22; 725 21; 727 21; 728 22; 729 22; 732 25; 732 26; 733 27; 733 28; 734 29; 734 30; 740 36; 740 37; 741 38; 741 39; 742 40; 742 41; 748 47; 748 48; 750 50; 750 51; 752 53; 752 54; 755 54; 756 53; 756 51; 757 50; 757 48; 758 47; 758 45; 759 44; 759 43; 764 38; 765 38; 766 37; 767 37; 769 35; 769 32; 770 31; 770 30; 771 29; 771 24; 772 23; 772 22; 774 20; 774 19; 775 18; 775 13; 763 13; 762 12; 758 12; 757 13; 756 13; 755 14; 748 14; 747 15; 743 15; 742 16; 739 16; 738 17; 737 16; 729 16; 728 15; 726 15; 722 11; 722 4; 723 3; 723 0; 714 0; 714 4; 713 5; 712 5; 711 6; 710 5; 709 5; 708 4; 707 4; 706 3; 705 3; 703 1; 703 0
3; 868 9; 867 10; 867 13; 868 14; 868 15; 869 16; 869 17; 870 18; 870 19; 871 20; 871 21; 872 22; 872 25; 873 26; 873 27; 872 28; 872 31; 873 32; 873 33; 874 34; 874 35; 876 37; 876 38; 877 39; 877 42; 876 43; 878 45; 881 45; 882 46; 887 46; 888 47; 890 45; 891 45; 893 43; 894 43; 896 41; 897 41; 904 34; 905 34; 907 32; 908 32; 908 31; 915 24; 916 24; 916 21; 915 21; 914 20; 910 20; 909 19; 905 19; 904 18; 903 18; 899 14; 897 14; 896 13; 889 13; 888 12; 885 12; 884 11; 881 11; 880 12; 879 12; 878 11; 875 11; 874 10; 872 10; 871 9
4; 663 7; 663 11; 664 12; 664 14; 665 15; 665 25; 666 26; 666 32; 667 33; 667 35; 668 36; 668 37; 669 38; 669 40; 670 41; 670 43; 671 44; 671 54; 674 54; 675 53; 676 53; 678 51; 679 51; 681 49; 682 49; 687 44; 688 44; 689 43; 692 43; 693 44; 696 41; 696 39; 697 38; 697 37; 698 36; 698 35; 702 31; 703 31; 704 30; 705 30; 706 29; 707 29; 708 28; 711 28; 712 27; 712 25; 710 23; 707 23; 706 22; 701 22; 700 21; 697 21; 695 19; 694 19; 693 18; 691 18; 690 17; 688 17; 687 16; 686 16; 685 15; 684 15; 683 14; 682 14; 681 13; 680 13; 679 12; 677 12; 676 11; 675 11; 674 10; 673 10; 671 8; 670 8; 669 7
5; 126 8; 124 10; 123 10; 122 11; 120 11; 119 12; 117 12; 116 13; 110 13; 110 22; 111 23; 111 31; 114 31; 116 33; 116 37; 115 38; 115 40; 114 41; 114 45; 110 49; 109 49; 109 53; 110 54; 111 54; 113 56; 114 56; 117 59; 126 59; 127 58; 128 58; 132 54; 132 52; 133 51; 134 51; 135 50; 137 50; 138 49; 142 49; 143 48; 144 48; 145 47; 147 47; 148 46; 152 46; 153 47; 157 47; 158 46; 158 44; 155 41; 154 41; 151 38; 151 37; 147 33; 147 32; 146 31; 146 30; 140 24; 140 23; 136 19; 136 17; 135 16; 135 13; 132 10; 131 10; 129 8
6; 815 22; 814 23; 810 23; 809 24; 807 24; 806 25; 806 26; 801 31; 809 31; 810 32; 810 41; 813 44; 813 46; 819 52; 820 52; 821 51; 822 51; 824 53; 824 55; 825 56; 825 58; 826 59; 826 64; 832 64; 832 63; 833 62; 833 60; 834 59; 834 58; 836 56; 837 56; 838 55; 839 55; 842 52; 842 51; 852 41; 852 40; 856 36; 857 36; 858 35; 859 35; 860 34; 861 34; 861 32; 860 31; 859 31; 858 30; 853 30; 852 29; 850 29; 849 28; 848 28; 847 27; 846 27; 845 26; 844 26; 843 25; 841 25; 840 24; 838 24; 837 25; 830 25; 829 24; 826 24; 825 23; 824 23; 823 22
7; 85 12; 117 0; 81 0; 76 9; 74 0; 55 0; 67 11
8; 56 18; 47 17; 36 16; 21 25; 44 44
9; 91 61; 110 32; 109 13; 85 12; 67 11; 56 18
10; 56 18; 44 44; 51 59; 46 70; 96 77; 91 61
11; 47 17; 36 0; 27 0; 28 5; 24 8; 9 7; 7 0; 0 0; 0 13; 36 16
12; 517 20; 510 27; 510 28; 507 31; 507 32; 504 35; 503 35; 502 36; 501 36; 495 42; 493 42; 491 44; 490 44; 489 45; 488 45; 486 47; 485 47; 484 48; 483 48; 481 50; 481 53; 482 54; 483 54; 484 55; 486 55; 487 54; 490 54; 491 55; 492 55; 496 59; 496 60; 497 60; 498 61; 500 61; 501 60; 501 58; 505 54; 506 54; 507 53; 508 53; 509 54; 510 54; 512 56; 513 56; 515 58; 516 58; 520 62; 522 62; 523 63; 525 63; 526 64; 527 64; 528 65; 530 65; 530 61; 528 59; 528 58; 527 57; 527 56; 526 55; 526 53; 525 52; 525 48; 527 46; 527 42; 521 36; 521 23; 520 22; 520 21; 519 20
13; 249 26; 249 30; 250 31; 250 32; 251 33; 251 35; 252 36; 252 41; 253 42; 253 45; 254 46; 254 50; 253 51; 253 53; 254 54; 254 55; 255 56; 255 57; 256 58; 257 58; 259 60; 259 69; 260 70; 260 71; 261 72; 265 72; 269 68; 269 67; 270 66; 270 65; 271 64; 271 63; 275 59; 276 59; 278 57; 279 57; 281 55; 282 55; 290 47; 290 46; 291 45; 292 45; 295 42; 296 42; 297 41; 297 37; 296 37; 295 36; 284 36; 283 35; 281 35; 280 34; 279 34; 278 33; 278 32; 277 31; 277 30; 276 29; 273 29; 272 30; 259 30; 258 29; 257 29; 255 27; 254 27; 253 26
14; 719 23; 718 24; 718 25; 717 26; 716 26; 715 27; 713 27; 713 30; 712 31; 712 32; 707 37; 706 37; 702 41; 701 41; 700 42; 696 42; 694 44; 694 46; 693 47; 693 48; 689 52; 688 52; 686 54; 686 56; 687 57; 689 57; 690 58; 696 58; 697 59; 698 59; 699 60; 700 60; 702 62; 703 62; 704 63; 706 63; 707 64; 710 64; 711 65; 713 65; 714 66; 723 66; 724 67; 726 67; 728 69; 729 69; 730 70; 734 70; 735 69; 735 66; 734 65; 734 64; 733 63; 733 62; 732 61; 732 59; 731 58; 731 54; 730 53; 730 52; 729 51; 729 44; 728 43; 728 42; 726 40; 726 39; 725 38; 725 36; 724 35; 724 33; 725 32; 725 27; 724 26; 724 23
15; 800 32; 795 37; 794 37; 791 40; 790 40; 789 41; 788 41; 785 44; 785 45; 779 51; 778 51; 777 52; 776 52; 775 53; 774 53; 772 55; 772 58; 773 59; 779 59; 780 60; 784 60; 785 61; 786 61; 787 62; 788 62; 789 63; 790 63; 791 64; 794 64; 795 65; 797 65; 798 66; 799 66; 800 67; 801 67; 802 68; 812 68; 813 69; 814 69; 815 70; 819 70; 820 69; 820 66; 819 65; 819 64; 818 63; 818 61; 817 60; 817 55; 819 53; 812 46; 812 44; 809 41; 809 32
16; 161 53; 160 54; 155 54; 154 55; 146 55; 145 54; 140 54; 139 55; 132 55; 128 59; 127 59; 126 60; 117 60; 121 64; 121 65; 123 67; 123 68; 124 69; 124 70; 125 71; 125 72; 131 78; 131 79; 133 81; 133 83; 134 84; 134 85; 139 90; 139 91; 141 93; 141 94; 142 95; 146 95; 147 94; 147 92; 148 91; 148 89; 150 87; 150 86; 151 85; 151 84; 152 83; 152 82; 155 79; 156 79; 157 78; 159 78; 159 74; 158 73; 158 68; 159 67; 159 66; 160 65; 160 64; 161 63; 161 62; 166 57; 166 53
17; 0 41; 0 52; 2 52; 6 56; 6 57; 9 60; 9 61; 10 62; 10 65; 8 67; 0 67; 0 74; 15 74; 16 73; 17 74; 20 74; 21 75; 26 75; 26 70; 25 69; 24 69; 23 68; 22 68; 20 66; 20 65; 19 64; 19 63; 18 62; 18 60; 16 58; 16 57; 15 57; 13 55; 13 54; 11 52; 11 51; 10 50; 9 50; 7 48; 6 48; 4 46; 4 45; 2 43; 2 42; 1 41
18; 874 44; 873 45; 872 45; 871 46; 870 46; 870 47; 868 49; 867 49; 863 53; 862 53; 859 56; 858 56; 857 57; 855 57; 854 58; 854 60; 853 61; 853 64; 846 71; 845 71; 841 75; 840 75; 839 76; 839 78; 842 81; 842 82; 843 81; 853 81; 854 82; 855 82; 858 85; 859 85; 860 86; 875 86; 876 87; 878 87; 879 88; 883 88; 883 83; 884 82; 884 75; 883 74; 883 73; 882 72; 882 70; 881 69; 881 67; 880 66; 880 63; 879 62; 879 56; 881 54; 882 54; 883 53; 884 53; 885 52; 885 51; 886 50; 886 49; 887 48; 887 47; 882 47; 881 46; 878 46; 876 44
19; 889 58; 888 59; 888 61; 889 62; 889 73; 888 74; 888 76; 887 77; 885 77; 885 82; 884 83; 884 88; 885 89; 887 89; 890 92; 890 104; 891 105; 894 105; 895 104; 896 104; 898 102; 898 101; 899 100; 900 100; 902 98; 903 98; 904 97; 906 97; 907 96; 910 96; 911 95; 918 95; 918 94; 919 93; 919 92; 920 91; 920 90; 925 85; 927 85; 928 84; 930 84; 931 83; 933 83; 935 81; 935 78; 934 77; 933 77; 932 76; 928 76; 927 75; 926 75; 923 72; 922 72; 920 70; 919 70; 918 69; 916 69; 915 68; 912 68; 911 67; 910 67; 909 66; 908 66; 907 65; 906 65; 905 64; 904 64; 903 63; 901 63; 900 62; 899 62; 898 61; 896 61; 895 60; 894 60; 893 59; 892 59; 891 58
20; 826 65; 826 70; 825 71; 825 72; 821 76; 821 77; 810 88; 810 89; 807 92; 807 93; 804 96; 803 96; 802 97; 801 97; 799 99; 798 99; 797 100; 797 105; 798 106; 801 106; 802 105; 809 105; 810 106; 811 106; 812 107; 814 107; 815 108; 817 108; 818 109; 819 109; 820 110; 820 111; 821 112; 825 112; 826 111; 827 111; 828 110; 829 110; 830 111; 832 111; 833 112; 835 112; 836 111; 841 111; 842 112; 847 112; 847 108; 846 107; 846 106; 845 105; 845 104; 843 102; 843 99; 842 98; 842 96; 841 95; 841 94; 840 93; 840 92; 839 91; 839 85; 841 83; 841 81; 838 78; 838 77; 837 78; 836 78; 834 76; 834 75; 833 74; 833 66; 832 65
21; 974 74; 973 75; 972 75; 969 78; 969 79; 965 83; 964 83; 960 87; 959 87; 958 88; 957 88; 956 89; 955 89; 954 90; 954 91; 953 92; 953 93; 952 94; 952 95; 948 99; 948 100; 947 101; 947 102; 946 103; 946 104; 945 105; 944 105; 943 106; 942 106; 941 107; 940 107; 940 108; 939 109; 939 111; 940 112; 943 112; 944 113; 952 113; 953 114; 954 114; 955 115; 964 115; 965 116; 967 116; 968 117; 974 117; 975 118; 977 118; 978 119; 979 119; 980 120; 981 120; 982 121; 988 121; 988 120; 989 119; 989 117; 988 116; 988 115; 987 114; 987 113; 986 112; 986 103; 985 102; 985 101; 984 100; 984 99; 982 97; 982 96; 981 95; 981 91; 980 90; 980 87; 979 86; 979 84; 978 83; 978 80; 977 79; 977 75; 976 74
22; 55 100; 49 106; 47 106; 46 107; 42 107; 41 108; 39 108; 38 109; 36 109; 35 110; 34 110; 33 111; 32 111; 26 117; 25 117; 24 118; 23 118; 22 119; 20 119; 19 120; 17 120; 15 122; 15 124; 17 126; 19 126; 20 127; 23 127; 24 128; 25 128; 28 131; 28 132; 29 133; 29 134; 30 134; 31 135; 33 135; 34 136; 36 136; 38 138; 39 138; 41 140; 42 140; 43 141; 47 141; 52 146; 53 146; 54 147; 59 147; 59 138; 58 137; 59 136; 59 110; 60 109; 60 106; 61 105; 61 103; 60 102; 60 101; 59 100
23; 103 100; 102 101; 102 102; 96 108; 94 108; 93 109; 92 109; 91 110; 90 110; 89 111; 88 111; 85 114; 84 114; 81 117; 80 117; 75 122; 74 122; 73 123; 72 123; 71 124; 70 124; 69 125; 68 125; 67 126; 67 130; 68 131; 71 131; 72 132; 74 132; 75 133; 77 133; 78 134; 80 134; 81 135; 83 135; 86 138; 87 138; 88 139; 91 139; 92 140; 94 140; 95 141; 97 141; 98 142; 100 142; 101 143; 102 143; 104 145; 105 145; 106 146; 107 146; 108 147; 109 147; 110 148; 113 148; 114 147; 114 141; 113 140; 113 137; 112 136; 112 130; 111 129; 111 127; 110 126; 110 123; 109 122; 109 111; 108 110; 108 101; 107 100
24; 433 100; 433 101; 432 102; 432 106; 431 107; 431 110; 430 111; 430 112; 429 113; 429 115; 428 116; 428 117; 426 119; 425 119; 424 120; 424 125; 425 126; 425 127; 424 128; 424 130; 423 131; 423 133; 422 134; 422 135; 421 136; 421 137; 420 138; 420 139; 419 140; 419 141; 418 142; 418 145; 420 147; 424 147; 425 146; 426 146; 428 144; 430 144; 431 143; 441 143; 442 142; 443 143; 448 143; 449 142; 451 142; 452 141; 453 141; 454 140; 464 140; 465 139; 466 139; 467 138; 468 138; 469 137; 469 134; 467 132; 466 132; 465 131; 464 131; 462 129; 462 128; 461 127; 461 126; 460 125; 460 124; 459 123; 459 122; 455 118; 453 118; 452 117; 451 117; 449 115; 448 115; 446 113; 446 112; 441 107; 441 106; 440 105; 440 104; 438 102; 438 101; 437 100
25; 159 114; 159 118; 160 119; 160 122; 161 123; 161 125; 162 126; 162 129; 163 130; 163 136; 164 137; 164 138; 165 139; 165 140; 166 141; 166 142; 167 143; 167 147; 168 148; 168 151; 169 152; 169 159; 170 160; 170 161; 171 162; 174 162; 175 161; 175 160; 176 159; 176 158; 182 152; 183 152; 184 151; 185 151; 186 150; 187 150; 188 149; 189 149; 190 148; 191 148; 192 147; 192 146; 194 144; 194 143; 195 142; 195 141; 200 136; 201 136; 202 135; 203 135; 207 131; 207 130; 208 129; 208 127; 207 126; 205 126; 204 125; 201 125; 200 124; 195 124; 194 123; 193 123; 192 122; 191 122; 190 121; 185 121; 184 120; 182 120; 180 118; 179 118; 178 117; 177 117; 176 116; 173 116; 172 115; 163 115; 162 114
26; 978 125; 976 127; 976 129; 980 133; 980 134; 982 136; 982 137; 983 138; 983 139; 984 140; 984 141; 985 142; 985 143; 987 145; 987 146; 988 147; 988 148; 989 149; 989 150; 990 151; 990 152; 994 156; 994 157; 995 158; 995 160; 996 161; 996 162; 997 163; 997 165; 998 166; 998 167; 1000 169; 1002 169; 1003 168; 1003 167; 1004 166; 1004 165; 1006 163; 1006 161; 1007 160; 1007 159; 1008 158; 1008 157; 1009 156; 1009 155; 1014 150; 1015 150; 1016 149; 1017 149; 1018 148; 1018 147; 1019 146; 1019 143; 1020 142; 1020 141; 1021 140; 1022 140; 1023 139; 1023 126; 1022 126; 1021 127; 1019 127; 1018 128; 1007 128; 1006 127; 1002 127; 1001 126; 1000 126; 999 125; 992 125; 991 126; 989 126; 988 127; 986 127; 985 126; 982 126; 981 125
27; 561 122; 560 123; 559 123; 558 124; 556 124; 555 125; 553 125; 550 128; 548 128; 547 129; 546 129; 543 132; 543 133; 541 135; 540 135; 539 136; 538 136; 537 137; 534 137; 533 138; 532 138; 531 139; 530 139; 529 140; 528 140; 527 141; 526 141; 525 142; 524 142; 523 143; 522 143; 520 145; 520 148; 521 149; 525 149; 526 150; 527 150; 528 151; 529 151; 534 156; 534 157; 536 159; 536 160; 537 161; 539 161; 540 162; 543 162; 544 163; 546 163; 547 164; 551 164; 552 165; 553 165; 554 166; 555 166; 558 169; 559 169; 561 171; 565 171; 565 164; 564 163; 565 162; 565 149; 566 148; 566 144; 565 143; 565 139; 566 138; 566 129; 565 128; 565 123; 564 122
28; 141 126; 138 129; 138 130; 136 132; 136 133; 135 134; 135 135; 129 141; 129 142; 127 144; 127 145; 125 147; 125 148; 124 149; 124 150; 123 151; 123 152; 122 153; 122 154; 118 158; 117 158; 117 159; 114 162; 114 167; 118 167; 119 166; 130 166; 131 167; 133 167; 134 168; 137 168; 138 169; 141 169; 142 168; 147 168; 148 169; 156 169; 157 170; 158 170; 159 171; 163 171; 164 170; 165 170; 165 165; 162 162; 162 161; 161 160; 161 158; 160 157; 160 156; 158 154; 158 153; 156 151; 156 150; 155 149; 155 148; 154 147; 154 146; 153 145; 153 143; 152 142; 152 140; 151 139; 151 138; 150 137; 149 137; 146 134; 146 133; 145 132; 145 129; 144 128; 144 127; 143 126
29; 0 128; 0 178; 4 178; 9 173; 10 173; 12 171; 13 171; 14 170; 15 170; 16 169; 18 169; 19 168; 20 168; 21 167; 22 167; 23 166; 25 166; 26 165; 27 165; 29 163; 30 163; 31 162; 32 162; 33 161; 34 161; 35 160; 37 160; 38 159; 40 159; 44 155; 44 153; 42 151; 41 151; 40 150; 38 150; 37 149; 36 149; 34 147; 33 147; 32 146; 30 146; 29 145; 28 145; 26 143; 26 142; 24 140; 19 140; 18 139; 16 139; 15 138; 14 138; 13 137; 12 137; 11 136; 10 136; 9 135; 8 135; 1 128
30; 686 131; 685 132; 684 132; 684 133; 683 134; 683 135; 682 136; 682 137; 681 138; 681 139; 680 140; 680 141; 679 142; 678 142; 675 145; 675 146; 674 147; 674 148; 672 150; 671 150; 670 151; 669 151; 667 153; 667 155; 666 156; 666 158; 667 159; 666 160; 666 162; 662 166; 662 167; 661 168; 661 172; 662 173; 665 173; 666 172; 668 172; 669 173; 680 173; 681 172; 682 172; 683 173; 685 173; 686 174; 687 174; 688 175; 695 175; 696 174; 703 174; 704 175; 704 176; 706 176; 707 177; 709 177; 711 175; 711 170; 710 169; 710 168; 706 164; 706 163; 704 161; 704 160; 703 159; 703 156; 702 155; 702 154; 701 153; 701 152; 700 151; 700 149; 699 148; 699 147; 698 146; 698 145; 695 142; 694 142; 691 139; 691 138; 690 137; 690 135; 689 134; 689 132; 688 131
31; 762 143; 759 146; 758 146; 757 147; 755 147; 754 148; 753 148; 752 149; 751 149; 750 150; 749 150; 747 152; 746 152; 743 155; 742 155; 741 156; 740 156; 737 159; 736 159; 731 164; 730 164; 729 165; 727 165; 726 166; 725 166; 723 168; 723 169; 722 170; 722 172; 721 173; 725 173; 726 174; 728 174; 729 175; 737 175; 738 176; 739 176; 741 178; 742 178; 743 179; 744 179; 745 180; 746 180; 747 181; 748 181; 749 182; 750 182; 751 183; 752 183; 753 184; 757 184; 758 185; 759 185; 765 191; 768 191; 769 190; 769 189; 770 188; 770 186; 769 185; 769 174; 770 173; 770 171; 771 170; 771 167; 770 166; 770 165; 769 164; 769 163; 768 162; 768 160; 767 159; 767 156; 766 155; 766 154; 767 153; 767 151; 768 150; 768 145; 767 144; 767 143
32; 913 168; 910 171; 910 172; 909 173; 909 174; 907 176; 906 176; 905 177; 902 177; 900 179; 900 180; 899 181; 899 182; 898 183; 898 184; 897 185; 897 186; 894 189; 894 190; 892 192; 891 192; 887 196; 886 196; 885 197; 884 197; 883 198; 882 198; 880 200; 880 202; 882 204; 892 204; 893 205; 896 205; 897 206; 898 206; 901 209; 902 209; 903 210; 908 210; 909 211; 917 211; 918 212; 920 212; 921 213; 922 213; 924 215; 925 215; 926 216; 928 216; 929 215; 929 212; 927 210; 927 209; 925 207; 925 205; 924 204; 924 199; 925 198; 925 194; 924 193; 924 192; 923 191; 923 189; 922 188; 922 181; 921 180; 921 179; 919 177; 919 176; 918 175; 918 171; 917 170; 917 169; 916 168
33; 703 177; 701 179; 699 179; 698 180; 696 180; 695 181; 694 181; 693 182; 689 182; 688 183; 682 183; 681 184; 678 184; 677 185; 675 185; 674 186; 672 186; 671 187; 668 187; 667 186; 661 186; 659 188; 659 191; 660 192; 661 192; 663 194; 664 194; 670 200; 670 201; 671 202; 671 203; 674 206; 675 206; 680 211; 680 212; 684 216; 684 217; 685 218; 685 219; 686 220; 685 221; 688 221; 689 222; 692 222; 692 220; 693 219; 693 217; 694 216; 694 215; 695 214; 695 212; 696 211; 696 209; 697 208; 697 207; 698 206; 698 205; 703 200; 703 196; 702 195; 702 192; 703 191; 703 189; 704 188; 704 187; 707 184; 707 183; 708 182; 708 181; 709 180; 709 178; 707 178; 706 177
34; 560 182; 560 185; 563 188; 563 189; 565 191; 565 192; 566 193; 566 196; 567 197; 567 198; 568 199; 568 200; 569 201; 569 202; 570 203; 570 204; 571 205; 571 207; 572 208; 572 210; 573 211; 573 213; 574 214; 574 215; 575 216; 574 217; 574 218; 573 219; 573 223; 575 223; 578 226; 578 227; 585 227; 584 226; 584 225; 585 224; 585 223; 586 222; 586 221; 592 215; 593 215; 595 213; 597 213; 598 212; 599 212; 599 208; 598 207; 598 205; 605 198; 605 197; 609 193; 610 193; 610 192; 611 191; 611 189; 610 188; 610 187; 600 187; 599 188; 598 187; 596 187; 594 185; 584 185; 583 184; 581 184; 580 183; 577 183; 576 184; 570 184; 569 183; 567 183; 566 182
35; 721 174; 721 175; 720 176; 720 179; 719 180; 719 182; 718 183; 718 184; 716 186; 716 188; 715 189; 715 191; 714 192; 714 193; 712 195; 712 205; 711 206; 711 208; 710 209; 710 211; 707 214; 707 215; 706 216; 706 218; 707 219; 714 219; 715 218; 716 218; 717 217; 718 217; 719 216; 721 216; 722 215; 726 215; 727 214; 732 214; 733 215; 740 215; 741 214; 741 213; 742 212; 743 212; 744 211; 753 211; 755 209; 755 207; 754 206; 754 205; 753 204; 753 203; 749 199; 748 199; 747 198; 746 198; 742 194; 742 193; 740 191; 740 190; 739 189; 739 188; 738 187; 737 187; 734 184; 733 184; 731 182; 731 181; 729 179; 729 176; 728 175; 726 175; 725 174
36; 1001 181; 1001 193; 1000 194; 1000 196; 999 197; 999 204; 1000 205; 1000 210; 999 211; 999 224; 998 225; 998 226; 1000 226; 1001 227; 1004 227; 1006 225; 1007 225; 1008 224; 1010 224; 1011 223; 1013 223; 1014 222; 1015 222; 1016 221; 1017 221; 1018 220; 1023 220; 1023 210; 1022 210; 1021 211; 1020 211; 1019 212; 1018 212; 1017 213; 1016 213; 1015 214; 1014 214; 1013 215; 1008 215; 1006 213; 1006 205; 1007 204; 1007 198; 1008 197; 1008 196; 1009 195; 1013 195; 1014 196; 1015 196; 1016 197; 1017 197; 1018 198; 1019 198; 1021 200; 1023 200; 1023 192; 1022 191; 1021 191; 1018 188; 1016 188; 1015 187; 1013 187; 1010 184; 1009 184; 1008 183; 1007 183; 1005 181
37; 38 174; 37 175; 36 175; 36 176; 34 178; 34 179; 30 183; 29 183; 28 184; 27 184; 26 185; 26 186; 25 187; 25 188; 24 189; 24 190; 22 192; 21 192; 19 194; 18 194; 12 200; 11 200; 8 203; 7 203; 5 205; 5 208; 6 209; 10 209; 11 210; 16 210; 17 211; 18 211; 19 212; 20 212; 23 215; 24 215; 26 217; 28 217; 29 218; 33 218; 34 217; 39 217; 40 218; 42 218; 44 220; 45 220; 47 222; 48 222; 49 223; 53 223; 54 222; 54 218; 53 217; 53 216; 52 215; 52 214; 51 213; 51 212; 49 210; 49 203; 48 202; 48 196; 47 195; 47 192; 46 191; 46 190; 44 188; 44 187; 43 186; 43 182; 42 181; 42 176; 40 174
38; 446 176; 444 178; 444 179; 442 181; 442 182; 432 192; 427 192; 427 196; 426 197; 426 198; 418 206; 417 206; 416 207; 415 207; 413 209; 413 211; 414 211; 415 212; 416 212; 417 213; 419 213; 420 214; 425 214; 426 215; 427 215; 429 217; 430 217; 431 218; 433 218; 434 219; 442 219; 443 220; 446 220; 447 221; 448 221; 449 222; 451 222; 452 223; 453 223; 454 224; 455 224; 456 225; 459 225; 461 223; 461 220; 459 218; 459 217; 458 216; 458 215; 457 214; 457 211; 458 210; 458 205; 457 204; 457 203; 455 201; 455 199; 454 198; 454 192; 453 191; 453 188; 452 187; 452 183; 451 182; 451 177; 450 176
39; 629 190; 628 191; 628 203; 629 204; 629 208; 627 210; 627 211; 626 212; 626 215; 627 216; 627 221; 626 222; 626 225; 625 226; 625 236; 627 238; 629 238; 634 233; 636 233; 637 232; 639 232; 640 231; 641 231; 642 230; 643 230; 644 229; 647 229; 648 228; 649 228; 650 227; 651 227; 653 225; 654 225; 657 222; 658 222; 659 221; 660 221; 661 220; 663 220; 664 219; 665 219; 666 218; 671 218; 673 216; 673 215; 671 213; 670 213; 669 212; 668 212; 667 211; 666 211; 665 210; 664 210; 659 205; 658 205; 656 203; 654 203; 653 202; 651 202; 645 196; 640 196; 639 195; 638 195; 633 190
40; 104 190; 104 193; 103 194; 103 199; 102 200; 102 203; 101 204; 101 205; 100 206; 100 207; 99 208; 99 209; 97 211; 97 212; 96 213; 96 216; 95 217; 95 218; 94 219; 94 220; 93 221; 93 224; 92 225; 92 227; 91 228; 91 229; 90 230; 90 231; 89 232; 89 234; 91 236; 95 236; 96 235; 98 235; 99 234; 102 234; 103 233; 106 233; 107 232; 115 232; 116 233; 120 233; 124 229; 125 229; 126 228; 139 228; 140 227; 140 225; 139 224; 139 223; 138 223; 137 222; 136 222; 133 219; 133 218; 132 217; 132 216; 128 212; 127 212; 125 210; 125 209; 123 207; 123 206; 122 205; 122 204; 121 203; 120 203; 118 201; 117 201; 116 200; 115 200; 110 195; 110 194; 109 193; 109 192; 107 190
41; 529 197; 528 198; 528 204; 529 205; 529 207; 530 208; 530 218; 529 219; 529 222; 530 223; 530 234; 529 235; 529 247; 533 247; 535 245; 536 245; 539 242; 540 242; 541 241; 543 241; 544 240; 545 240; 546 239; 550 239; 552 237; 553 237; 553 236; 555 234; 555 233; 558 230; 559 230; 560 229; 561 229; 562 228; 563 228; 564 227; 565 227; 566 226; 567 226; 568 225; 569 225; 570 224; 572 224; 572 219; 571 219; 570 218; 569 218; 568 217; 567 217; 564 214; 563 214; 562 213; 561 213; 560 212; 559 212; 558 211; 556 211; 555 210; 554 210; 552 208; 551 208; 548 205; 546 205; 545 204; 541 204; 540 203; 538 203; 533 198; 532 198; 531 197
42; 674 216; 672 218; 672 226; 671 227; 671 234; 670 235; 670 236; 669 237; 669 240; 668 241; 668 242; 667 243; 667 245; 666 246; 666 249; 665 250; 665 252; 666 253; 666 255; 667 256; 667 258; 666 259; 666 260; 665 261; 665 265; 666 266; 669 266; 670 265; 671 265; 672 264; 673 264; 675 262; 676 262; 677 261; 684 261; 687 258; 688 258; 689 257; 693 257; 694 256; 696 256; 697 255; 699 255; 700 254; 701 254; 702 253; 704 253; 705 252; 710 252; 711 251; 713 251; 714 250; 714 248; 711 245; 709 245; 708 244; 707 244; 699 236; 699 235; 697 233; 697 232; 696 231; 696 230; 695 229; 694 229; 691 226; 691 223; 689 223; 688 222; 685 222; 684 223; 682 223; 678 219; 678 218; 677 217; 676 217; 675 216
43; 742 222; 741 223; 739 223; 738 224; 738 228; 740 230; 740 231; 741 232; 741 233; 742 234; 742 235; 743 236; 743 237; 744 238; 744 241; 745 242; 745 245; 746 246; 746 247; 749 250; 749 251; 751 253; 751 255; 752 256; 752 260; 753 261; 753 263; 754 264; 754 268; 756 270; 758 270; 759 269; 759 268; 760 267; 760 266; 764 262; 765 262; 766 261; 768 261; 769 260; 770 260; 771 259; 771 257; 772 256; 772 254; 773 253; 773 252; 774 251; 775 251; 777 249; 778 249; 779 248; 779 247; 780 246; 780 245; 781 244; 781 243; 784 240; 785 240; 789 236; 789 233; 788 232; 787 232; 786 231; 776 231; 775 230; 773 230; 772 229; 769 229; 768 228; 767 228; 766 227; 764 227; 763 226; 761 226; 760 227; 753 227; 752 226; 751 226; 750 225; 749 225; 747 223; 746 223; 745 222
44; 997 227; 995 229; 994 229; 992 231; 990 231; 989 232; 986 232; 985 233; 984 233; 982 235; 981 235; 980 236; 977 236; 976 237; 974 237; 972 239; 971 239; 970 240; 969 240; 967 242; 966 242; 964 244; 963 244; 962 245; 962 251; 963 252; 963 258; 964 258; 965 257; 966 258; 967 258; 971 262; 972 262; 975 265; 976 265; 980 269; 981 269; 982 270; 983 270; 984 271; 985 271; 986 272; 987 272; 991 276; 994 276; 994 275; 995 274; 995 263; 996 262; 996 257; 997 256; 997 255; 1000 252; 1000 250; 998 248; 998 247; 997 246; 997 239; 998 238; 998 237; 1000 235; 1000 234; 1002 232; 1002 230; 1003 229; 1003 228; 1001 228; 1000 227
45; 578 228; 578 229; 577 230; 577 231; 572 236; 572 237; 568 241; 567 241; 565 243; 564 243; 561 246; 561 247; 559 249; 559 250; 554 255; 553 255; 549 259; 548 259; 548 260; 547 261; 547 263; 548 264; 559 264; 564 269; 568 269; 569 268; 571 268; 572 269; 574 269; 575 270; 576 270; 577 271; 584 271; 585 272; 587 272; 588 273; 590 273; 591 274; 596 274; 597 273; 597 271; 596 270; 596 269; 595 268; 595 267; 594 266; 594 262; 593 261; 593 258; 592 257; 592 249; 590 247; 590 246; 589 245; 589 243; 588 242; 588 241; 587 240; 587 238; 586 237; 586 234; 585 233; 585 228
46; 382 244; 381 245; 379 245; 378 246; 377 246; 375 248; 374 248; 373 249; 371 249; 370 250; 368 250; 367 251; 366 251; 365 252; 364 252; 363 253; 361 253; 360 254; 359 254; 358 255; 357 255; 355 257; 353 257; 352 258; 347 258; 346 259; 342 259; 341 260; 341 263; 343 265; 344 265; 347 268; 348 268; 349 269; 350 269; 353 272; 353 273; 354 274; 354 278; 356 280; 364 280; 365 281; 366 281; 367 282; 368 282; 369 283; 370 283; 374 287; 374 288; 375 289; 375 290; 378 293; 381 293; 382 292; 382 291; 383 290; 383 288; 382 287; 382 277; 383 276; 383 274; 384 273; 384 271; 385 270; 385 267; 388 264; 388 261; 387 260; 387 259; 386 258; 386 249; 387 248; 387 245; 386 244
47; 936 241; 935 242; 935 248; 934 249; 934 260; 933 261; 933 263; 932 264; 932 265; 931 266; 931 268; 930 269; 930 278; 929 279; 929 281; 928 282; 928 283; 927 284; 927 285; 926 286; 926 289; 927 290; 930 290; 931 289; 932 289; 933 288; 940 288; 941 287; 942 287; 943 286; 944 286; 947 283; 948 283; 949 282; 950 282; 951 281; 952 281; 953 280; 954 280; 955 279; 957 279; 958 278; 959 278; 963 274; 965 274; 966 273; 970 273; 970 270; 967 267; 966 267; 961 262; 961 261; 963 259; 962 258; 962 252; 961 251; 961 245; 960 245; 959 246; 958 246; 957 247; 955 247; 951 251; 948 251; 941 244; 941 243; 939 241
48; 403 241; 402 242; 402 243; 401 244; 401 247; 399 249; 399 250; 398 251; 398 253; 397 254; 397 258; 396 259; 396 260; 395 261; 395 262; 392 265; 392 270; 393 271; 392 272; 392 278; 391 279; 391 280; 387 284; 387 286; 388 287; 389 287; 390 288; 393 288; 394 287; 396 287; 397 286; 399 286; 400 285; 404 285; 405 284; 409 284; 410 283; 416 283; 417 282; 419 282; 420 281; 423 281; 424 280; 427 280; 428 279; 435 279; 438 276; 438 275; 430 267; 430 266; 429 265; 428 265; 422 259; 422 258; 415 251; 415 250; 414 249; 414 248; 413 247; 413 246; 411 244; 410 244; 408 242; 407 242; 406 241
49; 44 251; 43 252; 43 259; 44 260; 44 261; 43 262; 43 267; 42 268; 42 273; 41 274; 41 276; 40 277; 40 290; 39 291; 39 292; 38 293; 38 294; 37 295; 37 302; 38 303; 39 303; 45 297; 47 297; 48 296; 50 296; 51 295; 55 295; 56 294; 58 294; 59 293; 61 293; 64 290; 65 290; 67 288; 68 288; 70 286; 72 286; 73 285; 74 285; 75 284; 77 284; 78 283; 83 283; 84 282; 85 282; 85 278; 84 277; 81 277; 80 276; 78 276; 70 268; 69 268; 64 263; 63 263; 62 262; 61 262; 60 261; 59 261; 58 260; 57 260; 55 258; 54 258; 47 251
50; 166 263; 164 265; 164 268; 165 269; 165 272; 166 273; 166 276; 165 277; 165 281; 164 282; 164 284; 163 285; 163 289; 164 290; 164 291; 165 292; 165 294; 166 295; 166 296; 167 297; 167 311; 168 312; 170 312; 171 311; 172 311; 177 306; 179 306; 180 305; 181 305; 182 304; 183 304; 186 301; 187 301; 188 300; 195 300; 197 298; 197 297; 198 296; 199 296; 200 295; 202 295; 205 292; 206 292; 207 291; 208 291; 209 290; 210 290; 211 289; 211 287; 209 285; 208 285; 207 284; 206 284; 204 282; 203 282; 202 281; 201 281; 199 279; 198 279; 197 278; 196 278; 195 277; 194 277; 193 276; 191 276; 189 274; 188 274; 186 272; 185 272; 184 271; 182 271; 181 270; 178 270; 177 269; 176 269; 174 267; 173 267; 169 263
51; 840 267; 834 273; 833 273; 832 274; 829 274; 828 275; 827 275; 826 276; 823 276; 822 275; 818 275; 817 276; 817 277; 816 278; 816 279; 812 283; 811 283; 810 284; 809 284; 808 285; 806 285; 805 286; 803 286; 802 287; 800 287; 800 292; 802 292; 803 293; 806 293; 807 294; 808 294; 816 302; 818 302; 819 303; 820 303; 823 306; 823 307; 825 309; 828 309; 829 310; 830 310; 831 311; 832 311; 836 315; 840 315; 841 314; 841 311; 842 310; 842 309; 843 308; 843 306; 844 305; 844 303; 843 302; 843 292; 844 291; 844 289; 845 288; 845 286; 844 285; 844 282; 845 281; 845 279; 846 278; 846 268; 845 267
52; 446 274; 445 275; 444 275; 442 277; 440 277; 439 276; 435 280; 436 281; 436 283; 434 285; 433 285; 430 288; 429 288; 420 297; 419 297; 417 299; 416 299; 415 300; 414 300; 412 302; 411 302; 410 303; 410 307; 411 308; 420 308; 421 309; 422 309; 423 310; 424 310; 426 312; 427 312; 428 313; 429 313; 430 314; 431 314; 432 315; 443 315; 444 316; 445 316; 446 317; 447 317; 448 318; 449 318; 452 321; 453 321; 454 322; 456 322; 457 321; 459 321; 459 319; 458 318; 458 317; 457 316; 457 315; 456 314; 456 311; 455 310; 455 303; 454 302; 454 298; 453 297; 453 293; 452 292; 452 283; 451 282; 451 281; 450 280; 450 276; 448 274
53; 691 288; 690 289; 690 293; 691 294; 691 296; 692 297; 692 299; 693 300; 693 312; 694 313; 694 317; 693 318; 693 322; 694 323; 694 325; 695 326; 695 328; 694 329; 694 331; 693 332; 693 333; 692 334; 692 336; 693 337; 693 338; 697 338; 698 339; 700 337; 700 334; 704 330; 706 330; 707 329; 709 329; 710 328; 713 328; 714 327; 715 327; 717 325; 718 325; 719 324; 720 324; 721 323; 722 323; 728 317; 729 317; 730 316; 732 316; 733 315; 735 315; 736 314; 736 310; 735 310; 734 309; 733 309; 732 308; 728 308; 727 307; 726 307; 725 306; 724 306; 717 299; 717 298; 716 297; 714 297; 713 296; 711 296; 710 295; 709 295; 708 294; 702 294; 701 293; 700 293; 697 290; 696 290; 695 289; 694 289; 693 288
54; 339 286; 337 288; 337 305; 338 306; 338 319; 339 320; 339 336; 340 337; 342 337; 343 336; 344 336; 344 335; 349 330; 351 330; 352 329; 356 329; 357 328; 359 328; 360 329; 362 329; 363 328; 363 326; 364 325; 364 324; 366 322; 367 322; 370 319; 371 319; 372 318; 373 318; 374 317; 375 317; 377 315; 378 315; 379 314; 381 314; 383 312; 383 310; 382 309; 380 309; 379 308; 378 308; 377 307; 375 307; 374 306; 372 306; 371 305; 370 305; 368 303; 367 303; 366 302; 365 302; 363 300; 362 300; 357 295; 356 295; 355 294; 354 294; 353 293; 351 293; 350 292; 349 292; 347 290; 346 290; 343 287; 342 287; 341 286
55; 981 287; 980 288; 980 289; 979 290; 979 291; 978 292; 978 293; 976 295; 975 295; 973 297; 972 297; 965 304; 965 305; 962 308; 961 308; 953 316; 952 316; 950 318; 950 319; 949 320; 948 320; 948 322; 949 323; 949 325; 950 324; 961 324; 962 325; 963 325; 964 326; 965 326; 966 327; 967 327; 968 328; 973 328; 974 329; 977 329; 978 330; 982 330; 983 329; 986 329; 987 330; 988 330; 990 332; 991 332; 992 333; 996 333; 997 332; 998 332; 998 329; 995 326; 995 325; 994 324; 994 318; 993 317; 993 309; 989 305; 989 304; 988 303; 988 302; 987 301; 987 294; 986 293; 986 290; 985 289; 985 288; 984 287
56; 146 295; 144 297; 143 297; 141 299; 140 299; 139 300; 136 300; 135 301; 130 301; 129 300; 124 300; 122 302; 121 302; 120 303; 119 303; 116 306; 115 306; 114 307; 105 307; 104 308; 103 308; 103 310; 108 315; 109 315; 111 317; 112 317; 113 318; 114 318; 121 325; 121 326; 122 327; 122 328; 125 331; 126 331; 128 333; 129 333; 132 336; 132 337; 133 338; 133 339; 135 341; 135 342; 136 343; 140 343; 141 342; 141 330; 142 329; 142 328; 145 325; 145 323; 146 322; 146 318; 147 317; 147 309; 148 308; 148 306; 149 305; 149 304; 150 303; 150 302; 151 301; 151 296; 150 295
57; 15 294; 14 295; 14 297; 13 298; 13 303; 14 304; 14 306; 15 307; 15 312; 14 313; 14 316; 13 317; 13 320; 12 321; 12 324; 11 325; 11 328; 12 329; 12 333; 11 334; 11 336; 10 337; 10 338; 9 339; 9 342; 10 343; 14 343; 17 340; 18 340; 20 338; 25 338; 26 337; 27 337; 29 335; 30 335; 33 332; 35 332; 36 331; 37 331; 38 330; 40 330; 41 329; 44 329; 46 327; 47 327; 48 326; 49 326; 50 325; 53 325; 54 324; 55 324; 56 323; 56 320; 55 320; 54 319; 51 319; 50 318; 49 318; 47 316; 46 316; 41 311; 41 310; 38 307; 38 304; 37 303; 36 303; 35 304; 29 304; 28 303; 27 303; 26 302; 25 302; 23 300; 22 300; 20 298; 20 297; 17 294
58; 680 297; 671 306; 670 306; 669 307; 668 307; 667 308; 666 308; 665 309; 664 309; 663 310; 659 310; 658 311; 657 311; 653 315; 651 315; 650 316; 646 316; 645 317; 644 317; 644 318; 643 319; 643 320; 647 324; 647 325; 648 326; 649 326; 650 327; 652 327; 653 328; 655 328; 656 329; 657 329; 659 331; 660 331; 662 333; 663 333; 665 335; 666 335; 667 336; 668 336; 669 337; 671 337; 672 338; 674 338; 675 339; 676 339; 677 340; 678 340; 680 342; 681 342; 685 346; 688 346; 689 345; 689 341; 688 340; 688 339; 687 338; 687 334; 686 333; 686 325; 687 324; 687 319; 686 318; 686 317; 685 316; 685 313; 684 312; 684 305; 685 304; 685 298; 684 297
59; 905 300; 904 301; 904 315; 903 316; 903 317; 899 321; 899 324; 901 326; 901 327; 902 328; 902 336; 903 337; 903 342; 902 343; 902 348; 903 349; 905 349; 906 348; 907 348; 908 347; 909 347; 910 346; 911 346; 916 341; 917 341; 918 340; 920 340; 921 339; 922 339; 923 338; 925 338; 929 334; 930 334; 933 331; 934 331; 936 329; 938 329; 939 328; 941 328; 942 327; 945 327; 946 326; 947 326; 948 325; 948 323; 947 322; 947 321; 942 321; 941 320; 939 320; 936 317; 936 316; 935 315; 935 314; 933 312; 932 312; 931 311; 929 311; 928 310; 926 310; 925 309; 921 309; 920 308; 918 308; 917 307; 916 307; 915 306; 913 306; 909 302; 909 301; 908 300
60; 636 306; 634 308; 633 308; 632 309; 631 309; 630 310; 622 310; 621 311; 617 311; 616 312; 613 312; 612 313; 611 313; 610 314; 609 314; 608 315; 607 315; 606 316; 604 316; 603 317; 602 317; 601 318; 597 318; 596 319; 593 319; 593 322; 599 328; 600 328; 602 330; 602 331; 603 332; 604 332; 606 334; 607 334; 609 336; 609 339; 610 340; 610 342; 614 342; 619 347; 619 348; 620 349; 621 349; 622 350; 623 350; 627 354; 630 354; 631 353; 632 353; 632 343; 633 342; 633 338; 634 337; 634 334; 635 333; 635 331; 636 330; 636 328; 637 327; 637 324; 638 323; 638 322; 639 321; 640 321; 641 320; 642 320; 642 319; 643 318; 643 317; 642 317; 641 316; 641 315; 640 314; 640 312; 641 311; 641 308; 640 307; 640 306
61; 457 322; 456 323; 454 323; 454 324; 452 326; 450 326; 449 327; 446 327; 445 328; 434 328; 433 327; 431 327; 430 326; 427 326; 426 327; 426 331; 428 333; 429 333; 434 338; 434 340; 435 341; 434 342; 434 346; 437 349; 438 349; 445 356; 445 357; 446 358; 446 362; 447 363; 447 364; 448 365; 449 365; 452 368; 456 368; 458 366; 458 365; 459 364; 459 363; 460 362; 460 361; 461 360; 461 359; 462 358; 462 357; 464 355; 464 353; 466 351; 467 351; 468 350; 469 350; 471 348; 471 338; 474 335; 474 334; 475 333; 475 329; 476 328; 476 324; 468 324; 467 325; 466 324; 461 324; 459 322
62; 206 327; 205 328; 205 332; 207 334; 207 335; 208 336; 208 337; 209 338; 209 342; 210 343; 210 351; 212 353; 212 354; 213 355; 213 357; 214 358; 214 360; 215 361; 215 362; 216 363; 216 364; 217 365; 217 366; 218 367; 218 370; 219 371; 219 372; 221 374; 223 374; 230 367; 230 366; 231 365; 232 365; 233 364; 234 364; 239 359; 240 360; 242 358; 242 355; 243 354; 243 353; 244 352; 244 351; 247 348; 247 347; 255 339; 255 336; 254 335; 251 335; 250 336; 241 336; 240 335; 238 335; 237 334; 236 334; 231 329; 228 329; 227 330; 222 330; 221 331; 217 331; 216 330; 214 330; 213 329; 212 329; 211 328; 209 328; 208 327
63; 701 337; 699 339; 699 342; 700 343; 700 357; 701 358; 701 361; 700 362; 700 364; 699 365; 699 370; 700 371; 700 374; 696 378; 696 383; 697 383; 699 385; 699 387; 698 388; 700 388; 701 389; 703 389; 704 388; 704 387; 706 385; 707 385; 708 384; 709 384; 710 383; 711 383; 712 382; 713 382; 714 381; 717 381; 718 380; 720 380; 721 379; 722 379; 727 374; 728 374; 732 370; 733 370; 734 369; 735 369; 736 368; 740 368; 741 367; 743 367; 745 365; 745 363; 743 361; 742 361; 741 360; 740 360; 738 358; 737 358; 736 357; 735 357; 734 356; 733 356; 729 352; 729 351; 727 349; 723 349; 722 348; 720 348; 719 347; 716 347; 715 346; 713 346; 708 341; 707 341; 705 339; 704 339; 703 338; 702 338
64; 650 355; 649 356; 649 361; 650 362; 650 363; 651 364; 651 366; 652 367; 652 373; 651 374; 651 380; 650 381; 650 383; 652 385; 652 387; 653 388; 653 389; 652 390; 652 391; 651 392; 651 394; 650 395; 650 399; 651 400; 651 401; 652 402; 655 402; 655 401; 656 400; 656 399; 657 398; 657 397; 658 396; 659 396; 660 395; 661 396; 663 396; 664 397; 669 397; 674 392; 675 392; 676 391; 677 391; 678 390; 681 390; 685 386; 686 386; 687 385; 689 385; 690 384; 693 384; 694 383; 695 383; 695 377; 692 377; 691 376; 689 376; 688 375; 687 375; 686 374; 684 374; 683 373; 682 373; 681 372; 680 372; 678 370; 677 370; 676 369; 675 369; 674 368; 673 368; 672 367; 671 367; 668 364; 667 364; 666 363; 665 363; 664 362; 663 362; 662 361; 661 361; 660 360; 659 360; 655 356; 654 356; 653 355
65; 243 358; 241 360; 241 363; 242 364; 242 368; 243 369; 243 371; 244 372; 244 375; 245 376; 244 377; 244 379; 245 380; 245 391; 250 396; 250 407; 251 408; 255 408; 257 406; 257 405; 263 399; 264 399; 266 397; 267 397; 270 394; 271 394; 274 391; 275 391; 277 389; 277 388; 281 384; 283 384; 284 383; 285 383; 287 381; 288 381; 289 380; 290 380; 291 379; 291 375; 285 375; 284 374; 282 374; 281 373; 280 373; 278 371; 277 371; 276 370; 275 370; 272 367; 272 365; 271 364; 271 363; 266 363; 264 365; 263 365; 262 366; 261 366; 260 365; 255 365; 254 364; 252 364; 251 363; 250 363; 249 362; 248 362; 244 358
66; 595 359; 594 360; 594 362; 595 363; 595 364; 596 365; 596 370; 597 371; 597 374; 598 375; 598 380; 599 381; 599 385; 600 386; 600 388; 601 389; 601 390; 602 391; 602 392; 603 393; 603 400; 604 401; 604 407; 606 409; 609 409; 611 407; 611 406; 612 405; 612 404; 613 403; 613 402; 614 401; 615 401; 617 399; 618 399; 619 398; 620 398; 621 397; 622 397; 623 396; 625 396; 626 395; 629 395; 631 393; 631 392; 632 391; 632 389; 633 388; 633 387; 636 384; 637 384; 638 383; 639 383; 640 382; 641 382; 644 379; 644 375; 643 374; 640 374; 639 373; 634 373; 633 372; 632 372; 631 371; 629 371; 628 370; 626 370; 625 369; 623 369; 622 368; 620 368; 619 367; 617 367; 616 366; 614 366; 613 365; 612 365; 611 364; 610 364; 609 363; 608 363; 607 362; 605 362; 604 361; 602 361; 601 360; 600 360; 599 359
67; 976 362; 966 372; 965 372; 963 374; 963 375; 962 376; 962 377; 960 379; 959 379; 958 380; 957 380; 956 381; 954 381; 953 382; 953 383; 952 384; 952 385; 951 386; 951 387; 946 392; 945 392; 943 394; 943 396; 945 398; 947 398; 948 399; 950 399; 951 400; 952 400; 953 401; 955 401; 956 402; 957 402; 958 403; 960 403; 963 406; 963 407; 964 408; 967 408; 968 409; 971 409; 971 408; 972 407; 977 407; 978 408; 985 408; 986 409; 987 409; 988 410; 991 410; 992 409; 992 406; 991 405; 991 404; 990 403; 990 402; 989 401; 989 400; 988 399; 988 397; 987 396; 987 392; 986 391; 986 385; 984 383; 984 382; 982 380; 982 378; 981 377; 981 376; 980 375; 980 374; 979 373; 979 367; 980 366; 980 364; 978 362
68; 414 373; 414 374; 413 375; 413 379; 414 380; 414 381; 413 382; 413 384; 411 386; 411 387; 410 388; 410 391; 409 392; 409 393; 408 394; 408 403; 407 404; 407 405; 406 406; 406 408; 405 409; 405 413; 402 416; 402 420; 403 421; 408 421; 409 420; 410 420; 412 418; 413 418; 414 417; 423 417; 424 416; 425 416; 426 415; 433 415; 435 413; 436 413; 437 412; 439 412; 440 413; 442 413; 443 412; 445 412; 448 409; 451 409; 452 408; 453 408; 454 407; 454 405; 452 403; 450 403; 449 402; 448 402; 447 401; 446 401; 445 400; 444 400; 443 399; 443 398; 437 392; 437 391; 436 390; 436 387; 435 387; 427 379; 426 379; 425 378; 424 378; 423 377; 422 377; 418 373
69; 698 389; 698 390; 692 396; 691 396; 689 398; 687 398; 686 399; 685 399; 684 400; 683 400; 682 401; 681 401; 680 402; 679 402; 678 403; 677 403; 676 404; 676 405; 675 406; 674 406; 671 409; 669 409; 668 410; 667 410; 666 411; 664 411; 663 412; 661 412; 659 414; 658 414; 658 419; 659 420; 663 420; 664 421; 666 421; 667 422; 670 422; 671 423; 673 423; 674 424; 675 424; 680 429; 680 430; 686 430; 687 431; 688 431; 689 432; 691 432; 692 433; 693 433; 698 438; 699 438; 700 439; 703 439; 705 437; 705 429; 706 428; 706 426; 705 425; 705 412; 706 411; 706 408; 705 407; 705 406; 702 403; 702 397; 703 396; 703 390; 701 390; 700 389
70; 323 397; 322 398; 322 402; 323 403; 323 406; 324 407; 324 408; 325 409; 325 415; 326 416; 326 419; 325 420; 325 422; 324 423; 324 425; 325 426; 325 427; 326 428; 326 429; 327 430; 327 431; 328 432; 328 434; 329 435; 329 445; 330 446; 332 446; 339 439; 340 439; 342 437; 343 437; 344 436; 345 436; 346 435; 347 435; 348 434; 350 434; 351 433; 352 433; 355 430; 356 430; 358 428; 359 428; 363 424; 363 423; 365 421; 366 421; 368 419; 369 419; 371 417; 371 414; 370 413; 365 413; 364 412; 361 412; 360 411; 359 411; 357 409; 356 409; 354 407; 350 407; 348 405; 348 403; 347 402; 347 399; 346 399; 345 398; 341 398; 337 402; 334 402; 332 400; 331 400; 329 398; 328 398; 327 397
71; 53 398; 51 400; 50 400; 47 403; 46 403; 45 404; 42 404; 41 405; 40 405; 39 406; 38 406; 36 408; 35 408; 34 409; 30 409; 29 410; 28 410; 26 412; 26 413; 23 416; 22 416; 21 417; 15 417; 13 419; 13 421; 14 422; 15 422; 16 423; 17 423; 19 425; 20 425; 24 429; 25 429; 27 431; 28 431; 29 432; 30 432; 31 433; 32 433; 34 435; 35 435; 36 436; 37 436; 39 438; 40 438; 43 441; 44 441; 46 443; 47 443; 50 446; 51 446; 52 447; 55 447; 56 446; 56 445; 57 444; 57 442; 58 441; 58 440; 59 439; 59 429; 60 428; 60 426; 61 425; 61 424; 62 423; 62 421; 61 420; 61 419; 59 417; 59 415; 58 414; 58 411; 57 410; 57 405; 58 404; 58 402; 59 401; 59 399; 58 398
72; 964 409; 963 410; 963 416; 964 417; 964 420; 965 421; 965 424; 966 425; 966 426; 965 427; 965 437; 966 438; 966 441; 967 442; 967 443; 968 444; 968 445; 969 446; 969 456; 973 456; 975 454; 976 454; 977 453; 978 453; 982 449; 983 449; 984 448; 986 448; 987 447; 988 447; 999 436; 1000 436; 1002 434; 1003 434; 1006 431; 1008 431; 1009 430; 1010 430; 1011 429; 1011 427; 1009 425; 1007 425; 1006 424; 1003 424; 1002 423; 1000 423; 999 422; 998 422; 996 420; 995 420; 994 419; 994 418; 993 417; 993 416; 991 414; 987 414; 986 415; 985 414; 978 414; 977 413; 975 413; 974 412; 973 412; 971 410; 968 410; 967 409
73; 443 413; 442 414; 440 414; 440 418; 441 419; 441 421; 442 422; 442 427; 441 428; 441 429; 440 430; 440 431; 439 432; 439 440; 440 441; 440 443; 439 444; 439 447; 438 448; 438 453; 439 454; 439 462; 440 463; 444 463; 447 460; 448 460; 450 458; 451 458; 452 457; 453 457; 454 456; 455 456; 456 455; 457 455; 458 454; 459 454; 460 453; 461 453; 462 452; 464 452; 465 451; 466 451; 467 450; 468 450; 469 449; 470 449; 472 447; 473 447; 475 445; 476 445; 477 444; 484 444; 486 442; 486 440; 481 435; 479 435; 478 434; 476 434; 474 432; 473 432; 470 429; 469 429; 468 428; 468 421; 467 420; 462 420; 461 421; 454 421; 452 419; 451 419; 445 413
74; 216 422; 214 424; 213 424; 212 425; 210 425; 209 426; 207 426; 206 427; 205 427; 203 429; 201 429; 200 430; 196 430; 195 431; 193 431; 189 435; 187 435; 186 436; 184 436; 183 437; 182 437; 180 439; 179 439; 178 440; 175 440; 174 441; 173 441; 172 442; 172 445; 174 447; 175 447; 177 449; 177 451; 179 453; 181 453; 183 451; 184 451; 185 452; 186 452; 187 453; 188 453; 189 454; 190 454; 191 455; 192 455; 193 456; 194 456; 200 462; 201 462; 202 463; 204 463; 212 471; 216 471; 217 470; 217 467; 216 466; 216 464; 215 463; 215 456; 216 455; 216 452; 217 451; 217 450; 220 447; 221 447; 222 446; 222 444; 221 443; 221 442; 218 439; 218 433; 219 432; 219 430; 220 429; 220 423; 219 422
75; 926 435; 923 438; 922 438; 921 439; 919 439; 918 440; 917 440; 916 441; 915 441; 914 442; 913 442; 912 443; 911 443; 908 446; 907 446; 906 447; 905 447; 905 448; 900 453; 899 453; 898 454; 897 454; 896 455; 895 455; 894 456; 893 456; 890 459; 889 459; 889 460; 888 461; 888 463; 889 464; 895 464; 896 465; 898 465; 899 466; 900 466; 905 471; 906 471; 907 472; 910 472; 911 473; 912 473; 913 474; 914 474; 915 475; 917 475; 919 477; 920 477; 921 478; 922 478; 923 479; 924 479; 927 482; 928 482; 929 483; 933 483; 933 478; 932 477; 932 475; 931 474; 931 436; 930 435
76; 368 435; 367 436; 367 439; 368 440; 368 441; 370 443; 370 446; 371 447; 371 449; 372 450; 372 457; 371 458; 371 462; 372 463; 372 465; 373 466; 373 471; 372 472; 372 474; 373 475; 373 477; 374 478; 374 483; 373 484; 376 484; 377 485; 380 485; 382 483; 382 482; 384 480; 385 480; 387 478; 390 478; 391 477; 394 477; 396 475; 396 474; 397 473; 397 472; 401 468; 402 468; 403 467; 404 467; 406 465; 407 465; 408 464; 409 464; 410 463; 411 463; 412 462; 414 462; 417 459; 417 457; 416 456; 413 456; 412 455; 410 455; 409 454; 408 454; 407 453; 406 453; 403 450; 402 450; 401 449; 397 449; 396 448; 394 448; 393 447; 392 447; 391 446; 390 446; 389 445; 385 445; 384 444; 382 444; 381 443; 380 443; 379 442; 378 442; 371 435
77; 757 446; 756 447; 756 450; 757 451; 757 454; 758 455; 758 468; 757 469; 757 474; 758 475; 758 476; 760 478; 760 479; 761 480; 761 481; 762 482; 762 494; 763 495; 766 495; 775 486; 776 486; 778 484; 779 484; 780 483; 781 483; 782 482; 784 482; 790 476; 791 476; 795 472; 796 472; 800 468; 801 468; 802 467; 803 467; 804 466; 804 463; 803 462; 793 462; 788 457; 787 457; 786 456; 782 456; 781 455; 780 455; 778 453; 777 453; 775 451; 773 451; 772 450; 768 450; 767 449; 765 449; 764 448; 763 448; 762 447; 760 447; 759 446
78; 266 453; 265 454; 263 454; 262 455; 260 455; 259 456; 248 456; 247 457; 246 457; 245 458; 244 458; 243 459; 240 459; 239 458; 234 458; 234 460; 235 461; 235 462; 241 468; 241 469; 243 471; 243 472; 244 473; 244 475; 245 476; 245 478; 246 479; 246 480; 247 480; 249 482; 250 482; 254 486; 254 487; 255 488; 256 488; 258 490; 258 491; 260 493; 260 496; 261 497; 264 497; 267 494; 267 493; 268 492; 268 491; 269 490; 269 489; 270 488; 270 487; 271 486; 271 484; 272 483; 272 482; 273 481; 273 480; 274 479; 274 478; 275 477; 275 476; 276 475; 276 474; 277 473; 277 472; 279 470; 279 469; 280 468; 280 467; 281 466; 281 463; 282 462; 282 461; 283 460; 283 459; 284 458; 284 457; 285 456; 285 454; 284 453; 280 453; 279 454; 272 454; 271 453
79; 309 448; 308 449; 308 457; 309 458; 309 463; 308 464; 308 470; 309 471; 309 484; 310 485; 310 496; 311 497; 313 497; 316 494; 317 494; 318 493; 319 493; 320 492; 321 492; 322 491; 324 491; 325 490; 326 490; 327 489; 328 489; 329 488; 330 488; 331 487; 333 487; 334 486; 334 485; 337 482; 338 482; 341 479; 342 479; 343 478; 344 478; 345 477; 346 477; 347 476; 350 476; 351 475; 353 475; 354 474; 354 470; 353 469; 351 469; 350 468; 348 468; 347 467; 346 467; 345 466; 344 466; 343 465; 341 465; 340 464; 339 464; 338 463; 335 463; 334 462; 333 462; 332 461; 331 461; 329 459; 328 459; 327 458; 325 458; 324 457; 322 457; 321 456; 320 456; 319 455; 318 455; 317 454; 316 454; 314 452; 314 451; 313 450; 313 449; 312 448
80; 176 452; 174 454; 173 454; 172 455; 171 455; 170 456; 169 456; 168 457; 167 457; 166 458; 165 458; 164 459; 160 459; 159 458; 156 458; 155 459; 155 463; 152 466; 151 466; 150 467; 149 467; 148 468; 146 468; 145 469; 142 469; 141 470; 139 470; 138 471; 136 471; 135 472; 135 475; 136 476; 137 476; 138 477; 139 477; 140 478; 141 478; 143 480; 144 480; 145 481; 146 481; 147 482; 148 482; 151 485; 152 485; 157 490; 158 490; 159 491; 160 491; 161 492; 162 492; 164 494; 165 494; 166 495; 168 495; 169 496; 170 496; 174 500; 178 500; 179 499; 179 496; 178 495; 178 494; 177 493; 177 486; 178 485; 178 483; 179 482; 179 478; 180 477; 180 468; 179 467; 179 458; 180 457; 180 454; 179 454; 177 452
81; 700 469; 698 471; 698 472; 694 476; 692 476; 691 477; 685 477; 684 476; 677 476; 677 479; 678 480; 678 481; 680 483; 680 484; 686 490; 686 492; 687 493; 687 495; 695 503; 695 504; 699 508; 699 509; 700 510; 700 511; 701 512; 701 513; 702 514; 702 515; 703 516; 704 516; 705 517; 708 517; 709 516; 709 515; 710 514; 710 508; 712 506; 712 505; 717 500; 717 498; 718 497; 718 495; 721 492; 721 490; 722 489; 722 488; 723 487; 723 486; 724 485; 724 484; 726 482; 729 482; 729 480; 730 479; 730 474; 729 474; 728 473; 726 473; 725 472; 723 472; 722 473; 720 473; 719 474; 717 474; 716 475; 706 475; 704 473; 704 472; 703 471; 703 470; 702 469
82; 878 471; 876 473; 876 475; 877 476; 877 477; 878 478; 878 488; 877 489; 877 494; 876 495; 876 498; 877 499; 877 501; 878 502; 878 503; 879 504; 879 509; 880 510; 880 519; 881 520; 885 520; 891 514; 896 514; 899 511; 899 510; 902 507; 904 507; 905 506; 907 506; 908 505; 909 505; 911 503; 912 503; 913 502; 914 502; 915 501; 916 501; 917 500; 918 500; 919 499; 920 499; 921 498; 922 498; 923 497; 923 494; 921 494; 920 493; 917 493; 916 492; 914 492; 913 491; 912 491; 907 486; 906 486; 905 485; 903 485; 902 484; 900 484; 898 482; 897 482; 895 480; 893 480; 892 479; 891 479; 890 478; 889 478; 886 475; 885 475; 881 471
83; 811 478; 811 484; 812 485; 812 490; 811 491; 811 492; 810 493; 810 499; 811 500; 811 501; 812 502; 812 503; 813 504; 813 507; 814 508; 814 512; 815 513; 815 520; 814 521; 814 525; 815 526; 815 527; 820 527; 821 526; 821 525; 830 516; 831 516; 832 515; 833 515; 834 514; 839 514; 843 510; 843 509; 847 505; 848 505; 849 504; 850 504; 851 503; 852 503; 853 502; 855 502; 856 501; 856 498; 854 496; 851 496; 850 495; 848 495; 847 494; 846 494; 844 492; 843 492; 842 491; 841 491; 839 489; 838 489; 836 487; 835 487; 834 486; 832 486; 830 484; 829 484; 828 483; 827 483; 826 482; 819 482; 818 481; 817 481; 814 478
84; 731 475; 731 479; 730 480; 730 482; 729 483; 730 484; 730 487; 729 488; 729 496; 728 497; 728 499; 727 500; 727 501; 724 504; 724 508; 725 509; 725 513; 722 516; 722 517; 721 518; 721 519; 720 520; 720 523; 721 524; 725 524; 727 522; 730 522; 731 521; 734 521; 735 520; 738 520; 739 519; 741 519; 742 518; 744 518; 745 517; 746 517; 747 516; 750 516; 751 515; 754 515; 755 514; 760 514; 761 513; 768 513; 769 512; 770 512; 770 509; 768 507; 767 507; 756 496; 756 495; 755 494; 754 494; 752 492; 751 492; 750 491; 749 491; 747 489; 746 489; 743 486; 742 486; 738 482; 738 481; 733 476; 732 476
85; 126 491; 126 497; 125 498; 125 500; 124 501; 124 502; 123 503; 123 505; 122 506; 122 510; 121 511; 121 513; 120 514; 120 516; 119 517; 119 522; 118 523; 118 525; 117 526; 117 527; 116 528; 116 532; 115 533; 115 537; 117 539; 119 539; 120 538; 121 538; 123 536; 124 536; 125 535; 132 535; 134 537; 138 537; 139 536; 141 536; 141 535; 144 532; 145 532; 148 529; 150 529; 151 528; 153 528; 154 527; 162 527; 164 525; 164 523; 151 510; 151 509; 150 508; 150 507; 148 505; 146 505; 145 504; 144 504; 140 500; 139 500; 130 491
86; 369 490; 330 506; 330 510; 338 514; 343 521; 360 529; 370 537; 378 539; 390 492; 383 493; 379 491
87; 420 512; 426 496; 428 479; 414 484; 403 485; 390 492
88; 390 492; 378 539; 392 550; 409 543; 416 536; 421 535; 423 524; 420 520; 420 512
89; 900 520; 900 522; 901 523; 901 524; 902 525; 903 525; 905 527; 905 528; 907 530; 907 538; 908 539; 908 541; 909 542; 909 543; 911 545; 911 546; 912 547; 912 548; 913 549; 913 550; 915 552; 915 553; 916 554; 916 555; 917 556; 917 560; 918 561; 918 562; 920 564; 923 564; 925 562; 925 561; 933 553; 933 552; 935 550; 935 549; 936 548; 937 548; 938 547; 939 547; 939 546; 940 545; 940 543; 942 541; 942 540; 944 538; 944 537; 948 533; 949 533; 952 530; 952 526; 951 525; 944 525; 943 524; 928 524; 927 523; 925 523; 924 522; 923 522; 922 521; 919 521; 918 520
90; 753 524; 752 525; 750 525; 749 526; 748 526; 747 527; 746 527; 745 528; 738 528; 737 529; 732 529; 731 530; 726 530; 725 531; 718 531; 717 532; 709 532; 708 533; 707 533; 706 534; 706 537; 716 547; 716 548; 718 550; 718 552; 721 555; 722 555; 723 556; 725 556; 726 557; 727 557; 728 558; 728 559; 735 566; 735 567; 737 569; 737 570; 739 572; 741 572; 742 571; 742 568; 743 567; 743 563; 744 562; 744 560; 745 559; 745 557; 746 556; 746 555; 747 554; 747 553; 749 551; 749 550; 750 549; 750 548; 752 546; 752 545; 753 544; 753 541; 752 540; 752 538; 753 537; 753 536; 754 535; 754 534; 755 533; 755 532; 757 530; 757 525; 756 524
91; 424 526; 424 527; 423 528; 423 531; 422 532; 422 535; 420 537; 420 538; 421 539; 421 541; 422 542; 421 543; 421 549; 422 550; 422 551; 423 552; 423 553; 424 554; 424 560; 425 561; 425 564; 426 565; 426 568; 425 569; 425 572; 428 572; 429 573; 433 573; 435 571; 435 570; 438 567; 439 567; 440 566; 442 566; 443 565; 445 565; 449 561; 450 561; 452 559; 453 559; 456 556; 456 555; 460 551; 461 551; 462 550; 463 550; 464 549; 466 549; 467 548; 467 545; 466 544; 464 544; 463 543; 462 543; 461 542; 459 542; 458 541; 457 541; 456 540; 455 540; 453 538; 452 538; 450 536; 448 536; 447 535; 442 535; 441 534; 439 534; 438 533; 437 533; 436 532; 435 532; 434 531; 433 531; 432 530; 431 530; 430 529; 429 529; 428 528; 427 528; 426 527; 425 527
92; 160 532; 156 536; 155 536; 154 537; 150 537; 149 536; 144 536; 143 537; 139 537; 138 538; 135 538; 136 539; 136 540; 133 543; 132 543; 131 544; 130 544; 129 545; 127 545; 126 546; 125 546; 124 547; 123 547; 122 548; 116 548; 115 549; 115 553; 116 553; 117 554; 119 554; 120 555; 121 555; 122 556; 123 556; 134 567; 135 567; 137 569; 138 569; 139 570; 140 570; 141 571; 143 571; 144 572; 145 572; 149 576; 149 577; 150 578; 150 579; 151 580; 151 581; 155 581; 155 580; 156 579; 156 573; 157 572; 157 567; 158 566; 158 565; 159 564; 159 562; 160 561; 160 554; 161 553; 161 545; 162 544; 162 542; 163 541; 163 539; 164 538; 164 532
93; 854 539; 853 540; 853 544; 855 546; 856 546; 859 549; 859 550; 860 551; 860 552; 861 553; 861 555; 862 556; 862 563; 864 565; 864 566; 866 568; 866 573; 870 577; 870 578; 871 579; 871 584; 872 585; 872 587; 873 588; 873 589; 874 590; 877 590; 878 589; 878 588; 879 587; 879 586; 880 585; 880 584; 890 574; 891 574; 892 573; 892 572; 897 567; 897 566; 900 563; 901 563; 902 562; 903 562; 904 561; 904 560; 907 557; 907 553; 906 553; 905 552; 896 552; 892 548; 891 548; 890 547; 885 547; 883 545; 880 545; 879 546; 867 546; 866 545; 865 545; 863 543; 862 543; 860 541; 860 540; 859 539
94; 202 537; 200 539; 200 541; 202 543; 204 543; 205 544; 205 546; 204 547; 203 547; 201 549; 200 549; 199 550; 197 550; 196 551; 189 551; 188 552; 186 552; 183 555; 182 555; 180 557; 177 557; 176 558; 173 558; 172 559; 166 559; 164 561; 164 563; 165 564; 166 564; 167 565; 168 565; 169 566; 170 566; 171 567; 172 567; 176 571; 176 572; 185 581; 188 581; 189 582; 190 582; 191 583; 192 583; 196 587; 196 588; 198 590; 198 591; 199 592; 202 592; 203 591; 203 590; 204 589; 204 580; 205 579; 205 578; 206 577; 206 576; 207 575; 207 574; 208 573; 208 567; 207 566; 207 562; 208 561; 208 559; 209 558; 209 556; 210 555; 210 553; 211 552; 211 551; 212 550; 212 544; 208 544; 207 543; 207 540; 206 539; 206 538; 205 537
95; 482 547; 481 548; 481 552; 482 553; 482 555; 483 556; 483 557; 482 558; 482 563; 481 564; 481 571; 482 572; 482 573; 485 576; 485 579; 486 580; 486 583; 485 584; 485 589; 484 590; 484 595; 485 596; 486 596; 487 597; 489 597; 490 596; 491 596; 497 590; 498 590; 500 588; 507 588; 507 587; 508 586; 508 584; 509 583; 509 582; 512 579; 513 579; 516 576; 517 576; 519 574; 520 574; 521 573; 522 573; 523 572; 525 572; 526 571; 527 571; 528 570; 528 567; 527 567; 526 566; 524 566; 523 565; 521 565; 520 564; 518 564; 517 563; 516 563; 515 562; 514 562; 513 561; 512 561; 509 558; 508 558; 506 556; 505 556; 504 555; 502 555; 501 554; 499 554; 498 553; 497 553; 496 552; 493 552; 492 551; 490 551; 486 547
96; 637 556; 636 557; 635 557; 634 558; 633 558; 627 564; 627 566; 626 567; 626 568; 625 569; 625 570; 622 573; 622 574; 618 578; 618 580; 617 581; 617 582; 616 583; 616 584; 610 590; 609 590; 608 591; 608 594; 610 596; 621 596; 622 597; 625 597; 626 598; 642 598; 643 599; 645 599; 647 601; 649 601; 650 602; 658 602; 658 598; 657 597; 657 596; 654 593; 654 592; 653 591; 653 590; 652 589; 652 587; 651 586; 651 581; 654 578; 654 576; 653 576; 652 575; 651 575; 648 572; 648 571; 647 570; 647 568; 646 567; 646 566; 645 565; 645 564; 644 563; 644 562; 643 561; 643 560; 642 559; 642 558; 641 557; 640 557; 639 556
97; 397 560; 397 573; 398 574; 398 578; 397 579; 397 581; 396 582; 396 583; 395 584; 395 587; 396 588; 396 596; 395 597; 395 601; 394 602; 394 609; 395 610; 397 610; 398 609; 399 609; 401 607; 402 607; 403 606; 404 606; 406 608; 413 608; 413 604; 414 603; 414 602; 417 599; 421 599; 422 598; 424 598; 425 597; 426 597; 427 596; 428 596; 429 595; 430 595; 431 594; 432 594; 433 593; 434 593; 435 592; 436 592; 437 591; 438 591; 439 590; 439 587; 437 585; 435 585; 431 581; 431 580; 430 579; 431 578; 431 576; 433 574; 429 574; 428 573; 425 573; 424 572; 423 573; 419 573; 418 572; 417 572; 416 571; 415 571; 414 570; 413 570; 411 568; 410 568; 406 564; 405 564; 404 563; 403 563; 400 560
98; 29 564; 29 566; 28 567; 28 574; 25 577; 23 575; 15 575; 14 576; 12 576; 11 577; 9 577; 8 578; 7 578; 6 579; 4 579; 3 580; 0 580; 0 588; 6 588; 8 590; 8 599; 7 600; 7 602; 6 603; 6 604; 3 607; 0 607; 0 617; 1 618; 2 618; 6 622; 8 622; 9 621; 9 615; 10 614; 10 613; 11 612; 11 610; 12 609; 12 607; 13 606; 13 605; 15 603; 15 601; 16 600; 16 596; 19 593; 19 589; 18 588; 18 585; 22 581; 24 583; 24 585; 25 586; 25 596; 24 597; 24 600; 23 601; 23 602; 22 603; 22 607; 21 608; 21 610; 24 610; 25 611; 28 611; 31 608; 32 608; 33 607; 35 607; 36 606; 48 606; 49 605; 49 604; 54 599; 55 599; 56 598; 58 598; 59 597; 67 597; 69 595; 69 592; 68 592; 67 591; 64 591; 62 589; 61 589; 58 586; 57 586; 50 579; 49 579; 45 575; 44 575; 42 573; 41 573; 40 572; 39 572; 34 567; 34 566; 32 564
99; 94 566; 94 567; 92 569; 92 570; 90 572; 90 573; 89 574; 89 576; 88 577; 88 579; 84 583; 83 583; 82 584; 80 584; 79 585; 78 585; 78 586; 77 587; 77 589; 76 590; 76 592; 73 595; 72 595; 70 593; 70 595; 67 598; 68 599; 68 601; 67 602; 67 603; 66 604; 66 608; 69 608; 71 606; 77 606; 78 607; 81 607; 82 608; 85 608; 86 609; 93 609; 94 608; 99 608; 100 609; 103 609; 104 610; 118 610; 118 609; 119 608; 119 606; 118 606; 117 605; 116 605; 112 601; 112 600; 111 599; 111 594; 110 593; 110 592; 105 587; 105 586; 104 585; 104 584; 103 583; 103 582; 102 581; 102 580; 101 579; 101 577; 100 576; 100 575; 99 574; 99 572; 98 571; 98 569; 97 568; 97 567; 96 566
100; 280 573; 279 574; 277 574; 276 575; 268 575; 267 576; 266 576; 265 577; 264 577; 263 578; 262 578; 261 579; 254 579; 253 580; 252 580; 251 581; 250 581; 249 582; 248 582; 247 583; 245 583; 244 584; 237 584; 236 585; 234 585; 233 586; 233 588; 234 589; 235 589; 238 592; 239 592; 241 594; 241 595; 243 597; 243 598; 244 599; 244 600; 245 601; 245 603; 246 604; 246 605; 247 606; 248 606; 249 607; 252 607; 255 610; 256 610; 258 612; 259 612; 263 616; 264 616; 266 618; 267 618; 268 619; 272 619; 273 618; 273 609; 274 608; 274 607; 275 606; 275 605; 277 603; 277 599; 278 598; 278 588; 279 587; 279 585; 280 584; 280 583; 281 582; 281 581; 282 580; 282 579; 283 578; 283 574; 282 573
101; 520 594; 519 595; 519 600; 520 601; 520 603; 521 604; 521 615; 520 616; 520 618; 521 619; 521 622; 522 623; 522 624; 523 625; 523 627; 524 628; 524 637; 523 638; 523 641; 524 642; 524 643; 525 644; 527 644; 528 643; 529 643; 532 640; 533 640; 535 638; 535 637; 537 635; 538 635; 540 633; 541 633; 543 631; 544 631; 546 629; 547 629; 548 628; 550 628; 551 627; 552 627; 553 626; 554 626; 554 625; 560 619; 562 619; 563 618; 565 618; 567 616; 567 613; 566 612; 563 612; 562 611; 559 611; 558 610; 556 610; 553 607; 552 607; 550 605; 548 605; 547 604; 545 604; 544 603; 543 603; 542 602; 541 602; 540 601; 539 601; 538 600; 534 600; 533 599; 532 599; 531 598; 530 598; 529 597; 528 597; 527 596; 526 596; 525 595; 524 595; 523 594
102; 936 596; 936 597; 935 598; 935 601; 934 602; 934 607; 933 608; 933 610; 932 611; 932 612; 929 615; 928 615; 927 616; 927 620; 928 621; 928 636; 925 639; 925 640; 924 641; 924 643; 926 645; 928 645; 929 644; 931 644; 932 643; 934 643; 935 642; 936 642; 937 641; 939 641; 940 640; 948 640; 949 639; 951 639; 952 638; 955 638; 956 637; 958 637; 959 636; 960 636; 962 634; 963 634; 964 633; 965 633; 966 632; 972 632; 973 631; 973 628; 970 625; 969 625; 963 619; 963 618; 962 617; 962 616; 961 616; 960 615; 959 615; 958 614; 956 614; 954 612; 953 612; 947 606; 946 606; 942 602; 942 601; 941 600; 941 599; 939 597; 939 596
103; 126 597; 125 598; 125 604; 122 607; 120 607; 120 608; 119 609; 119 611; 121 613; 121 617; 120 618; 120 619; 119 620; 119 621; 116 624; 116 625; 115 626; 115 629; 116 630; 116 633; 115 634; 115 636; 114 637; 114 638; 113 639; 113 640; 112 641; 112 644; 118 644; 119 643; 122 643; 123 642; 124 643; 132 643; 133 642; 134 642; 135 641; 136 641; 137 640; 138 640; 139 639; 144 639; 145 638; 147 638; 148 637; 150 637; 151 636; 154 636; 155 637; 160 637; 161 636; 161 634; 155 628; 155 627; 148 620; 148 619; 145 616; 145 615; 142 612; 141 612; 133 604; 133 603; 131 601; 131 600; 130 599; 130 598; 129 598; 128 597
104; 65 609; 63 611; 62 611; 61 612; 60 612; 59 613; 56 613; 55 614; 52 614; 51 615; 46 615; 45 614; 37 614; 36 615; 30 615; 28 613; 28 612; 25 612; 24 611; 21 611; 20 612; 20 613; 18 615; 18 618; 22 622; 22 623; 24 625; 24 627; 25 628; 25 630; 26 631; 26 632; 28 634; 28 635; 29 636; 29 638; 30 639; 33 639; 41 647; 41 648; 42 649; 42 651; 43 652; 43 653; 44 654; 44 655; 48 655; 49 654; 49 652; 50 651; 50 649; 51 648; 51 646; 52 645; 52 643; 53 642; 53 641; 54 640; 54 639; 56 637; 56 636; 58 634; 58 633; 59 632; 59 630; 60 629; 60 628; 61 627; 61 626; 62 625; 62 624; 63 623; 63 622; 64 621; 64 620; 66 618; 66 617; 67 616; 67 615; 68 614; 68 609
105; 817 602; 817 603; 816 604; 816 606; 815 607; 815 609; 814 610; 814 611; 813 612; 813 614; 812 615; 812 616; 811 617; 811 619; 810 620; 810 621; 809 622; 809 627; 808 628; 808 635; 807 636; 807 637; 806 638; 806 639; 803 642; 803 646; 804 647; 804 650; 805 649; 808 649; 809 648; 814 648; 815 647; 820 647; 821 648; 822 648; 823 649; 824 649; 825 650; 828 650; 830 648; 830 647; 832 645; 833 645; 835 643; 837 643; 838 642; 846 642; 847 641; 849 641; 850 640; 850 636; 849 636; 842 629; 842 628; 840 626; 840 625; 839 624; 839 623; 836 620; 835 620; 829 614; 828 614; 824 610; 824 609; 823 608; 823 606; 822 605; 822 604; 820 602
106; 407 609; 407 610; 406 611; 406 612; 401 617; 400 617; 399 618; 396 618; 395 619; 394 619; 394 620; 393 621; 393 626; 388 631; 387 631; 386 632; 385 632; 383 634; 382 634; 378 638; 378 641; 380 643; 381 643; 383 645; 383 646; 382 647; 387 647; 387 646; 389 644; 391 644; 393 646; 393 648; 394 649; 394 651; 395 652; 395 654; 411 654; 411 653; 413 651; 418 651; 419 652; 423 652; 424 653; 426 653; 427 652; 427 648; 426 647; 426 646; 424 644; 424 642; 423 641; 423 630; 422 629; 422 628; 421 627; 421 626; 419 624; 419 623; 418 622; 418 621; 417 620; 417 619; 416 618; 416 616; 415 615; 415 612; 414 611; 414 609
107; 776 685; 789 694; 797 694; 808 700; 809 695; 802 675; 802 643; 787 642
108; 787 642; 767 631; 762 626; 754 624; 754 647; 757 657; 755 671; 759 672; 764 679; 764 683; 776 685
109; 685 623; 682 626; 682 627; 681 628; 681 629; 679 631; 678 631; 670 639; 670 640; 668 642; 668 643; 667 644; 666 644; 663 647; 663 648; 662 649; 662 651; 661 652; 661 653; 655 659; 655 661; 656 661; 657 662; 659 662; 660 663; 667 663; 668 664; 669 664; 673 668; 677 668; 678 667; 684 667; 685 668; 690 668; 691 669; 695 669; 696 670; 699 670; 700 671; 701 671; 704 668; 703 667; 703 666; 702 665; 702 664; 697 659; 697 658; 696 657; 696 652; 697 651; 697 648; 696 647; 696 643; 691 638; 691 635; 690 634; 690 632; 689 631; 689 630; 688 629; 688 624; 687 623
110; 200 647; 199 648; 199 650; 200 651; 200 652; 202 654; 202 655; 204 657; 204 659; 205 660; 205 669; 204 670; 204 672; 206 674; 206 675; 209 675; 211 677; 211 678; 212 679; 212 680; 215 683; 215 684; 216 685; 216 693; 217 694; 219 694; 220 693; 222 693; 222 692; 221 691; 222 690; 222 687; 223 686; 223 685; 226 682; 226 681; 227 680; 228 680; 232 676; 232 675; 233 674; 233 673; 234 672; 234 671; 236 669; 236 668; 239 665; 240 665; 244 661; 244 660; 246 658; 246 657; 247 656; 247 653; 244 653; 243 654; 237 654; 233 650; 224 650; 223 651; 222 650; 208 650; 206 648; 205 648; 204 647
111; 542 639; 537 644; 536 644; 527 653; 526 653; 523 656; 523 657; 518 662; 517 662; 513 666; 510 666; 509 667; 506 667; 505 668; 504 668; 504 671; 505 672; 508 672; 509 673; 510 673; 511 674; 512 674; 513 675; 515 675; 516 676; 517 676; 518 677; 519 677; 520 678; 524 678; 525 679; 528 679; 529 680; 532 680; 533 681; 534 681; 535 682; 537 682; 538 683; 545 683; 549 687; 551 687; 552 686; 554 686; 553 685; 553 682; 552 681; 552 679; 551 678; 551 668; 550 667; 550 666; 549 665; 549 664; 548 663; 548 656; 547 655; 547 653; 546 652; 546 640; 545 639
112; 884 645; 883 646; 883 649; 884 650; 884 651; 885 652; 885 653; 886 654; 886 655; 887 656; 887 665; 888 666; 888 668; 889 669; 889 671; 890 672; 890 677; 891 678; 891 680; 892 681; 892 682; 893 683; 893 685; 894 686; 894 687; 895 688; 895 693; 896 694; 899 694; 900 693; 900 692; 901 691; 901 690; 903 688; 903 687; 906 684; 907 684; 910 681; 911 681; 912 680; 914 680; 915 679; 916 679; 916 678; 917 677; 917 675; 919 673; 919 672; 923 668; 924 668; 927 665; 928 665; 929 664; 930 664; 931 663; 932 663; 932 659; 931 658; 923 658; 921 656; 920 656; 919 655; 918 655; 917 654; 915 654; 914 653; 912 653; 911 652; 903 652; 902 651; 900 651; 899 650; 895 650; 894 649; 892 649; 889 646; 888 646; 887 645
113; 553 651; 553 653; 554 654; 554 655; 558 659; 558 661; 559 662; 559 665; 560 666; 560 669; 561 670; 561 674; 567 680; 567 681; 568 682; 568 683; 569 684; 569 689; 571 691; 571 692; 572 693; 572 694; 574 696; 577 696; 578 695; 578 694; 579 693; 579 692; 580 691; 580 690; 583 687; 583 685; 585 683; 585 682; 586 681; 586 680; 591 675; 592 675; 593 674; 593 673; 594 672; 594 671; 595 670; 595 668; 596 667; 596 666; 601 661; 602 661; 603 660; 603 657; 589 657; 588 656; 585 656; 584 655; 569 655; 568 654; 566 654; 565 653; 564 653; 563 652; 562 652; 561 651
114; 612 643; 611 644; 611 647; 612 648; 612 649; 611 650; 611 658; 610 659; 610 661; 609 662; 609 663; 608 664; 608 666; 605 669; 605 670; 604 671; 604 673; 605 674; 605 675; 606 676; 606 679; 605 680; 605 682; 604 683; 604 684; 603 685; 603 686; 602 687; 602 690; 603 690; 604 691; 606 691; 607 690; 608 690; 609 689; 610 689; 611 688; 612 688; 614 686; 616 686; 617 685; 620 685; 621 684; 623 684; 624 683; 627 683; 628 682; 632 682; 633 681; 636 681; 637 680; 640 680; 641 681; 642 680; 642 679; 644 677; 644 672; 639 667; 639 666; 637 664; 636 664; 634 662; 634 661; 632 659; 631 659; 630 658; 629 658; 626 655; 626 654; 623 651; 623 650; 616 643
115; 180 643; 179 644; 179 645; 178 646; 178 649; 177 650; 177 651; 175 653; 175 654; 171 658; 171 659; 170 660; 170 661; 169 662; 169 663; 168 664; 168 665; 167 666; 167 667; 166 668; 166 670; 165 671; 165 672; 163 674; 163 675; 160 678; 160 679; 158 681; 158 682; 157 683; 157 685; 172 685; 173 684; 174 684; 175 685; 181 685; 182 684; 190 684; 191 683; 200 683; 201 684; 207 684; 207 681; 205 679; 205 677; 206 676; 205 675; 205 674; 203 672; 201 672; 198 669; 198 668; 197 667; 197 666; 196 665; 196 663; 195 662; 195 661; 194 660; 193 660; 190 657; 190 656; 189 655; 189 653; 188 652; 188 651; 186 649; 186 648; 185 647; 185 645; 184 644; 184 643
116; 382 648; 381 649; 380 649; 379 650; 378 650; 377 651; 376 651; 374 653; 372 653; 371 654; 369 654; 368 655; 367 655; 366 656; 365 656; 364 657; 363 657; 362 658; 361 658; 360 659; 358 659; 355 662; 354 662; 353 663; 352 663; 351 664; 348 664; 347 665; 346 665; 345 666; 344 666; 343 667; 342 667; 341 668; 341 670; 344 673; 345 673; 346 674; 348 674; 349 675; 350 675; 352 677; 352 678; 353 679; 354 679; 355 680; 358 680; 359 681; 360 681; 363 684; 364 684; 365 685; 366 685; 367 686; 368 686; 369 687; 370 687; 371 688; 372 688; 380 696; 384 696; 385 695; 385 686; 384 685; 384 683; 383 682; 383 677; 384 676; 384 674; 385 673; 385 672; 387 670; 387 666; 386 665; 386 664; 385 663; 385 656; 386 655; 386 653; 387 652; 387 648
117; 395 655; 395 658; 394 659; 394 666; 393 667; 393 669; 394 670; 394 671; 395 672; 395 673; 396 674; 396 676; 397 677; 397 680; 398 681; 398 688; 399 689; 399 692; 400 693; 400 696; 401 697; 403 697; 411 689; 412 689; 413 688; 414 688; 415 687; 417 687; 418 686; 423 686; 424 685; 424 682; 432 674; 433 674; 435 672; 436 672; 437 671; 438 671; 439 670; 439 666; 431 666; 430 665; 428 665; 427 664; 425 664; 424 663; 422 663; 421 662; 420 662; 419 661; 418 661; 417 660; 416 660; 414 658; 413 658; 412 657; 412 656; 411 655
118; 94 665; 94 675; 93 676; 93 681; 91 683; 91 684; 89 686; 89 689; 91 691; 91 695; 90 696; 90 701; 89 702; 89 708; 88 709; 88 714; 92 714; 93 713; 94 713; 95 712; 96 712; 97 711; 98 711; 99 710; 100 710; 101 709; 102 709; 103 708; 105 708; 106 707; 109 707; 110 706; 112 706; 113 705; 114 705; 115 704; 117 704; 118 703; 119 703; 120 702; 121 702; 124 699; 125 699; 126 698; 132 698; 133 697; 134 697; 135 696; 135 693; 134 692; 133 692; 132 691; 131 691; 130 690; 129 690; 128 689; 127 689; 125 687; 124 687; 123 686; 122 686; 120 684; 119 684; 118 683; 117 683; 113 679; 112 679; 110 677; 109 677; 106 674; 106 673; 100 667; 99 667; 97 665
119; 693 677; 692 678; 691 678; 689 680; 687 680; 686 681; 675 681; 674 682; 669 682; 668 683; 657 683; 657 689; 656 690; 656 697; 657 698; 657 699; 658 700; 658 703; 659 704; 659 706; 663 710; 664 710; 665 711; 666 711; 671 716; 671 717; 672 718; 672 719; 675 722; 676 722; 677 723; 680 723; 680 716; 681 715; 681 714; 682 713; 682 712; 683 711; 683 710; 684 709; 684 708; 688 704; 688 700; 693 695; 693 694; 694 693; 694 691; 693 690; 693 685; 695 683; 695 682; 696 681; 696 678; 695 677
120; 704 669; 701 672; 701 673; 703 675; 703 678; 704 679; 704 681; 703 682; 703 685; 702 686; 702 687; 701 688; 701 689; 699 691; 699 692; 698 693; 698 698; 697 699; 697 708; 695 710; 695 711; 694 712; 694 713; 693 714; 693 718; 694 719; 696 719; 697 718; 700 718; 701 717; 702 717; 703 716; 704 716; 705 715; 706 715; 707 714; 710 714; 711 713; 717 713; 718 712; 727 712; 728 711; 729 711; 732 708; 735 708; 736 709; 740 709; 740 704; 737 701; 736 701; 727 692; 727 691; 723 687; 722 687; 721 686; 720 686; 719 685; 718 685; 713 680; 713 679; 711 677; 711 676; 709 674; 709 673; 705 669
121; 266 688; 265 689; 263 689; 262 690; 259 690; 258 691; 250 691; 249 690; 247 690; 246 691; 243 691; 242 692; 240 692; 239 693; 227 693; 226 694; 220 694; 219 695; 218 695; 218 696; 219 697; 219 698; 221 700; 221 701; 222 701; 223 702; 224 702; 226 704; 227 704; 230 707; 230 708; 232 710; 232 711; 233 712; 233 717; 234 718; 235 718; 236 719; 238 719; 239 720; 240 720; 242 722; 243 722; 244 723; 244 724; 247 727; 247 728; 248 729; 248 732; 249 733; 252 733; 253 732; 253 731; 254 730; 254 729; 255 728; 255 727; 258 724; 259 724; 259 719; 258 718; 258 715; 259 714; 259 712; 260 711; 260 710; 261 709; 261 708; 262 707; 262 706; 263 705; 263 704; 264 703; 264 702; 265 701; 265 700; 266 699; 266 697; 267 696; 267 695; 268 694; 268 693; 270 691; 270 689; 269 688
122; 645 673; 645 677; 643 679; 643 680; 642 681; 642 682; 643 683; 642 684; 642 685; 640 687; 638 687; 637 688; 634 688; 633 689; 632 689; 631 690; 630 690; 628 692; 627 692; 626 693; 625 693; 624 694; 623 694; 622 695; 618 695; 617 696; 616 696; 614 698; 613 698; 612 699; 609 699; 608 700; 606 700; 605 701; 605 704; 606 705; 608 705; 609 706; 611 706; 612 707; 613 707; 614 708; 615 708; 617 710; 618 710; 630 722; 632 722; 633 723; 635 723; 636 724; 637 724; 643 730; 647 730; 648 729; 648 718; 649 717; 649 714; 650 713; 650 711; 651 710; 651 709; 653 707; 653 705; 651 703; 651 702; 650 701; 650 698; 652 696; 655 696; 655 690; 656 689; 656 682; 654 682; 650 678; 650 677; 648 675; 647 675
123; 829 681; 829 682; 828 683; 828 684; 826 686; 826 687; 825 688; 824 688; 821 691; 820 691; 820 692; 819 693; 819 694; 818 695; 818 697; 816 699; 816 700; 814 702; 814 703; 813 704; 813 705; 812 706; 812 707; 805 714; 804 714; 803 715; 802 715; 802 719; 803 720; 814 720; 815 721; 823 721; 824 722; 826 722; 827 723; 831 723; 832 722; 833 722; 834 723; 841 723; 842 724; 847 724; 848 725; 850 725; 851 726; 851 724; 852 723; 852 720; 851 719; 851 718; 850 717; 850 716; 849 715; 849 714; 847 712; 847 711; 844 708; 844 707; 843 706; 843 705; 842 704; 842 703; 841 702; 841 701; 840 700; 840 699; 838 697; 838 696; 837 695; 837 694; 836 693; 836 692; 835 691; 835 688; 834 687; 834 686; 833 685; 833 684; 832 683; 832 682; 831 681
124; 552 687; 551 688; 549 688; 550 689; 548 691; 546 691; 545 692; 544 692; 542 694; 540 694; 539 695; 530 695; 529 696; 528 696; 526 698; 518 698; 517 699; 515 699; 514 700; 514 703; 516 705; 518 705; 519 706; 520 706; 521 707; 522 707; 526 711; 526 714; 527 715; 527 717; 528 718; 529 718; 530 719; 532 719; 543 730; 543 731; 545 733; 545 734; 546 735; 546 736; 547 737; 549 737; 550 736; 551 736; 551 734; 552 733; 552 724; 553 723; 553 722; 554 721; 554 720; 555 719; 555 718; 557 716; 557 715; 558 714; 558 713; 559 712; 559 699; 560 698; 560 696; 562 694; 562 693; 564 691; 564 689; 563 688; 560 688; 559 689; 558 689; 557 688; 556 688; 555 687
125; 880 686; 878 688; 878 690; 877 691; 877 693; 876 694; 876 695; 867 704; 867 705; 866 706; 866 707; 865 708; 865 710; 864 711; 864 713; 860 717; 860 718; 857 721; 856 721; 855 722; 854 722; 853 721; 853 723; 852 724; 852 726; 853 727; 859 727; 860 726; 861 726; 862 725; 866 725; 867 726; 870 726; 872 728; 883 728; 884 729; 886 729; 887 728; 891 728; 892 729; 893 729; 895 731; 895 732; 904 732; 906 730; 906 725; 905 724; 905 723; 900 718; 900 717; 899 716; 899 715; 898 714; 898 706; 895 703; 894 703; 892 701; 892 700; 891 699; 891 697; 890 696; 890 695; 888 693; 888 692; 882 686
126; 364 705; 363 706; 359 706; 358 707; 348 707; 347 708; 331 708; 330 709; 329 709; 328 708; 324 708; 323 709; 322 709; 321 710; 321 713; 322 713; 324 715; 325 715; 326 716; 326 717; 329 720; 329 721; 330 722; 330 730; 331 731; 332 731; 333 732; 336 732; 341 737; 341 738; 343 740; 343 741; 344 742; 344 743; 345 744; 345 745; 348 748; 348 749; 350 751; 353 751; 354 750; 356 750; 356 749; 357 748; 357 745; 358 744; 358 742; 361 739; 361 730; 362 729; 362 728; 367 723; 367 721; 368 720; 368 716; 369 715; 369 713; 371 711; 371 710; 373 708; 373 706; 372 705
127; 753 706; 752 707; 751 707; 748 710; 747 710; 746 711; 741 711; 740 712; 739 712; 738 713; 737 713; 736 714; 732 714; 731 715; 731 716; 730 717; 730 718; 727 721; 726 721; 725 722; 724 722; 722 724; 720 724; 719 725; 715 725; 714 726; 712 726; 711 727; 711 730; 713 732; 714 732; 716 734; 719 734; 720 735; 723 735; 724 736; 725 736; 726 737; 727 737; 730 740; 731 740; 734 743; 734 744; 738 748; 740 748; 741 749; 742 749; 748 755; 749 755; 750 756; 754 756; 754 750; 753 749; 753 741; 754 740; 754 738; 755 737; 755 714; 756 713; 756 708; 755 707; 755 706
128; 380 707; 379 708; 379 710; 378 711; 378 715; 377 716; 377 717; 375 719; 375 720; 373 722; 373 723; 372 724; 372 725; 370 727; 370 728; 369 729; 369 730; 368 731; 368 732; 367 733; 367 734; 363 738; 363 743; 359 747; 358 747; 358 748; 357 749; 357 751; 358 752; 363 752; 364 751; 369 751; 370 750; 374 750; 375 751; 376 751; 377 752; 380 752; 381 751; 382 751; 383 750; 385 750; 386 751; 389 751; 390 750; 392 750; 393 749; 394 749; 395 748; 401 748; 402 749; 406 749; 407 748; 408 748; 409 747; 409 744; 407 742; 407 741; 406 740; 406 739; 401 734; 401 733; 400 732; 400 727; 397 724; 396 724; 394 722; 394 721; 386 713; 386 712; 385 711; 385 709; 383 707
129; 186 723; 185 724; 185 726; 187 728; 187 729; 189 731; 189 732; 190 733; 190 736; 191 737; 191 741; 192 742; 192 745; 191 746; 191 747; 190 748; 190 755; 189 756; 189 759; 191 761; 191 762; 192 763; 195 763; 196 764; 196 766; 197 767; 197 768; 196 769; 196 770; 198 772; 204 772; 207 769; 207 768; 208 767; 209 767; 215 761; 215 760; 217 758; 217 757; 218 756; 218 755; 224 749; 224 748; 228 744; 229 744; 235 738; 235 735; 234 735; 233 734; 224 734; 223 733; 221 733; 220 732; 219 732; 218 731; 217 731; 216 730; 215 730; 214 729; 213 729; 212 728; 207 728; 206 727; 200 727; 199 726; 195 726; 194 725; 191 725; 190 724; 189 724; 188 723
130; 282 719; 281 720; 280 720; 278 722; 278 723; 275 726; 273 726; 272 727; 270 727; 259 738; 258 738; 257 739; 256 739; 253 742; 251 742; 250 743; 248 743; 246 745; 246 749; 247 750; 251 750; 252 751; 254 751; 255 752; 256 752; 257 753; 258 753; 260 755; 261 755; 262 756; 263 756; 265 758; 265 760; 273 760; 274 761; 276 761; 277 762; 278 762; 282 766; 284 766; 285 767; 288 767; 289 768; 291 768; 292 767; 293 767; 293 762; 292 761; 292 755; 291 754; 291 753; 290 752; 290 749; 291 748; 291 745; 290 744; 290 743; 289 742; 289 741; 287 739; 287 737; 286 736; 286 721; 285 720; 285 719
131; 501 721; 497 725; 496 725; 495 726; 494 726; 493 727; 492 727; 491 728; 490 728; 489 729; 488 729; 487 730; 486 730; 485 731; 484 731; 483 732; 482 732; 481 733; 480 733; 479 734; 478 734; 473 739; 472 739; 471 740; 470 740; 469 741; 467 741; 466 742; 464 742; 463 743; 462 743; 461 744; 461 746; 462 747; 463 747; 464 748; 465 748; 466 749; 467 749; 468 750; 469 750; 471 752; 472 752; 473 753; 473 754; 481 762; 489 762; 490 763; 491 763; 493 765; 494 765; 500 771; 501 771; 502 772; 506 772; 506 766; 505 765; 505 749; 506 748; 506 746; 507 745; 507 739; 506 738; 506 737; 505 736; 505 735; 504 734; 504 728; 505 727; 505 721
132; 895 733; 895 736; 896 737; 896 742; 899 745; 899 748; 900 749; 900 756; 901 757; 901 759; 902 760; 902 761; 903 762; 903 765; 904 766; 904 768; 905 769; 905 770; 906 771; 906 779; 908 781; 910 781; 920 771; 921 771; 928 764; 928 763; 934 757; 935 757; 937 755; 938 755; 940 753; 940 752; 942 750; 942 749; 943 748; 943 745; 942 744; 933 744; 932 743; 931 743; 929 741; 928 741; 927 740; 925 740; 923 738; 923 735; 922 734; 922 733; 920 733; 919 734; 919 735; 916 738; 914 738; 913 737; 911 737; 910 736; 908 736; 907 735; 906 735; 904 733
133; 686 752; 685 753; 684 753; 683 754; 682 754; 681 755; 679 755; 678 756; 674 756; 673 757; 671 757; 670 758; 669 758; 668 759; 667 759; 665 761; 663 761; 662 762; 659 762; 658 763; 656 763; 655 764; 651 764; 650 763; 646 763; 645 764; 644 764; 641 767; 641 769; 644 772; 645 772; 654 781; 655 781; 658 784; 658 785; 659 786; 660 786; 662 788; 664 788; 671 795; 671 796; 672 797; 672 798; 676 802; 679 802; 679 801; 680 800; 680 794; 681 793; 681 792; 682 791; 682 789; 683 788; 683 786; 684 785; 684 784; 689 779; 689 777; 688 776; 688 775; 689 774; 689 761; 690 760; 690 759; 692 757; 692 753; 691 752
134; 188 757; 187 758; 185 758; 184 759; 183 759; 180 762; 179 762; 168 773; 167 773; 162 778; 162 779; 160 781; 159 781; 152 788; 152 791; 154 793; 158 793; 159 792; 162 792; 163 793; 164 793; 165 794; 166 794; 168 796; 169 796; 173 800; 173 801; 174 802; 176 802; 177 801; 178 801; 179 800; 181 800; 182 799; 189 799; 190 800; 191 800; 192 801; 193 801; 195 803; 196 803; 198 805; 201 805; 202 804; 202 799; 201 798; 201 797; 200 796; 200 795; 199 794; 199 792; 198 791; 199 790; 199 785; 198 784; 198 783; 196 781; 196 780; 195 779; 195 776; 196 775; 196 774; 197 773; 197 772; 195 770; 193 770; 191 768; 191 763; 190 762; 190 761; 188 759
135; 512 774; 510 776; 509 776; 508 777; 507 777; 506 778; 502 778; 501 777; 497 777; 496 778; 496 782; 497 783; 497 784; 503 790; 503 791; 505 793; 505 794; 506 795; 506 796; 507 797; 507 799; 509 801; 510 801; 513 804; 513 805; 515 807; 515 808; 519 812; 519 813; 520 814; 520 815; 521 816; 521 818; 522 819; 522 820; 524 822; 526 822; 527 821; 528 821; 528 820; 529 819; 529 817; 530 816; 530 813; 531 812; 531 811; 533 809; 533 808; 534 807; 534 806; 539 801; 539 800; 540 799; 540 791; 545 786; 545 784; 546 783; 546 782; 547 781; 547 779; 548 778; 548 776; 547 775; 545 775; 544 774; 542 774; 541 775; 538 775; 537 776; 534 776; 533 775; 530 775; 529 774; 523 774; 522 775; 519 775; 518 774
136; 49 768; 48 769; 48 770; 37 781; 36 781; 30 787; 29 787; 27 789; 26 789; 25 790; 25 791; 19 797; 18 797; 15 800; 15 803; 16 804; 20 804; 21 805; 25 805; 26 806; 27 806; 29 808; 30 808; 31 809; 36 809; 37 810; 38 810; 39 811; 40 811; 41 812; 42 812; 43 813; 47 813; 48 814; 52 814; 53 815; 54 815; 55 816; 56 816; 57 817; 58 817; 59 818; 60 818; 61 819; 65 819; 66 818; 66 814; 65 813; 65 812; 64 811; 64 809; 63 808; 63 807; 62 806; 62 804; 61 803; 61 801; 62 800; 62 798; 63 797; 63 795; 62 794; 62 793; 58 789; 58 785; 57 784; 57 782; 56 781; 56 775; 55 774; 55 770; 54 769; 54 768
137; 254 780; 252 782; 252 785; 253 786; 253 787; 254 788; 254 790; 255 791; 255 795; 254 796; 254 800; 255 801; 255 804; 256 805; 256 807; 255 808; 255 813; 256 814; 256 822; 257 823; 257 829; 258 830; 261 830; 263 828; 264 828; 269 823; 270 823; 271 822; 274 822; 276 820; 277 820; 278 819; 279 819; 280 818; 281 818; 282 817; 282 816; 284 814; 285 814; 286 813; 287 813; 292 808; 293 808; 295 806; 296 806; 300 802; 300 799; 298 797; 296 797; 295 796; 293 796; 292 795; 288 795; 287 794; 286 794; 285 793; 284 793; 283 792; 282 792; 281 791; 279 791; 278 790; 275 790; 274 789; 273 789; 272 788; 271 788; 270 787; 268 787; 267 786; 266 786; 265 785; 264 785; 263 784; 262 784; 261 783; 260 783; 258 781; 257 781; 256 780
138; 402 790; 401 791; 401 795; 400 796; 400 798; 399 799; 399 802; 398 803; 398 804; 396 806; 396 808; 392 812; 392 814; 394 816; 394 822; 393 823; 393 826; 392 827; 392 830; 391 831; 391 832; 390 833; 390 838; 391 838; 392 839; 396 839; 398 837; 407 837; 408 836; 410 836; 411 835; 413 835; 414 834; 418 834; 419 835; 423 835; 426 832; 427 832; 429 830; 436 830; 437 829; 439 829; 441 827; 441 824; 438 821; 437 821; 436 820; 435 820; 428 813; 428 812; 427 811; 427 810; 425 808; 425 807; 424 807; 422 805; 421 805; 415 799; 415 798; 413 796; 412 796; 410 794; 409 794; 407 792; 407 791; 406 790
139; 906 821; 905 822; 904 822; 903 823; 902 823; 901 824; 899 824; 898 825; 897 825; 896 824; 880 824; 879 825; 877 825; 876 826; 870 826; 869 825; 862 825; 862 830; 863 831; 863 832; 868 837; 869 837; 873 841; 873 842; 874 843; 874 844; 875 845; 875 847; 876 848; 876 850; 877 851; 877 852; 878 853; 879 853; 881 855; 882 855; 886 859; 886 860; 887 861; 887 867; 889 869; 891 869; 893 867; 893 866; 894 865; 894 864; 895 863; 895 859; 896 858; 896 857; 897 856; 897 855; 899 853; 899 852; 900 851; 900 850; 902 848; 902 847; 903 846; 903 845; 904 844; 904 841; 905 840; 905 838; 906 837; 906 836; 908 834; 908 833; 909 832; 909 830; 911 828; 911 827; 912 826; 912 822; 911 821
140; 35 823; 33 825; 33 829; 34 830; 34 831; 35 832; 35 834; 36 835; 36 838; 35 839; 35 843; 34 844; 34 849; 33 850; 33 866; 32 867; 32 868; 31 869; 31 871; 32 872; 35 872; 36 871; 37 871; 38 870; 39 870; 40 869; 42 869; 43 868; 48 868; 51 865; 52 865; 55 862; 56 862; 57 861; 58 861; 60 859; 62 859; 63 858; 64 858; 65 857; 66 857; 67 856; 69 856; 70 855; 73 855; 74 854; 76 854; 77 855; 79 855; 79 853; 80 852; 80 849; 75 849; 74 848; 71 848; 70 847; 69 847; 67 845; 66 845; 63 842; 63 841; 62 840; 62 839; 61 838; 61 837; 60 836; 60 835; 59 834; 52 834; 49 831; 48 831; 47 830; 46 830; 45 829; 44 829; 38 823
141; 845 827; 844 828; 843 828; 842 829; 841 829; 840 830; 837 830; 836 831; 835 831; 834 832; 826 832; 825 833; 823 833; 822 834; 820 834; 819 835; 816 835; 815 836; 812 836; 811 837; 805 837; 804 838; 803 838; 802 839; 801 839; 796 844; 796 845; 797 845; 798 846; 801 846; 802 845; 805 845; 806 846; 807 846; 812 851; 812 852; 814 854; 814 856; 815 857; 815 858; 816 859; 816 860; 817 861; 818 861; 825 868; 825 870; 826 871; 826 872; 827 873; 827 874; 828 875; 829 875; 830 876; 834 876; 834 875; 835 874; 835 873; 836 872; 836 871; 837 870; 837 869; 838 868; 838 867; 839 866; 839 864; 840 863; 840 860; 841 859; 841 858; 843 856; 843 851; 844 850; 844 848; 845 847; 845 846; 846 845; 846 841; 847 840; 847 837; 848 836; 848 834; 849 833; 849 832; 850 831; 850 829; 848 827
142; 615 836; 612 839; 612 844; 613 845; 613 847; 612 848; 612 851; 611 852; 611 855; 610 856; 610 857; 609 858; 609 860; 608 861; 608 865; 609 866; 609 867; 616 867; 617 866; 619 866; 620 865; 622 865; 623 864; 626 864; 627 865; 631 865; 632 866; 636 866; 639 863; 640 863; 642 861; 643 861; 644 860; 646 860; 647 859; 654 859; 655 858; 656 858; 656 854; 655 853; 654 853; 653 852; 652 852; 651 851; 650 851; 647 848; 647 847; 643 843; 643 842; 642 841; 642 840; 641 839; 640 839; 639 838; 633 838; 632 839; 626 839; 625 838; 621 838; 620 837; 619 837; 618 836
143; 124 831; 123 832; 122 832; 121 833; 120 833; 119 834; 118 834; 116 836; 115 836; 114 837; 113 837; 112 838; 110 838; 109 839; 103 839; 101 841; 101 842; 99 844; 98 844; 96 846; 95 846; 94 847; 93 847; 92 848; 91 848; 90 849; 87 849; 86 850; 81 850; 81 852; 80 853; 80 855; 83 855; 84 856; 85 856; 86 857; 87 857; 90 860; 91 860; 98 867; 99 867; 101 869; 102 869; 103 870; 104 870; 108 874; 108 876; 107 877; 109 877; 110 878; 111 878; 112 879; 113 878; 114 878; 118 882; 121 882; 122 881; 122 873; 121 872; 121 868; 122 867; 122 864; 123 863; 123 861; 124 860; 124 859; 125 858; 129 858; 129 857; 130 856; 130 854; 126 850; 126 849; 125 848; 125 843; 126 842; 126 839; 127 838; 127 837; 128 836; 128 833; 126 831
144; 316 826; 314 828; 314 829; 313 830; 313 832; 312 833; 312 836; 311 837; 311 838; 310 839; 310 840; 309 841; 308 841; 307 842; 304 842; 303 843; 303 846; 304 847; 304 850; 303 851; 303 853; 302 854; 302 855; 291 866; 291 868; 292 869; 296 869; 297 868; 302 868; 303 869; 304 869; 305 870; 306 870; 309 873; 314 873; 315 872; 320 872; 322 874; 326 874; 329 871; 330 871; 334 875; 339 875; 340 874; 341 874; 341 870; 340 869; 340 867; 339 866; 339 863; 338 862; 338 861; 336 859; 336 858; 334 856; 334 855; 333 854; 333 853; 332 852; 332 851; 331 850; 331 849; 330 848; 330 847; 328 845; 328 844; 327 843; 327 842; 326 841; 326 840; 325 839; 325 838; 324 837; 324 836; 323 835; 323 834; 322 833; 322 830; 321 829; 321 827; 320 826
145; 173 843; 172 844; 166 844; 165 845; 164 845; 163 846; 162 846; 161 847; 154 847; 153 848; 148 848; 147 849; 146 849; 145 850; 144 850; 140 854; 138 854; 137 855; 132 855; 131 854; 131 856; 130 857; 130 859; 132 861; 133 861; 139 867; 139 868; 143 872; 144 872; 151 879; 152 879; 154 881; 156 881; 157 882; 158 882; 161 885; 161 886; 162 887; 162 888; 163 889; 163 890; 164 891; 167 891; 168 890; 168 882; 169 881; 169 879; 170 878; 170 876; 174 872; 174 869; 172 867; 172 862; 173 861; 173 860; 174 859; 174 853; 175 852; 175 851; 176 850; 176 847; 177 846; 177 844; 176 843
146; 795 846; 794 847; 793 847; 791 849; 790 849; 785 854; 785 855; 779 861; 778 861; 777 862; 774 862; 772 864; 772 866; 771 867; 771 869; 766 874; 765 874; 763 876; 763 879; 764 880; 766 880; 767 881; 772 881; 773 882; 775 882; 777 884; 778 884; 779 885; 782 885; 783 886; 788 886; 789 887; 791 887; 792 888; 794 888; 795 889; 796 889; 797 890; 798 890; 801 893; 801 894; 802 895; 803 895; 804 894; 805 895; 811 895; 811 893; 810 892; 810 891; 809 890; 809 889; 807 887; 807 886; 806 885; 806 870; 805 869; 805 867; 804 866; 804 864; 803 863; 803 861; 802 860; 802 858; 801 857; 801 854; 800 853; 800 852; 799 851; 799 848; 800 847; 798 847; 797 846
147; 859 842; 857 844; 857 845; 856 846; 856 848; 852 852; 852 853; 851 854; 851 855; 850 856; 850 857; 849 858; 849 859; 848 860; 848 862; 847 863; 847 864; 843 868; 843 869; 842 870; 842 876; 839 879; 839 880; 836 883; 836 886; 846 886; 847 887; 851 887; 852 888; 853 888; 854 889; 854 891; 855 891; 856 892; 858 892; 859 893; 865 893; 865 889; 864 888; 864 887; 865 886; 867 886; 868 885; 875 885; 876 886; 877 886; 878 887; 879 887; 880 888; 881 888; 882 889; 885 889; 886 888; 887 888; 887 887; 889 885; 889 884; 887 882; 887 881; 884 881; 883 880; 882 880; 881 879; 881 878; 880 877; 880 875; 879 874; 879 872; 875 868; 875 867; 874 866; 874 863; 873 862; 873 861; 869 857; 869 856; 866 853; 866 852; 864 850; 864 849; 863 848; 863 844; 861 842
148; 921 846; 915 852; 915 853; 914 854; 914 855; 911 858; 910 858; 910 859; 906 863; 905 863; 903 865; 902 865; 894 873; 894 874; 888 880; 888 882; 890 884; 899 884; 900 885; 901 885; 903 887; 904 887; 905 888; 906 888; 910 892; 913 892; 914 891; 915 891; 916 890; 922 890; 924 892; 925 892; 926 893; 927 893; 928 894; 935 894; 936 893; 936 891; 935 890; 935 889; 933 887; 933 886; 932 885; 932 880; 931 879; 931 873; 930 872; 930 868; 929 867; 929 865; 928 864; 928 863; 926 861; 926 858; 925 857; 925 855; 924 854; 924 853; 925 852; 925 847; 924 846
149; 707 867; 705 869; 704 869; 701 872; 699 872; 697 874; 696 874; 695 875; 694 875; 693 876; 692 876; 688 880; 687 880; 681 886; 678 886; 677 887; 675 887; 673 889; 671 889; 670 890; 669 890; 668 891; 668 895; 670 897; 676 897; 677 898; 678 898; 680 900; 681 900; 687 906; 687 907; 690 910; 694 910; 695 909; 696 909; 697 908; 698 908; 699 909; 702 909; 703 910; 705 910; 706 911; 707 911; 708 912; 709 912; 713 916; 713 912; 717 908; 716 907; 716 906; 715 905; 715 903; 714 902; 714 894; 715 893; 715 886; 714 885; 714 883; 713 882; 713 881; 712 880; 712 873; 711 872; 711 869; 710 868; 710 867
150; 49 871; 49 875; 50 876; 50 877; 51 878; 51 879; 52 880; 52 883; 53 884; 53 889; 52 890; 52 894; 53 895; 53 900; 54 901; 54 905; 55 906; 55 907; 56 908; 56 909; 58 911; 58 913; 59 914; 59 918; 60 919; 60 921; 61 922; 64 922; 66 920; 66 917; 67 916; 67 915; 69 913; 70 913; 71 912; 72 912; 74 910; 75 910; 76 909; 77 909; 80 906; 81 906; 82 905; 83 905; 84 904; 85 904; 86 903; 87 903; 90 900; 90 899; 93 896; 95 896; 95 889; 88 889; 87 888; 86 888; 84 886; 83 886; 82 885; 80 885; 79 884; 78 884; 76 882; 75 882; 73 880; 68 880; 67 879; 65 879; 64 878; 63 878; 61 876; 60 876; 57 873; 56 873; 55 872; 53 872; 52 871
151; 201 878; 200 879; 200 880; 198 882; 198 883; 195 886; 194 886; 192 888; 191 888; 188 891; 188 892; 184 896; 184 897; 181 900; 180 900; 178 902; 178 903; 177 904; 177 906; 173 910; 172 910; 171 911; 171 914; 172 915; 177 915; 178 916; 182 916; 183 917; 184 917; 185 918; 187 918; 188 919; 189 919; 190 920; 190 921; 192 923; 194 923; 195 922; 197 922; 198 921; 199 922; 205 922; 206 923; 208 923; 210 925; 213 925; 214 926; 217 926; 218 927; 220 927; 220 924; 219 923; 219 922; 218 921; 218 919; 217 918; 217 916; 216 915; 216 913; 215 912; 215 910; 214 909; 214 908; 213 907; 213 905; 212 904; 212 903; 211 902; 211 900; 210 899; 210 897; 209 896; 209 893; 208 892; 208 890; 207 889; 207 886; 206 885; 206 882; 205 881; 205 879; 204 878
152; 107 878; 106 879; 106 883; 105 884; 105 885; 104 886; 104 887; 101 890; 98 890; 97 889; 96 889; 96 896; 98 898; 98 899; 97 900; 97 902; 96 903; 96 905; 95 906; 95 909; 94 910; 94 912; 93 913; 93 915; 91 917; 91 918; 89 920; 89 921; 88 922; 88 926; 89 927; 92 927; 93 926; 94 926; 96 924; 108 924; 109 925; 113 925; 114 924; 115 924; 117 922; 118 922; 119 921; 122 921; 123 920; 138 920; 139 919; 139 917; 128 906; 128 905; 126 903; 126 902; 124 900; 124 899; 122 897; 122 895; 121 894; 121 893; 120 892; 119 892; 118 891; 117 891; 114 888; 114 887; 113 886; 113 885; 112 884; 112 882; 111 881; 111 879; 110 879; 109 878
153; 852 891; 851 892; 850 892; 849 893; 838 893; 837 894; 833 894; 832 895; 829 895; 828 896; 815 896; 815 899; 821 905; 821 906; 828 913; 828 914; 830 916; 830 917; 831 918; 831 919; 833 921; 833 922; 838 927; 838 928; 841 931; 841 933; 843 935; 843 936; 845 938; 848 938; 849 937; 849 932; 850 931; 850 927; 851 926; 851 923; 852 922; 852 921; 854 919; 854 918; 856 916; 856 915; 857 914; 857 909; 858 908; 858 907; 859 906; 859 905; 861 903; 861 902; 862 901; 862 897; 864 895; 864 894; 859 894; 858 893; 856 893; 855 892; 854 892; 853 891
154; 286 899; 285 900; 284 900; 281 903; 280 903; 279 904; 269 904; 269 905; 268 906; 268 907; 265 910; 264 910; 263 911; 262 911; 259 914; 258 914; 255 917; 252 917; 251 918; 249 918; 247 920; 246 920; 245 921; 245 925; 246 925; 247 926; 249 926; 250 927; 251 927; 252 928; 254 928; 256 930; 257 930; 263 936; 263 939; 264 940; 268 940; 270 942; 271 942; 272 943; 275 943; 276 944; 277 944; 282 949; 282 950; 283 951; 284 951; 285 952; 287 952; 288 951; 288 942; 289 941; 289 931; 290 930; 290 917; 289 916; 289 914; 288 913; 288 908; 289 907; 289 904; 290 903; 290 900; 289 899
155; 725 895; 725 896; 724 897; 724 904; 723 905; 723 906; 720 909; 717 909; 714 912; 714 916; 717 919; 717 920; 718 921; 718 933; 717 934; 717 937; 716 938; 716 939; 715 940; 715 941; 714 942; 714 945; 715 946; 719 946; 720 945; 721 945; 722 944; 724 944; 726 942; 732 942; 733 941; 734 941; 735 940; 736 940; 737 939; 748 939; 749 938; 750 938; 751 937; 755 937; 756 936; 759 936; 760 935; 761 935; 762 934; 763 934; 763 930; 756 923; 755 923; 753 921; 752 921; 748 917; 748 911; 744 911; 743 910; 742 910; 733 901; 733 900; 728 895
156; 801 895; 800 896; 799 896; 797 898; 797 905; 796 906; 796 907; 795 908; 795 909; 793 911; 793 912; 792 913; 792 914; 790 916; 789 916; 786 919; 786 920; 785 921; 785 922; 783 924; 783 925; 782 926; 782 927; 781 928; 781 932; 777 936; 777 937; 776 938; 776 940; 777 941; 783 941; 784 940; 795 940; 796 941; 797 941; 798 942; 803 942; 804 941; 805 941; 806 940; 817 940; 818 941; 827 941; 827 937; 824 934; 824 933; 822 931; 822 930; 819 927; 819 926; 817 924; 817 922; 816 921; 816 920; 814 918; 814 917; 809 912; 809 911; 807 909; 807 908; 806 907; 806 906; 805 905; 805 904; 804 903; 804 901; 803 900; 803 899; 802 898; 802 896
157; 982 907; 976 903; 974 908; 955 925; 953 931; 946 937; 946 941; 969 948; 977 946; 994 951; 995 946; 988 937; 982 912
158; 982 912; 986 910; 1002 913; 1023 921; 1023 911; 1017 912; 1002 905; 1002 902; 1016 891; 1023 908; 1023 873; 1017 874; 1012 883; 982 907
159; 40 928; 39 929; 39 931; 40 932; 40 933; 41 934; 41 935; 42 936; 42 939; 43 940; 43 948; 42 949; 42 950; 41 951; 41 954; 43 956; 43 957; 44 958; 44 960; 45 961; 45 964; 46 965; 46 971; 47 972; 47 979; 48 980; 52 980; 52 979; 53 978; 53 977; 55 975; 55 974; 56 973; 57 973; 59 971; 60 971; 62 969; 63 969; 65 967; 66 967; 72 961; 73 961; 81 953; 82 953; 84 951; 85 951; 86 950; 87 951; 88 951; 89 950; 89 949; 85 945; 83 945; 82 944; 79 944; 78 943; 75 943; 74 942; 73 942; 72 941; 70 941; 69 940; 68 940; 67 939; 66 939; 63 936; 61 936; 60 935; 56 935; 55 934; 52 934; 49 931; 48 931; 46 929; 45 929; 44 928
160; 124 935; 123 936; 123 939; 124 940; 124 941; 125 942; 125 947; 126 948; 126 950; 127 951; 127 955; 126 956; 126 962; 127 963; 127 964; 128 965; 128 966; 129 967; 129 971; 130 972; 130 975; 131 976; 131 979; 132 980; 132 985; 133 986; 133 987; 137 987; 143 981; 143 980; 146 977; 147 977; 150 974; 151 974; 152 973; 153 973; 154 972; 155 972; 166 961; 167 961; 169 959; 170 959; 171 958; 172 958; 172 954; 171 953; 164 953; 163 952; 162 952; 161 951; 160 951; 158 949; 157 949; 153 945; 153 944; 152 943; 152 942; 151 942; 150 941; 148 941; 147 942; 143 942; 142 941; 140 941; 139 940; 135 940; 134 939; 131 939; 129 937; 128 937; 126 935
161; 222 932; 221 933; 221 934; 220 935; 220 936; 219 937; 219 938; 216 941; 215 941; 213 943; 212 943; 208 947; 207 946; 203 946; 203 950; 204 951; 204 952; 203 953; 203 954; 202 955; 202 956; 192 966; 192 967; 191 968; 191 971; 192 972; 198 972; 199 973; 201 973; 202 974; 211 974; 212 975; 213 975; 214 976; 215 976; 216 977; 217 977; 218 978; 219 978; 220 979; 228 979; 229 980; 230 980; 234 984; 235 984; 236 985; 239 985; 240 984; 240 980; 237 977; 237 975; 236 974; 236 965; 235 964; 235 961; 234 960; 234 957; 233 956; 233 955; 232 954; 232 953; 230 951; 230 950; 229 949; 229 948; 228 947; 228 945; 227 944; 227 934; 226 933; 226 932
162; 764 940; 763 941; 763 947; 764 948; 764 949; 765 950; 765 951; 766 952; 766 954; 767 955; 767 960; 768 961; 768 965; 769 966; 769 969; 770 970; 770 973; 771 974; 771 976; 772 977; 772 981; 771 982; 771 984; 772 985; 772 989; 773 990; 773 991; 774 992; 776 992; 777 991; 778 991; 787 982; 791 982; 793 980; 793 977; 798 972; 800 972; 801 971; 803 971; 805 969; 805 967; 806 966; 806 965; 808 963; 809 963; 812 960; 812 958; 810 956; 806 956; 805 955; 803 955; 797 949; 796 949; 795 948; 793 948; 792 947; 789 947; 788 946; 779 946; 778 945; 776 945; 775 944; 774 944; 773 943; 771 943; 769 941; 768 941; 767 940
163; 933 934; 931 936; 931 938; 930 939; 930 941; 929 942; 929 943; 927 945; 927 946; 920 953; 920 955; 916 959; 916 960; 915 961; 915 962; 914 963; 914 964; 909 969; 909 970; 906 973; 906 977; 909 977; 910 976; 914 976; 915 977; 923 977; 924 978; 926 978; 927 979; 929 979; 930 980; 944 980; 945 981; 949 981; 950 982; 951 982; 952 983; 955 983; 957 981; 957 979; 954 976; 954 975; 952 973; 952 969; 951 968; 951 967; 950 966; 950 965; 949 964; 949 963; 948 962; 948 960; 947 959; 947 958; 946 957; 946 953; 945 952; 945 950; 943 948; 942 948; 941 947; 941 946; 939 944; 939 943; 938 942; 938 939; 937 938; 937 935; 936 934
164; 495 948; 494 949; 493 949; 492 950; 492 951; 491 952; 491 953; 481 963; 481 968; 480 969; 480 970; 476 974; 475 974; 474 975; 473 975; 467 981; 466 981; 465 982; 464 982; 463 983; 463 987; 465 989; 470 989; 471 990; 474 990; 475 991; 478 991; 479 992; 481 992; 482 993; 484 993; 486 995; 486 1000; 489 1000; 490 999; 490 998; 492 996; 501 996; 502 997; 503 997; 505 999; 506 999; 507 1000; 508 1000; 509 1001; 515 1001; 516 1000; 516 997; 515 996; 515 995; 512 992; 512 991; 511 990; 511 988; 510 987; 510 983; 509 982; 509 980; 508 979; 508 977; 507 976; 507 975; 506 974; 506 973; 505 972; 505 971; 504 970; 504 966; 503 965; 503 961; 502 960; 502 958; 500 956; 500 955; 499 954; 499 948
165; 90 950; 88 952; 89 953; 88 954; 88 955; 78 965; 77 965; 75 967; 75 968; 73 970; 73 971; 72 972; 72 973; 70 975; 70 976; 64 982; 64 985; 63 986; 63 988; 60 991; 59 991; 58 992; 58 993; 57 994; 57 998; 58 998; 59 999; 62 999; 63 998; 69 998; 70 997; 71 998; 76 998; 80 1002; 84 1002; 86 1000; 87 1000; 88 999; 89 999; 90 998; 108 998; 108 994; 104 990; 104 989; 102 987; 102 986; 101 985; 101 984; 100 983; 100 982; 99 981; 99 979; 98 978; 98 977; 97 976; 97 974; 96 973; 96 972; 97 971; 97 966; 94 963; 94 961; 93 960; 93 959; 92 958; 92 953; 91 952; 91 951
166; 540 966; 540 967; 539 968; 539 970; 540 971; 540 987; 539 988; 539 990; 538 991; 538 992; 537 993; 537 996; 536 997; 536 1001; 537 1002; 537 1008; 536 1009; 536 1013; 535 1014; 535 1019; 536 1020; 538 1020; 544 1014; 546 1014; 547 1013; 552 1013; 553 1012; 560 1012; 561 1011; 562 1011; 565 1008; 566 1008; 569 1005; 570 1005; 571 1004; 572 1004; 573 1003; 574 1003; 575 1002; 577 1002; 578 1001; 580 1001; 581 1000; 583 1000; 584 999; 585 999; 585 996; 584 995; 583 995; 582 994; 580 994; 579 993; 578 993; 576 991; 575 991; 569 985; 569 984; 568 983; 568 982; 567 981; 566 981; 565 980; 563 980; 562 979; 560 979; 555 974; 554 974; 552 972; 551 972; 549 970; 548 970; 547 969; 546 969; 544 967; 543 967; 542 966
167; 365 972; 365 973; 364 974; 364 976; 365 977; 365 980; 366 981; 366 983; 367 984; 367 991; 364 994; 364 997; 365 998; 365 999; 366 999; 369 1002; 369 1003; 370 1004; 370 1008; 369 1009; 369 1014; 372 1017; 372 1023; 381 1023; 381 1021; 385 1017; 386 1017; 388 1015; 389 1015; 391 1013; 392 1013; 393 1012; 394 1012; 395 1011; 397 1011; 400 1014; 400 1017; 401 1018; 401 1019; 402 1020; 402 1021; 403 1022; 403 1023; 410 1023; 410 1017; 402 1009; 402 1004; 405 1001; 407 1001; 408 1000; 410 1000; 412 998; 413 998; 414 997; 414 992; 412 990; 406 990; 405 989; 404 989; 402 987; 401 987; 399 985; 397 985; 396 984; 393 984; 392 983; 389 983; 388 982; 386 982; 385 981; 384 981; 382 979; 381 979; 380 978; 378 978; 377 977; 376 977; 375 976; 374 976; 371 973; 370 973; 369 972
168; 205 999; 204 1000; 203 1000; 202 1001; 201 1001; 200 1002; 192 1002; 191 1003; 189 1003; 187 1005; 182 1005; 181 1006; 181 1007; 179 1009; 178 1009; 177 1010; 176 1010; 175 1011; 170 1011; 169 1012; 166 1012; 165 1013; 162 1013; 160 1015; 160 1018; 164 1022; 164 1023; 179 1023; 179 1020; 183 1016; 184 1016; 185 1015; 186 1015; 187 1014; 188 1014; 189 1013; 190 1013; 191 1012; 192 1012; 193 1011; 195 1011; 198 1014; 198 1018; 197 1019; 197 1021; 196 1022; 196 1023; 206 1023; 206 1018; 207 1017; 207 1007; 208 1006; 208 1005; 209 1004; 209 999
169; 727 995; 724 998; 723 998; 721 1000; 720 1000; 719 1001; 715 1001; 714 1000; 709 1000; 708 1001; 707 1001; 706 1002; 706 1005; 711 1010; 712 1010; 713 1011; 713 1012; 715 1014; 715 1015; 716 1016; 716 1017; 717 1018; 717 1019; 718 1020; 718 1021; 719 1022; 719 1023; 729 1023; 729 1021; 727 1019; 727 1018; 724 1015; 724 1014; 723 1013; 723 1009; 724 1008; 725 1008; 726 1007; 737 1007; 738 1006; 740 1006; 742 1008; 742 1011; 741 1012; 741 1014; 740 1015; 740 1017; 739 1018; 739 1019; 738 1020; 738 1023; 747 1023; 747 1020; 748 1019; 748 1017; 749 1016; 749 1013; 750 1012; 750 1009; 751 1008; 751 1007; 752 1006; 752 1005; 753 1004; 753 1003; 755 1001; 755 1000; 756 999; 756 998; 757 997; 757 995; 751 995; 750 996; 747 996; 746 997; 737 997; 736 998; 734 998; 733 997; 731 997; 729 995
