0; 200 0; 200 1; 199 2; 199 3; 198 4; 198 5; 197 6; 197 8; 196 9; 196 13; 195 14; 195 16; 194 17; 194 18; 192 20; 186 20; 186 23; 187 23; 188 24; 190 24; 192 26; 192 31; 191 32; 191 36; 192 37; 194 37; 195 36; 197 36; 198 35; 200 35; 201 34; 204 34; 205 33; 214 33; 216 31; 217 31; 218 30; 220 30; 221 29; 226 29; 227 28; 230 28; 231 27; 233 27; 234 26; 235 26; 236 25; 236 22; 232 18; 231 18; 228 15; 227 15; 226 14; 225 14; 223 12; 222 12; 211 1; 211 0
1; 253 0; 253 1; 251 3; 250 3; 249 4; 241 4; 240 5; 239 5; 239 8; 240 9; 240 10; 242 12; 242 13; 245 16; 245 17; 247 19; 247 20; 248 21; 248 24; 249 25; 249 27; 257 35; 257 36; 258 37; 258 38; 259 39; 259 40; 261 42; 261 43; 262 44; 265 44; 266 43; 266 42; 267 41; 267 39; 268 38; 268 37; 269 36; 269 35; 271 33; 271 32; 274 29; 274 28; 277 25; 277 24; 279 22; 279 21; 280 20; 280 19; 281 18; 281 17; 282 16; 282 15; 283 14; 283 13; 284 12; 284 11; 287 8; 287 5; 286 4; 278 4; 277 5; 274 5; 273 4; 262 4; 259 1; 259 0
2; 882 0; 882 1; 879 4; 878 4; 877 5; 875 5; 874 6; 872 6; 871 7; 869 7; 869 10; 870 10; 871 11; 872 11; 873 12; 874 12; 875 13; 876 13; 877 14; 879 14; 880 15; 881 15; 883 17; 884 17; 886 19; 887 19; 889 21; 890 21; 891 22; 894 22; 895 23; 897 23; 898 24; 899 24; 900 25; 901 25; 902 26; 903 26; 904 27; 905 27; 908 30; 909 30; 910 31; 912 31; 913 30; 913 24; 912 23; 912 15; 913 14; 913 12; 914 11; 914 7; 913 6; 913 4; 912 3; 912 0; 904 0; 904 3; 905 4; 905 14; 902 17; 901 17; 900 16; 899 16; 898 15; 898 14; 897 13; 897 12; 898 11; 898 10; 899 9; 899 5; 896 2; 896 0
3; 942 0; 942 9; 941 10; 941 11; 940 12; 940 15; 939 16; 939 21; 938 22; 938 27; 937 28; 937 33; 936 34; 936 35; 935 36; 935 37; 932 40; 932 41; 931 42; 931 45; 932 46; 936 46; 937 45; 940 45; 941 44; 947 44; 948 43; 951 43; 952 42; 955 42; 956 41; 957 41; 958 40; 960 40; 961 39; 963 39; 964 38; 966 38; 967 37; 970 37; 971 36; 977 36; 978 35; 978 33; 973 28; 972 28; 967 23; 967 22; 965 20; 965 19; 960 14; 959 14; 957 12; 956 12; 948 4; 948 3; 946 1; 946 0
4; 772 5; 769 8; 769 9; 768 10; 767 10; 763 14; 762 14; 761 15; 760 15; 758 17; 757 17; 754 20; 753 20; 744 29; 743 29; 741 31; 740 31; 738 33; 738 35; 739 36; 740 36; 741 37; 746 37; 747 38; 749 38; 750 39; 751 39; 752 40; 753 40; 757 44; 762 44; 763 45; 766 45; 767 46; 770 46; 771 47; 773 47; 774 48; 775 48; 776 49; 777 49; 778 50; 779 50; 780 51; 781 51; 782 52; 782 50; 783 49; 783 48; 784 47; 783 46; 783 45; 782 44; 782 42; 781 41; 781 32; 780 31; 780 24; 779 23; 779 20; 778 19; 778 15; 777 14; 777 12; 776 11; 776 6; 775 5
5; 461 18; 460 19; 460 22; 461 23; 461 24; 462 25; 462 26; 463 27; 463 28; 464 29; 464 30; 465 31; 465 32; 467 34; 467 35; 468 36; 468 38; 469 39; 469 41; 470 42; 470 43; 471 44; 471 45; 473 47; 473 48; 474 49; 474 50; 475 51; 475 53; 476 54; 476 56; 477 57; 477 58; 478 59; 478 60; 481 60; 487 54; 487 53; 488 52; 488 51; 489 50; 489 49; 494 44; 494 43; 503 34; 503 33; 508 28; 508 25; 507 24; 503 24; 502 23; 499 23; 498 22; 495 22; 494 21; 492 21; 491 20; 489 20; 488 19; 485 19; 484 20; 475 20; 474 19; 469 19; 468 18
6; 100 23; 98 69; 110 63; 118 62; 131 53; 140 51; 140 48; 129 39; 113 31; 100 19
7; 100 19; 92 0; 84 0; 84 7; 80 10; 69 8; 67 6; 68 0; 60 0; 58 5; 52 10; 53 14; 88 17; 100 23
8; 822 26; 821 27; 820 27; 818 29; 817 29; 816 30; 815 30; 813 32; 812 32; 811 33; 809 33; 808 34; 807 34; 806 35; 805 35; 804 36; 804 37; 799 42; 798 42; 797 43; 796 43; 795 44; 794 44; 792 46; 791 46; 790 47; 789 47; 788 48; 784 48; 784 49; 783 50; 783 52; 784 53; 786 53; 787 54; 789 54; 790 55; 791 55; 792 56; 794 56; 795 57; 797 57; 798 58; 800 58; 801 59; 802 59; 803 60; 804 60; 805 61; 806 61; 808 63; 809 63; 810 64; 811 64; 812 65; 814 65; 815 66; 816 66; 817 67; 818 67; 819 68; 820 68; 821 69; 822 69; 823 70; 824 70; 825 71; 830 71; 830 65; 829 64; 829 62; 828 61; 828 46; 827 45; 827 42; 826 41; 826 27; 825 26
9; 885 28; 878 35; 877 35; 875 37; 874 37; 871 40; 870 40; 866 44; 865 44; 864 45; 863 45; 861 47; 860 47; 856 51; 855 51; 854 52; 853 52; 852 53; 851 53; 851 56; 852 57; 853 57; 854 58; 857 58; 858 59; 861 59; 862 60; 864 60; 865 61; 866 61; 867 62; 868 62; 869 63; 870 63; 871 64; 872 64; 874 66; 875 66; 876 67; 877 67; 878 68; 879 68; 880 69; 882 69; 883 70; 885 70; 886 71; 888 71; 889 72; 890 72; 891 73; 896 73; 896 69; 895 68; 895 66; 894 65; 894 63; 893 62; 893 54; 895 52; 895 49; 893 47; 893 46; 892 45; 892 42; 891 41; 891 38; 890 37; 890 29; 889 28
10; 576 31; 574 33; 573 33; 570 36; 569 36; 567 38; 566 38; 564 40; 563 40; 562 41; 561 41; 559 43; 558 43; 557 44; 556 44; 553 47; 552 47; 549 50; 548 50; 545 53; 544 53; 542 55; 541 55; 540 56; 539 56; 539 59; 540 59; 541 60; 543 60; 544 61; 546 61; 547 62; 548 62; 549 63; 550 63; 552 65; 553 65; 557 69; 562 69; 563 70; 564 70; 565 71; 566 71; 568 73; 569 73; 570 74; 572 74; 573 75; 574 75; 576 77; 577 77; 578 78; 581 78; 582 77; 582 63; 581 62; 581 57; 580 56; 580 52; 579 51; 579 35; 580 34; 580 32; 579 31
11; 151 33; 150 34; 150 48; 149 49; 149 50; 148 51; 148 56; 149 57; 149 64; 148 65; 148 78; 149 79; 152 79; 153 78; 154 78; 156 76; 157 76; 159 74; 161 74; 162 73; 163 73; 165 71; 166 71; 167 70; 168 70; 169 69; 170 69; 171 68; 172 68; 174 66; 175 66; 176 65; 177 65; 178 64; 181 64; 182 63; 186 63; 187 62; 189 62; 189 59; 183 53; 182 53; 180 51; 179 51; 175 47; 174 47; 170 43; 169 43; 168 42; 167 42; 166 41; 165 41; 164 40; 163 40; 162 39; 161 39; 159 37; 158 37; 155 34; 154 34; 153 33
12; 210 39; 209 40; 209 43; 210 44; 210 45; 211 46; 211 48; 212 49; 212 57; 211 58; 211 61; 212 62; 212 63; 213 64; 213 65; 214 66; 214 68; 215 69; 215 71; 216 72; 216 74; 217 75; 217 76; 218 77; 218 78; 219 79; 219 83; 220 84; 223 84; 225 82; 225 81; 229 77; 230 77; 241 66; 241 65; 247 59; 248 59; 251 56; 252 56; 253 55; 253 52; 252 52; 251 51; 247 51; 246 50; 243 50; 242 49; 240 49; 239 48; 236 48; 235 47; 233 47; 232 46; 230 46; 229 45; 228 45; 227 44; 226 44; 223 41; 216 41; 215 40; 214 40; 213 39
13; 973 48; 972 49; 971 49; 970 50; 968 50; 967 51; 965 51; 964 52; 961 52; 960 53; 953 53; 951 55; 950 55; 948 57; 946 57; 945 58; 944 58; 943 59; 941 59; 940 60; 934 60; 933 61; 933 64; 934 65; 935 65; 947 77; 948 77; 951 80; 952 80; 954 82; 955 82; 957 84; 958 84; 961 87; 962 87; 967 92; 970 92; 971 91; 971 79; 972 78; 972 75; 973 74; 973 71; 974 70; 974 67; 975 66; 975 57; 976 56; 976 53; 977 52; 977 48
14; 456 44; 456 45; 455 46; 455 47; 454 48; 454 49; 453 50; 453 51; 451 53; 451 54; 449 56; 449 58; 448 59; 448 61; 447 62; 447 63; 446 64; 446 66; 445 67; 445 68; 444 69; 444 71; 443 72; 443 74; 442 75; 442 77; 440 79; 440 80; 438 82; 438 86; 444 86; 445 85; 449 85; 450 84; 451 84; 452 85; 461 85; 462 84; 463 84; 464 83; 467 83; 468 82; 469 83; 471 83; 472 82; 476 82; 477 81; 484 81; 485 80; 485 77; 482 74; 482 73; 478 69; 478 68; 471 61; 471 60; 464 53; 464 52; 462 50; 462 48; 461 47; 461 46; 460 45; 460 44
15; 986 47; 984 49; 984 54; 983 55; 983 57; 982 58; 982 62; 981 63; 981 85; 980 86; 980 89; 979 90; 979 92; 980 93; 983 93; 984 92; 986 92; 987 91; 989 91; 990 90; 992 90; 993 89; 994 89; 995 88; 996 88; 997 87; 1000 87; 1001 86; 1002 86; 1006 82; 1007 82; 1008 81; 1009 81; 1010 80; 1011 80; 1012 79; 1013 79; 1015 77; 1017 77; 1018 76; 1021 76; 1022 75; 1023 75; 1023 71; 1021 71; 1020 70; 1018 70; 1017 69; 1016 69; 1015 68; 1014 68; 1013 67; 1012 67; 1010 65; 1009 65; 1006 62; 1005 62; 1004 61; 1003 61; 1002 60; 1001 60; 999 58; 998 58; 992 52; 992 51; 988 47
16; 6 52; 5 53; 5 59; 4 60; 4 64; 3 65; 3 67; 2 68; 2 69; 1 70; 0 70; 0 95; 7 95; 8 94; 9 94; 10 93; 11 93; 12 92; 13 92; 14 91; 16 91; 17 90; 20 90; 21 89; 24 89; 25 88; 27 88; 28 87; 29 87; 30 86; 31 86; 32 85; 34 85; 35 84; 39 84; 40 83; 42 83; 42 80; 39 77; 38 77; 33 72; 32 72; 31 71; 30 71; 27 68; 27 67; 25 65; 24 65; 22 63; 20 63; 18 61; 17 61; 11 55; 11 54; 9 52
17; 498 65; 498 66; 497 67; 497 72; 496 73; 496 75; 495 76; 495 77; 494 78; 494 80; 493 81; 493 83; 492 84; 492 86; 491 87; 491 89; 490 90; 490 93; 489 94; 489 97; 488 98; 488 100; 487 101; 487 102; 486 103; 486 104; 485 105; 485 108; 490 108; 491 107; 493 107; 494 106; 497 106; 498 105; 508 105; 509 104; 513 104; 514 103; 515 103; 516 102; 518 102; 519 101; 522 101; 523 100; 531 100; 532 99; 532 97; 528 93; 527 93; 518 84; 518 83; 511 76; 511 75; 501 65
18; 795 73; 793 75; 792 75; 789 78; 788 78; 787 79; 785 79; 784 80; 781 80; 780 81; 778 81; 776 83; 775 83; 773 85; 771 85; 770 86; 769 86; 768 87; 767 87; 766 88; 764 88; 763 89; 761 89; 760 90; 757 90; 755 92; 755 94; 757 96; 758 96; 759 97; 760 97; 761 98; 762 98; 764 100; 765 100; 768 103; 769 103; 770 104; 771 104; 773 106; 774 106; 776 108; 777 108; 779 110; 780 110; 781 111; 782 111; 783 112; 784 112; 785 113; 786 113; 787 114; 788 114; 790 116; 791 116; 794 119; 796 119; 797 120; 799 120; 799 117; 798 116; 798 111; 797 110; 797 105; 798 104; 798 102; 799 101; 799 94; 798 93; 798 92; 799 91; 799 83; 798 82; 798 74; 797 73
19; 102 74; 97 79; 96 79; 95 80; 94 80; 93 81; 92 81; 91 82; 89 82; 88 83; 87 83; 86 84; 85 84; 82 87; 81 87; 77 91; 76 91; 75 92; 74 92; 73 93; 72 93; 71 94; 70 94; 69 95; 68 95; 67 96; 67 99; 68 100; 71 100; 72 101; 74 101; 75 102; 76 102; 77 103; 78 103; 79 104; 80 104; 82 106; 83 106; 84 107; 85 107; 86 108; 87 108; 88 109; 89 109; 91 111; 92 111; 94 113; 95 113; 96 114; 97 114; 98 115; 99 115; 100 116; 101 116; 103 118; 104 118; 105 119; 109 119; 109 118; 110 117; 110 104; 109 103; 109 96; 108 95; 108 92; 107 91; 107 85; 106 84; 106 80; 107 79; 107 75; 106 74
20; 249 90; 248 91; 226 91; 225 92; 215 92; 214 91; 210 91; 210 95; 211 96; 211 97; 212 98; 212 99; 213 100; 213 101; 214 102; 214 103; 215 104; 215 105; 216 106; 216 107; 217 108; 217 109; 219 111; 219 112; 220 113; 220 114; 222 116; 222 117; 228 123; 228 124; 229 125; 229 126; 230 127; 230 128; 231 129; 231 130; 232 130; 233 131; 235 131; 236 130; 236 129; 237 128; 237 127; 239 125; 239 124; 240 123; 240 122; 241 121; 241 119; 244 116; 244 115; 245 114; 245 113; 246 112; 246 109; 247 108; 247 107; 248 106; 248 105; 249 104; 249 103; 250 102; 250 101; 252 99; 252 98; 254 96; 254 95; 256 93; 256 91; 255 90
21; 167 88; 166 89; 165 89; 164 90; 163 90; 162 91; 160 91; 159 92; 158 92; 154 96; 153 96; 150 99; 149 99; 146 102; 145 102; 144 103; 143 103; 141 105; 140 105; 139 106; 138 106; 137 107; 132 107; 131 106; 128 106; 128 108; 135 115; 136 115; 137 116; 138 116; 139 117; 140 117; 143 120; 144 120; 145 121; 146 121; 148 123; 149 123; 150 124; 152 124; 153 125; 155 125; 156 126; 157 126; 158 127; 159 127; 161 129; 162 129; 164 131; 165 131; 168 134; 171 134; 171 119; 172 118; 172 115; 173 114; 173 110; 172 109; 172 107; 171 106; 171 103; 170 102; 170 92; 171 91; 171 89; 170 88
22; 415 93; 413 95; 410 95; 409 96; 407 96; 405 98; 404 98; 403 99; 402 99; 401 100; 399 100; 398 101; 396 101; 395 102; 394 102; 393 103; 391 103; 390 104; 389 104; 387 106; 386 106; 384 108; 382 108; 381 109; 379 109; 378 110; 377 110; 377 113; 378 114; 379 114; 380 115; 381 115; 382 116; 383 116; 386 119; 387 119; 394 126; 396 126; 397 127; 398 127; 399 128; 400 128; 402 130; 403 130; 405 132; 406 132; 407 133; 408 133; 410 135; 411 135; 413 137; 414 137; 415 138; 417 138; 418 137; 418 131; 417 130; 417 127; 418 126; 418 123; 419 122; 419 116; 418 115; 418 110; 417 109; 417 106; 418 105; 418 102; 419 101; 419 99; 420 98; 420 93
23; 933 101; 932 102; 927 102; 926 103; 923 103; 922 104; 918 104; 917 103; 912 103; 911 104; 907 104; 906 105; 903 105; 902 106; 892 106; 891 107; 891 109; 893 111; 893 112; 895 114; 895 115; 897 117; 897 118; 902 123; 902 124; 903 125; 903 126; 905 128; 905 129; 906 130; 907 130; 916 139; 916 140; 917 141; 917 142; 919 144; 922 144; 923 143; 923 142; 924 141; 924 139; 925 138; 925 136; 926 135; 926 133; 927 132; 927 131; 928 130; 928 129; 929 128; 929 126; 930 125; 930 124; 931 123; 931 122; 932 121; 932 120; 933 119; 933 117; 934 116; 934 114; 935 113; 935 109; 936 108; 936 107; 938 105; 938 101
24; 266 95; 264 97; 264 117; 263 118; 263 123; 264 124; 264 127; 265 128; 265 131; 266 132; 266 138; 265 139; 265 143; 268 143; 269 142; 270 142; 273 139; 274 139; 275 138; 276 138; 277 137; 278 137; 279 136; 280 136; 282 134; 283 134; 286 131; 287 131; 289 129; 290 129; 292 127; 293 127; 295 125; 296 125; 297 124; 298 124; 299 123; 300 123; 302 121; 304 121; 305 120; 306 120; 307 119; 307 116; 306 115; 305 115; 304 114; 302 114; 301 113; 300 113; 299 112; 298 112; 297 111; 296 111; 295 110; 294 110; 293 109; 292 109; 291 108; 290 108; 289 107; 288 107; 287 106; 286 106; 285 105; 284 105; 283 104; 282 104; 280 102; 278 102; 277 101; 276 101; 273 98; 273 97; 271 95
25; 997 99; 996 100; 996 104; 997 105; 997 112; 996 113; 996 118; 995 119; 995 125; 996 126; 996 133; 997 134; 997 138; 996 139; 996 145; 1000 145; 1001 144; 1002 144; 1003 143; 1004 143; 1005 142; 1006 142; 1008 140; 1009 140; 1011 138; 1012 138; 1013 137; 1014 137; 1015 136; 1016 136; 1017 135; 1018 135; 1019 134; 1020 134; 1021 133; 1023 133; 1023 113; 1021 113; 1020 112; 1019 112; 1017 110; 1016 110; 1014 108; 1013 108; 1012 107; 1010 107; 1009 106; 1008 106; 1007 105; 1006 105; 1001 100; 1000 100; 999 99
26; 452 112; 452 116; 453 117; 453 124; 454 125; 454 129; 455 130; 455 135; 456 136; 456 141; 457 142; 457 146; 458 147; 458 149; 459 150; 459 152; 460 153; 460 156; 461 157; 464 157; 466 155; 467 155; 476 146; 478 146; 496 128; 496 125; 495 125; 494 124; 490 124; 489 123; 485 123; 484 122; 483 122; 482 121; 481 121; 480 120; 479 120; 478 119; 472 119; 471 118; 467 118; 466 117; 465 117; 464 116; 463 116; 462 115; 461 115; 459 113; 458 113; 457 112
27; 706 121; 705 122; 705 125; 707 127; 707 128; 708 129; 708 130; 709 131; 709 135; 710 136; 710 138; 712 140; 712 141; 713 142; 713 143; 715 145; 715 146; 716 147; 716 148; 718 150; 718 151; 720 153; 720 154; 721 155; 721 156; 723 158; 723 159; 725 161; 725 162; 726 163; 727 163; 729 165; 730 165; 731 166; 732 166; 732 165; 733 164; 733 162; 732 161; 732 160; 731 159; 731 158; 733 156; 733 155; 737 151; 738 151; 741 148; 741 145; 742 144; 742 143; 743 142; 743 141; 744 140; 744 139; 746 137; 746 136; 747 135; 747 134; 748 133; 748 132; 749 131; 749 130; 751 128; 751 125; 750 124; 737 124; 736 123; 734 123; 733 122; 710 122; 709 121
28; 948 121; 948 122; 947 123; 947 125; 948 126; 948 131; 947 132; 947 139; 946 140; 946 141; 945 142; 945 144; 946 145; 946 148; 947 149; 947 161; 946 162; 946 163; 945 164; 945 166; 946 167; 949 167; 950 166; 951 166; 953 164; 954 164; 955 163; 957 163; 958 162; 959 162; 960 161; 962 161; 963 160; 964 160; 965 159; 966 159; 967 158; 968 158; 969 157; 970 157; 971 156; 972 156; 973 155; 974 155; 975 154; 976 154; 978 152; 979 152; 980 151; 981 151; 982 150; 983 150; 984 149; 987 149; 988 148; 988 144; 987 144; 986 143; 985 143; 984 142; 983 142; 981 140; 980 140; 978 138; 977 138; 975 136; 974 136; 973 135; 972 135; 971 134; 970 134; 969 133; 968 133; 967 132; 966 132; 965 131; 964 131; 963 130; 962 130; 961 129; 960 129; 959 128; 957 128; 950 121
29; 192 128; 191 129; 189 129; 188 130; 187 130; 186 131; 184 131; 183 132; 182 132; 181 133; 180 133; 179 134; 178 134; 177 135; 171 135; 171 136; 170 137; 170 138; 168 140; 167 140; 165 142; 164 142; 163 143; 162 143; 161 144; 159 144; 158 145; 157 145; 156 146; 155 146; 153 148; 153 151; 154 151; 155 152; 156 152; 158 154; 159 154; 161 156; 162 156; 163 157; 164 157; 166 159; 167 159; 172 164; 175 164; 176 165; 177 165; 178 166; 179 166; 180 167; 181 167; 182 168; 183 168; 184 169; 185 169; 191 175; 193 175; 194 174; 194 161; 195 160; 195 129; 194 128
30; 516 128; 507 137; 506 137; 505 138; 504 138; 503 139; 502 139; 499 142; 498 142; 495 145; 494 145; 492 147; 491 147; 489 149; 488 149; 487 150; 486 150; 484 152; 483 152; 481 154; 481 157; 482 158; 484 158; 485 159; 487 159; 488 160; 489 160; 490 161; 491 161; 492 162; 494 162; 495 163; 496 163; 497 164; 498 164; 503 169; 505 169; 506 170; 509 170; 510 171; 512 171; 513 172; 516 172; 517 173; 518 173; 519 174; 520 174; 521 175; 525 175; 525 164; 524 163; 524 161; 523 160; 523 148; 522 147; 522 144; 521 143; 521 137; 520 136; 520 130; 518 128
31; 771 140; 769 142; 768 142; 767 143; 766 143; 765 144; 764 144; 762 146; 761 146; 760 147; 759 147; 758 148; 757 148; 755 150; 754 150; 751 153; 750 153; 747 156; 746 156; 745 157; 744 157; 741 160; 740 160; 738 162; 736 162; 735 163; 734 162; 734 164; 733 165; 733 166; 734 167; 735 167; 736 168; 737 168; 739 170; 740 170; 742 172; 743 172; 744 173; 745 173; 746 174; 747 174; 748 175; 749 175; 750 176; 752 176; 753 177; 754 177; 755 178; 756 178; 757 179; 758 179; 759 180; 760 180; 761 181; 764 181; 765 182; 766 182; 767 183; 769 183; 770 184; 771 184; 772 185; 773 185; 775 187; 777 187; 778 186; 778 185; 779 184; 779 181; 778 180; 778 176; 777 175; 777 172; 776 171; 776 168; 777 167; 777 160; 776 159; 776 154; 775 153; 775 141; 774 140
32; 824 147; 823 148; 823 152; 824 153; 824 154; 825 155; 825 157; 826 158; 826 160; 827 161; 827 163; 828 164; 828 166; 829 167; 829 168; 830 169; 830 170; 831 171; 831 172; 832 173; 832 174; 833 175; 833 176; 834 177; 834 178; 835 179; 835 181; 836 182; 836 186; 837 187; 837 190; 838 191; 838 192; 842 192; 843 191; 843 190; 852 181; 852 180; 854 178; 854 177; 855 176; 855 175; 858 172; 858 171; 861 168; 861 167; 863 165; 863 164; 866 161; 866 160; 867 159; 868 159; 869 158; 869 154; 858 154; 857 153; 855 153; 854 152; 852 152; 851 151; 849 151; 848 150; 844 150; 843 149; 841 149; 840 148; 829 148; 828 147
33; 232 144; 230 146; 230 147; 227 150; 227 151; 216 162; 216 163; 215 164; 215 165; 214 166; 214 167; 213 168; 213 169; 204 178; 204 181; 214 181; 215 182; 218 182; 222 186; 227 186; 228 185; 232 185; 233 186; 246 186; 247 187; 252 187; 252 184; 251 183; 251 182; 249 180; 249 179; 248 178; 248 176; 247 175; 247 171; 245 169; 245 168; 244 167; 244 166; 243 165; 243 164; 242 163; 242 160; 241 159; 241 156; 240 155; 240 152; 239 151; 239 150; 238 149; 238 148; 237 147; 237 145; 236 144
34; 622 142; 621 143; 621 144; 616 149; 616 150; 614 152; 614 153; 613 154; 613 155; 612 156; 612 157; 610 159; 610 160; 609 161; 609 170; 608 171; 608 172; 606 174; 605 174; 604 175; 603 175; 602 176; 600 176; 599 177; 598 177; 598 180; 604 180; 605 181; 612 181; 613 182; 616 182; 617 183; 629 183; 630 184; 631 184; 632 185; 633 185; 634 186; 635 186; 636 187; 641 187; 641 185; 640 185; 636 181; 636 180; 635 179; 635 178; 634 177; 634 176; 635 175; 635 173; 636 172; 636 168; 635 167; 635 165; 634 164; 634 161; 633 160; 633 159; 631 157; 631 156; 630 155; 630 151; 629 150; 629 148; 628 147; 628 145; 627 144; 627 143; 626 142
35; 893 158; 892 159; 892 163; 893 164; 893 166; 894 167; 894 168; 893 169; 893 172; 892 173; 892 187; 891 188; 891 195; 892 196; 892 198; 891 199; 891 205; 892 206; 894 206; 895 205; 896 205; 899 202; 900 202; 901 201; 902 201; 903 200; 904 200; 905 199; 907 199; 908 198; 909 198; 910 197; 911 197; 912 196; 913 196; 914 195; 915 195; 916 194; 917 194; 918 193; 919 193; 920 192; 921 192; 922 191; 923 191; 925 189; 926 189; 927 188; 930 188; 931 187; 933 187; 934 186; 934 183; 932 181; 931 181; 927 177; 926 177; 925 176; 924 176; 923 175; 922 175; 921 174; 920 174; 918 172; 917 172; 913 168; 912 168; 911 167; 910 167; 909 166; 908 166; 907 165; 906 165; 904 163; 903 163; 902 162; 901 162; 897 158
36; 710 165; 710 166; 709 167; 709 174; 710 175; 710 177; 709 178; 709 181; 708 182; 708 184; 704 188; 704 190; 707 193; 707 206; 706 207; 706 212; 707 213; 709 213; 710 212; 711 212; 712 211; 713 211; 714 210; 716 210; 717 209; 718 209; 719 208; 720 208; 721 207; 722 207; 723 206; 724 206; 725 205; 727 205; 728 204; 729 204; 730 203; 731 203; 732 202; 733 202; 734 201; 735 201; 736 200; 737 200; 738 199; 739 199; 740 198; 742 198; 743 197; 746 197; 747 196; 750 196; 751 195; 751 192; 749 190; 748 190; 747 189; 746 189; 745 188; 744 188; 743 187; 742 187; 738 183; 738 182; 734 178; 733 178; 732 177; 730 177; 729 176; 728 176; 726 174; 725 174; 723 172; 722 172; 721 171; 720 171; 714 165
37; 387 190; 386 191; 385 191; 384 192; 383 192; 382 193; 376 193; 375 194; 370 194; 369 195; 367 195; 366 196; 365 196; 364 197; 362 197; 361 198; 353 198; 352 199; 348 199; 347 200; 346 200; 344 202; 344 204; 345 204; 347 206; 348 206; 354 212; 354 213; 367 226; 368 226; 372 230; 373 230; 375 232; 375 233; 377 235; 377 236; 378 237; 378 238; 379 239; 380 239; 380 236; 381 235; 381 231; 382 230; 382 226; 383 225; 383 221; 384 220; 384 218; 386 216; 386 215; 388 213; 388 208; 387 207; 387 205; 388 204; 388 201; 389 200; 389 199; 390 198; 390 197; 391 196; 391 194; 392 193; 392 191; 391 190
38; 172 190; 167 195; 166 195; 165 196; 164 196; 163 197; 161 197; 160 198; 159 198; 158 199; 156 199; 155 200; 153 200; 152 201; 150 201; 149 202; 148 202; 147 203; 145 203; 144 204; 143 204; 142 205; 140 205; 139 206; 138 206; 136 208; 135 208; 132 211; 132 213; 133 214; 134 214; 135 215; 136 215; 137 216; 138 216; 139 217; 140 217; 141 218; 143 218; 144 219; 145 219; 146 220; 147 220; 148 221; 149 221; 155 227; 156 227; 157 228; 158 228; 159 229; 160 229; 162 231; 163 231; 165 233; 166 233; 169 236; 173 236; 173 226; 174 225; 174 223; 175 222; 175 220; 176 219; 176 211; 175 210; 175 200; 176 199; 176 190
39; 49 195; 47 197; 45 197; 44 198; 42 198; 40 200; 39 200; 38 201; 29 201; 28 202; 27 202; 25 204; 25 205; 23 207; 22 207; 21 208; 19 208; 18 209; 15 209; 14 210; 12 210; 11 211; 10 211; 9 212; 9 214; 11 216; 12 216; 14 218; 15 218; 19 222; 20 222; 21 223; 22 223; 25 226; 26 226; 28 228; 29 228; 31 230; 32 230; 33 231; 34 231; 35 232; 36 232; 37 233; 39 233; 40 234; 41 234; 42 235; 43 235; 48 240; 50 240; 51 239; 51 238; 52 237; 52 233; 51 232; 51 229; 50 228; 50 226; 51 225; 51 222; 52 221; 52 218; 53 217; 53 203; 54 202; 54 195
40; 681 212; 681 215; 680 216; 680 219; 683 222; 683 223; 684 224; 684 226; 685 227; 685 234; 686 235; 686 236; 688 238; 688 239; 689 240; 689 241; 690 242; 690 244; 691 245; 691 247; 692 248; 692 252; 693 253; 693 256; 696 256; 697 255; 698 255; 701 252; 701 251; 706 246; 707 246; 719 234; 720 234; 726 228; 727 228; 727 227; 728 226; 728 224; 727 223; 723 223; 722 222; 720 222; 719 221; 717 221; 716 220; 714 220; 713 219; 711 219; 710 218; 709 218; 708 217; 700 217; 699 216; 693 216; 692 215; 689 215; 688 214; 686 214; 685 213; 683 213; 682 212
41; 674 211; 671 214; 670 214; 668 216; 667 216; 666 217; 665 217; 664 218; 662 218; 661 219; 660 219; 659 220; 658 220; 657 221; 656 221; 655 222; 654 222; 653 223; 652 223; 645 230; 644 230; 642 232; 641 232; 640 233; 638 233; 637 234; 636 234; 634 236; 634 238; 635 239; 636 239; 637 240; 641 240; 642 241; 643 241; 644 242; 646 242; 648 244; 649 244; 650 245; 651 245; 653 247; 654 247; 655 248; 656 248; 657 249; 658 249; 659 250; 660 250; 661 251; 662 251; 663 252; 665 252; 666 253; 668 253; 669 254; 670 254; 674 258; 677 258; 678 257; 678 250; 677 249; 677 245; 678 244; 678 241; 679 240; 679 233; 678 232; 678 229; 677 228; 677 220; 678 219; 679 219; 679 216; 680 215; 680 212; 679 211
42; 74 214; 71 217; 71 218; 70 219; 70 220; 69 221; 69 222; 68 223; 68 226; 67 227; 67 228; 65 230; 65 231; 64 232; 64 235; 63 236; 63 239; 62 240; 62 241; 61 242; 61 243; 60 244; 60 245; 59 246; 59 247; 58 248; 58 250; 57 251; 57 252; 56 253; 56 256; 62 256; 63 255; 79 255; 80 254; 82 254; 83 253; 90 253; 91 252; 101 252; 102 251; 102 249; 101 248; 101 247; 99 245; 99 244; 98 243; 98 242; 92 236; 92 235; 87 230; 87 229; 80 222; 80 220; 79 219; 79 218; 78 217; 78 215; 77 214
43; 560 221; 559 222; 558 222; 556 224; 555 224; 553 226; 552 226; 550 228; 549 228; 548 229; 547 229; 546 230; 545 230; 543 232; 542 232; 542 233; 541 234; 540 234; 538 236; 537 236; 535 238; 534 238; 533 239; 532 239; 531 240; 530 240; 528 242; 527 242; 526 243; 525 243; 524 244; 523 244; 522 245; 522 247; 523 248; 524 248; 525 249; 526 249; 527 250; 529 250; 530 251; 531 251; 532 252; 533 252; 534 253; 535 253; 539 257; 540 257; 542 259; 545 259; 546 260; 548 260; 549 261; 550 261; 551 262; 552 262; 554 264; 555 264; 557 266; 558 266; 560 268; 564 268; 564 232; 563 231; 563 222; 562 221
44; 252 224; 251 225; 251 232; 250 233; 250 237; 249 238; 249 239; 248 240; 248 243; 247 244; 247 247; 246 248; 246 252; 245 253; 245 256; 244 257; 244 260; 243 261; 243 263; 242 264; 242 268; 246 268; 247 267; 251 267; 252 266; 254 266; 255 265; 257 265; 258 264; 261 264; 262 263; 268 263; 269 262; 270 262; 271 261; 272 261; 273 260; 274 260; 275 259; 279 259; 280 258; 285 258; 286 257; 286 254; 285 254; 282 251; 281 251; 275 245; 275 244; 270 239; 270 238; 263 231; 262 231; 255 224
45; 140 230; 139 231; 139 234; 140 235; 140 248; 141 249; 141 260; 142 261; 142 275; 143 276; 145 276; 150 271; 151 271; 153 269; 154 269; 155 268; 156 268; 157 267; 160 267; 161 266; 162 266; 167 261; 168 261; 170 259; 171 259; 172 258; 173 258; 176 255; 177 255; 178 254; 179 254; 180 253; 181 253; 181 250; 180 249; 178 249; 177 248; 176 248; 175 247; 174 247; 171 244; 170 244; 168 242; 167 242; 164 239; 163 239; 162 238; 161 238; 160 237; 157 237; 156 236; 154 236; 152 234; 151 234; 150 233; 148 233; 147 232; 146 232; 145 231; 144 231; 143 230
46; 935 228; 933 230; 932 230; 930 232; 929 232; 927 234; 926 234; 925 235; 924 235; 923 236; 922 236; 920 238; 919 238; 913 244; 912 244; 909 247; 908 247; 904 251; 903 251; 901 253; 901 254; 900 255; 900 256; 902 258; 905 258; 906 259; 908 259; 909 260; 910 260; 912 262; 913 262; 916 265; 918 265; 919 266; 924 266; 925 267; 926 267; 927 268; 928 268; 929 269; 931 269; 932 270; 933 270; 934 271; 935 271; 936 272; 937 272; 938 273; 939 273; 940 274; 942 274; 943 273; 943 271; 942 270; 942 269; 941 268; 941 262; 942 261; 942 258; 941 257; 941 254; 940 253; 940 245; 939 244; 939 230; 937 228
47; 12 228; 10 230; 10 232; 11 233; 11 242; 10 243; 10 244; 9 245; 9 252; 8 253; 8 256; 7 257; 7 264; 6 265; 6 268; 5 269; 5 272; 6 273; 8 273; 10 271; 11 271; 12 270; 15 270; 16 269; 20 269; 21 268; 24 268; 25 267; 26 267; 27 266; 29 266; 30 265; 32 265; 33 264; 34 264; 35 263; 36 263; 37 262; 38 262; 39 261; 40 261; 41 260; 44 260; 45 259; 47 259; 48 258; 49 258; 49 256; 44 251; 43 251; 41 249; 40 249; 33 242; 32 242; 29 239; 28 239; 25 236; 24 236; 23 235; 22 235; 15 228
48; 377 239; 375 241; 374 241; 373 242; 367 242; 366 241; 333 241; 333 245; 334 246; 334 247; 336 249; 336 250; 337 251; 337 252; 338 253; 338 254; 339 255; 339 256; 340 257; 340 258; 341 259; 341 260; 344 263; 344 264; 346 266; 346 267; 348 269; 348 270; 349 271; 349 272; 350 273; 350 274; 351 275; 351 276; 352 277; 352 278; 353 279; 355 279; 356 280; 358 280; 359 279; 359 278; 360 277; 360 276; 361 275; 361 274; 362 273; 362 272; 364 270; 364 269; 370 263; 370 262; 371 261; 371 258; 372 257; 372 255; 373 254; 373 252; 374 251; 374 250; 375 249; 375 248; 377 246; 377 245; 379 243; 379 241; 380 240; 379 240; 378 239
49; 500 242; 498 244; 497 244; 495 246; 494 246; 493 247; 492 247; 491 248; 490 248; 489 249; 485 249; 484 250; 483 250; 482 251; 480 251; 479 252; 478 252; 477 253; 470 253; 466 257; 465 257; 464 258; 463 258; 462 259; 462 262; 463 263; 464 263; 468 267; 469 267; 470 268; 471 268; 480 277; 481 277; 483 279; 484 279; 485 280; 486 280; 487 281; 488 281; 496 289; 498 289; 499 288; 499 284; 500 283; 500 275; 501 274; 501 270; 502 269; 502 261; 503 260; 503 246; 504 245; 504 243; 503 242
50; 714 248; 713 249; 713 252; 714 253; 714 258; 715 259; 715 293; 716 294; 721 294; 729 286; 730 286; 731 285; 732 285; 733 284; 734 284; 735 283; 737 283; 738 282; 739 282; 741 280; 742 280; 746 276; 747 276; 749 274; 750 274; 751 273; 753 273; 754 272; 755 272; 755 270; 753 268; 752 268; 751 267; 749 267; 748 266; 747 266; 745 264; 744 264; 742 262; 741 262; 738 259; 737 259; 736 258; 735 258; 734 257; 733 257; 732 256; 729 256; 728 255; 727 255; 726 254; 725 254; 723 252; 722 252; 720 250; 719 250; 717 248
51; 807 248; 802 253; 801 253; 800 254; 799 254; 798 255; 797 255; 796 256; 795 256; 794 257; 793 257; 791 259; 790 259; 788 261; 787 261; 786 262; 785 262; 784 263; 783 263; 781 265; 780 265; 779 266; 778 266; 777 267; 776 267; 774 269; 773 269; 772 270; 771 270; 770 271; 770 273; 772 275; 773 275; 774 276; 775 276; 776 277; 778 277; 779 278; 780 278; 781 279; 782 279; 784 281; 785 281; 786 282; 787 282; 788 283; 789 283; 790 284; 791 284; 793 286; 794 286; 796 288; 797 288; 798 289; 799 289; 800 290; 801 290; 802 291; 803 291; 806 294; 807 294; 808 295; 811 295; 811 279; 812 278; 812 270; 811 269; 811 265; 810 264; 810 249; 809 248
52; 881 248; 880 249; 880 251; 881 252; 881 254; 880 255; 880 258; 879 259; 879 261; 878 262; 878 263; 877 264; 877 265; 876 266; 876 267; 875 268; 875 271; 876 272; 876 273; 875 274; 875 277; 874 278; 874 280; 873 281; 873 286; 872 287; 872 292; 875 292; 876 291; 877 291; 878 290; 879 290; 880 289; 883 289; 884 288; 890 288; 891 287; 898 287; 899 286; 900 286; 902 284; 903 284; 904 283; 906 283; 907 282; 915 282; 916 281; 916 279; 913 276; 912 276; 910 274; 910 273; 903 266; 903 265; 901 263; 901 260; 902 259; 899 256; 898 256; 897 257; 895 257; 894 256; 893 256; 892 255; 891 255; 885 249; 885 248
53; 825 256; 824 257; 824 259; 825 260; 825 262; 826 263; 826 266; 825 267; 825 273; 826 274; 826 283; 825 284; 825 289; 827 291; 827 295; 828 296; 828 301; 829 302; 829 303; 831 303; 832 302; 833 302; 838 297; 839 297; 841 295; 842 295; 844 293; 846 293; 848 291; 849 291; 854 286; 855 286; 857 284; 858 284; 860 282; 861 282; 863 280; 864 280; 865 279; 866 279; 866 276; 865 275; 863 275; 862 274; 861 274; 860 273; 859 273; 858 272; 857 272; 856 271; 855 271; 854 270; 853 270; 851 268; 850 268; 849 267; 848 267; 845 264; 843 264; 842 263; 840 263; 839 262; 837 262; 836 261; 835 261; 834 260; 833 260; 831 258; 830 258; 829 257; 828 257; 827 256
54; 132 260; 131 261; 129 261; 128 262; 124 262; 123 263; 121 263; 120 264; 119 264; 118 265; 115 265; 114 266; 113 266; 109 270; 108 270; 107 271; 106 271; 105 272; 104 272; 103 273; 101 273; 100 274; 98 274; 97 275; 95 275; 94 276; 94 279; 95 279; 96 280; 97 280; 98 281; 99 281; 104 286; 104 287; 107 290; 107 291; 108 292; 110 292; 112 294; 113 294; 114 295; 115 295; 116 296; 117 296; 123 302; 123 303; 125 305; 125 306; 129 306; 129 305; 130 304; 130 300; 131 299; 131 287; 132 286; 132 281; 133 280; 133 277; 132 276; 132 265; 134 263; 134 260
55; 297 263; 296 264; 295 264; 294 265; 293 265; 292 266; 290 266; 288 268; 287 268; 285 270; 284 270; 283 271; 282 271; 281 272; 280 272; 279 273; 278 273; 276 275; 275 275; 274 276; 273 276; 272 277; 271 277; 269 279; 268 279; 265 282; 264 282; 263 283; 260 283; 258 285; 258 288; 259 289; 261 289; 262 290; 266 290; 267 291; 268 291; 269 292; 270 292; 271 293; 272 293; 273 294; 274 294; 275 295; 276 295; 277 296; 278 296; 279 297; 280 297; 281 298; 282 298; 284 300; 285 300; 287 302; 288 302; 289 303; 290 303; 291 304; 292 304; 293 305; 294 305; 298 309; 301 309; 301 308; 302 307; 302 305; 301 304; 301 301; 300 300; 300 288; 301 287; 301 281; 300 280; 300 267; 301 266; 301 264; 300 263
56; 316 260; 315 261; 315 265; 314 266; 314 269; 313 270; 313 274; 312 275; 312 279; 311 280; 311 281; 310 282; 310 285; 311 286; 311 298; 310 299; 310 301; 309 302; 309 306; 313 306; 314 305; 315 305; 316 304; 317 304; 318 303; 319 303; 320 302; 321 302; 322 301; 324 301; 325 300; 327 300; 328 299; 329 299; 330 298; 333 298; 334 297; 336 297; 337 296; 338 296; 339 295; 340 295; 342 293; 343 293; 344 292; 345 292; 346 291; 347 291; 348 290; 349 290; 350 289; 351 289; 352 288; 353 288; 354 287; 355 287; 357 285; 357 284; 358 283; 358 281; 356 281; 355 280; 353 280; 350 283; 346 283; 345 282; 344 282; 335 273; 334 273; 333 272; 332 272; 331 271; 330 271; 324 265; 323 265; 318 260
57; 380 266; 380 269; 382 271; 382 272; 383 273; 383 274; 384 275; 384 279; 385 280; 385 282; 386 283; 386 285; 387 286; 387 290; 388 291; 388 293; 389 294; 389 295; 390 296; 390 297; 391 298; 391 300; 392 301; 392 306; 393 307; 393 309; 394 310; 396 310; 399 307; 399 306; 407 298; 408 298; 410 296; 411 296; 416 291; 416 290; 417 289; 417 288; 419 286; 419 285; 421 283; 421 282; 424 279; 425 279; 426 278; 426 276; 425 275; 422 275; 421 274; 415 274; 414 273; 413 273; 412 272; 409 272; 408 271; 406 271; 405 270; 403 270; 402 269; 398 269; 397 268; 389 268; 388 267; 386 267; 385 266
58; 51 267; 49 269; 48 269; 47 270; 46 270; 44 272; 43 272; 41 274; 40 274; 39 275; 36 275; 35 276; 34 276; 31 279; 31 280; 28 283; 27 283; 25 285; 24 285; 23 286; 22 286; 21 287; 20 287; 19 288; 18 288; 16 290; 15 290; 15 293; 16 293; 17 294; 19 294; 20 295; 22 295; 23 296; 24 296; 25 297; 26 297; 27 298; 28 298; 30 300; 31 300; 32 301; 33 301; 34 302; 35 302; 36 303; 37 303; 38 304; 40 304; 41 305; 44 305; 45 306; 46 306; 47 307; 48 307; 50 309; 51 309; 54 312; 57 312; 58 311; 58 307; 57 306; 57 292; 56 291; 56 285; 55 284; 55 267
59; 702 288; 700 290; 699 290; 697 292; 696 292; 695 293; 694 293; 693 294; 691 294; 690 295; 686 295; 685 296; 684 296; 679 301; 678 301; 676 303; 675 303; 673 305; 672 305; 669 308; 668 308; 667 309; 666 309; 665 310; 664 310; 663 311; 663 314; 664 314; 665 315; 667 315; 668 316; 670 316; 672 318; 673 318; 674 319; 675 319; 677 321; 678 321; 679 322; 680 322; 681 323; 682 323; 683 324; 685 324; 686 325; 687 325; 688 326; 689 326; 690 327; 691 327; 692 328; 693 328; 694 329; 695 329; 697 331; 698 331; 702 335; 704 335; 705 334; 705 328; 706 327; 706 320; 705 319; 705 316; 706 315; 706 308; 705 307; 705 301; 704 300; 704 298; 705 297; 705 289; 704 288
60; 912 296; 912 301; 913 302; 913 303; 918 308; 918 310; 920 312; 920 313; 922 315; 922 316; 923 317; 923 318; 924 319; 924 320; 926 322; 926 323; 928 325; 928 326; 929 327; 929 329; 931 331; 931 332; 932 333; 932 334; 933 335; 936 335; 937 334; 937 333; 938 332; 938 331; 942 327; 942 326; 944 324; 944 323; 950 317; 950 316; 951 315; 951 314; 952 313; 952 312; 953 311; 953 310; 954 309; 954 308; 955 307; 955 306; 957 304; 957 303; 959 301; 959 298; 953 298; 952 297; 947 297; 946 296
61; 773 287; 771 289; 771 290; 770 291; 770 292; 767 295; 767 296; 752 311; 752 312; 751 313; 751 314; 750 315; 750 316; 749 317; 749 318; 748 319; 748 320; 747 321; 747 322; 746 323; 746 324; 745 325; 748 325; 749 326; 750 326; 751 327; 752 326; 757 326; 758 327; 761 327; 762 328; 764 328; 765 329; 766 329; 767 330; 770 330; 771 329; 773 329; 774 328; 778 328; 779 329; 784 329; 785 330; 791 330; 791 326; 790 325; 790 324; 789 323; 789 322; 788 321; 788 315; 787 314; 787 312; 786 311; 786 308; 785 307; 788 304; 789 304; 790 303; 791 303; 791 299; 790 298; 787 298; 786 299; 786 300; 783 303; 780 300; 780 299; 779 298; 779 297; 778 296; 778 292; 777 291; 777 289; 776 288; 776 287
62; 192 294; 189 297; 188 297; 186 299; 185 299; 184 300; 183 300; 182 301; 180 301; 178 303; 176 303; 175 304; 173 304; 172 305; 171 305; 165 311; 164 311; 160 315; 159 315; 155 319; 155 321; 157 321; 158 322; 161 322; 162 323; 163 323; 164 324; 165 324; 166 325; 167 325; 168 326; 169 326; 170 327; 171 327; 172 328; 173 328; 175 330; 176 330; 177 331; 178 331; 179 332; 180 332; 181 333; 182 333; 183 334; 184 334; 185 335; 186 335; 187 336; 189 336; 190 337; 192 337; 193 338; 197 338; 197 335; 196 334; 196 319; 197 318; 197 311; 196 310; 196 295; 195 294
63; 478 296; 477 297; 477 300; 478 301; 478 303; 479 304; 479 319; 480 320; 480 336; 481 337; 481 343; 484 343; 487 340; 488 340; 489 339; 490 339; 492 337; 493 337; 494 336; 496 336; 497 335; 498 335; 499 334; 500 334; 507 327; 508 327; 509 326; 510 326; 512 324; 513 324; 514 323; 515 323; 517 321; 518 321; 519 320; 520 320; 521 319; 521 316; 520 316; 519 315; 518 315; 517 314; 514 314; 513 313; 512 313; 509 310; 508 310; 507 309; 506 309; 505 308; 504 308; 503 307; 502 307; 501 306; 500 306; 499 305; 498 305; 497 304; 496 304; 495 303; 493 303; 492 302; 491 302; 490 301; 488 301; 486 299; 485 299; 482 296
64; 209 302; 208 303; 208 311; 209 312; 209 317; 210 318; 210 331; 211 332; 211 333; 212 334; 212 341; 211 342; 211 346; 212 347; 215 347; 218 344; 219 344; 221 342; 222 342; 223 341; 224 341; 225 340; 226 340; 227 339; 228 339; 230 337; 231 337; 233 335; 234 335; 235 334; 236 334; 237 333; 238 333; 240 331; 241 331; 244 328; 245 328; 247 326; 248 326; 249 325; 250 325; 251 324; 251 321; 250 320; 248 320; 247 319; 246 319; 245 318; 243 318; 242 317; 239 317; 238 316; 237 316; 235 314; 234 314; 232 312; 231 312; 229 310; 226 310; 225 309; 222 309; 221 308; 219 308; 218 307; 217 307; 215 305; 214 305; 211 302
65; 278 307; 272 313; 272 314; 271 315; 270 315; 259 326; 258 326; 257 327; 256 327; 253 330; 253 331; 250 334; 249 334; 246 337; 246 339; 247 339; 248 340; 254 340; 255 341; 257 341; 258 342; 259 342; 260 343; 261 343; 262 344; 263 344; 264 345; 266 345; 267 346; 269 346; 270 347; 271 347; 272 348; 279 348; 280 349; 282 349; 283 350; 284 350; 285 351; 286 351; 287 352; 289 352; 290 351; 290 347; 289 346; 289 344; 288 343; 288 340; 287 339; 287 329; 286 328; 286 326; 285 325; 285 323; 284 322; 284 321; 283 320; 283 317; 282 316; 282 310; 281 309; 281 307
66; 416 313; 415 314; 413 314; 412 315; 409 315; 408 316; 406 316; 405 317; 404 317; 403 318; 401 318; 400 319; 399 319; 398 320; 397 320; 395 322; 394 322; 392 324; 391 324; 390 325; 388 325; 387 326; 379 326; 378 327; 378 330; 381 333; 382 333; 391 342; 392 342; 398 348; 399 348; 402 351; 403 351; 405 353; 406 353; 408 355; 408 356; 411 359; 413 359; 414 358; 414 353; 415 352; 415 348; 416 347; 416 345; 417 344; 417 343; 418 342; 418 341; 419 340; 419 336; 418 335; 418 328; 419 327; 419 325; 420 324; 420 322; 421 321; 421 313
67; 716 323; 715 324; 715 326; 716 327; 716 328; 717 329; 717 330; 718 331; 718 332; 719 333; 719 334; 720 335; 720 338; 721 339; 721 347; 722 348; 722 349; 723 350; 723 351; 724 352; 724 353; 725 354; 725 355; 726 356; 726 357; 727 358; 727 363; 728 364; 728 368; 730 368; 733 365; 733 364; 752 345; 752 344; 755 341; 755 340; 759 336; 760 336; 761 335; 761 333; 760 332; 755 332; 754 331; 752 331; 750 329; 750 327; 749 327; 748 326; 744 326; 743 327; 742 327; 741 328; 737 328; 736 327; 734 327; 733 326; 726 326; 725 325; 723 325; 722 324; 721 324; 720 323
68; 135 321; 133 323; 132 323; 129 326; 128 326; 127 327; 126 327; 125 328; 124 328; 123 329; 120 329; 118 331; 117 331; 112 336; 111 336; 110 337; 109 337; 108 338; 107 338; 105 340; 104 340; 100 344; 99 344; 98 345; 98 347; 99 348; 101 348; 102 349; 104 349; 105 350; 106 350; 107 351; 108 351; 109 352; 110 352; 111 353; 112 353; 113 354; 114 354; 115 355; 116 355; 118 357; 119 357; 121 359; 122 359; 123 360; 125 360; 126 361; 127 361; 129 363; 130 363; 135 368; 137 368; 138 367; 138 337; 137 336; 137 327; 138 326; 138 322; 137 321
69; 41 322; 40 323; 40 325; 39 326; 39 330; 38 331; 38 333; 37 334; 37 337; 36 338; 36 344; 35 345; 35 347; 34 348; 34 357; 33 358; 33 361; 32 362; 32 367; 36 367; 37 366; 39 366; 40 365; 43 365; 44 364; 45 364; 47 362; 48 362; 49 361; 52 361; 53 360; 55 360; 56 359; 60 359; 61 358; 64 358; 65 357; 67 357; 68 356; 70 356; 71 355; 74 355; 75 354; 75 352; 74 351; 73 351; 59 337; 59 336; 58 335; 57 335; 55 333; 54 333; 50 329; 49 329; 44 324; 44 323; 43 322
70; 150 325; 149 326; 149 329; 148 330; 148 333; 149 334; 149 338; 148 339; 148 353; 149 354; 149 365; 148 366; 148 370; 149 371; 152 371; 157 366; 158 366; 159 365; 160 365; 161 364; 163 364; 164 363; 167 363; 168 362; 169 362; 176 355; 177 355; 179 353; 180 353; 181 352; 182 352; 183 351; 184 351; 185 350; 186 350; 187 349; 188 349; 188 347; 187 346; 186 346; 185 345; 183 345; 182 344; 181 344; 179 342; 178 342; 174 338; 173 338; 171 336; 170 336; 169 335; 167 335; 166 334; 163 334; 162 333; 161 333; 160 332; 159 332; 157 330; 156 330; 154 328; 154 327; 153 326; 153 325
71; 651 329; 650 330; 650 332; 651 333; 651 334; 652 335; 652 339; 653 340; 653 347; 654 348; 654 349; 655 350; 655 351; 656 352; 656 354; 657 355; 657 357; 658 358; 658 361; 659 362; 659 365; 660 366; 660 369; 661 370; 661 371; 663 373; 666 373; 674 365; 675 365; 680 360; 680 359; 683 356; 683 355; 688 350; 688 349; 690 347; 690 346; 694 342; 694 340; 693 340; 692 339; 685 339; 684 338; 682 338; 681 337; 679 337; 678 336; 675 336; 674 335; 665 335; 664 334; 662 334; 660 332; 659 332; 658 331; 657 331; 656 330; 655 330; 654 329
72; 804 334; 803 335; 801 335; 800 336; 798 336; 797 337; 794 337; 793 336; 786 336; 785 337; 785 340; 786 341; 786 342; 787 343; 787 344; 789 346; 789 347; 792 350; 792 351; 793 352; 793 353; 794 354; 794 355; 801 362; 801 363; 804 366; 804 367; 805 368; 805 369; 806 370; 806 373; 807 374; 807 375; 808 376; 811 376; 811 375; 813 373; 813 372; 814 371; 814 370; 815 369; 815 368; 816 367; 816 366; 817 365; 817 363; 818 362; 818 361; 819 360; 819 359; 820 358; 820 357; 821 356; 821 355; 823 353; 823 352; 824 351; 824 350; 826 348; 826 346; 827 345; 827 341; 828 340; 828 339; 829 338; 829 335; 828 334; 823 334; 822 335; 807 335; 806 334
73; 987 327; 984 330; 984 331; 982 333; 982 334; 973 343; 972 343; 966 349; 966 350; 964 352; 964 353; 960 357; 959 357; 958 358; 958 361; 960 361; 961 362; 967 362; 968 363; 970 363; 971 364; 973 364; 975 366; 976 366; 977 367; 979 367; 980 368; 983 368; 984 369; 991 369; 992 370; 996 370; 997 371; 1002 371; 1002 367; 1001 366; 1001 365; 1000 364; 1000 363; 999 362; 999 361; 998 360; 998 356; 997 355; 997 346; 996 345; 996 344; 994 342; 994 341; 991 338; 991 336; 990 335; 990 329; 989 328; 989 327
74; 342 333; 341 334; 341 341; 342 342; 342 349; 341 350; 341 371; 340 372; 340 378; 344 378; 346 376; 347 376; 348 375; 349 375; 350 374; 351 374; 352 373; 353 373; 354 372; 355 372; 356 371; 358 371; 359 370; 363 370; 364 369; 365 369; 371 363; 372 363; 374 361; 375 361; 376 360; 377 360; 378 359; 381 359; 382 358; 382 355; 381 355; 380 354; 378 354; 377 353; 376 353; 375 352; 374 352; 369 347; 368 347; 365 344; 364 344; 363 343; 362 343; 361 342; 359 342; 358 341; 357 341; 356 340; 355 340; 354 339; 352 339; 350 337; 349 337; 347 335; 346 335; 344 333
75; 524 337; 523 338; 522 338; 521 339; 519 339; 517 341; 515 341; 514 342; 512 342; 511 343; 505 343; 504 344; 502 344; 501 345; 500 345; 498 347; 497 347; 496 348; 495 348; 494 349; 493 349; 492 350; 490 350; 489 351; 486 351; 485 352; 484 352; 484 355; 485 355; 487 357; 488 357; 491 360; 492 360; 506 374; 507 374; 509 376; 510 376; 512 378; 513 378; 516 381; 517 381; 518 382; 521 382; 521 381; 522 380; 522 371; 523 370; 523 368; 524 367; 524 365; 525 364; 525 350; 526 349; 526 347; 527 346; 527 342; 528 341; 528 339; 527 338; 527 337
76; 942 340; 939 343; 938 343; 937 344; 936 344; 935 345; 934 345; 933 346; 932 346; 931 347; 930 347; 929 348; 928 348; 927 349; 925 349; 924 350; 923 350; 922 351; 921 351; 920 352; 919 352; 918 353; 917 353; 916 354; 915 354; 914 355; 912 355; 911 356; 909 356; 908 357; 906 357; 906 360; 907 361; 908 361; 917 370; 918 370; 920 372; 921 372; 923 374; 924 374; 926 376; 927 376; 929 378; 930 378; 931 379; 933 379; 934 380; 935 380; 936 381; 937 381; 938 382; 939 382; 942 385; 945 385; 945 373; 944 372; 944 371; 945 370; 945 367; 946 366; 946 341; 945 340
77; 235 350; 235 358; 236 359; 236 362; 235 363; 235 376; 236 377; 236 379; 237 380; 237 387; 238 388; 238 395; 241 395; 248 388; 249 388; 250 387; 251 387; 252 386; 253 386; 254 385; 256 385; 258 383; 259 383; 261 381; 262 381; 264 379; 265 379; 267 377; 268 377; 270 375; 271 375; 272 374; 273 374; 275 372; 276 372; 276 369; 275 368; 274 368; 273 367; 271 367; 269 365; 268 365; 267 364; 266 364; 265 363; 264 363; 263 362; 262 362; 258 358; 257 358; 256 357; 249 357; 248 356; 247 356; 246 355; 244 355; 243 354; 242 354; 238 350
78; 766 348; 765 349; 765 353; 764 354; 764 361; 763 362; 763 366; 762 367; 762 369; 761 370; 761 371; 760 372; 760 375; 759 376; 759 382; 758 383; 758 386; 757 387; 757 389; 756 390; 756 392; 757 393; 761 393; 762 392; 764 392; 765 391; 768 391; 769 390; 771 390; 772 389; 773 389; 774 388; 775 388; 776 387; 777 387; 778 386; 780 386; 781 385; 786 385; 787 384; 788 384; 790 382; 792 382; 793 381; 800 381; 801 380; 801 377; 800 376; 799 376; 787 364; 786 364; 778 356; 777 356; 775 354; 774 354; 768 348
79; 89 348; 88 349; 88 350; 87 351; 87 352; 86 353; 86 354; 80 360; 79 360; 78 361; 77 361; 74 364; 74 365; 73 366; 73 368; 72 369; 72 370; 70 372; 70 373; 62 381; 62 382; 61 383; 61 385; 65 385; 66 386; 70 386; 71 387; 77 387; 78 388; 84 388; 85 389; 93 389; 94 390; 96 390; 97 391; 98 391; 99 392; 100 392; 101 393; 106 393; 107 392; 107 390; 106 389; 106 388; 103 385; 103 380; 102 379; 102 376; 101 375; 101 373; 100 372; 100 371; 99 370; 99 369; 98 368; 98 367; 97 366; 97 365; 96 364; 96 363; 94 361; 94 359; 93 358; 93 355; 92 354; 92 348
80; 708 348; 708 349; 707 350; 707 351; 705 353; 705 354; 704 355; 704 356; 703 357; 703 358; 702 359; 702 361; 700 363; 700 364; 699 365; 699 366; 697 368; 697 369; 696 370; 696 371; 695 372; 695 373; 694 374; 694 375; 693 376; 693 377; 692 378; 692 379; 691 380; 691 382; 690 383; 690 384; 689 385; 689 386; 688 387; 688 389; 689 389; 690 390; 693 390; 694 389; 697 389; 698 388; 700 388; 701 389; 707 389; 708 390; 710 390; 711 389; 721 389; 722 388; 735 388; 735 384; 731 380; 731 379; 728 376; 728 375; 727 374; 727 371; 726 370; 726 369; 721 364; 721 363; 720 362; 720 361; 719 360; 719 359; 718 358; 718 357; 716 355; 716 353; 715 352; 715 351; 714 350; 713 350; 711 348
81; 579 366; 578 367; 577 367; 576 368; 565 368; 564 369; 562 369; 561 370; 549 370; 548 371; 545 371; 544 372; 541 372; 540 373; 537 373; 536 374; 535 374; 535 377; 544 386; 544 387; 548 391; 548 392; 553 397; 553 398; 554 399; 555 399; 561 405; 561 406; 562 407; 562 408; 563 409; 563 410; 567 410; 567 409; 568 408; 568 403; 569 402; 569 401; 570 400; 570 398; 571 397; 571 396; 572 395; 572 394; 574 392; 574 391; 577 388; 577 386; 578 385; 578 381; 579 380; 579 376; 580 375; 580 374; 581 373; 581 372; 583 370; 583 366
82; 635 363; 622 376; 621 376; 620 377; 619 377; 618 378; 617 378; 615 380; 615 381; 614 382; 614 383; 611 386; 611 387; 606 392; 606 393; 604 395; 604 397; 605 398; 606 398; 607 399; 608 399; 609 400; 612 400; 613 399; 614 399; 615 398; 616 398; 617 399; 621 399; 622 400; 624 400; 625 401; 627 401; 628 402; 631 402; 632 403; 636 403; 637 404; 639 404; 640 405; 641 405; 642 406; 643 406; 644 407; 646 407; 647 408; 649 408; 650 407; 650 404; 649 403; 649 402; 648 401; 648 398; 647 397; 647 396; 648 395; 648 394; 649 393; 649 390; 648 389; 648 388; 646 386; 646 385; 645 384; 645 382; 644 381; 644 379; 642 377; 642 376; 641 375; 641 373; 640 372; 640 370; 639 369; 639 364; 638 363
83; 883 370; 882 371; 882 376; 883 377; 883 379; 884 380; 884 384; 885 385; 885 390; 886 391; 886 392; 887 393; 887 395; 888 396; 888 398; 889 399; 889 402; 890 403; 890 405; 891 406; 891 414; 892 415; 895 415; 904 406; 905 406; 907 404; 908 404; 909 403; 910 403; 918 395; 919 395; 922 392; 922 391; 924 389; 924 388; 926 386; 926 383; 925 382; 921 382; 920 381; 919 381; 918 380; 916 380; 915 379; 913 379; 912 378; 908 378; 907 377; 902 377; 901 376; 896 376; 895 375; 893 375; 892 374; 891 374; 890 373; 889 373; 887 371; 886 371; 885 370
84; 855 378; 854 379; 854 380; 851 383; 851 384; 843 392; 842 392; 840 394; 840 396; 839 397; 839 398; 838 399; 838 400; 836 402; 836 403; 833 406; 833 407; 831 409; 831 410; 829 412; 829 415; 840 415; 841 416; 844 416; 845 417; 856 417; 857 418; 864 418; 865 419; 867 419; 869 421; 870 421; 871 422; 874 422; 874 416; 873 415; 873 412; 872 411; 872 409; 871 408; 871 406; 870 405; 870 403; 869 402; 869 401; 868 400; 868 399; 867 398; 867 397; 866 396; 866 395; 865 394; 865 392; 864 391; 864 390; 863 389; 863 388; 861 386; 861 385; 860 384; 860 382; 859 381; 859 379; 858 378
85; 20 381; 20 382; 19 383; 19 394; 20 395; 20 406; 21 407; 21 411; 22 412; 22 427; 23 428; 25 428; 26 427; 27 427; 32 422; 33 422; 35 420; 36 420; 37 419; 38 419; 39 418; 40 418; 41 417; 45 417; 46 416; 47 416; 47 415; 53 409; 54 409; 55 408; 57 408; 58 407; 59 407; 60 406; 61 406; 62 405; 62 403; 61 402; 59 402; 58 401; 56 401; 54 399; 53 399; 48 394; 47 394; 46 393; 45 393; 44 392; 42 392; 41 391; 40 391; 39 390; 37 390; 36 389; 34 389; 33 388; 32 388; 31 387; 30 387; 29 386; 28 386; 24 382; 23 382; 22 381
86; 987 383; 983 387; 982 387; 981 388; 980 388; 978 390; 977 390; 975 392; 974 392; 972 394; 971 394; 968 397; 967 397; 965 399; 964 399; 960 403; 959 403; 957 405; 955 405; 954 406; 953 406; 952 407; 952 410; 954 410; 955 411; 957 411; 958 412; 959 412; 961 414; 962 414; 967 419; 969 419; 970 420; 973 420; 974 421; 976 421; 977 422; 978 422; 979 423; 980 423; 981 424; 982 424; 983 425; 984 425; 986 427; 987 427; 988 428; 989 428; 991 430; 993 430; 994 429; 994 419; 993 418; 993 411; 992 410; 992 409; 993 408; 993 401; 994 400; 994 397; 993 396; 993 395; 992 394; 992 391; 991 390; 991 385; 990 384; 990 383
87; 512 388; 511 389; 508 389; 507 390; 504 390; 503 391; 502 391; 501 392; 500 392; 499 393; 498 393; 497 394; 495 394; 494 395; 493 395; 492 396; 491 396; 490 397; 489 397; 488 398; 486 398; 485 399; 484 399; 483 400; 482 400; 481 401; 480 401; 479 402; 478 402; 477 403; 475 403; 474 404; 472 404; 471 405; 471 407; 474 410; 475 410; 477 412; 478 412; 479 413; 480 413; 484 417; 484 418; 485 419; 485 420; 487 422; 488 422; 489 423; 491 423; 492 424; 493 424; 496 427; 497 427; 499 429; 500 429; 501 430; 502 430; 505 433; 508 433; 509 432; 511 432; 510 431; 510 418; 511 417; 511 406; 512 405; 512 401; 513 400; 513 398; 514 397; 514 395; 515 394; 515 389; 514 388
88; 151 389; 150 390; 150 394; 151 395; 151 398; 152 399; 152 402; 151 403; 151 406; 152 407; 152 412; 153 413; 153 415; 154 416; 154 417; 155 418; 155 421; 156 422; 156 435; 157 436; 160 436; 162 434; 162 433; 169 426; 170 426; 171 425; 174 425; 175 424; 176 424; 182 418; 184 418; 185 419; 186 419; 187 418; 187 415; 188 414; 188 413; 193 408; 193 405; 191 405; 190 404; 188 404; 187 403; 186 403; 185 402; 184 402; 183 401; 182 401; 181 400; 180 400; 178 398; 177 398; 176 397; 171 397; 170 396; 168 396; 167 395; 165 395; 164 394; 163 394; 162 393; 161 393; 160 392; 158 392; 157 391; 156 391; 155 390; 154 390; 153 389
89; 448 391; 447 392; 446 392; 444 394; 443 394; 441 396; 440 396; 439 397; 438 397; 437 398; 436 398; 434 400; 433 400; 432 401; 431 401; 430 402; 429 402; 428 403; 427 403; 426 404; 425 404; 423 406; 422 406; 421 407; 420 407; 419 408; 417 408; 416 409; 415 409; 414 410; 412 410; 411 411; 410 411; 410 414; 411 414; 412 415; 413 415; 415 417; 416 417; 419 420; 420 420; 424 424; 425 424; 427 426; 428 426; 431 429; 432 429; 434 431; 435 431; 436 432; 437 432; 440 435; 441 435; 445 439; 446 439; 447 440; 450 440; 451 439; 451 436; 450 435; 450 425; 451 424; 451 421; 452 420; 452 415; 451 414; 451 392; 450 391
90; 70 395; 69 396; 69 403; 68 404; 68 424; 67 425; 67 428; 66 429; 66 431; 65 432; 65 433; 64 434; 64 439; 69 439; 70 438; 73 438; 74 437; 76 437; 77 436; 78 436; 79 435; 81 435; 82 434; 84 434; 85 433; 87 433; 88 432; 89 432; 90 431; 91 431; 92 430; 93 430; 94 429; 95 429; 96 428; 98 428; 99 427; 102 427; 103 426; 104 426; 105 425; 106 425; 107 424; 108 424; 108 421; 106 419; 105 419; 102 416; 101 416; 98 413; 97 413; 92 408; 91 408; 90 407; 89 407; 88 406; 87 406; 80 399; 79 399; 76 396; 75 396; 74 395
91; 622 407; 621 408; 613 408; 612 409; 609 409; 608 410; 606 410; 605 411; 604 411; 603 412; 602 412; 601 413; 600 413; 599 414; 596 414; 595 415; 593 415; 592 416; 587 416; 586 417; 584 417; 583 418; 581 418; 580 419; 580 421; 581 422; 582 422; 583 423; 584 423; 585 424; 586 424; 592 430; 592 431; 593 432; 593 433; 597 437; 598 437; 601 440; 602 440; 606 444; 606 445; 614 453; 616 453; 617 452; 617 449; 618 448; 618 443; 619 442; 619 440; 620 439; 620 435; 621 434; 621 429; 622 428; 622 425; 623 424; 623 422; 624 421; 624 419; 625 418; 625 416; 626 415; 626 413; 627 412; 627 408; 626 407
92; 350 406; 348 408; 347 408; 343 412; 342 412; 340 414; 339 414; 338 415; 337 415; 336 416; 335 416; 330 421; 329 421; 327 423; 326 423; 323 426; 322 426; 320 428; 319 428; 317 430; 316 430; 315 431; 314 431; 313 432; 313 434; 314 435; 316 435; 317 436; 320 436; 321 437; 323 437; 324 438; 325 438; 327 440; 328 440; 332 444; 334 444; 335 445; 338 445; 339 446; 341 446; 342 447; 345 447; 346 448; 348 448; 349 449; 351 449; 352 450; 353 450; 354 451; 355 451; 356 452; 359 452; 360 451; 360 449; 359 448; 359 447; 358 446; 358 445; 357 444; 357 442; 356 441; 356 430; 355 429; 355 427; 354 426; 354 416; 353 415; 353 407; 352 406
93; 543 419; 541 421; 540 421; 538 423; 537 423; 536 424; 535 424; 534 425; 533 425; 532 426; 528 426; 526 428; 525 428; 525 429; 521 433; 520 433; 518 435; 516 435; 515 436; 514 435; 513 435; 511 433; 509 433; 508 434; 506 434; 507 435; 507 437; 506 438; 506 441; 507 442; 508 442; 516 450; 517 450; 518 451; 520 451; 521 452; 522 452; 523 453; 524 453; 525 454; 526 454; 527 455; 528 455; 529 456; 531 456; 532 457; 533 457; 534 458; 535 458; 536 459; 537 459; 538 460; 539 460; 545 466; 548 466; 549 465; 549 422; 548 421; 548 419
94; 187 419; 186 420; 186 431; 185 432; 185 441; 184 442; 184 444; 183 445; 183 451; 184 452; 184 462; 183 463; 183 466; 184 467; 186 467; 187 466; 188 466; 190 464; 191 464; 193 462; 194 462; 195 461; 196 461; 197 460; 198 460; 199 459; 203 459; 204 458; 206 458; 208 456; 209 456; 211 454; 212 454; 213 453; 214 453; 215 452; 216 452; 217 451; 218 451; 219 450; 220 450; 221 449; 222 449; 223 448; 225 448; 226 447; 226 444; 225 443; 224 443; 223 442; 221 442; 220 441; 219 441; 218 440; 217 440; 216 439; 215 439; 211 435; 210 435; 208 433; 207 433; 206 432; 205 432; 204 431; 203 431; 202 430; 201 430; 198 427; 197 427; 196 426; 195 426; 188 419
95; 390 426; 390 427; 389 428; 389 429; 388 430; 388 431; 387 432; 387 435; 386 436; 386 438; 385 439; 385 441; 384 442; 384 443; 383 444; 383 447; 382 448; 382 450; 381 451; 381 452; 380 453; 380 455; 379 456; 379 458; 378 459; 378 463; 377 464; 377 466; 376 467; 376 471; 381 471; 382 470; 384 470; 385 469; 389 469; 390 468; 393 468; 394 469; 396 469; 397 468; 398 468; 399 467; 400 467; 401 466; 402 466; 403 465; 405 465; 406 464; 408 464; 409 463; 412 463; 413 462; 421 462; 422 461; 422 458; 412 448; 412 447; 400 435; 400 434; 396 430; 396 429; 393 426
96; 566 430; 565 431; 565 445; 564 446; 564 469; 563 470; 563 471; 562 472; 562 476; 567 476; 568 475; 569 475; 570 474; 571 474; 572 473; 573 473; 574 472; 575 472; 576 471; 577 471; 578 470; 580 470; 581 469; 582 469; 583 468; 584 468; 585 467; 586 467; 587 466; 588 466; 590 464; 591 464; 592 463; 593 463; 594 462; 595 462; 596 461; 597 461; 598 460; 601 460; 602 459; 605 459; 606 458; 606 456; 604 454; 603 454; 601 452; 600 452; 598 450; 597 450; 596 449; 595 449; 588 442; 586 442; 584 440; 583 440; 581 438; 580 438; 579 437; 578 437; 577 436; 576 436; 570 430
97; 807 435; 804 438; 803 438; 800 441; 799 441; 797 443; 796 443; 795 444; 794 444; 793 445; 792 445; 791 446; 790 446; 779 457; 778 457; 777 458; 776 458; 775 459; 773 459; 771 461; 771 463; 772 464; 774 464; 775 465; 777 465; 778 466; 779 466; 780 467; 782 467; 783 468; 784 468; 785 469; 786 469; 787 470; 788 470; 789 471; 790 471; 792 473; 793 473; 794 474; 794 475; 795 476; 800 476; 801 477; 803 477; 806 480; 807 480; 809 482; 810 482; 811 483; 813 483; 814 482; 814 471; 813 470; 813 453; 812 452; 812 449; 811 448; 811 441; 812 440; 812 437; 811 436; 811 435
98; 1021 448; 1020 449; 1019 449; 1018 450; 1009 450; 1008 451; 1002 451; 1001 452; 999 452; 998 453; 995 453; 994 454; 991 454; 990 455; 986 455; 985 456; 984 456; 984 459; 986 461; 987 461; 989 463; 990 463; 992 465; 992 466; 995 469; 995 470; 996 471; 996 472; 1003 479; 1003 480; 1011 488; 1011 489; 1012 490; 1012 491; 1013 492; 1015 492; 1018 489; 1018 486; 1019 485; 1019 481; 1020 480; 1020 477; 1022 475; 1023 475; 1023 448
99; 469 442; 467 444; 467 447; 468 448; 468 454; 467 455; 467 457; 466 458; 466 460; 465 461; 465 466; 464 467; 464 480; 463 481; 463 483; 462 484; 462 485; 461 486; 461 489; 462 490; 465 490; 466 489; 467 489; 468 488; 471 488; 472 487; 473 487; 474 486; 476 486; 477 485; 478 485; 479 484; 481 484; 482 483; 485 483; 486 482; 489 482; 492 479; 493 479; 494 478; 495 478; 497 476; 499 476; 500 475; 502 475; 503 474; 505 474; 506 473; 507 473; 507 469; 506 469; 504 467; 503 467; 502 466; 501 466; 498 463; 497 463; 492 458; 491 458; 489 456; 488 456; 479 447; 478 447; 477 446; 476 446; 473 443; 472 443; 471 442
100; 276 455; 275 456; 274 456; 273 457; 272 457; 271 458; 270 458; 269 459; 267 459; 266 460; 263 460; 262 461; 259 461; 258 462; 254 462; 253 463; 252 463; 251 464; 250 464; 249 465; 246 465; 245 466; 243 466; 242 467; 240 467; 239 468; 236 468; 234 470; 234 472; 235 473; 236 473; 239 476; 240 476; 257 493; 258 493; 260 495; 261 495; 269 503; 271 503; 272 502; 272 498; 273 497; 273 490; 274 489; 274 487; 275 486; 275 485; 277 483; 277 479; 278 478; 278 461; 279 460; 279 456; 278 455
101; 852 454; 851 455; 851 472; 850 473; 850 478; 851 479; 851 501; 852 502; 854 502; 855 501; 856 501; 858 499; 859 499; 860 498; 861 498; 862 497; 864 497; 865 496; 866 496; 867 495; 868 495; 869 494; 870 494; 873 491; 874 491; 876 489; 877 489; 881 485; 882 485; 884 483; 885 483; 886 482; 887 482; 888 481; 889 481; 890 480; 892 480; 893 479; 893 476; 892 475; 891 475; 890 474; 888 474; 887 473; 886 473; 884 471; 883 471; 882 470; 881 470; 880 469; 879 469; 878 468; 877 468; 876 467; 875 467; 874 466; 873 466; 872 465; 871 465; 870 464; 869 464; 868 463; 867 463; 866 462; 865 462; 863 460; 862 460; 859 457; 858 457; 856 455; 855 455; 854 454
102; 753 456; 747 462; 746 462; 745 463; 744 463; 743 464; 741 464; 740 465; 739 465; 738 466; 736 466; 735 467; 734 467; 733 468; 732 468; 731 469; 730 469; 728 471; 728 472; 725 475; 724 475; 722 477; 721 477; 719 479; 718 479; 717 480; 717 484; 718 484; 719 485; 721 485; 722 486; 724 486; 725 487; 726 487; 727 488; 728 488; 729 489; 730 489; 731 490; 732 490; 734 492; 735 492; 738 495; 739 495; 740 496; 743 496; 744 497; 746 497; 747 498; 749 498; 750 499; 751 499; 752 500; 753 500; 755 502; 756 502; 758 504; 760 504; 761 503; 761 499; 760 498; 760 496; 759 495; 759 478; 758 477; 758 470; 757 469; 757 467; 758 466; 758 457; 757 456
103; 28 470; 27 471; 27 474; 28 475; 29 475; 33 479; 33 483; 34 484; 34 489; 35 490; 34 491; 34 497; 36 499; 36 500; 37 501; 37 502; 38 503; 38 514; 39 515; 39 516; 42 516; 48 510; 49 510; 51 508; 52 508; 53 507; 54 507; 55 506; 56 506; 58 504; 59 504; 63 500; 64 500; 65 499; 66 499; 70 495; 71 495; 73 493; 74 493; 75 492; 76 492; 79 489; 85 489; 86 488; 86 485; 82 485; 80 487; 74 487; 73 486; 71 486; 70 485; 68 485; 66 483; 65 483; 64 482; 63 482; 62 481; 61 481; 60 480; 59 480; 58 479; 57 479; 55 477; 53 477; 52 476; 50 476; 49 475; 48 475; 47 474; 46 474; 45 473; 45 472; 44 471; 35 471; 34 470
104; 655 478; 654 479; 654 480; 653 481; 653 487; 652 488; 652 491; 651 492; 651 495; 650 496; 650 497; 648 499; 643 499; 639 503; 639 505; 638 506; 638 508; 639 509; 639 516; 642 516; 643 515; 643 514; 644 513; 644 512; 646 510; 646 508; 647 507; 647 505; 650 502; 652 504; 652 505; 649 508; 649 509; 648 510; 648 513; 652 517; 652 518; 651 519; 651 520; 648 523; 648 525; 650 525; 651 524; 653 524; 654 523; 655 523; 656 522; 657 522; 658 521; 662 521; 663 520; 667 520; 668 519; 670 519; 671 518; 673 518; 674 517; 676 517; 677 516; 680 516; 681 515; 685 515; 686 514; 690 514; 691 513; 691 511; 688 508; 687 508; 681 502; 681 501; 678 498; 678 497; 675 494; 674 494; 671 491; 670 491; 668 489; 668 488; 665 485; 664 485; 657 478
105; 790 479; 789 480; 789 481; 784 486; 784 487; 780 491; 780 492; 778 494; 777 494; 775 496; 774 496; 772 498; 772 499; 767 504; 767 505; 761 511; 761 514; 763 514; 764 515; 767 515; 768 516; 770 516; 771 517; 772 517; 773 518; 775 518; 776 519; 777 519; 778 520; 780 520; 781 521; 786 521; 787 522; 795 522; 796 523; 809 523; 809 521; 808 520; 808 519; 806 517; 806 516; 805 515; 805 514; 804 513; 804 511; 803 510; 803 508; 802 507; 802 505; 801 504; 801 502; 800 501; 800 496; 799 495; 799 493; 798 492; 798 491; 797 490; 797 489; 796 488; 796 487; 795 486; 795 481; 794 480; 794 479
106; 318 482; 317 483; 316 483; 314 485; 313 485; 307 491; 306 491; 304 493; 303 493; 302 494; 301 494; 300 495; 299 495; 298 496; 297 496; 296 497; 295 497; 294 498; 293 498; 290 501; 289 501; 283 507; 282 507; 280 509; 279 509; 279 511; 281 513; 282 513; 283 514; 285 514; 286 515; 287 515; 288 516; 289 516; 290 517; 291 517; 292 518; 293 518; 294 519; 295 519; 297 521; 298 521; 300 523; 302 523; 303 524; 305 524; 306 525; 308 525; 309 526; 310 526; 311 527; 312 527; 313 528; 314 528; 317 531; 318 531; 319 532; 321 532; 322 531; 322 528; 321 527; 321 508; 320 507; 320 503; 319 502; 319 496; 318 495; 318 490; 319 489; 319 487; 320 486; 320 485; 321 484; 321 482
107; 897 498; 896 499; 895 499; 893 501; 891 501; 890 502; 886 502; 885 503; 876 503; 875 504; 874 504; 873 505; 871 505; 870 506; 869 506; 868 507; 867 507; 866 508; 865 508; 864 509; 862 509; 861 510; 860 510; 859 511; 858 511; 857 512; 856 512; 854 514; 854 516; 855 517; 860 517; 870 527; 871 527; 873 529; 874 529; 878 533; 879 533; 884 538; 884 539; 886 541; 886 542; 888 544; 890 544; 891 543; 891 542; 892 541; 892 538; 893 537; 893 533; 894 532; 894 530; 895 529; 895 526; 896 525; 896 522; 897 521; 897 515; 898 514; 898 511; 899 510; 899 507; 900 506; 900 504; 901 503; 901 498
108; 707 492; 706 493; 706 514; 705 515; 705 518; 704 519; 704 528; 703 529; 703 534; 702 535; 702 540; 705 540; 707 538; 708 538; 709 537; 711 537; 712 536; 713 536; 714 535; 715 535; 716 534; 717 534; 718 533; 721 533; 722 532; 727 532; 731 528; 732 528; 734 526; 735 526; 736 525; 737 525; 738 524; 740 524; 741 523; 744 523; 745 522; 746 522; 746 521; 747 520; 747 519; 746 518; 745 518; 744 517; 743 517; 742 516; 741 516; 739 514; 738 514; 730 506; 729 506; 727 504; 726 504; 724 502; 723 502; 721 500; 720 500; 718 498; 717 498; 716 497; 715 497; 711 493; 710 493; 709 492
109; 416 506; 416 510; 417 511; 417 512; 419 514; 419 515; 420 516; 420 518; 421 519; 421 522; 422 523; 422 524; 423 525; 423 528; 424 529; 424 533; 425 534; 425 535; 426 536; 426 537; 427 538; 427 539; 428 540; 428 542; 429 543; 429 545; 430 546; 430 549; 431 550; 431 551; 432 552; 434 552; 436 550; 436 549; 437 548; 437 547; 438 546; 438 545; 450 533; 450 532; 454 528; 454 527; 456 525; 456 524; 463 517; 463 515; 462 514; 456 514; 455 513; 452 513; 451 512; 447 512; 446 511; 444 511; 443 510; 442 510; 441 509; 428 509; 427 508; 424 508; 423 507; 422 507; 421 506
110; 181 517; 181 520; 183 522; 183 523; 185 525; 185 526; 186 527; 186 528; 187 529; 187 530; 188 531; 188 534; 189 535; 189 537; 190 538; 190 539; 191 540; 191 541; 192 542; 192 543; 194 545; 194 546; 195 547; 195 548; 196 549; 196 550; 197 551; 197 554; 198 555; 198 558; 202 558; 206 554; 206 553; 208 551; 208 550; 215 543; 215 542; 217 540; 217 539; 218 538; 218 537; 219 536; 219 535; 220 534; 220 533; 222 531; 222 530; 228 524; 228 522; 227 522; 226 521; 218 521; 217 520; 214 520; 213 519; 210 519; 209 518; 201 518; 200 517
111; 268 509; 257 520; 257 521; 255 523; 255 524; 253 526; 253 527; 250 530; 250 531; 246 535; 246 536; 244 538; 244 539; 240 543; 240 546; 241 547; 251 547; 252 548; 256 548; 257 549; 261 549; 262 550; 271 550; 272 551; 279 551; 280 552; 281 552; 282 553; 285 553; 286 552; 286 550; 285 549; 285 548; 284 547; 284 546; 283 545; 283 544; 282 543; 282 542; 281 541; 281 538; 280 537; 280 534; 279 533; 279 530; 278 529; 278 528; 276 526; 276 525; 274 523; 274 521; 273 520; 273 519; 272 518; 272 515; 271 514; 271 510; 270 509
112; 606 514; 605 515; 605 516; 604 517; 604 524; 603 525; 603 526; 602 527; 602 529; 601 530; 601 532; 600 533; 600 535; 599 536; 599 538; 598 539; 598 543; 597 544; 597 550; 596 551; 596 554; 595 555; 595 556; 594 557; 594 561; 598 561; 599 560; 600 560; 601 559; 602 559; 603 558; 605 558; 606 557; 613 557; 614 556; 615 556; 616 555; 617 555; 618 554; 619 554; 620 553; 624 553; 625 552; 630 552; 631 551; 637 551; 638 550; 639 550; 639 547; 630 538; 630 537; 626 533; 626 532; 624 530; 624 529; 623 528; 622 528; 620 526; 619 526; 618 525; 617 525; 615 523; 615 522; 612 519; 612 518; 608 514
113; 814 517; 813 518; 813 523; 814 524; 814 527; 815 528; 815 529; 814 530; 814 538; 815 539; 815 552; 816 553; 816 559; 817 560; 817 563; 821 563; 824 560; 825 560; 829 556; 830 556; 831 555; 834 555; 835 554; 836 554; 838 552; 839 552; 841 550; 842 550; 846 546; 847 546; 849 544; 851 544; 852 543; 853 543; 854 542; 855 542; 856 541; 856 539; 855 538; 854 538; 853 537; 852 537; 851 536; 850 536; 849 535; 848 535; 846 533; 845 533; 843 531; 842 531; 839 528; 838 528; 837 527; 836 527; 833 524; 832 524; 831 523; 830 523; 829 522; 827 522; 826 521; 824 521; 823 520; 822 520; 821 519; 820 519; 818 517
114; 748 519; 748 520; 747 521; 747 523; 748 523; 749 524; 749 525; 750 526; 750 530; 751 531; 751 548; 752 549; 752 554; 753 555; 753 565; 754 566; 754 568; 755 569; 758 569; 759 568; 759 567; 766 560; 767 560; 768 559; 770 559; 771 558; 773 558; 774 557; 775 557; 776 556; 777 556; 783 550; 784 550; 785 549; 786 549; 788 547; 789 547; 790 546; 791 546; 792 545; 792 542; 791 542; 790 541; 789 541; 788 540; 786 540; 785 539; 784 539; 783 538; 782 538; 781 537; 780 537; 777 534; 776 534; 773 531; 772 531; 771 530; 769 530; 768 529; 765 529; 764 528; 763 528; 762 527; 761 527; 760 526; 759 526; 757 524; 756 524; 753 521; 752 521; 751 520; 750 520; 749 519
115; 534 524; 530 528; 529 528; 527 530; 526 530; 525 531; 524 531; 521 534; 520 534; 518 536; 517 536; 515 538; 514 538; 513 539; 512 539; 507 544; 507 545; 506 546; 506 553; 511 558; 515 558; 516 559; 518 559; 519 560; 520 560; 521 561; 522 561; 523 562; 524 562; 525 563; 527 563; 528 564; 530 564; 531 565; 532 565; 533 566; 534 566; 539 571; 543 571; 543 566; 542 565; 542 559; 541 558; 541 555; 542 554; 542 552; 543 551; 543 548; 542 547; 542 546; 541 545; 541 544; 540 543; 540 539; 539 538; 539 525; 538 524
116; 159 525; 159 526; 158 527; 158 532; 157 533; 157 536; 156 537; 156 538; 155 539; 155 540; 153 542; 153 543; 152 544; 152 553; 151 554; 151 556; 150 557; 150 560; 149 561; 149 563; 148 564; 148 565; 147 566; 147 569; 148 570; 150 570; 151 569; 155 569; 156 568; 158 568; 159 567; 161 567; 162 566; 165 566; 166 565; 169 565; 170 564; 173 564; 174 563; 176 563; 177 562; 179 562; 180 561; 190 561; 191 560; 192 560; 192 557; 190 555; 189 555; 182 548; 182 547; 179 544; 179 543; 178 542; 177 542; 173 538; 172 538; 166 532; 166 531; 163 528; 163 527; 161 525
117; 908 526; 907 527; 907 529; 905 531; 905 532; 904 533; 904 534; 903 535; 903 536; 902 537; 902 539; 901 540; 901 542; 900 543; 900 544; 899 545; 899 546; 898 547; 898 548; 897 549; 897 554; 896 555; 896 557; 895 558; 895 559; 894 560; 894 561; 892 563; 892 564; 890 566; 890 569; 891 570; 894 570; 895 569; 904 569; 905 568; 911 568; 912 567; 918 567; 919 566; 929 566; 930 565; 933 565; 934 564; 936 564; 937 563; 937 561; 934 558; 934 557; 932 555; 932 554; 929 551; 929 550; 927 548; 927 547; 924 544; 923 544; 920 541; 920 540; 917 537; 917 536; 915 534; 915 533; 913 531; 913 530; 912 529; 912 528; 910 526
118; 96 529; 95 530; 95 546; 94 547; 94 550; 93 551; 93 559; 94 560; 94 566; 93 567; 93 570; 92 571; 92 575; 97 575; 98 574; 99 574; 100 573; 101 573; 102 572; 103 572; 104 571; 106 571; 107 570; 108 570; 109 569; 112 569; 113 568; 116 568; 117 567; 118 567; 121 564; 122 564; 123 563; 124 563; 125 562; 127 562; 128 561; 130 561; 131 560; 132 560; 133 559; 134 559; 135 558; 135 556; 132 553; 131 553; 128 550; 127 550; 126 549; 125 549; 124 548; 123 548; 119 544; 118 544; 115 541; 114 541; 111 538; 110 538; 109 537; 108 537; 107 536; 106 536; 104 534; 103 534; 100 531; 100 530; 99 529
119; 1007 541; 1006 542; 1006 554; 1005 555; 1005 562; 1004 563; 1004 567; 1003 568; 1003 578; 1004 579; 1004 586; 1005 587; 1009 587; 1010 586; 1011 586; 1014 583; 1015 583; 1017 581; 1019 581; 1020 580; 1023 580; 1023 573; 1019 573; 1018 574; 1015 574; 1014 575; 1011 572; 1011 569; 1012 568; 1012 561; 1016 557; 1019 557; 1020 558; 1021 558; 1022 559; 1023 559; 1023 551; 1021 551; 1017 547; 1017 546; 1016 545; 1016 544; 1015 544; 1014 543; 1013 543; 1011 541
120; 220 550; 220 556; 221 557; 221 574; 222 575; 222 588; 223 589; 223 596; 227 596; 230 593; 231 593; 235 589; 236 589; 237 588; 238 588; 240 586; 241 586; 242 585; 243 585; 244 584; 245 584; 246 583; 247 583; 249 581; 250 581; 252 579; 253 579; 257 575; 258 575; 259 574; 261 574; 262 573; 263 573; 263 570; 262 569; 261 569; 260 568; 258 568; 257 567; 256 567; 255 566; 254 566; 253 565; 252 565; 251 564; 250 564; 249 563; 248 563; 246 561; 245 561; 244 560; 243 560; 242 559; 241 559; 240 558; 238 558; 237 557; 234 557; 233 556; 232 556; 231 555; 230 555; 228 553; 227 553; 224 550
121; 505 547; 504 548; 503 548; 501 550; 500 550; 499 551; 498 551; 497 552; 496 552; 495 553; 494 553; 493 552; 492 552; 490 550; 489 550; 488 549; 485 549; 485 556; 484 557; 484 576; 483 577; 483 578; 482 579; 482 582; 483 583; 483 591; 482 592; 482 595; 483 596; 486 596; 487 595; 488 595; 490 593; 491 593; 493 591; 494 591; 495 590; 497 590; 498 589; 499 589; 500 588; 501 588; 502 587; 503 587; 504 586; 505 586; 506 585; 507 585; 508 584; 509 584; 510 583; 511 583; 514 580; 515 580; 517 578; 518 578; 519 577; 520 577; 521 576; 523 576; 524 575; 525 575; 526 574; 526 571; 525 571; 524 570; 523 570; 522 569; 521 569; 520 568; 519 568; 518 567; 517 567; 516 566; 515 566; 510 561; 510 558; 505 553
122; 83 555; 82 556; 79 556; 78 557; 76 557; 75 558; 71 558; 70 559; 67 559; 66 560; 64 560; 63 561; 62 561; 61 562; 59 562; 58 563; 56 563; 55 564; 53 564; 52 565; 44 565; 42 567; 42 569; 43 570; 44 570; 50 576; 50 577; 54 581; 54 582; 60 588; 61 588; 62 589; 63 589; 70 596; 70 597; 71 597; 74 600; 78 600; 78 593; 79 592; 79 588; 80 587; 80 585; 81 584; 81 583; 82 582; 82 580; 83 579; 83 575; 84 574; 84 567; 85 566; 85 561; 86 560; 86 556; 85 555
123; 460 553; 458 555; 457 555; 455 557; 454 557; 453 558; 452 558; 451 559; 450 559; 448 561; 447 561; 446 562; 445 562; 443 564; 442 564; 441 565; 440 565; 439 566; 438 566; 437 567; 436 567; 435 568; 433 568; 432 569; 431 569; 429 571; 428 571; 427 572; 426 572; 425 573; 424 573; 422 575; 422 578; 423 579; 425 579; 426 580; 428 580; 429 581; 430 581; 431 582; 432 582; 435 585; 436 585; 437 586; 437 587; 440 590; 440 591; 441 592; 442 592; 443 593; 447 593; 448 594; 449 594; 453 598; 457 598; 458 599; 459 599; 461 601; 465 601; 465 595; 466 594; 466 590; 465 589; 465 586; 464 585; 464 554; 463 553
124; 211 568; 210 569; 209 569; 207 571; 206 571; 205 572; 204 572; 203 573; 202 573; 201 574; 198 574; 197 575; 195 575; 194 576; 193 576; 191 578; 190 578; 188 580; 187 580; 185 582; 184 582; 183 583; 182 583; 181 584; 180 584; 177 587; 176 587; 175 588; 168 588; 167 589; 167 593; 168 594; 171 594; 172 593; 174 593; 175 592; 176 593; 177 593; 179 595; 180 595; 181 596; 182 596; 183 597; 184 597; 185 598; 187 598; 188 599; 189 599; 191 601; 192 601; 193 602; 194 602; 195 603; 196 603; 197 604; 198 604; 199 605; 201 605; 202 606; 203 606; 204 607; 205 607; 207 609; 207 610; 210 613; 210 614; 211 615; 215 615; 215 613; 216 612; 216 604; 217 603; 217 589; 216 588; 216 584; 215 583; 215 573; 216 572; 216 568
125; 285 564; 279 570; 278 570; 277 571; 276 571; 274 573; 273 573; 271 575; 270 575; 266 579; 265 579; 262 582; 261 582; 256 587; 255 587; 254 588; 253 588; 251 590; 250 590; 250 594; 251 595; 253 595; 254 596; 259 596; 260 597; 261 597; 262 598; 263 598; 264 599; 265 599; 267 601; 268 601; 269 602; 269 603; 271 605; 276 605; 277 606; 280 606; 281 607; 283 607; 284 608; 285 608; 286 609; 287 609; 291 613; 293 613; 295 611; 295 608; 294 607; 294 603; 293 602; 293 592; 292 591; 292 579; 290 577; 290 573; 289 572; 289 567; 288 566; 288 565; 287 564
126; 47 597; 46 598; 46 603; 45 604; 45 610; 44 611; 44 613; 43 614; 43 616; 42 617; 42 618; 41 619; 41 621; 40 622; 40 631; 39 632; 39 634; 38 635; 38 637; 37 638; 37 642; 41 642; 42 641; 43 641; 44 640; 47 640; 48 639; 52 639; 53 638; 58 638; 59 637; 63 637; 64 636; 67 636; 68 635; 71 635; 72 634; 75 634; 76 633; 79 633; 80 632; 81 632; 82 631; 82 628; 79 625; 78 625; 76 623; 75 623; 70 618; 70 617; 64 611; 64 610; 59 605; 59 604; 58 603; 57 603; 56 602; 56 601; 55 601; 51 597
127; 176 599; 176 600; 175 601; 175 605; 174 606; 174 609; 173 610; 173 613; 172 614; 172 615; 171 616; 171 617; 170 618; 170 630; 169 631; 169 638; 168 639; 168 642; 167 643; 167 646; 171 646; 172 645; 173 645; 174 644; 175 644; 176 643; 179 643; 180 642; 183 642; 184 641; 186 641; 187 640; 188 640; 189 639; 190 639; 191 638; 192 638; 193 637; 197 637; 198 636; 202 636; 203 635; 209 635; 210 634; 211 634; 211 631; 210 630; 209 630; 204 625; 204 624; 203 623; 203 622; 200 619; 199 619; 187 607; 186 607; 182 603; 182 602; 180 600; 180 599
128; 768 607; 767 608; 767 612; 768 613; 768 614; 769 615; 769 616; 770 617; 770 619; 771 620; 771 633; 774 636; 774 637; 776 639; 776 640; 777 641; 777 644; 778 645; 778 648; 779 649; 779 652; 780 653; 780 654; 784 654; 784 653; 785 652; 785 651; 792 644; 793 644; 803 634; 803 633; 804 632; 805 632; 807 630; 808 630; 810 628; 811 628; 812 627; 813 627; 815 625; 815 623; 813 621; 811 621; 810 620; 809 620; 808 619; 805 619; 804 618; 801 618; 800 617; 799 617; 798 616; 797 616; 796 615; 794 615; 793 614; 791 614; 790 613; 786 613; 785 612; 781 612; 780 611; 779 611; 778 610; 777 610; 776 609; 775 609; 774 608; 772 608; 771 607
129; 303 614; 302 615; 301 615; 299 617; 295 617; 294 618; 289 618; 288 619; 285 619; 284 620; 282 620; 281 621; 280 621; 279 622; 278 622; 277 623; 276 623; 275 624; 273 624; 272 625; 270 625; 269 626; 264 626; 263 627; 262 627; 261 628; 261 631; 262 632; 263 632; 264 633; 265 633; 266 634; 267 634; 276 643; 277 643; 294 660; 296 660; 297 659; 297 650; 298 649; 298 648; 299 647; 299 645; 300 644; 300 642; 301 641; 301 639; 302 638; 302 636; 303 635; 303 631; 304 630; 304 626; 305 625; 305 622; 306 621; 306 620; 307 619; 307 615; 306 614
130; 913 621; 912 622; 911 622; 910 623; 909 623; 908 624; 905 624; 904 625; 901 625; 900 626; 896 626; 895 627; 890 627; 889 628; 888 628; 887 629; 886 629; 885 630; 884 630; 883 631; 882 631; 881 632; 875 632; 874 633; 872 633; 871 634; 871 636; 878 643; 879 643; 885 649; 885 650; 887 652; 887 653; 888 654; 889 654; 891 656; 892 656; 893 657; 894 657; 901 664; 901 666; 902 667; 902 668; 906 668; 907 667; 907 658; 908 657; 908 654; 909 653; 909 652; 910 651; 910 649; 911 648; 911 645; 912 644; 912 640; 913 639; 913 636; 914 635; 914 633; 915 632; 915 631; 916 630; 916 628; 917 627; 917 622; 916 621
131; 707 629; 705 631; 705 634; 706 635; 706 637; 707 637; 708 636; 711 639; 711 641; 712 642; 712 645; 713 646; 713 648; 714 649; 714 651; 715 652; 715 654; 716 655; 716 657; 717 658; 717 660; 718 661; 718 664; 719 665; 719 672; 720 673; 720 674; 723 674; 733 664; 735 664; 736 663; 737 663; 741 659; 741 658; 744 655; 745 655; 746 654; 747 654; 749 652; 750 652; 751 651; 751 650; 752 649; 752 648; 755 645; 755 642; 754 642; 753 641; 750 641; 749 640; 748 640; 747 639; 746 639; 745 638; 744 638; 743 637; 741 637; 740 636; 737 636; 736 635; 733 635; 732 634; 729 634; 728 633; 720 633; 719 632; 717 632; 716 631; 714 631; 713 630; 712 630; 711 629
132; 703 632; 702 633; 701 633; 700 634; 699 634; 698 635; 697 635; 696 636; 694 636; 693 637; 688 637; 687 638; 685 638; 684 639; 683 639; 681 641; 680 641; 678 643; 677 643; 676 644; 675 644; 674 645; 673 645; 672 646; 671 646; 670 647; 669 647; 668 648; 667 648; 666 649; 664 649; 663 650; 662 650; 662 653; 664 655; 665 655; 666 656; 667 656; 668 657; 669 657; 670 658; 671 658; 677 664; 678 664; 680 666; 681 666; 683 668; 684 668; 686 670; 687 670; 688 671; 689 671; 690 672; 691 672; 693 674; 694 674; 699 679; 702 679; 702 664; 703 663; 703 661; 704 660; 704 640; 705 639; 705 635; 704 634; 704 632
133; 212 639; 209 642; 208 642; 207 643; 206 643; 205 644; 203 644; 202 645; 200 645; 199 646; 197 646; 196 647; 195 647; 194 648; 193 648; 192 649; 190 649; 189 650; 186 650; 185 651; 184 651; 183 652; 182 652; 181 653; 179 653; 178 654; 176 654; 175 655; 175 657; 181 663; 181 664; 182 664; 183 665; 184 665; 185 666; 186 666; 189 669; 189 670; 190 671; 191 671; 192 672; 193 672; 194 673; 195 673; 196 674; 197 674; 199 676; 200 676; 201 677; 202 677; 209 684; 209 685; 212 685; 213 684; 213 674; 214 673; 214 670; 215 669; 215 665; 216 664; 216 657; 217 656; 217 640; 216 639
134; 233 638; 232 639; 232 651; 231 652; 231 656; 230 657; 230 662; 229 663; 229 680; 228 681; 228 683; 227 684; 227 686; 229 686; 231 684; 232 684; 234 682; 235 682; 237 680; 239 680; 240 679; 242 679; 243 678; 245 678; 246 677; 247 677; 248 676; 252 676; 253 675; 254 675; 256 673; 257 673; 259 671; 262 671; 263 670; 264 670; 265 669; 266 669; 267 668; 268 668; 269 667; 270 667; 270 664; 268 662; 267 662; 258 653; 257 653; 255 651; 254 651; 253 650; 252 650; 251 649; 250 649; 249 648; 247 648; 245 646; 244 646; 239 641; 238 641; 235 638
135; 646 644; 645 645; 644 645; 642 647; 641 647; 638 650; 637 650; 636 651; 634 651; 633 652; 631 652; 629 654; 628 654; 625 657; 624 657; 622 659; 621 659; 620 660; 619 660; 618 661; 617 661; 616 662; 615 662; 613 664; 612 664; 611 665; 610 665; 610 669; 611 669; 612 670; 614 670; 615 671; 616 671; 617 672; 618 672; 619 673; 620 673; 621 674; 623 674; 625 676; 626 676; 627 677; 628 677; 629 678; 630 678; 632 680; 633 680; 634 681; 635 681; 636 682; 637 682; 638 683; 639 683; 641 685; 642 685; 646 689; 646 690; 647 691; 651 691; 651 690; 652 689; 652 680; 653 679; 653 670; 654 669; 654 662; 652 660; 652 659; 651 659; 649 657; 648 657; 647 656; 646 656; 644 654; 644 652; 646 650; 646 649; 648 647; 648 644
136; 142 644; 141 645; 141 654; 140 655; 140 659; 139 660; 139 664; 138 665; 138 676; 137 677; 137 680; 136 681; 136 684; 135 685; 135 691; 137 691; 138 690; 140 690; 141 689; 143 689; 144 688; 146 688; 147 687; 149 687; 150 686; 156 686; 157 685; 158 685; 163 680; 164 680; 166 678; 168 678; 169 677; 171 677; 172 676; 174 676; 175 675; 176 675; 178 673; 178 670; 176 668; 174 668; 173 667; 172 667; 169 664; 168 664; 166 662; 165 662; 162 659; 161 659; 159 657; 158 657; 157 656; 156 656; 154 654; 153 654; 147 648; 147 647; 144 644
137; 755 654; 755 663; 754 664; 754 666; 753 667; 753 672; 752 673; 752 679; 751 680; 751 691; 750 692; 750 695; 749 696; 749 700; 750 701; 753 701; 754 700; 755 700; 758 697; 759 697; 760 696; 761 696; 762 695; 764 695; 765 694; 769 694; 770 693; 775 693; 776 692; 777 692; 778 691; 779 691; 782 688; 783 688; 784 687; 786 687; 787 686; 789 686; 790 685; 791 685; 792 684; 793 684; 793 680; 792 679; 791 679; 790 678; 789 678; 788 677; 787 677; 778 668; 777 668; 775 666; 774 666; 772 664; 771 664; 763 656; 762 656; 760 654
138; 65 668; 64 669; 63 669; 62 670; 52 670; 51 669; 49 669; 48 670; 34 670; 33 671; 25 671; 24 672; 24 674; 27 677; 27 678; 29 680; 29 681; 30 682; 30 683; 31 684; 31 686; 32 687; 32 689; 33 690; 33 691; 34 692; 34 694; 36 696; 37 696; 44 703; 44 704; 45 705; 45 706; 46 707; 46 708; 47 709; 47 710; 49 712; 51 712; 53 710; 53 707; 54 706; 54 703; 55 702; 55 700; 56 699; 56 698; 57 697; 57 696; 58 695; 58 694; 59 693; 59 692; 60 691; 60 690; 61 689; 61 688; 62 687; 62 686; 63 685; 63 684; 64 683; 64 681; 65 680; 65 678; 66 677; 66 676; 67 675; 67 674; 69 672; 69 668
139; 992 670; 991 671; 990 671; 989 672; 988 672; 987 673; 985 673; 984 674; 983 674; 982 675; 978 675; 977 676; 972 676; 968 680; 967 680; 966 681; 965 681; 964 682; 963 682; 962 683; 960 683; 959 684; 956 684; 955 685; 953 685; 952 686; 952 690; 954 690; 956 692; 957 692; 959 694; 960 694; 966 700; 967 700; 969 702; 970 702; 973 705; 974 705; 977 708; 978 708; 980 710; 981 710; 986 715; 986 716; 987 717; 991 717; 992 716; 992 711; 991 710; 991 702; 992 701; 992 697; 993 696; 993 691; 994 690; 994 678; 995 677; 995 675; 996 674; 996 670
140; 87 673; 86 674; 86 676; 85 677; 85 680; 86 681; 86 685; 87 686; 87 690; 86 691; 86 696; 87 697; 87 702; 88 703; 88 706; 89 707; 89 719; 91 721; 93 721; 96 718; 96 717; 98 715; 99 715; 101 713; 102 713; 103 712; 104 712; 105 711; 108 711; 109 710; 110 710; 110 709; 117 702; 118 702; 128 692; 128 688; 124 688; 123 689; 119 689; 118 688; 116 688; 114 686; 113 686; 111 684; 110 684; 109 683; 107 683; 106 682; 102 682; 101 681; 100 681; 99 680; 98 680; 97 679; 96 679; 90 673
141; 807 680; 806 681; 806 687; 807 688; 807 693; 806 694; 806 720; 807 721; 807 722; 806 723; 806 729; 807 730; 809 730; 811 728; 812 728; 814 726; 815 726; 816 725; 823 725; 824 724; 824 722; 825 721; 825 720; 826 719; 827 719; 828 718; 829 718; 830 717; 831 717; 832 716; 833 716; 834 715; 835 715; 837 713; 838 713; 840 711; 841 711; 842 710; 844 710; 845 709; 847 709; 848 708; 848 705; 847 704; 846 704; 845 703; 844 703; 843 702; 842 702; 841 701; 840 701; 836 697; 835 697; 833 695; 832 695; 828 691; 827 691; 826 690; 825 690; 824 689; 822 689; 821 688; 820 688; 818 686; 817 686; 814 683; 813 683; 810 680
142; 458 698; 457 699; 452 699; 451 700; 448 700; 447 701; 444 701; 443 702; 438 702; 437 703; 433 703; 432 704; 425 704; 424 705; 420 705; 419 706; 416 706; 414 708; 414 710; 421 717; 421 718; 423 720; 423 721; 425 723; 425 724; 426 725; 426 726; 444 744; 444 745; 447 745; 448 744; 448 743; 449 742; 449 740; 450 739; 450 734; 451 733; 451 731; 453 729; 453 728; 456 725; 456 724; 457 723; 457 715; 458 714; 458 709; 459 708; 459 706; 460 705; 460 704; 462 702; 462 698
143; 552 707; 551 708; 551 709; 550 710; 550 713; 549 714; 549 716; 548 717; 548 718; 547 719; 547 720; 546 721; 546 722; 545 723; 545 724; 544 725; 544 726; 543 727; 543 728; 542 729; 542 730; 540 732; 540 734; 539 735; 539 739; 538 740; 538 741; 536 743; 536 744; 534 746; 534 747; 532 749; 532 751; 533 752; 536 752; 537 751; 560 751; 561 750; 566 750; 567 749; 579 749; 579 745; 577 743; 577 742; 574 739; 574 738; 572 736; 572 735; 571 734; 571 732; 570 731; 570 729; 569 728; 569 726; 561 718; 561 717; 559 715; 559 714; 558 713; 558 712; 556 710; 556 709; 554 707
144; 290 716; 289 717; 287 717; 286 718; 285 718; 284 719; 282 719; 281 720; 279 720; 278 721; 276 721; 275 722; 274 722; 273 723; 272 723; 271 724; 270 724; 268 726; 267 726; 265 728; 264 728; 260 732; 259 732; 258 733; 255 733; 254 734; 252 734; 251 735; 251 738; 253 740; 254 740; 256 742; 258 742; 259 743; 260 743; 263 746; 264 746; 265 747; 265 748; 268 751; 268 752; 269 753; 273 753; 274 754; 275 754; 276 755; 277 755; 278 756; 279 756; 287 764; 291 764; 291 752; 290 751; 291 750; 291 729; 292 728; 292 726; 293 725; 293 724; 294 723; 294 721; 295 720; 295 716
145; 490 711; 489 712; 489 721; 488 722; 488 725; 487 726; 487 727; 486 728; 486 729; 485 730; 485 731; 484 732; 484 735; 483 736; 483 739; 482 740; 482 746; 481 747; 481 751; 480 752; 480 755; 479 756; 479 758; 480 759; 483 759; 484 758; 487 758; 488 757; 491 757; 492 756; 494 756; 495 755; 496 755; 497 754; 499 754; 500 753; 503 753; 504 752; 506 752; 507 751; 508 751; 509 750; 511 750; 512 749; 515 749; 516 748; 519 748; 520 747; 522 747; 523 746; 524 746; 525 745; 525 743; 523 741; 522 741; 521 740; 520 740; 516 736; 516 735; 514 733; 514 732; 505 723; 504 723; 495 714; 495 713; 493 711
146; 727 728; 726 729; 723 729; 722 730; 721 730; 720 729; 715 729; 714 730; 700 730; 699 731; 692 731; 691 732; 685 732; 684 733; 684 735; 686 737; 686 738; 690 742; 690 743; 691 744; 691 746; 692 747; 692 748; 698 754; 698 755; 701 758; 701 759; 708 766; 708 767; 709 768; 709 769; 710 770; 710 772; 712 774; 714 774; 715 773; 716 773; 716 772; 717 771; 717 769; 718 768; 718 767; 719 766; 719 765; 720 764; 720 762; 721 761; 721 759; 722 758; 722 757; 723 756; 723 755; 725 753; 725 752; 726 751; 726 746; 727 745; 727 742; 728 741; 728 739; 729 738; 729 736; 731 734; 731 733; 732 732; 732 728
147; 206 727; 205 728; 203 728; 202 729; 200 729; 199 730; 188 730; 187 731; 186 731; 184 733; 183 733; 182 734; 181 734; 180 735; 178 735; 177 736; 176 736; 175 737; 173 737; 172 738; 170 738; 169 739; 167 739; 166 740; 165 740; 165 743; 167 745; 168 745; 179 756; 180 756; 189 765; 189 766; 192 769; 192 770; 194 772; 194 773; 195 774; 199 774; 200 773; 200 765; 201 764; 201 761; 202 760; 202 759; 203 758; 203 757; 204 756; 204 751; 205 750; 205 745; 206 744; 206 741; 207 740; 207 737; 208 736; 208 734; 209 733; 209 732; 210 731; 210 727
148; 340 729; 338 731; 337 731; 335 733; 334 733; 333 734; 331 734; 330 735; 329 735; 327 737; 326 737; 324 739; 323 739; 322 740; 321 740; 320 741; 319 741; 318 742; 317 742; 316 743; 315 743; 314 744; 313 744; 312 745; 309 745; 308 746; 305 746; 304 747; 303 747; 302 748; 302 750; 304 752; 305 752; 307 754; 308 754; 317 763; 318 763; 319 764; 320 764; 321 765; 322 765; 324 767; 325 767; 326 768; 327 768; 331 772; 332 772; 335 775; 335 776; 337 778; 341 778; 341 771; 342 770; 342 765; 343 764; 343 762; 344 761; 344 752; 343 751; 343 740; 344 739; 344 735; 345 734; 345 729
149; 47 737; 45 739; 44 739; 43 740; 42 740; 41 741; 40 741; 39 742; 36 742; 35 743; 26 743; 23 746; 22 746; 20 748; 18 748; 17 749; 14 749; 13 750; 9 750; 8 751; 7 751; 6 752; 6 754; 7 755; 8 755; 9 756; 10 756; 15 761; 15 762; 20 767; 21 767; 23 769; 24 769; 26 771; 27 771; 29 773; 30 773; 34 777; 34 778; 36 780; 36 781; 37 782; 37 783; 39 785; 41 785; 42 784; 42 783; 43 782; 43 780; 44 779; 44 777; 45 776; 45 774; 46 773; 46 764; 47 763; 47 760; 48 759; 48 746; 49 745; 49 743; 50 742; 50 738; 49 737
150; 138 732; 137 733; 136 733; 133 736; 132 736; 130 738; 129 738; 127 740; 126 740; 124 742; 123 742; 122 743; 121 743; 120 744; 119 744; 117 746; 116 746; 109 753; 108 753; 106 755; 104 755; 103 756; 102 756; 101 757; 101 760; 102 761; 103 761; 104 762; 105 762; 106 763; 109 763; 110 764; 112 764; 113 765; 114 765; 116 767; 117 767; 122 772; 123 772; 124 773; 125 773; 126 774; 130 774; 132 776; 133 776; 134 777; 135 777; 137 779; 138 779; 139 780; 140 780; 141 781; 143 781; 144 780; 144 776; 143 775; 143 771; 142 770; 142 766; 143 765; 143 757; 142 756; 142 740; 141 739; 141 733; 140 732
151; 521 755; 520 756; 520 759; 521 760; 521 772; 520 773; 520 779; 522 781; 522 782; 523 783; 523 790; 524 791; 524 792; 525 793; 525 803; 526 804; 529 804; 532 801; 533 801; 535 799; 536 799; 539 796; 540 796; 543 793; 544 793; 546 791; 547 791; 551 787; 552 787; 553 786; 554 786; 559 781; 560 781; 561 780; 562 780; 564 778; 565 778; 566 777; 566 774; 564 772; 563 772; 562 771; 556 771; 555 770; 553 770; 551 768; 550 768; 548 766; 547 766; 546 765; 545 765; 544 764; 543 764; 542 763; 540 763; 539 762; 537 762; 536 761; 534 761; 533 760; 532 760; 530 758; 529 758; 527 756; 526 756; 525 755
152; 821 776; 821 781; 822 782; 822 783; 823 784; 823 785; 825 787; 825 789; 826 790; 826 795; 827 796; 827 799; 828 800; 828 801; 829 802; 829 804; 830 805; 830 807; 831 808; 831 810; 832 811; 832 815; 844 815; 845 814; 849 814; 854 809; 854 808; 857 805; 858 805; 860 803; 860 802; 862 800; 862 799; 863 798; 863 797; 869 791; 869 788; 868 787; 865 787; 864 786; 862 786; 861 785; 859 785; 858 784; 854 784; 853 783; 852 783; 851 782; 850 782; 849 781; 841 781; 840 780; 836 780; 835 779; 833 779; 832 778; 830 778; 829 777; 828 777; 827 776
153; 487 774; 487 775; 486 776; 486 778; 485 779; 485 782; 486 783; 486 788; 485 789; 485 791; 484 792; 484 793; 481 796; 481 804; 480 805; 480 812; 479 813; 479 817; 478 818; 478 822; 483 822; 484 821; 485 821; 486 820; 487 820; 488 819; 490 819; 491 818; 494 818; 495 817; 508 817; 509 816; 510 816; 511 815; 512 815; 513 814; 514 814; 515 813; 517 813; 518 812; 522 812; 524 810; 524 807; 523 806; 522 806; 518 802; 518 801; 511 794; 511 793; 505 787; 504 787; 491 774
154; 318 781; 317 782; 317 785; 318 786; 318 788; 319 789; 319 792; 320 793; 320 797; 321 798; 321 805; 322 806; 322 808; 323 809; 323 810; 324 811; 324 819; 325 820; 325 822; 326 823; 326 827; 327 828; 327 829; 328 830; 330 830; 331 829; 332 829; 342 819; 343 819; 359 803; 360 803; 361 802; 362 802; 364 800; 364 797; 363 796; 361 796; 360 795; 357 795; 356 794; 354 794; 353 793; 352 793; 351 792; 350 792; 349 791; 348 791; 347 790; 346 790; 345 789; 344 789; 343 788; 341 788; 340 787; 333 787; 332 786; 329 786; 328 785; 327 785; 325 783; 324 783; 323 782; 322 782; 321 781
155; 15 788; 13 790; 13 792; 14 793; 14 801; 15 802; 15 807; 16 808; 16 818; 17 819; 17 822; 18 823; 18 826; 19 827; 19 835; 20 836; 20 837; 23 837; 33 827; 34 827; 37 824; 38 824; 40 822; 41 822; 43 820; 44 820; 52 812; 53 812; 55 810; 57 810; 58 809; 58 807; 56 805; 55 805; 54 804; 52 804; 51 803; 50 803; 49 802; 48 802; 46 800; 46 799; 45 798; 41 798; 40 799; 38 799; 37 798; 36 798; 35 797; 33 797; 32 796; 30 796; 29 795; 28 795; 27 794; 26 794; 25 793; 24 793; 22 791; 21 791; 19 789; 18 789; 17 788
156; 869 798; 864 803; 863 803; 862 804; 861 804; 859 806; 859 807; 856 810; 854 810; 849 815; 845 815; 844 816; 832 816; 833 817; 833 818; 834 819; 834 820; 836 822; 836 823; 837 824; 837 831; 838 832; 839 832; 840 833; 842 833; 843 832; 846 832; 847 833; 849 833; 850 834; 852 834; 853 835; 854 835; 855 836; 856 836; 857 837; 859 837; 860 838; 861 838; 862 839; 863 839; 864 840; 865 840; 866 841; 867 841; 868 842; 869 842; 870 843; 872 843; 873 844; 876 844; 877 845; 878 845; 879 846; 883 846; 884 845; 884 843; 883 842; 883 841; 882 840; 882 838; 881 837; 881 836; 880 835; 880 820; 878 818; 878 817; 877 816; 877 815; 876 814; 876 813; 875 812; 875 809; 874 808; 874 805; 873 804; 873 799; 872 798
157; 556 801; 555 802; 554 802; 553 803; 552 803; 551 804; 550 804; 549 805; 548 805; 547 806; 546 806; 545 807; 544 807; 543 808; 542 808; 541 809; 540 809; 539 810; 536 810; 535 811; 534 811; 533 812; 532 812; 529 815; 528 815; 527 816; 526 816; 525 817; 523 817; 522 818; 520 818; 517 821; 517 823; 519 825; 520 825; 522 827; 523 827; 525 829; 526 829; 528 831; 529 831; 532 834; 533 834; 536 837; 537 837; 540 840; 541 840; 546 845; 547 845; 550 848; 551 848; 553 850; 558 850; 559 849; 559 843; 558 842; 558 833; 559 832; 559 830; 560 829; 560 825; 559 824; 559 812; 560 811; 560 806; 561 805; 561 802; 560 801
158; 800 798; 798 800; 798 802; 797 803; 797 805; 796 806; 796 807; 794 809; 794 810; 792 812; 792 813; 789 816; 789 817; 788 818; 788 819; 787 820; 787 821; 786 822; 786 823; 785 824; 785 825; 784 826; 784 827; 783 828; 783 829; 782 830; 782 831; 781 832; 781 833; 779 835; 779 836; 777 838; 777 840; 779 842; 782 842; 783 841; 797 841; 798 842; 809 842; 810 843; 824 843; 825 842; 825 839; 823 837; 823 836; 821 834; 821 833; 819 831; 819 830; 818 829; 818 828; 817 827; 817 826; 816 825; 816 823; 815 822; 815 819; 814 818; 814 817; 813 816; 813 815; 808 810; 808 809; 807 808; 807 806; 806 805; 806 804; 805 803; 805 801; 804 800; 804 799; 803 798
159; 925 803; 924 804; 924 811; 925 812; 925 832; 926 833; 926 839; 927 840; 927 844; 926 845; 926 848; 925 849; 925 852; 926 853; 929 853; 930 852; 931 852; 933 850; 934 850; 936 848; 937 848; 939 846; 940 846; 942 844; 943 844; 945 842; 946 842; 947 841; 948 841; 950 839; 951 839; 953 837; 954 837; 956 835; 957 835; 958 834; 959 834; 961 832; 962 832; 963 831; 964 831; 965 830; 966 830; 967 829; 967 827; 965 825; 962 825; 961 824; 959 824; 958 823; 957 823; 950 816; 949 816; 947 814; 945 814; 944 813; 942 813; 941 812; 940 812; 939 811; 938 811; 937 810; 936 810; 934 808; 933 808; 929 804; 928 804; 927 803
160; 596 808; 596 815; 597 816; 597 822; 598 823; 598 834; 599 835; 599 838; 600 839; 600 841; 601 842; 601 853; 600 854; 600 857; 599 858; 601 858; 602 859; 604 859; 615 848; 616 848; 617 847; 618 847; 620 845; 621 845; 625 841; 626 841; 634 833; 635 833; 637 831; 638 831; 640 829; 640 825; 639 825; 638 824; 632 824; 631 823; 629 823; 627 821; 626 821; 625 820; 624 820; 622 818; 621 818; 620 817; 619 817; 618 816; 617 816; 616 815; 615 815; 614 814; 612 814; 611 813; 607 813; 606 812; 604 812; 602 810; 601 810; 599 808
161; 137 811; 135 813; 135 814; 134 815; 134 816; 131 819; 131 820; 127 824; 127 825; 125 827; 125 828; 124 829; 124 830; 122 832; 122 833; 121 834; 121 835; 120 836; 120 837; 118 839; 118 840; 111 847; 111 850; 112 851; 121 851; 122 852; 126 852; 127 853; 133 853; 134 854; 149 854; 150 855; 154 855; 155 856; 159 856; 159 851; 156 848; 156 847; 154 845; 154 844; 153 843; 153 842; 152 841; 152 838; 151 837; 151 835; 149 833; 149 832; 148 831; 148 830; 146 828; 146 827; 145 826; 145 825; 144 824; 144 822; 143 821; 143 819; 142 818; 142 816; 141 815; 141 814; 140 813; 140 812; 139 811
162; 322 836; 322 843; 323 844; 323 849; 322 850; 322 862; 323 863; 323 866; 327 866; 328 865; 331 865; 331 853; 332 852; 332 851; 334 849; 335 849; 336 850; 337 850; 339 852; 342 852; 343 851; 343 846; 342 845; 342 844; 341 843; 341 842; 338 842; 337 841; 334 841; 333 840; 332 840; 331 839; 330 839; 329 838; 328 838; 326 836
163; 407 828; 406 829; 404 829; 403 830; 401 830; 400 831; 397 831; 396 832; 392 832; 391 833; 388 833; 382 839; 381 839; 380 840; 379 840; 378 841; 375 841; 374 842; 372 842; 371 843; 369 843; 368 844; 367 844; 367 848; 369 850; 370 850; 376 856; 377 856; 380 859; 381 859; 383 861; 384 861; 386 863; 387 863; 390 866; 391 866; 393 868; 394 868; 401 875; 401 876; 405 876; 406 875; 406 871; 407 870; 407 866; 408 865; 408 858; 409 857; 409 844; 410 843; 410 837; 411 836; 411 828
164; 503 832; 501 834; 500 834; 498 836; 497 836; 494 839; 493 839; 492 840; 491 840; 490 841; 488 841; 487 842; 486 842; 484 844; 483 844; 480 847; 479 847; 478 848; 477 848; 475 850; 474 850; 473 851; 472 851; 470 853; 469 853; 468 854; 467 854; 465 856; 465 858; 466 859; 467 859; 468 860; 469 860; 470 861; 472 861; 473 862; 475 862; 476 863; 478 863; 479 864; 480 864; 482 866; 483 866; 488 871; 489 871; 492 874; 493 874; 494 875; 495 875; 496 876; 497 876; 498 877; 499 877; 500 878; 501 878; 503 880; 504 880; 505 881; 506 881; 507 882; 507 880; 509 878; 509 877; 510 876; 509 875; 509 868; 508 867; 508 866; 509 865; 509 862; 510 861; 510 856; 508 854; 508 851; 507 850; 507 832
165; 521 838; 521 842; 520 843; 520 846; 519 847; 519 849; 518 850; 518 852; 517 853; 517 856; 516 857; 516 859; 517 860; 517 862; 516 863; 516 868; 515 869; 515 873; 514 874; 514 875; 512 877; 510 877; 510 878; 508 880; 508 883; 509 883; 510 884; 511 884; 512 885; 517 885; 518 884; 519 884; 520 883; 521 883; 522 882; 526 882; 527 881; 536 881; 537 880; 538 880; 540 878; 541 878; 542 877; 543 877; 544 876; 545 876; 546 875; 547 875; 548 874; 554 874; 554 871; 555 870; 555 867; 547 859; 547 858; 542 853; 541 853; 539 851; 538 851; 533 846; 532 846; 525 839; 525 838
166; 894 855; 893 856; 893 859; 894 860; 894 861; 895 862; 895 863; 897 865; 897 866; 898 867; 898 869; 899 870; 899 873; 900 874; 900 878; 901 879; 901 882; 902 883; 902 886; 903 887; 903 889; 904 890; 904 892; 905 893; 905 895; 906 896; 906 900; 907 901; 907 903; 908 904; 910 904; 911 903; 912 903; 912 902; 916 898; 916 897; 925 888; 926 888; 927 887; 928 887; 929 886; 930 886; 930 885; 931 884; 931 880; 932 879; 932 878; 934 876; 934 875; 937 872; 938 872; 940 870; 940 867; 939 866; 936 866; 935 865; 930 865; 929 864; 925 864; 924 863; 922 863; 921 862; 920 862; 919 861; 918 861; 917 860; 914 860; 913 859; 910 859; 909 858; 907 858; 906 857; 903 857; 902 856; 899 856; 898 855
167; 168 857; 167 858; 166 858; 165 859; 164 859; 163 860; 161 860; 160 861; 159 861; 158 862; 156 862; 155 863; 154 863; 153 864; 152 864; 151 865; 150 865; 149 866; 147 866; 146 867; 145 867; 144 868; 142 868; 141 869; 140 869; 139 870; 138 870; 136 872; 135 872; 133 874; 132 874; 131 875; 129 875; 128 876; 128 879; 130 881; 131 881; 132 882; 133 882; 134 883; 135 883; 137 885; 138 885; 139 886; 140 886; 151 897; 152 897; 153 898; 154 898; 155 899; 156 899; 163 906; 167 906; 167 894; 168 893; 168 887; 169 886; 169 884; 170 883; 170 882; 171 881; 171 876; 170 875; 170 873; 169 872; 169 868; 170 867; 170 865; 171 864; 171 863; 172 862; 172 858; 171 857
168; 599 859; 596 862; 595 862; 594 863; 590 863; 589 864; 581 864; 580 865; 578 865; 577 866; 576 866; 575 867; 574 867; 573 868; 571 868; 570 869; 568 869; 567 870; 562 870; 561 869; 560 869; 559 868; 558 868; 557 867; 556 867; 556 870; 555 871; 555 875; 556 875; 557 876; 558 876; 560 878; 561 878; 562 879; 562 880; 565 883; 565 884; 567 886; 567 887; 571 891; 572 891; 577 896; 578 896; 581 899; 581 900; 586 905; 586 906; 587 907; 587 908; 589 910; 591 910; 593 908; 593 906; 594 905; 594 900; 595 899; 595 897; 596 896; 596 894; 597 893; 597 891; 598 890; 598 883; 599 882; 599 876; 600 875; 600 873; 601 872; 601 869; 602 868; 602 866; 603 865; 603 862; 604 861; 604 860; 602 860; 601 859
169; 992 864; 992 865; 991 866; 991 875; 990 876; 990 878; 989 879; 989 881; 988 882; 988 884; 987 885; 987 888; 986 889; 986 893; 985 894; 985 898; 984 899; 984 901; 983 902; 983 903; 982 904; 982 905; 981 906; 981 911; 985 911; 986 910; 988 910; 989 909; 992 909; 993 908; 1003 908; 1004 907; 1005 907; 1006 906; 1008 906; 1009 905; 1010 905; 1011 904; 1013 904; 1014 903; 1020 903; 1021 902; 1023 902; 1023 893; 1022 892; 1021 892; 1020 891; 1020 890; 1017 887; 1017 886; 1015 884; 1015 883; 1014 882; 1014 881; 1010 877; 1009 877; 1008 876; 1007 876; 1006 875; 1005 875; 1002 872; 1001 872; 999 870; 999 869; 994 864
170; 241 882; 240 883; 239 883; 236 886; 235 886; 232 889; 231 889; 230 890; 229 890; 227 892; 226 892; 221 897; 221 898; 217 902; 216 902; 214 904; 213 904; 212 905; 210 905; 209 906; 208 906; 207 907; 206 907; 206 910; 207 911; 207 913; 211 913; 212 914; 213 914; 214 915; 215 915; 217 917; 218 917; 219 918; 220 918; 221 919; 222 919; 223 920; 224 920; 225 921; 226 921; 227 922; 229 922; 230 923; 231 923; 232 924; 234 924; 235 925; 236 925; 238 927; 239 927; 243 931; 247 931; 247 926; 246 925; 246 920; 247 919; 247 915; 248 914; 248 912; 249 911; 249 907; 248 906; 248 904; 247 903; 247 897; 246 896; 246 889; 245 888; 245 883; 244 882
171; 46 891; 45 892; 45 894; 46 895; 46 899; 47 900; 47 905; 48 906; 48 912; 47 913; 47 919; 48 920; 48 921; 50 923; 50 931; 51 932; 50 933; 50 938; 51 939; 54 939; 59 934; 60 934; 62 932; 63 932; 64 931; 65 931; 66 930; 67 930; 68 929; 69 929; 74 924; 75 924; 76 923; 77 923; 79 921; 80 921; 82 919; 83 919; 84 918; 87 918; 89 920; 93 920; 93 918; 96 915; 96 912; 95 911; 87 911; 86 910; 85 910; 84 909; 83 909; 80 906; 79 906; 76 903; 75 903; 74 902; 71 902; 70 901; 69 901; 67 899; 66 899; 64 897; 63 897; 62 896; 61 896; 60 895; 57 895; 56 894; 54 894; 53 893; 52 893; 51 892; 50 892; 49 891
172; 191 891; 190 892; 190 893; 188 895; 188 896; 182 902; 182 903; 177 908; 177 909; 175 911; 175 912; 174 913; 174 914; 173 915; 173 916; 172 917; 172 918; 171 919; 171 920; 167 924; 166 924; 164 926; 164 929; 165 930; 170 930; 171 931; 180 931; 181 932; 183 932; 184 933; 192 933; 193 934; 196 934; 197 935; 200 935; 201 936; 211 936; 212 935; 212 932; 211 931; 211 930; 209 928; 209 927; 208 926; 208 925; 207 924; 207 923; 206 922; 206 920; 205 919; 205 917; 204 916; 204 915; 206 913; 206 911; 205 910; 205 908; 203 908; 202 907; 201 907; 199 905; 199 904; 198 903; 198 902; 197 901; 197 900; 196 899; 196 897; 195 896; 195 892; 194 891
173; 0 913; 0 922; 1 923; 2 923; 5 926; 4 927; 4 928; 3 929; 0 929; 0 939; 1 939; 2 938; 3 938; 4 937; 5 937; 7 935; 8 935; 14 929; 15 929; 17 927; 18 927; 20 925; 20 923; 19 922; 18 922; 17 921; 16 921; 15 920; 14 920; 13 919; 12 919; 11 918; 10 918; 9 917; 7 917; 5 915; 4 915; 2 913
174; 414 910; 412 912; 410 912; 409 913; 405 913; 404 914; 399 914; 398 915; 397 915; 396 916; 395 916; 394 917; 393 917; 392 918; 390 918; 389 919; 388 919; 387 920; 386 920; 385 921; 384 921; 383 922; 381 922; 380 923; 379 923; 378 924; 377 924; 376 925; 375 925; 374 926; 374 929; 375 930; 376 930; 380 934; 381 934; 383 936; 384 936; 389 941; 389 942; 392 945; 393 945; 394 946; 395 946; 396 947; 397 947; 403 953; 403 954; 408 959; 411 959; 412 958; 412 955; 413 954; 413 950; 414 949; 414 938; 415 937; 415 936; 416 935; 416 933; 417 932; 417 929; 416 928; 416 924; 417 923; 417 919; 418 918; 418 916; 419 915; 419 911; 418 910
175; 730 909; 722 917; 721 917; 720 918; 719 918; 718 919; 717 919; 716 920; 715 920; 714 921; 713 921; 704 930; 703 930; 701 932; 700 932; 698 934; 697 934; 696 935; 695 935; 694 936; 694 939; 695 940; 697 940; 698 941; 699 941; 700 942; 701 942; 704 945; 706 945; 707 946; 709 946; 710 947; 711 947; 713 949; 714 949; 716 951; 717 951; 718 952; 719 952; 720 953; 724 953; 725 954; 726 954; 728 956; 729 956; 731 958; 732 958; 734 960; 735 960; 736 961; 738 961; 738 954; 737 953; 737 935; 736 934; 736 924; 735 923; 735 912; 734 911; 734 910; 733 909
176; 749 913; 748 914; 748 917; 749 918; 749 926; 750 927; 750 931; 749 932; 749 937; 748 938; 748 944; 749 945; 749 958; 748 959; 748 962; 749 963; 749 964; 752 964; 754 962; 755 962; 758 959; 759 959; 761 957; 762 957; 763 956; 765 956; 766 955; 767 955; 768 954; 769 954; 770 953; 771 953; 772 952; 774 952; 775 951; 776 951; 777 950; 778 950; 779 949; 781 949; 783 947; 784 947; 786 945; 787 945; 788 944; 789 944; 790 943; 791 943; 791 940; 789 938; 788 938; 786 936; 785 936; 782 933; 781 933; 780 932; 779 932; 777 930; 776 930; 770 924; 768 924; 767 923; 766 923; 764 921; 763 921; 760 918; 759 918; 758 917; 757 917; 754 914; 753 914; 752 913
177; 973 921; 972 922; 969 922; 968 923; 966 923; 965 924; 964 924; 963 925; 961 925; 960 926; 958 926; 957 927; 955 927; 954 928; 952 928; 951 929; 949 929; 948 930; 946 930; 945 931; 943 931; 942 932; 939 932; 938 933; 936 933; 935 934; 935 936; 936 937; 937 937; 938 938; 939 938; 946 945; 946 946; 948 948; 948 950; 951 953; 952 953; 953 954; 954 954; 956 956; 957 956; 965 964; 966 964; 967 965; 967 966; 969 968; 973 968; 973 967; 974 966; 974 954; 975 953; 975 952; 976 951; 976 948; 977 947; 977 944; 978 943; 978 942; 982 938; 983 938; 985 936; 986 936; 987 935; 987 933; 984 933; 983 934; 982 934; 979 937; 976 937; 973 934; 973 932; 974 931; 974 929; 975 928; 975 925; 976 924; 976 921
178; 457 915; 456 916; 456 917; 454 919; 454 920; 453 921; 453 922; 452 923; 452 924; 451 925; 451 926; 450 927; 450 928; 445 933; 444 933; 439 938; 439 939; 438 940; 438 941; 430 949; 430 952; 431 953; 433 953; 434 954; 438 954; 439 955; 441 955; 442 956; 445 956; 446 957; 447 957; 448 958; 450 958; 451 959; 453 959; 454 960; 463 960; 464 961; 466 961; 467 962; 468 962; 470 964; 471 964; 472 965; 476 965; 476 959; 475 958; 475 957; 474 956; 474 955; 473 954; 473 953; 472 952; 472 950; 471 949; 471 946; 470 945; 470 942; 469 941; 469 938; 468 937; 468 935; 467 934; 467 932; 466 931; 466 930; 465 929; 465 928; 464 927; 464 926; 463 925; 463 924; 462 923; 462 921; 461 920; 461 917; 459 915
179; 89 921; 89 927; 88 928; 88 961; 87 962; 87 969; 88 970; 92 970; 93 969; 94 969; 97 966; 98 966; 100 964; 102 964; 103 963; 107 963; 108 962; 109 962; 113 958; 114 958; 116 956; 117 956; 118 955; 119 955; 120 954; 121 954; 123 952; 124 952; 126 950; 127 950; 128 949; 129 949; 130 948; 130 946; 129 945; 127 945; 126 944; 125 944; 122 941; 121 941; 119 939; 118 939; 116 937; 115 937; 114 936; 113 936; 111 934; 110 934; 108 932; 107 932; 106 931; 105 931; 104 930; 103 930; 102 929; 101 929; 94 922; 94 921
180; 330 935; 328 937; 327 937; 326 938; 325 938; 324 939; 323 939; 322 940; 319 940; 318 941; 315 941; 314 942; 312 942; 311 943; 309 943; 308 944; 307 944; 306 945; 305 945; 304 946; 302 946; 301 947; 297 947; 296 948; 293 948; 292 949; 291 949; 290 950; 290 952; 292 954; 293 954; 305 966; 305 967; 307 969; 307 970; 310 973; 311 973; 312 974; 313 974; 314 975; 315 975; 323 983; 323 984; 325 986; 327 986; 328 985; 328 984; 329 983; 329 972; 330 971; 330 967; 331 966; 331 964; 332 963; 332 957; 333 956; 333 946; 334 945; 334 941; 335 940; 335 935
181; 138 934; 137 935; 137 939; 136 940; 136 941; 135 942; 135 943; 134 944; 134 947; 136 949; 136 952; 135 953; 135 959; 134 960; 134 969; 133 970; 133 972; 132 973; 132 974; 131 975; 131 977; 130 978; 130 982; 131 983; 133 983; 134 982; 135 982; 136 981; 140 981; 141 980; 144 980; 145 979; 148 979; 149 978; 151 978; 152 977; 153 977; 154 976; 155 976; 156 975; 157 975; 158 974; 160 974; 161 973; 163 973; 164 972; 167 972; 168 971; 175 971; 176 970; 176 967; 174 965; 173 965; 167 959; 167 958; 160 951; 160 950; 158 948; 157 948; 156 947; 154 947; 141 934
182; 181 988; 182 1023; 190 1023; 189 1009; 192 1007; 207 1017; 206 1023; 221 1023; 222 1016; 184 990
183; 176 984; 161 993; 153 994; 139 1004; 135 1011; 149 1023; 176 1023; 175 994; 181 988
184; 181 988; 184 990; 192 987; 225 994; 209 948; 206 947; 188 966; 176 984
185; 935 1001; 921 1012; 912 1021; 912 1023; 925 1023; 926 1021; 929 1023; 940 1023; 937 1017; 938 1002
186; 938 1002; 945 1001; 946 997; 942 991; 940 980; 927 954; 922 953; 919 961; 911 968; 898 989; 898 993; 916 995; 922 998; 932 998; 935 1001
187; 669 980; 669 995; 668 996; 668 999; 667 1000; 667 1002; 666 1003; 666 1007; 665 1008; 665 1010; 664 1011; 664 1018; 663 1019; 663 1023; 672 1023; 672 1020; 671 1019; 671 1018; 672 1017; 672 1014; 673 1013; 673 1010; 674 1009; 674 1006; 675 1005; 675 1004; 677 1002; 678 1002; 679 1003; 680 1003; 681 1004; 681 1005; 682 1006; 682 1007; 686 1011; 687 1011; 689 1013; 689 1014; 690 1015; 690 1017; 688 1019; 687 1019; 686 1020; 684 1020; 683 1021; 682 1021; 681 1022; 680 1022; 680 1023; 708 1023; 708 1020; 704 1016; 703 1016; 694 1007; 694 1006; 691 1003; 691 1002; 683 994; 683 993; 680 990; 680 989; 671 980
188; 473 970; 465 978; 464 978; 462 980; 461 980; 451 990; 450 990; 449 991; 448 991; 446 993; 445 993; 444 994; 443 994; 442 995; 440 995; 439 996; 438 996; 438 1000; 439 1001; 440 1001; 442 1003; 443 1003; 444 1004; 445 1004; 449 1008; 449 1009; 453 1009; 454 1010; 456 1010; 457 1011; 458 1011; 463 1016; 464 1016; 465 1017; 467 1017; 468 1018; 469 1018; 470 1019; 471 1019; 474 1022; 474 1023; 483 1023; 483 1020; 482 1019; 482 1016; 481 1015; 481 1002; 482 1001; 482 995; 481 994; 481 992; 480 991; 480 989; 479 988; 479 986; 478 985; 478 976; 477 975; 477 972; 475 970
189; 588 995; 588 1001; 589 1002; 589 1003; 590 1004; 590 1006; 591 1007; 591 1012; 592 1013; 591 1014; 591 1019; 592 1020; 592 1023; 601 1023; 601 1019; 600 1018; 600 1012; 602 1010; 604 1010; 607 1013; 609 1013; 611 1015; 612 1015; 614 1017; 614 1018; 615 1019; 615 1023; 634 1023; 634 1017; 633 1016; 631 1016; 630 1015; 629 1015; 628 1014; 627 1014; 626 1013; 625 1013; 622 1010; 621 1010; 617 1006; 616 1006; 615 1005; 614 1005; 613 1004; 611 1004; 610 1003; 609 1003; 608 1002; 607 1002; 606 1001; 605 1001; 604 1000; 602 1000; 601 999; 599 999; 598 998; 597 998; 596 997; 595 997; 594 996; 593 996; 592 995
190; 974 1003; 974 1004; 973 1005; 973 1009; 974 1010; 974 1013; 975 1014; 975 1023; 985 1023; 985 1022; 987 1020; 988 1020; 990 1022; 990 1023; 1003 1023; 1003 1021; 1001 1019; 1000 1019; 999 1018; 998 1018; 994 1014; 992 1014; 991 1013; 990 1013; 989 1012; 987 1012; 985 1010; 984 1010; 977 1003
