0; 272 0; 272 3; 271 4; 271 5; 270 6; 270 8; 269 9; 269 10; 268 11; 268 12; 265 15; 265 16; 255 26; 255 27; 254 28; 254 29; 253 30; 253 32; 255 34; 262 34; 263 33; 266 33; 267 32; 283 32; 284 33; 304 33; 305 34; 307 34; 308 33; 311 33; 314 30; 314 27; 308 21; 308 20; 307 19; 307 18; 305 16; 305 15; 303 13; 303 12; 301 10; 301 9; 299 7; 299 6; 298 5; 298 4; 296 2; 296 1; 295 0
1; 473 0; 473 4; 474 5; 474 8; 475 9; 475 15; 476 16; 476 18; 477 19; 477 23; 478 24; 478 31; 479 32; 479 41; 481 43; 486 43; 487 42; 488 42; 496 34; 497 34; 499 32; 500 32; 502 30; 505 30; 506 29; 508 29; 510 27; 510 25; 515 20; 516 20; 519 17; 520 17; 521 16; 523 16; 524 15; 526 15; 527 14; 528 14; 530 12; 530 10; 528 8; 526 8; 525 7; 523 7; 522 6; 515 6; 514 5; 512 5; 511 4; 509 4; 508 3; 506 3; 505 2; 503 2; 502 1; 502 0
2; 978 0; 978 2; 980 4; 980 12; 982 12; 986 16; 987 16; 988 17; 989 17; 990 18; 991 18; 996 23; 996 24; 997 25; 997 26; 999 28; 1002 28; 1005 25; 1005 23; 1006 22; 1006 20; 1007 19; 1007 17; 1008 16; 1008 15; 1009 14; 1009 13; 1011 11; 1011 10; 1014 7; 1014 6; 1016 4; 1016 3; 1017 2; 1017 0; 1005 0; 1005 2; 1004 3; 1004 4; 1002 6; 1002 7; 1000 9; 996 9; 992 5; 992 4; 991 3; 991 2; 990 1; 990 0
3; 783 10; 782 11; 782 12; 781 13; 781 14; 780 15; 780 16; 779 17; 779 18; 776 21; 776 22; 768 30; 768 31; 767 32; 767 33; 765 35; 765 36; 762 39; 762 40; 761 41; 761 42; 752 51; 752 54; 753 55; 757 55; 758 54; 762 54; 763 53; 764 54; 767 54; 768 55; 774 55; 775 56; 778 56; 780 58; 781 58; 782 59; 784 59; 788 55; 791 55; 792 54; 795 54; 796 53; 802 53; 803 54; 806 54; 807 55; 813 55; 813 51; 811 49; 811 48; 809 46; 809 44; 808 43; 808 42; 804 38; 804 37; 803 36; 803 35; 802 34; 802 33; 800 31; 800 30; 798 28; 798 27; 797 26; 797 25; 796 24; 796 23; 791 18; 791 17; 790 16; 790 15; 789 14; 789 12; 787 10
4; 402 12; 400 14; 400 24; 399 25; 399 26; 398 27; 398 28; 397 29; 397 30; 395 32; 395 33; 394 34; 394 38; 393 39; 393 40; 392 41; 392 43; 391 44; 391 48; 390 49; 390 53; 389 54; 389 55; 386 58; 386 61; 387 62; 394 62; 395 61; 396 61; 397 60; 398 60; 399 59; 403 59; 404 58; 409 58; 410 57; 412 57; 413 56; 415 56; 416 55; 422 55; 423 54; 424 54; 427 51; 429 51; 430 50; 439 50; 440 49; 443 49; 445 47; 445 45; 444 44; 444 43; 442 41; 441 41; 440 40; 439 40; 438 39; 437 39; 436 38; 435 38; 433 36; 433 35; 429 31; 429 30; 428 29; 428 28; 426 26; 425 26; 424 25; 422 25; 421 24; 420 24; 419 23; 418 23; 416 21; 415 21; 411 17; 411 16; 409 14; 408 14; 406 12
5; 663 13; 661 15; 661 17; 660 18; 660 20; 659 21; 659 23; 658 24; 658 26; 656 28; 656 29; 649 36; 649 37; 648 38; 648 40; 647 41; 647 44; 646 45; 646 46; 645 47; 645 49; 642 52; 642 53; 639 56; 639 59; 640 60; 644 60; 645 59; 649 59; 650 58; 655 58; 656 59; 664 59; 665 58; 674 58; 675 57; 677 57; 678 56; 694 56; 695 55; 696 55; 697 54; 697 52; 696 51; 696 50; 695 49; 695 48; 692 45; 692 44; 688 40; 688 39; 676 27; 676 26; 675 25; 675 24; 674 23; 674 22; 672 20; 672 19; 671 18; 671 17; 667 13
6; 840 27; 840 39; 839 40; 839 50; 840 51; 840 60; 839 61; 839 64; 838 65; 838 70; 837 71; 837 76; 838 77; 841 77; 842 76; 844 76; 846 74; 847 74; 849 72; 850 72; 851 71; 853 71; 854 70; 855 70; 856 69; 858 69; 859 68; 863 68; 864 69; 866 69; 868 67; 868 66; 875 59; 876 59; 877 58; 878 58; 879 57; 880 57; 881 56; 882 56; 883 55; 884 55; 885 54; 886 54; 887 53; 890 53; 891 52; 891 50; 890 50; 889 49; 888 49; 887 48; 885 48; 884 47; 882 47; 881 46; 880 46; 879 45; 878 45; 876 43; 875 43; 874 42; 873 42; 872 41; 871 41; 869 39; 868 39; 863 34; 862 34; 861 33; 859 33; 858 32; 854 32; 853 31; 852 31; 850 29; 849 29; 848 28; 846 28; 845 27
7; 936 31; 936 38; 928 55; 925 80; 935 78; 943 73; 961 71; 968 67; 980 67; 974 61; 972 54; 946 32
8; 946 32; 965 33; 963 0; 928 0; 924 5; 909 14; 912 19; 931 24; 936 31
9; 571 35; 568 38; 568 53; 567 54; 567 55; 566 56; 566 57; 564 59; 563 59; 561 61; 561 63; 562 64; 562 65; 563 66; 563 70; 562 71; 562 74; 561 75; 561 76; 560 77; 560 78; 559 79; 559 80; 558 81; 559 82; 559 83; 561 85; 561 86; 562 87; 563 87; 564 86; 565 86; 568 83; 569 83; 570 82; 575 82; 576 81; 579 81; 580 80; 581 80; 582 79; 583 79; 584 78; 586 78; 587 77; 594 77; 595 76; 597 76; 598 75; 600 75; 601 74; 603 74; 604 73; 607 73; 608 72; 614 72; 615 71; 616 71; 617 70; 617 67; 614 64; 613 64; 610 61; 609 61; 607 59; 606 59; 605 58; 603 58; 601 56; 600 56; 599 55; 599 54; 597 52; 596 52; 595 51; 594 51; 593 50; 592 50; 590 48; 589 48; 583 42; 582 42; 576 36; 575 36; 574 35
10; 98 44; 96 46; 96 48; 97 49; 97 50; 98 51; 98 55; 99 56; 98 57; 98 60; 97 61; 97 66; 98 67; 98 68; 100 70; 100 71; 101 72; 101 73; 102 74; 102 76; 103 77; 103 78; 104 79; 104 80; 105 81; 105 82; 106 83; 106 85; 107 86; 107 89; 108 90; 108 95; 110 95; 111 94; 112 94; 112 93; 113 92; 113 91; 121 83; 122 83; 123 82; 124 82; 126 80; 127 80; 129 78; 130 78; 137 71; 138 71; 140 69; 141 69; 142 68; 143 68; 144 67; 146 67; 148 65; 149 65; 150 64; 150 60; 149 59; 147 59; 146 58; 144 58; 143 59; 140 59; 139 58; 137 58; 136 57; 135 57; 130 52; 130 51; 129 50; 126 50; 125 51; 124 51; 123 52; 119 52; 118 51; 116 51; 115 50; 112 50; 111 49; 109 49; 108 48; 107 48; 106 47; 104 47; 102 45; 101 45; 100 44
11; 527 45; 524 48; 524 49; 523 50; 523 51; 522 52; 522 53; 521 54; 521 55; 517 59; 516 59; 515 60; 515 61; 513 63; 513 64; 512 65; 512 66; 511 67; 511 68; 509 70; 509 71; 506 74; 506 75; 505 76; 505 77; 504 78; 504 79; 503 80; 503 81; 499 85; 498 85; 496 87; 496 90; 507 90; 508 89; 512 89; 513 90; 517 90; 518 91; 520 91; 521 92; 522 92; 523 93; 527 93; 530 90; 533 90; 534 89; 547 89; 548 90; 549 90; 550 91; 552 89; 552 87; 553 86; 553 82; 552 81; 551 81; 547 77; 547 76; 546 75; 546 74; 545 73; 545 72; 544 71; 544 69; 543 68; 543 66; 542 65; 542 64; 540 62; 540 61; 536 57; 536 56; 533 53; 533 52; 532 51; 532 47; 531 46; 530 46; 529 45
12; 678 63; 677 64; 676 64; 675 65; 674 65; 672 67; 671 67; 668 70; 667 70; 666 71; 665 71; 664 72; 663 72; 662 73; 661 73; 660 74; 659 74; 658 75; 657 75; 656 76; 655 76; 654 77; 653 77; 652 78; 651 78; 650 79; 649 79; 647 81; 646 81; 645 82; 644 82; 643 83; 642 83; 641 84; 638 84; 637 85; 635 85; 634 86; 632 86; 631 87; 630 87; 629 88; 629 91; 630 91; 631 92; 633 92; 634 93; 635 93; 636 94; 638 94; 639 95; 640 95; 641 96; 642 96; 643 97; 644 97; 647 100; 648 100; 649 101; 651 101; 652 102; 653 102; 654 103; 655 103; 656 104; 657 104; 658 105; 660 105; 662 107; 663 107; 665 109; 667 109; 668 110; 669 110; 674 115; 675 115; 676 116; 678 116; 679 115; 680 115; 680 111; 679 110; 679 109; 678 108; 678 102; 679 101; 679 99; 680 98; 680 97; 683 94; 685 94; 686 95; 688 93; 688 84; 689 83; 689 72; 684 72; 682 70; 682 64; 681 63
13; 169 65; 165 69; 165 70; 164 71; 164 72; 163 73; 163 74; 162 75; 162 76; 161 77; 161 78; 159 80; 159 81; 153 87; 153 88; 150 91; 150 92; 148 94; 148 97; 142 103; 141 103; 141 104; 140 105; 140 109; 141 109; 142 110; 144 110; 145 109; 155 109; 156 110; 163 110; 164 109; 172 109; 173 108; 185 108; 186 109; 196 109; 197 108; 197 105; 195 103; 195 102; 193 100; 193 99; 192 98; 192 97; 191 96; 191 94; 190 93; 190 86; 179 75; 179 74; 178 73; 178 72; 177 71; 177 70; 176 69; 176 68; 173 65
14; 400 73; 399 74; 398 74; 398 76; 399 77; 399 78; 400 79; 400 81; 401 82; 401 84; 402 85; 402 86; 403 87; 403 89; 404 90; 404 92; 403 93; 403 98; 406 101; 407 101; 409 103; 409 104; 412 107; 412 108; 413 109; 413 113; 414 114; 414 118; 415 119; 415 120; 417 122; 420 122; 421 121; 422 121; 423 120; 423 119; 425 117; 425 116; 428 113; 429 113; 430 112; 434 116; 434 117; 435 118; 436 118; 437 119; 438 119; 439 120; 445 120; 446 121; 447 121; 447 112; 448 111; 448 102; 449 101; 447 99; 447 96; 448 95; 448 94; 449 93; 449 90; 451 88; 451 87; 452 86; 452 85; 453 84; 453 79; 443 79; 442 78; 441 78; 440 77; 439 77; 438 76; 435 76; 434 77; 429 77; 428 76; 427 76; 426 75; 421 75; 420 76; 410 76; 409 75; 408 75; 407 74; 403 74; 402 73
15; 690 72; 690 83; 689 84; 689 93; 687 95; 687 97; 688 98; 688 102; 689 103; 689 108; 688 109; 688 111; 687 112; 687 122; 688 122; 689 123; 691 123; 692 122; 694 122; 701 115; 702 115; 703 114; 705 114; 706 113; 707 113; 708 112; 710 112; 711 111; 715 111; 718 108; 718 107; 723 102; 724 102; 725 101; 726 101; 727 100; 728 100; 729 99; 730 99; 731 98; 732 98; 733 97; 735 97; 736 96; 738 96; 739 95; 740 95; 741 94; 741 92; 740 91; 739 91; 738 90; 735 90; 734 89; 732 89; 731 88; 728 88; 727 87; 725 87; 724 86; 722 86; 721 85; 720 85; 719 84; 718 84; 716 82; 715 82; 713 80; 712 80; 711 79; 710 79; 709 78; 706 78; 705 77; 703 77; 702 76; 700 76; 699 75; 698 75; 697 74; 695 74; 694 73; 692 73; 691 72
16; 981 67; 980 68; 980 69; 981 70; 981 73; 976 78; 976 79; 973 82; 973 83; 968 88; 968 89; 961 96; 960 96; 959 97; 959 98; 958 99; 958 100; 957 101; 957 102; 954 105; 953 105; 951 107; 951 110; 952 111; 954 111; 955 110; 957 110; 958 109; 968 109; 969 110; 973 110; 974 111; 979 111; 980 112; 983 112; 984 113; 990 113; 991 114; 999 114; 1000 115; 1002 115; 1003 116; 1009 116; 1010 115; 1010 112; 1005 107; 1005 106; 1003 104; 1003 102; 1002 101; 1002 99; 1001 98; 1001 90; 999 88; 998 88; 995 85; 995 84; 994 83; 994 81; 993 80; 993 77; 992 76; 992 74; 991 73; 991 72; 987 68; 986 68; 985 67
17; 483 90; 482 91; 481 91; 478 94; 477 94; 476 95; 475 95; 473 97; 471 97; 470 98; 463 98; 462 99; 460 99; 458 101; 457 101; 456 102; 455 102; 454 103; 451 103; 450 102; 449 102; 449 111; 448 112; 448 122; 449 122; 453 126; 454 126; 455 127; 457 127; 458 128; 460 128; 461 129; 463 129; 465 131; 466 131; 469 134; 470 134; 479 143; 481 143; 482 142; 482 140; 484 138; 484 137; 485 136; 485 135; 484 134; 484 133; 483 132; 483 128; 484 127; 484 123; 485 122; 485 120; 486 119; 486 118; 487 117; 487 113; 486 112; 486 102; 487 101; 487 97; 488 96; 488 91; 487 90
18; 394 99; 393 100; 391 100; 390 101; 388 101; 387 102; 376 102; 375 101; 371 101; 370 100; 357 100; 356 101; 353 101; 352 102; 350 102; 349 103; 345 103; 344 102; 339 102; 339 105; 340 106; 340 107; 342 109; 342 110; 345 113; 345 114; 346 115; 346 121; 347 122; 347 123; 350 126; 351 126; 352 127; 353 127; 356 130; 356 131; 357 132; 357 134; 358 135; 358 136; 360 138; 360 139; 361 140; 361 141; 362 142; 362 143; 365 146; 368 146; 369 145; 369 144; 370 143; 370 142; 372 140; 372 139; 380 131; 381 131; 382 130; 382 129; 383 128; 383 127; 384 126; 384 125; 385 124; 385 123; 387 121; 387 120; 388 119; 388 117; 389 116; 389 115; 390 114; 390 113; 391 112; 391 111; 392 110; 392 109; 397 104; 398 104; 399 103; 399 99
19; 554 82; 554 86; 553 87; 553 89; 551 91; 551 94; 550 95; 550 96; 549 97; 549 98; 548 99; 548 100; 546 102; 546 103; 545 104; 545 105; 543 107; 543 108; 541 110; 541 111; 534 118; 534 119; 530 123; 530 124; 528 126; 528 127; 527 128; 527 130; 525 132; 525 133; 524 134; 524 137; 531 137; 532 136; 535 136; 536 135; 543 135; 544 136; 549 136; 550 135; 561 135; 562 136; 564 136; 565 135; 568 135; 569 134; 572 134; 573 135; 584 135; 585 134; 585 132; 584 131; 584 130; 580 126; 580 125; 579 124; 579 122; 578 121; 578 120; 577 119; 577 118; 576 117; 576 116; 574 114; 574 113; 573 112; 573 111; 570 108; 569 108; 567 106; 566 106; 565 105; 565 104; 564 103; 564 102; 563 101; 563 100; 562 99; 562 98; 561 97; 561 96; 560 95; 560 90; 561 89; 561 87; 560 86; 560 85; 558 83; 558 82
20; 815 105; 813 107; 813 111; 814 112; 814 122; 813 123; 813 125; 814 126; 814 128; 815 129; 815 142; 814 143; 814 146; 813 147; 813 155; 817 155; 818 154; 819 154; 822 151; 823 151; 825 149; 826 149; 827 148; 829 148; 830 147; 831 147; 832 146; 835 146; 836 145; 846 145; 846 144; 847 143; 847 142; 852 137; 853 137; 855 135; 856 135; 858 133; 860 133; 861 132; 862 132; 863 131; 864 131; 867 128; 867 126; 866 125; 864 125; 863 124; 858 124; 857 123; 855 123; 854 122; 853 122; 852 121; 851 121; 850 120; 849 120; 847 118; 846 118; 845 117; 844 117; 843 116; 842 116; 841 115; 840 115; 839 114; 838 114; 837 113; 831 113; 830 112; 829 112; 828 111; 827 111; 825 109; 824 109; 821 106; 820 106; 819 105
21; 103 114; 103 115; 102 116; 102 119; 101 120; 101 121; 100 122; 100 123; 99 124; 99 125; 98 126; 98 127; 97 128; 97 129; 95 131; 95 132; 94 133; 94 135; 93 136; 93 139; 92 140; 92 141; 91 142; 91 143; 90 144; 90 145; 89 146; 89 148; 86 151; 86 152; 82 156; 82 157; 81 158; 81 161; 82 162; 87 162; 88 161; 92 161; 93 160; 95 160; 96 159; 100 159; 101 158; 104 158; 105 159; 107 159; 108 158; 111 158; 112 157; 118 157; 119 156; 122 156; 123 155; 132 155; 133 156; 136 156; 137 157; 139 157; 139 155; 141 153; 141 148; 140 148; 139 147; 137 147; 136 146; 135 146; 131 142; 131 139; 130 138; 130 137; 128 135; 128 129; 127 129; 126 128; 122 128; 118 124; 117 124; 114 121; 114 120; 113 119; 113 118; 109 114
22; 882 138; 881 139; 881 142; 884 145; 885 145; 886 146; 886 147; 887 148; 887 149; 888 150; 888 152; 889 153; 889 155; 890 156; 890 165; 891 165; 892 166; 893 166; 896 169; 896 170; 901 175; 901 176; 902 177; 902 184; 904 186; 907 186; 908 185; 909 185; 909 184; 911 182; 911 181; 913 179; 913 178; 914 177; 914 176; 915 175; 915 174; 922 167; 922 166; 924 164; 924 163; 926 161; 926 160; 927 159; 927 158; 930 155; 930 154; 931 153; 931 152; 933 150; 933 149; 936 146; 937 146; 939 144; 940 144; 942 142; 942 139; 941 139; 940 138; 936 138; 935 139; 931 139; 930 140; 915 140; 914 139; 889 139; 888 138
23; 665 130; 664 131; 664 132; 663 133; 663 142; 662 143; 662 148; 661 149; 661 151; 660 152; 660 154; 659 155; 659 156; 658 157; 658 158; 657 159; 657 160; 656 161; 656 163; 655 164; 655 170; 654 171; 654 173; 652 175; 652 176; 650 178; 650 181; 651 182; 655 182; 656 181; 659 181; 660 180; 662 180; 663 179; 664 179; 665 178; 666 178; 667 177; 668 177; 669 176; 670 176; 671 175; 673 175; 674 174; 676 174; 677 173; 679 173; 680 172; 682 172; 683 171; 686 171; 687 170; 689 170; 690 169; 692 169; 693 168; 695 168; 696 167; 701 167; 702 166; 709 166; 711 164; 711 162; 710 161; 709 161; 708 160; 707 160; 705 158; 704 158; 703 157; 701 157; 698 154; 697 154; 693 150; 693 149; 692 148; 692 145; 687 145; 686 144; 684 144; 683 143; 682 143; 681 142; 680 142; 678 140; 677 140; 676 139; 676 138; 674 136; 674 135; 671 132; 670 132; 668 130
24; 486 136; 485 137; 485 138; 483 140; 483 142; 481 144; 482 145; 482 146; 483 147; 483 151; 484 152; 484 153; 485 154; 485 169; 486 170; 486 173; 487 174; 487 177; 488 178; 488 184; 489 185; 489 187; 490 188; 490 189; 491 189; 492 190; 496 190; 498 188; 498 187; 500 185; 500 184; 505 179; 507 179; 508 178; 509 178; 512 175; 513 175; 515 173; 516 173; 517 172; 518 172; 519 171; 521 171; 523 169; 524 169; 525 168; 526 168; 527 167; 528 167; 531 164; 532 164; 534 162; 535 162; 537 160; 537 158; 535 156; 532 156; 531 155; 525 155; 524 154; 521 154; 520 153; 519 153; 515 149; 514 149; 513 148; 511 148; 510 147; 507 147; 506 146; 502 146; 501 145; 500 145; 499 144; 497 144; 496 143; 495 143; 493 141; 492 141; 488 137; 487 137
25; 172 146; 171 147; 170 147; 169 148; 168 148; 167 149; 162 149; 161 150; 153 150; 152 151; 144 151; 142 149; 142 153; 140 155; 140 157; 139 158; 138 158; 140 160; 146 160; 147 161; 148 161; 149 162; 150 162; 151 163; 152 163; 154 165; 155 165; 157 167; 158 167; 159 168; 160 168; 161 169; 162 169; 163 170; 167 170; 168 171; 169 171; 170 172; 171 172; 173 174; 174 174; 175 175; 176 175; 178 177; 192 177; 194 175; 194 170; 198 166; 198 165; 199 164; 199 159; 200 158; 200 157; 201 156; 201 155; 202 154; 202 149; 201 149; 199 147; 197 147; 196 146; 193 146; 192 147; 191 147; 190 148; 189 148; 188 149; 184 149; 183 150; 177 150; 174 147; 174 146
26; 745 151; 743 153; 743 156; 742 157; 742 161; 741 162; 741 163; 739 165; 739 166; 737 168; 737 169; 735 171; 734 171; 732 173; 731 173; 729 175; 729 181; 728 182; 728 184; 727 185; 727 186; 726 187; 726 188; 725 189; 725 190; 724 191; 724 192; 722 194; 722 195; 721 196; 721 199; 722 200; 722 201; 723 202; 728 202; 729 201; 733 201; 734 200; 737 200; 738 199; 740 199; 741 200; 749 200; 750 199; 752 199; 753 198; 755 198; 756 197; 759 197; 760 196; 763 196; 764 195; 771 195; 772 196; 780 196; 782 194; 782 190; 780 188; 779 188; 770 179; 770 178; 769 177; 769 175; 765 171; 765 170; 764 170; 762 168; 761 168; 754 161; 754 160; 753 159; 753 158; 752 157; 752 156; 751 155; 751 154; 750 153; 750 152; 749 152; 748 151
27; 138 160; 137 161; 136 161; 132 165; 132 166; 131 167; 131 168; 129 170; 129 171; 127 173; 127 174; 125 176; 124 176; 121 179; 121 180; 119 182; 119 183; 116 186; 116 187; 114 189; 114 190; 111 193; 111 194; 107 198; 107 199; 104 202; 103 202; 102 203; 102 204; 101 205; 101 208; 102 208; 103 209; 109 209; 110 208; 112 208; 113 207; 114 207; 115 206; 130 206; 132 208; 132 209; 133 210; 133 211; 136 211; 138 209; 139 209; 140 208; 147 208; 148 207; 151 207; 152 206; 154 206; 155 207; 165 207; 165 204; 164 203; 164 202; 162 200; 162 199; 160 197; 160 196; 159 195; 159 194; 158 193; 158 192; 157 191; 157 190; 155 188; 155 186; 151 182; 151 181; 149 179; 149 178; 144 173; 144 172; 143 171; 143 170; 142 169; 142 168; 141 167; 141 163; 140 162; 140 161; 139 160
28; 994 191; 993 192; 989 192; 988 193; 974 193; 973 194; 971 194; 970 195; 961 195; 960 196; 957 196; 956 195; 954 195; 953 194; 942 194; 941 195; 940 195; 939 196; 939 199; 947 207; 947 209; 948 210; 948 211; 952 215; 952 221; 953 221; 954 222; 955 222; 956 223; 957 223; 959 225; 959 226; 961 228; 961 229; 962 230; 962 231; 970 239; 972 239; 973 238; 974 238; 978 234; 978 233; 980 231; 980 230; 981 229; 981 228; 982 227; 982 226; 983 225; 983 224; 987 220; 987 219; 990 216; 990 215; 991 214; 991 213; 992 212; 992 211; 993 210; 993 209; 994 208; 994 207; 995 206; 995 205; 1002 198; 1002 197; 1003 196; 1003 194; 1002 193; 1002 192; 1001 192; 1000 191
29; 0 200; 0 210; 3 210; 4 211; 5 211; 6 212; 7 212; 8 213; 9 213; 10 214; 13 214; 14 215; 15 215; 18 218; 18 219; 14 223; 13 223; 10 226; 9 226; 8 227; 6 227; 5 228; 0 228; 0 241; 2 241; 6 237; 7 237; 8 236; 10 236; 11 235; 17 235; 19 233; 19 231; 22 228; 23 228; 26 225; 27 225; 29 223; 30 223; 31 222; 33 222; 34 221; 36 221; 37 220; 38 220; 41 217; 41 215; 38 212; 36 212; 35 211; 33 211; 32 210; 30 210; 29 209; 25 209; 24 208; 23 208; 22 207; 21 207; 20 206; 19 206; 18 205; 16 205; 15 204; 14 204; 13 203; 11 203; 10 202; 8 202; 7 201; 5 201; 4 200
30; 695 205; 694 206; 693 206; 692 207; 692 210; 693 211; 693 212; 695 214; 695 215; 696 216; 696 217; 697 218; 697 220; 698 221; 698 230; 696 232; 696 234; 697 235; 697 236; 700 239; 700 240; 701 241; 701 243; 702 244; 702 245; 703 246; 703 254; 702 255; 702 256; 704 258; 705 258; 706 257; 707 257; 709 255; 709 254; 713 250; 714 250; 715 249; 717 249; 718 248; 720 248; 723 245; 723 244; 726 241; 727 241; 729 239; 730 239; 731 238; 732 238; 738 232; 739 232; 741 230; 743 230; 744 229; 746 229; 748 227; 749 227; 751 225; 751 223; 750 222; 749 222; 748 221; 746 221; 745 220; 742 220; 741 219; 738 219; 737 218; 736 218; 735 217; 732 217; 731 216; 730 216; 729 215; 727 215; 726 214; 724 214; 723 213; 717 213; 716 212; 713 212; 712 211; 711 211; 710 210; 709 210; 708 209; 707 209; 706 208; 705 208; 704 207; 703 207; 702 206; 700 206; 699 205
31; 905 203; 904 204; 904 205; 903 206; 903 207; 902 208; 902 209; 899 212; 899 213; 896 216; 895 216; 893 218; 892 218; 878 232; 877 232; 874 235; 873 235; 871 237; 869 237; 868 238; 867 238; 865 240; 865 242; 866 243; 875 243; 876 244; 882 244; 883 245; 884 245; 885 246; 886 246; 887 247; 892 247; 893 248; 898 248; 899 249; 904 249; 905 250; 906 250; 907 251; 908 251; 909 252; 915 252; 916 253; 923 253; 923 251; 922 250; 922 249; 921 248; 921 247; 920 246; 920 244; 919 243; 919 240; 918 239; 918 237; 919 236; 919 231; 922 228; 922 225; 921 225; 920 224; 917 224; 915 222; 915 221; 914 220; 914 214; 913 213; 913 209; 912 208; 912 206; 911 205; 911 204; 910 203
32; 341 204; 340 205; 339 205; 336 208; 336 216; 335 217; 335 218; 333 220; 333 221; 330 224; 330 225; 329 226; 329 227; 327 229; 327 230; 325 232; 325 233; 324 234; 324 235; 322 237; 322 238; 321 239; 321 241; 320 242; 320 244; 319 245; 319 247; 318 248; 318 249; 317 250; 317 253; 318 253; 319 254; 321 254; 322 253; 328 253; 329 252; 331 252; 332 251; 338 251; 339 250; 356 250; 357 249; 372 249; 373 248; 373 245; 372 244; 372 243; 367 238; 367 237; 365 235; 365 234; 364 233; 364 232; 363 231; 363 228; 364 227; 364 225; 360 225; 359 224; 358 224; 355 221; 355 220; 354 219; 354 218; 350 214; 350 213; 349 212; 349 208; 348 207; 348 206; 346 204
33; 682 213; 681 214; 680 214; 678 216; 678 217; 672 223; 671 223; 669 225; 668 225; 667 226; 665 226; 663 228; 663 230; 662 231; 662 233; 661 234; 661 235; 659 237; 659 238; 644 253; 644 255; 645 256; 645 257; 652 257; 653 256; 660 256; 661 257; 662 257; 663 258; 664 258; 668 262; 672 262; 673 261; 678 261; 679 260; 685 260; 686 261; 693 261; 694 262; 700 262; 703 259; 703 258; 701 256; 700 256; 696 252; 696 250; 695 249; 695 243; 694 242; 694 239; 696 237; 696 235; 695 234; 695 233; 694 233; 688 227; 688 226; 686 224; 686 216; 685 215; 685 214; 684 213
34; 940 226; 940 227; 939 228; 939 231; 938 232; 938 238; 937 239; 937 241; 936 242; 936 245; 935 246; 935 247; 934 248; 934 249; 933 250; 933 251; 932 252; 932 254; 931 255; 931 258; 930 259; 930 261; 929 262; 929 267; 928 268; 928 269; 926 271; 926 272; 925 273; 925 276; 930 276; 931 275; 934 275; 935 274; 937 274; 938 273; 944 273; 945 272; 947 272; 948 271; 956 271; 958 269; 960 269; 961 268; 965 268; 966 267; 968 267; 969 266; 970 266; 971 265; 975 265; 976 264; 978 264; 979 263; 980 263; 981 262; 981 259; 979 257; 977 257; 976 256; 975 256; 966 247; 965 247; 960 242; 959 242; 952 235; 951 235; 949 233; 949 232; 948 231; 948 230; 944 226
35; 165 236; 164 237; 162 237; 161 238; 158 238; 157 239; 153 239; 152 240; 145 240; 144 239; 140 239; 140 240; 138 242; 137 242; 136 243; 135 243; 134 244; 129 244; 128 245; 126 245; 125 246; 116 246; 115 247; 115 249; 116 250; 116 251; 122 257; 122 258; 124 260; 125 260; 131 266; 131 267; 135 271; 136 271; 145 280; 145 281; 147 283; 147 284; 149 286; 152 286; 153 285; 153 283; 154 282; 154 279; 155 278; 155 277; 157 275; 157 274; 158 273; 158 272; 159 271; 159 270; 160 269; 160 267; 161 266; 161 260; 162 259; 162 257; 163 256; 163 254; 164 253; 164 251; 165 250; 165 248; 166 247; 166 246; 169 243; 170 243; 172 241; 172 237; 171 236
36; 204 230; 203 231; 203 242; 202 243; 202 245; 201 246; 201 248; 200 249; 200 251; 199 252; 199 253; 198 254; 198 257; 197 258; 197 269; 196 270; 196 273; 195 274; 195 276; 194 277; 194 281; 198 281; 199 280; 200 280; 201 279; 202 279; 203 278; 204 278; 205 277; 207 277; 208 276; 212 276; 213 275; 215 275; 216 274; 217 274; 218 273; 219 273; 220 272; 223 272; 224 271; 226 271; 227 270; 228 270; 229 269; 231 269; 232 268; 234 268; 235 267; 236 267; 237 266; 247 266; 248 265; 249 265; 249 262; 247 260; 246 260; 245 259; 244 259; 243 258; 242 258; 238 254; 237 254; 233 250; 233 249; 231 247; 231 246; 230 245; 227 245; 225 243; 224 243; 221 240; 220 240; 219 239; 218 239; 217 238; 216 238; 208 230
37; 57 239; 56 240; 54 240; 52 242; 51 242; 50 243; 41 243; 40 244; 34 244; 33 243; 30 243; 29 244; 27 244; 26 245; 24 245; 23 246; 18 246; 17 247; 13 247; 12 248; 6 248; 5 249; 4 249; 4 252; 6 254; 7 254; 10 257; 10 258; 15 263; 16 263; 18 265; 18 266; 19 267; 19 268; 21 270; 21 271; 25 275; 26 275; 27 276; 27 277; 29 279; 29 280; 31 282; 31 283; 32 284; 32 285; 34 287; 34 288; 35 289; 38 289; 39 288; 39 287; 41 285; 41 284; 42 283; 42 279; 41 278; 41 275; 46 270; 47 270; 50 267; 50 266; 51 265; 51 264; 52 263; 52 262; 53 261; 53 259; 54 258; 54 255; 55 254; 55 253; 57 251; 57 250; 59 248; 59 247; 60 246; 60 245; 61 244; 61 241; 59 239
38; 529 249; 528 250; 527 250; 525 252; 516 252; 515 251; 510 251; 509 250; 502 250; 501 251; 501 254; 504 257; 505 257; 506 258; 506 259; 509 262; 509 263; 510 264; 510 265; 511 266; 511 270; 512 271; 512 273; 513 274; 513 278; 518 283; 518 284; 519 285; 519 286; 520 287; 520 290; 521 291; 521 295; 522 296; 522 297; 523 298; 528 298; 530 296; 530 295; 531 294; 531 293; 532 292; 532 290; 533 289; 533 288; 539 282; 539 281; 540 280; 540 278; 541 277; 541 276; 542 275; 542 274; 548 268; 548 267; 549 266; 549 265; 554 260; 555 260; 559 256; 559 252; 558 251; 555 251; 554 252; 544 252; 543 251; 536 251; 535 250; 534 250; 533 249
39; 829 239; 828 240; 828 244; 829 245; 829 248; 828 249; 828 250; 827 251; 827 253; 826 254; 826 255; 825 256; 825 258; 824 259; 824 261; 823 262; 823 263; 822 264; 822 273; 821 274; 821 277; 820 278; 820 280; 819 281; 819 282; 816 285; 816 286; 815 287; 815 290; 816 291; 822 291; 826 287; 827 287; 828 286; 833 286; 834 285; 838 285; 839 284; 841 284; 842 283; 845 283; 846 282; 850 282; 851 281; 853 281; 854 280; 855 280; 856 279; 858 279; 859 278; 863 278; 864 277; 868 277; 869 276; 872 276; 873 275; 873 273; 872 272; 871 272; 865 266; 864 266; 856 258; 855 258; 854 257; 853 257; 851 255; 850 255; 843 248; 842 248; 841 247; 840 247; 837 244; 837 243; 833 239
40; 629 245; 628 246; 627 246; 626 247; 626 248; 624 250; 624 251; 623 252; 623 253; 614 262; 613 262; 612 263; 611 263; 610 264; 609 264; 608 265; 608 271; 607 272; 607 273; 605 275; 605 276; 600 281; 600 282; 598 284; 598 286; 599 287; 600 287; 601 288; 620 288; 621 289; 631 289; 632 290; 635 290; 636 291; 638 291; 639 290; 642 290; 643 289; 655 289; 656 288; 656 285; 655 284; 655 283; 653 281; 653 280; 652 279; 652 278; 649 275; 649 274; 647 272; 647 271; 645 269; 645 268; 644 267; 644 266; 643 265; 643 263; 642 262; 642 259; 634 251; 634 250; 633 249; 633 247; 631 245
41; 721 250; 720 251; 720 259; 719 260; 719 262; 718 263; 718 266; 717 267; 717 273; 716 274; 716 276; 715 277; 715 278; 714 279; 714 284; 713 285; 713 288; 712 289; 712 291; 711 292; 711 293; 709 295; 709 296; 707 298; 708 298; 713 303; 716 300; 717 300; 718 299; 721 299; 722 300; 722 302; 721 303; 721 305; 722 306; 722 307; 723 308; 724 308; 725 309; 726 309; 728 311; 734 305; 735 305; 745 295; 745 293; 747 291; 748 291; 750 289; 751 289; 752 288; 753 288; 754 287; 755 287; 756 286; 758 286; 759 285; 763 285; 764 284; 765 284; 766 283; 766 280; 763 277; 762 277; 761 276; 760 276; 759 275; 757 275; 756 274; 755 274; 754 273; 753 273; 749 269; 748 269; 739 260; 735 260; 734 259; 733 259; 727 253; 726 253; 723 250
42; 83 253; 83 254; 81 256; 81 257; 80 258; 80 262; 79 263; 79 266; 78 267; 78 268; 76 270; 76 271; 74 273; 74 278; 73 279; 73 281; 72 282; 72 284; 71 285; 71 286; 70 287; 70 288; 66 292; 66 293; 65 294; 65 295; 64 296; 64 297; 63 298; 63 300; 65 302; 69 302; 70 301; 72 301; 73 300; 75 300; 76 299; 77 299; 78 298; 82 298; 83 297; 86 297; 87 298; 89 298; 90 299; 94 299; 95 298; 96 298; 97 297; 98 297; 100 295; 101 295; 102 294; 105 294; 106 293; 111 293; 112 292; 118 292; 119 291; 120 291; 121 290; 122 290; 123 289; 123 287; 121 285; 119 285; 118 284; 116 284; 114 282; 113 282; 101 270; 101 269; 90 258; 90 257; 88 255; 87 255; 85 253
43; 355 265; 354 266; 354 267; 353 268; 352 268; 351 269; 350 269; 349 270; 339 270; 338 269; 328 269; 328 273; 331 276; 331 277; 335 281; 335 282; 336 283; 336 285; 337 286; 337 287; 338 288; 338 289; 340 291; 340 292; 341 293; 341 294; 342 295; 342 297; 346 301; 346 302; 347 303; 348 303; 351 306; 351 308; 352 309; 352 311; 353 312; 353 313; 354 314; 358 314; 358 313; 359 312; 359 311; 360 310; 360 309; 361 308; 361 307; 362 306; 362 305; 363 304; 363 303; 366 300; 367 300; 368 299; 369 299; 372 296; 372 292; 373 291; 373 290; 374 289; 374 288; 375 287; 375 286; 378 283; 378 282; 379 281; 379 280; 380 279; 380 278; 382 276; 382 275; 384 273; 384 269; 383 268; 380 268; 379 269; 372 269; 371 268; 362 268; 361 267; 360 267; 358 265
44; 394 266; 392 268; 392 272; 391 273; 391 274; 390 275; 390 276; 388 278; 388 279; 387 280; 387 281; 386 282; 386 283; 385 284; 385 287; 384 288; 384 290; 383 291; 383 292; 382 293; 382 294; 381 295; 381 303; 380 304; 380 305; 376 309; 376 310; 374 312; 374 316; 375 317; 381 317; 382 316; 383 316; 384 315; 385 315; 386 314; 388 314; 389 313; 397 313; 398 314; 399 314; 400 315; 402 315; 403 316; 405 316; 406 315; 407 315; 407 314; 411 310; 412 310; 413 309; 414 309; 415 308; 421 308; 422 307; 427 307; 428 306; 430 306; 431 305; 433 305; 434 304; 435 304; 435 302; 421 288; 420 288; 413 281; 412 281; 411 280; 410 280; 408 278; 407 278; 401 272; 401 270; 400 269; 400 268; 398 266
45; 775 290; 774 291; 773 291; 772 292; 769 292; 768 293; 765 293; 764 294; 763 294; 762 295; 760 295; 759 296; 747 296; 746 295; 735 306; 734 306; 729 311; 729 312; 731 314; 731 315; 734 318; 734 319; 735 320; 735 321; 736 322; 736 324; 738 326; 742 326; 743 327; 744 327; 745 328; 746 328; 749 331; 750 331; 751 332; 751 333; 756 338; 757 338; 759 340; 764 340; 765 339; 765 338; 766 337; 766 335; 767 334; 767 333; 768 332; 768 330; 769 329; 769 327; 770 326; 770 323; 771 322; 771 320; 772 319; 772 318; 773 317; 773 315; 774 314; 774 312; 775 311; 775 309; 777 307; 777 306; 778 305; 778 303; 779 302; 779 298; 780 297; 780 295; 781 294; 781 291; 780 290
46; 706 299; 704 301; 703 301; 701 303; 699 303; 698 304; 694 304; 693 303; 686 303; 685 302; 682 302; 681 303; 680 303; 679 304; 674 304; 673 305; 653 305; 652 306; 651 306; 650 307; 650 309; 651 310; 651 311; 652 311; 657 316; 657 317; 659 319; 659 320; 661 322; 661 323; 662 324; 662 325; 663 326; 663 327; 664 328; 664 329; 665 330; 665 331; 667 333; 667 334; 669 336; 669 337; 670 338; 670 339; 669 340; 670 341; 670 342; 671 343; 671 344; 673 344; 678 349; 682 349; 683 348; 683 347; 685 345; 685 344; 686 343; 686 342; 687 341; 687 340; 690 337; 690 336; 696 330; 700 330; 701 329; 701 321; 702 320; 702 318; 703 317; 703 316; 704 315; 704 314; 707 311; 707 310; 711 306; 711 305; 712 304; 712 303; 708 299
47; 258 299; 257 300; 256 300; 255 301; 254 301; 253 302; 250 302; 249 303; 247 303; 246 302; 242 302; 241 303; 240 303; 239 304; 236 304; 235 305; 229 305; 228 306; 226 306; 225 307; 222 307; 221 308; 218 308; 217 309; 212 309; 211 310; 207 310; 206 311; 205 311; 204 312; 204 314; 205 315; 205 316; 206 316; 208 318; 209 318; 210 319; 211 319; 212 320; 213 320; 215 322; 215 323; 217 325; 217 326; 218 327; 218 328; 223 333; 224 333; 225 334; 226 334; 227 335; 228 335; 236 343; 236 344; 237 345; 237 346; 240 349; 244 349; 246 347; 246 345; 247 344; 247 342; 248 341; 248 340; 249 339; 249 338; 250 337; 250 336; 252 334; 252 333; 255 330; 258 330; 258 326; 257 325; 257 323; 258 322; 258 320; 260 318; 260 316; 261 315; 261 310; 262 309; 262 308; 263 307; 263 306; 265 304; 265 301; 263 299
48; 615 306; 614 307; 614 311; 613 312; 613 316; 612 317; 612 319; 610 321; 610 322; 609 323; 609 331; 608 332; 608 333; 607 334; 607 335; 606 336; 606 344; 605 345; 605 346; 604 347; 604 348; 603 349; 603 350; 601 352; 601 353; 600 354; 600 356; 601 357; 601 358; 605 358; 606 357; 607 357; 608 356; 609 356; 610 355; 612 355; 613 354; 618 354; 619 353; 623 353; 624 352; 626 352; 627 351; 633 351; 634 350; 637 350; 638 349; 639 349; 640 348; 641 348; 642 347; 645 347; 646 346; 649 346; 650 345; 652 345; 653 344; 658 344; 658 343; 659 342; 659 339; 653 333; 652 333; 642 323; 642 319; 641 318; 635 318; 634 317; 633 317; 632 316; 631 316; 629 314; 628 314; 626 312; 625 312; 622 309; 621 309; 619 307; 618 307; 617 306
49; 502 331; 501 332; 501 333; 500 334; 500 338; 502 340; 502 341; 504 343; 504 344; 506 346; 506 347; 507 348; 507 349; 508 350; 508 355; 509 356; 509 357; 510 358; 510 359; 514 363; 514 364; 515 365; 515 367; 516 368; 516 373; 517 374; 517 376; 518 377; 518 379; 519 380; 519 381; 520 382; 522 382; 523 381; 525 381; 526 380; 526 379; 527 378; 527 376; 528 375; 528 374; 535 367; 536 367; 538 365; 538 364; 557 345; 558 345; 559 344; 559 343; 560 342; 560 340; 558 340; 557 339; 549 339; 548 340; 547 340; 546 339; 543 339; 542 338; 536 338; 533 335; 533 331; 530 331; 529 332; 529 333; 528 334; 528 335; 527 336; 515 336; 514 335; 512 335; 511 334; 509 334; 508 333; 507 333; 506 332; 505 332; 504 331
50; 40 326; 39 327; 38 327; 33 332; 32 332; 29 335; 28 335; 27 336; 26 336; 25 337; 23 337; 22 338; 21 338; 20 339; 19 339; 18 340; 10 340; 9 341; 8 341; 7 342; 6 342; 5 343; 4 343; 2 345; 0 345; 0 358; 1 358; 2 359; 3 359; 6 362; 7 362; 9 364; 10 364; 11 365; 12 365; 14 367; 15 367; 19 371; 20 371; 21 372; 22 372; 23 373; 24 373; 25 374; 27 374; 28 375; 30 375; 36 381; 38 381; 43 376; 43 375; 44 374; 45 374; 45 369; 44 369; 43 368; 43 362; 44 361; 44 360; 46 358; 47 358; 49 356; 49 354; 48 353; 48 352; 47 352; 45 350; 45 349; 44 348; 44 340; 45 339; 45 335; 46 334; 46 328; 44 326
51; 1022 341; 1021 342; 1017 342; 1016 343; 1011 343; 1010 344; 1008 344; 1007 345; 1003 345; 1002 346; 999 346; 998 347; 988 347; 987 348; 986 348; 985 349; 985 351; 987 353; 987 354; 988 353; 989 354; 990 354; 991 355; 992 355; 1002 365; 1002 366; 1007 371; 1008 371; 1010 373; 1011 373; 1014 376; 1014 377; 1016 379; 1016 380; 1017 381; 1017 382; 1018 383; 1018 384; 1019 385; 1019 386; 1022 389; 1023 389; 1023 371; 1021 371; 1020 370; 1019 370; 1010 361; 1010 360; 1008 358; 1008 356; 1009 355; 1009 354; 1010 353; 1011 353; 1012 352; 1015 352; 1016 351; 1019 351; 1020 350; 1023 350; 1023 341
52; 129 333; 128 334; 127 334; 126 335; 126 336; 125 337; 125 338; 124 339; 124 342; 123 343; 123 344; 121 346; 121 347; 120 348; 120 349; 118 351; 118 352; 117 353; 117 354; 116 355; 116 359; 115 360; 115 362; 113 364; 113 365; 111 367; 111 368; 110 369; 110 370; 109 371; 109 372; 106 375; 106 376; 105 377; 105 380; 125 380; 126 381; 129 381; 130 382; 134 382; 134 381; 135 380; 136 380; 137 379; 138 379; 139 378; 142 378; 143 377; 144 378; 151 378; 152 377; 159 377; 160 376; 161 376; 161 372; 157 368; 157 367; 154 364; 154 363; 152 361; 152 360; 150 358; 150 357; 149 356; 149 354; 148 353; 148 352; 147 351; 147 350; 146 349; 146 348; 141 343; 141 342; 139 340; 139 339; 137 337; 137 336; 134 333
53; 700 338; 699 339; 699 340; 698 341; 698 342; 697 343; 697 355; 698 356; 698 357; 699 358; 699 363; 700 364; 700 366; 699 367; 699 381; 698 382; 698 383; 696 385; 695 385; 695 387; 698 390; 702 390; 703 389; 704 389; 705 388; 707 388; 708 387; 709 387; 711 385; 712 385; 713 384; 714 384; 715 383; 716 383; 718 381; 720 381; 721 380; 722 380; 723 379; 724 379; 727 376; 728 376; 729 375; 730 375; 732 373; 733 373; 736 370; 737 370; 738 369; 739 369; 740 368; 742 368; 743 367; 745 367; 746 366; 747 366; 749 364; 750 364; 751 363; 751 360; 750 359; 747 359; 746 358; 742 358; 741 357; 740 357; 739 356; 738 356; 730 348; 726 348; 725 349; 721 349; 720 348; 718 348; 717 347; 716 347; 715 346; 713 346; 712 345; 711 345; 707 341; 706 341; 703 338
54; 660 339; 660 342; 659 343; 659 344; 658 345; 659 346; 659 350; 658 351; 658 352; 655 355; 655 356; 653 358; 653 359; 652 360; 652 361; 646 367; 646 369; 645 370; 645 373; 641 377; 641 378; 640 379; 640 381; 637 384; 637 385; 636 386; 636 389; 643 389; 644 388; 647 388; 648 387; 651 387; 652 388; 653 388; 655 390; 658 390; 660 388; 662 388; 663 387; 669 387; 670 386; 674 386; 675 387; 678 387; 679 386; 680 386; 681 387; 691 387; 692 386; 693 386; 693 383; 690 380; 690 379; 684 373; 684 372; 682 370; 682 369; 681 368; 681 361; 680 360; 678 360; 673 355; 673 354; 672 353; 672 351; 671 350; 671 348; 670 347; 670 346; 671 345; 670 344; 670 343; 669 342; 669 341; 662 341
55; 984 350; 983 351; 982 351; 981 352; 980 352; 979 353; 978 353; 977 354; 975 354; 974 355; 972 355; 971 356; 968 356; 967 357; 963 357; 962 358; 957 358; 956 359; 951 359; 950 360; 948 360; 947 361; 946 361; 945 362; 944 362; 943 363; 942 363; 941 364; 940 364; 939 365; 928 365; 926 367; 926 369; 927 370; 927 371; 928 371; 929 372; 930 372; 933 375; 934 375; 939 380; 940 380; 943 383; 943 384; 944 385; 944 386; 946 388; 947 388; 948 389; 950 389; 951 390; 952 390; 956 394; 956 395; 961 400; 961 401; 962 402; 962 403; 963 404; 967 404; 967 403; 968 402; 968 395; 969 394; 969 390; 970 389; 970 388; 971 387; 971 386; 972 385; 972 384; 973 383; 973 381; 974 380; 974 379; 975 378; 975 377; 976 376; 976 375; 977 374; 977 368; 978 367; 978 366; 980 364; 980 363; 982 361; 982 360; 985 357; 985 356; 986 355; 986 353; 984 351
56; 103 357; 102 358; 101 358; 100 359; 99 359; 98 360; 96 360; 95 361; 94 361; 93 362; 88 362; 87 363; 82 363; 81 362; 76 362; 74 364; 73 364; 72 365; 71 365; 70 366; 68 366; 67 367; 62 367; 61 368; 59 368; 58 369; 46 369; 46 374; 48 376; 49 376; 50 377; 51 377; 52 378; 53 378; 59 384; 59 385; 61 387; 61 388; 70 397; 70 398; 72 398; 75 401; 75 402; 77 404; 77 405; 80 408; 81 408; 82 409; 84 409; 85 408; 85 407; 86 406; 86 401; 87 400; 87 399; 89 397; 89 396; 90 395; 90 394; 92 392; 92 391; 93 390; 93 387; 94 386; 94 383; 95 382; 95 380; 96 379; 96 378; 97 377; 97 376; 98 375; 98 374; 99 373; 99 372; 100 371; 100 370; 101 369; 101 368; 102 367; 102 366; 104 364; 104 363; 106 361; 106 358; 105 357
57; 228 361; 227 362; 227 363; 226 364; 226 367; 227 368; 227 392; 226 393; 226 400; 227 401; 227 403; 226 404; 226 408; 225 409; 225 412; 227 414; 231 414; 232 413; 233 413; 238 408; 239 408; 241 406; 242 406; 243 405; 244 405; 245 404; 247 404; 248 403; 252 403; 253 402; 254 402; 260 396; 261 396; 262 395; 263 395; 265 393; 266 393; 268 391; 269 391; 270 390; 271 390; 272 389; 273 389; 274 388; 276 388; 278 386; 278 384; 276 382; 273 382; 272 381; 269 381; 266 378; 265 378; 264 377; 262 377; 261 376; 259 376; 258 375; 257 375; 255 373; 254 373; 253 372; 252 372; 251 371; 249 371; 248 370; 244 370; 243 369; 240 369; 238 367; 237 367; 231 361
58; 566 369; 565 370; 564 370; 563 371; 562 371; 561 372; 559 372; 558 373; 556 373; 555 374; 554 374; 553 375; 551 375; 550 376; 549 376; 548 377; 546 377; 545 378; 543 378; 542 379; 540 379; 539 380; 538 380; 537 381; 536 381; 535 382; 534 382; 533 383; 532 383; 531 384; 526 384; 525 383; 525 382; 523 382; 522 383; 520 383; 520 385; 517 388; 517 390; 518 391; 519 391; 523 395; 524 395; 527 398; 528 398; 529 399; 531 399; 533 401; 534 401; 536 403; 536 404; 540 408; 541 408; 542 409; 543 409; 544 410; 545 410; 546 411; 547 411; 549 413; 550 413; 551 414; 552 414; 554 416; 555 416; 560 421; 563 421; 564 420; 564 412; 565 411; 565 409; 566 408; 566 407; 567 406; 567 405; 568 404; 568 399; 569 398; 569 397; 570 396; 570 394; 569 393; 569 386; 570 385; 570 377; 571 376; 571 374; 572 373; 572 370; 571 369
59; 777 380; 776 381; 774 381; 773 382; 770 382; 769 383; 762 383; 761 384; 753 384; 752 383; 746 383; 745 384; 739 384; 738 385; 730 385; 729 386; 727 386; 727 390; 728 391; 728 392; 733 397; 733 398; 735 400; 735 401; 736 402; 736 403; 738 405; 738 406; 739 407; 740 407; 744 411; 744 412; 747 415; 747 416; 748 417; 748 419; 749 420; 749 422; 750 423; 750 424; 751 425; 751 426; 752 427; 752 428; 754 430; 757 430; 758 429; 759 429; 762 426; 762 424; 763 423; 763 419; 764 418; 764 417; 766 415; 766 414; 770 410; 771 410; 773 408; 774 408; 775 407; 775 402; 776 401; 776 399; 777 398; 777 397; 778 396; 778 394; 779 393; 779 391; 780 390; 780 389; 781 388; 781 387; 782 386; 782 385; 783 384; 783 380
60; 502 374; 497 379; 497 380; 490 387; 489 387; 487 389; 486 389; 484 391; 483 391; 480 394; 480 395; 472 403; 472 404; 465 411; 464 411; 463 412; 463 414; 464 415; 477 415; 478 416; 479 416; 480 417; 483 417; 484 418; 499 418; 500 419; 507 419; 508 420; 510 420; 511 421; 513 421; 514 422; 515 422; 516 423; 521 423; 522 422; 523 422; 523 418; 521 416; 521 415; 519 413; 519 412; 517 410; 517 409; 516 408; 516 403; 517 402; 517 399; 516 398; 516 397; 515 396; 515 395; 514 394; 514 390; 513 390; 509 386; 509 384; 508 383; 508 376; 507 375; 507 374
61; 23 377; 22 378; 22 379; 20 381; 20 382; 19 383; 19 387; 20 388; 20 396; 17 399; 16 399; 15 400; 12 400; 11 399; 8 399; 7 400; 3 400; 2 401; 0 401; 0 426; 2 426; 3 425; 3 424; 4 423; 4 421; 5 420; 5 419; 6 418; 6 417; 7 416; 7 415; 8 414; 8 413; 9 412; 9 411; 10 410; 10 409; 14 405; 16 405; 18 407; 18 411; 19 412; 19 417; 18 418; 18 420; 17 421; 17 423; 16 424; 16 425; 15 426; 15 428; 16 429; 16 430; 21 430; 23 428; 24 428; 26 426; 27 426; 29 424; 31 424; 32 423; 34 423; 36 421; 37 421; 39 419; 40 419; 41 418; 42 418; 45 415; 46 415; 47 414; 48 414; 49 413; 50 413; 51 412; 52 412; 53 411; 54 411; 55 410; 56 410; 57 409; 58 409; 59 408; 61 408; 62 407; 65 407; 66 406; 67 406; 68 405; 69 405; 70 404; 70 400; 69 399; 62 399; 61 398; 60 398; 59 397; 58 397; 57 396; 55 396; 54 395; 53 395; 52 394; 51 394; 49 392; 48 392; 47 391; 46 391; 44 389; 43 389; 42 388; 41 388; 36 383; 36 382; 35 381; 32 381; 31 380; 30 380; 29 379; 28 379; 27 378; 26 378; 25 377
62; 616 376; 609 383; 608 383; 607 384; 606 384; 605 385; 604 385; 602 387; 601 387; 600 388; 599 388; 598 389; 597 389; 595 391; 594 391; 589 396; 588 396; 586 398; 585 398; 584 399; 583 399; 582 400; 581 400; 580 401; 578 401; 577 402; 576 402; 574 404; 573 404; 571 406; 571 408; 572 408; 573 409; 579 409; 580 410; 583 410; 584 411; 586 411; 590 415; 591 415; 592 416; 594 416; 596 418; 597 418; 599 420; 604 420; 605 421; 609 421; 610 422; 611 422; 612 423; 613 423; 614 424; 615 424; 616 425; 617 425; 618 426; 619 426; 620 427; 621 427; 622 428; 624 428; 625 427; 626 427; 626 426; 627 425; 627 423; 626 422; 626 420; 625 419; 625 418; 624 417; 624 416; 623 415; 623 406; 624 405; 624 401; 625 400; 625 395; 622 392; 622 389; 621 388; 621 378; 619 376
63; 130 383; 128 385; 128 391; 129 392; 129 393; 130 394; 130 395; 131 396; 131 397; 132 398; 132 405; 131 406; 131 408; 133 410; 133 411; 134 412; 134 413; 135 414; 135 417; 136 418; 136 419; 137 420; 137 421; 138 422; 138 425; 139 426; 139 429; 140 430; 140 434; 146 440; 147 440; 148 441; 149 441; 149 438; 150 437; 150 435; 151 434; 150 433; 150 430; 152 428; 152 427; 153 426; 154 426; 157 423; 158 423; 159 422; 159 421; 168 412; 169 412; 172 409; 173 409; 174 408; 174 407; 179 402; 180 402; 183 399; 183 395; 172 395; 171 394; 170 394; 169 393; 165 393; 164 392; 157 392; 156 391; 152 391; 151 390; 147 390; 146 389; 143 389; 142 388; 139 388; 135 384; 135 383
64; 654 391; 654 392; 653 393; 653 395; 652 396; 652 398; 651 399; 651 400; 650 401; 650 402; 648 404; 648 405; 647 406; 647 407; 645 409; 645 410; 642 413; 642 414; 639 417; 639 418; 636 421; 636 422; 635 423; 635 424; 626 433; 626 434; 625 435; 625 438; 626 439; 642 439; 643 438; 644 438; 645 439; 647 439; 648 440; 649 440; 650 441; 650 442; 651 443; 654 443; 655 442; 658 442; 659 441; 662 441; 663 440; 666 440; 667 439; 669 439; 670 438; 671 438; 672 437; 679 437; 680 438; 683 438; 684 437; 685 437; 685 432; 683 430; 683 429; 681 427; 681 426; 679 424; 679 423; 678 422; 678 420; 676 418; 676 417; 669 410; 668 410; 662 404; 662 403; 661 402; 661 400; 660 399; 660 395; 659 394; 659 393; 658 392; 658 391
65; 721 404; 720 405; 719 405; 716 408; 716 412; 715 413; 715 414; 711 418; 710 418; 709 419; 709 420; 703 426; 702 426; 701 427; 701 428; 699 430; 699 431; 696 434; 696 435; 694 437; 694 438; 693 439; 693 440; 691 442; 691 443; 689 445; 689 449; 693 449; 694 448; 702 448; 703 449; 705 449; 706 448; 711 448; 712 447; 713 447; 714 448; 716 448; 717 449; 719 449; 720 450; 730 450; 731 451; 740 451; 741 452; 745 452; 746 451; 747 451; 747 450; 748 449; 748 445; 743 440; 743 439; 741 437; 741 435; 740 434; 740 432; 739 431; 739 430; 738 429; 738 428; 737 427; 737 426; 734 423; 734 422; 731 419; 731 418; 728 415; 728 414; 726 412; 726 411; 725 410; 725 406; 723 404
66; 200 419; 199 420; 198 420; 197 421; 196 421; 195 422; 194 422; 192 424; 191 424; 190 425; 189 425; 188 426; 185 426; 184 427; 178 427; 177 428; 169 428; 166 431; 165 431; 164 432; 163 432; 162 433; 161 433; 160 434; 157 434; 156 435; 151 435; 151 437; 150 438; 150 442; 151 442; 152 443; 153 443; 154 444; 155 444; 156 445; 157 445; 169 457; 170 457; 172 459; 173 459; 180 466; 181 466; 185 470; 186 470; 188 472; 190 472; 191 471; 192 471; 192 470; 193 469; 193 458; 194 457; 194 454; 195 453; 195 451; 196 450; 196 447; 197 446; 197 444; 198 443; 198 438; 199 437; 199 433; 200 432; 200 430; 202 428; 202 427; 204 425; 204 420; 203 419
67; 950 428; 949 429; 948 429; 947 430; 947 432; 948 433; 948 434; 952 438; 952 439; 954 441; 954 442; 955 443; 955 446; 956 447; 956 451; 957 452; 957 457; 955 459; 955 461; 956 462; 956 464; 957 463; 960 463; 964 467; 964 468; 965 469; 965 470; 966 471; 966 472; 967 473; 967 474; 968 475; 968 476; 970 478; 972 478; 975 475; 975 474; 976 473; 976 472; 977 471; 977 470; 981 466; 981 465; 985 461; 986 461; 988 459; 991 459; 993 457; 993 456; 994 455; 994 454; 995 453; 995 452; 999 448; 999 447; 1003 443; 1003 442; 1004 441; 1004 440; 1006 438; 1006 437; 1007 436; 1007 434; 1006 433; 1005 433; 1004 432; 1001 432; 1000 433; 990 433; 989 432; 972 432; 971 431; 966 431; 965 430; 962 430; 961 429; 954 429; 953 428
68; 220 435; 217 438; 216 438; 215 439; 210 439; 210 441; 213 444; 213 445; 215 447; 215 449; 216 450; 216 454; 217 455; 217 456; 216 457; 216 464; 217 464; 218 465; 219 465; 223 469; 223 470; 224 471; 224 472; 225 473; 225 476; 226 477; 226 482; 227 483; 227 484; 231 484; 238 477; 238 476; 244 470; 244 469; 250 463; 251 463; 254 460; 254 459; 257 456; 257 455; 262 450; 263 450; 264 449; 265 449; 267 447; 267 444; 266 443; 265 443; 264 442; 254 442; 253 441; 250 441; 249 440; 246 440; 245 439; 238 439; 237 438; 231 438; 230 437; 229 437; 228 436; 226 436; 225 435
69; 912 429; 912 430; 911 431; 911 437; 912 438; 912 440; 911 441; 911 442; 910 443; 910 444; 909 445; 909 446; 907 448; 907 449; 905 451; 905 462; 904 463; 904 468; 903 469; 903 470; 902 471; 902 472; 901 473; 901 474; 900 475; 900 477; 899 478; 899 481; 903 481; 904 480; 906 480; 907 479; 908 479; 909 478; 911 478; 912 477; 913 477; 914 476; 916 476; 917 475; 920 475; 921 474; 923 474; 924 473; 926 473; 927 472; 929 472; 930 471; 933 471; 934 470; 936 470; 937 469; 940 469; 941 468; 943 468; 944 467; 946 467; 947 466; 950 466; 951 465; 953 465; 954 464; 955 464; 955 462; 954 461; 954 459; 953 459; 952 458; 950 458; 949 457; 948 457; 941 450; 940 450; 938 448; 937 448; 931 442; 931 441; 930 441; 929 440; 928 440; 926 438; 925 438; 923 436; 923 435; 922 434; 922 433; 921 432; 921 431; 920 430; 919 430; 918 429
70; 441 442; 440 443; 439 443; 437 445; 437 448; 441 452; 441 453; 442 454; 442 455; 443 456; 443 457; 446 460; 446 461; 447 462; 447 463; 448 464; 448 465; 449 466; 449 467; 450 468; 450 469; 451 470; 451 472; 452 473; 452 474; 454 476; 454 478; 455 479; 455 481; 456 482; 456 484; 457 485; 457 487; 458 488; 458 491; 465 491; 466 490; 467 490; 468 489; 468 488; 469 487; 469 486; 470 485; 470 484; 472 482; 472 481; 474 479; 474 478; 477 475; 478 475; 479 474; 481 474; 483 472; 484 472; 485 471; 485 470; 486 469; 486 467; 487 466; 487 465; 489 463; 489 462; 493 458; 494 458; 496 456; 496 455; 498 453; 498 452; 499 451; 499 449; 498 448; 489 448; 488 449; 485 449; 484 448; 479 448; 478 447; 477 447; 475 445; 470 445; 469 444; 467 444; 466 443; 462 443; 461 444; 460 444; 458 446; 450 446; 449 445; 448 445; 446 443; 445 443; 444 442
71; 650 444; 650 445; 647 448; 646 448; 645 449; 643 449; 642 450; 636 450; 635 449; 632 449; 631 448; 630 448; 629 447; 628 447; 627 446; 625 446; 623 448; 623 451; 624 452; 624 453; 625 454; 625 455; 626 456; 626 457; 627 458; 627 459; 629 461; 629 462; 630 463; 630 465; 631 466; 631 467; 633 469; 633 470; 634 471; 634 472; 635 473; 635 474; 636 475; 636 476; 639 479; 639 480; 640 481; 640 482; 641 483; 641 485; 642 486; 642 489; 641 490; 641 493; 642 494; 642 495; 643 496; 646 496; 649 493; 649 492; 650 491; 650 490; 652 488; 652 487; 653 486; 653 485; 666 472; 669 472; 671 470; 671 469; 670 468; 670 466; 671 465; 671 464; 672 463; 672 462; 679 455; 680 455; 681 454; 681 451; 680 450; 665 450; 664 451; 662 451; 661 450; 660 450; 659 449; 658 449; 654 445; 654 444
72; 430 444; 429 445; 428 445; 428 446; 426 448; 426 449; 421 454; 420 454; 419 455; 418 455; 417 456; 415 456; 414 457; 413 457; 412 458; 411 458; 410 459; 409 459; 403 465; 402 465; 401 466; 399 466; 394 471; 393 471; 392 472; 390 472; 389 473; 387 473; 386 474; 385 474; 384 475; 384 478; 386 480; 387 480; 388 481; 394 481; 395 482; 397 482; 398 483; 399 483; 400 484; 401 484; 402 485; 403 485; 404 486; 405 486; 406 487; 407 487; 411 491; 412 491; 413 492; 416 492; 417 493; 421 493; 422 494; 425 494; 426 495; 427 495; 428 496; 437 496; 437 483; 436 482; 436 464; 435 463; 435 450; 436 449; 436 445; 433 445; 432 444
73; 566 454; 565 455; 564 455; 563 456; 563 457; 562 458; 562 461; 563 462; 563 465; 562 466; 562 471; 561 472; 561 474; 559 476; 559 477; 557 479; 557 483; 558 484; 558 489; 557 490; 557 498; 556 499; 556 500; 555 501; 555 507; 556 508; 560 508; 560 506; 561 505; 562 505; 563 504; 564 504; 565 503; 566 503; 568 501; 569 501; 571 499; 572 499; 573 498; 575 498; 576 497; 579 497; 580 496; 582 496; 583 495; 586 495; 587 494; 588 494; 589 493; 590 493; 591 492; 594 492; 595 491; 597 491; 598 490; 600 490; 601 489; 603 489; 604 488; 607 488; 608 487; 610 487; 611 486; 611 484; 610 484; 609 483; 608 483; 606 481; 605 481; 604 480; 603 480; 602 479; 601 479; 600 478; 599 478; 596 475; 595 475; 590 470; 589 470; 587 468; 586 468; 584 466; 583 466; 581 464; 580 464; 573 457; 573 456; 572 455; 571 455; 570 454
74; 821 454; 820 455; 819 455; 817 457; 817 458; 816 459; 816 460; 809 467; 809 468; 806 471; 805 471; 796 480; 796 481; 792 485; 791 485; 788 488; 787 488; 785 490; 785 491; 784 492; 784 495; 786 497; 800 497; 801 498; 806 498; 807 499; 814 499; 815 498; 819 498; 820 499; 829 499; 830 500; 833 500; 834 501; 837 501; 838 502; 843 502; 843 497; 842 496; 842 495; 841 494; 841 493; 839 491; 839 490; 838 489; 838 487; 837 486; 837 478; 836 477; 836 476; 831 471; 831 470; 830 469; 830 468; 828 466; 828 465; 827 464; 827 462; 826 461; 826 457; 825 456; 825 455; 824 454
75; 1017 474; 1016 475; 1014 475; 1013 476; 1010 476; 1009 477; 1006 477; 1005 478; 1004 478; 1003 479; 1002 479; 1001 480; 999 480; 998 481; 994 481; 993 482; 985 482; 984 483; 983 483; 982 484; 982 486; 983 487; 984 487; 985 488; 986 488; 987 489; 988 489; 989 490; 990 490; 992 492; 993 492; 998 497; 998 498; 1003 503; 1004 503; 1005 504; 1006 504; 1007 505; 1008 505; 1009 506; 1010 506; 1012 508; 1013 508; 1019 514; 1019 515; 1022 518; 1023 518; 1023 499; 1022 499; 1021 500; 1020 500; 1019 501; 1017 501; 1015 499; 1014 499; 1013 498; 1012 498; 1007 493; 1007 492; 1006 491; 1006 489; 1007 488; 1007 487; 1008 486; 1009 486; 1011 484; 1012 484; 1013 483; 1014 483; 1015 482; 1023 482; 1023 474
76; 144 464; 144 468; 145 469; 145 483; 144 484; 144 492; 143 493; 143 502; 142 503; 142 507; 143 508; 143 517; 144 518; 144 519; 147 519; 149 517; 150 517; 151 516; 154 516; 155 517; 159 513; 158 512; 158 511; 159 510; 160 510; 161 509; 162 509; 163 508; 164 508; 165 507; 166 507; 169 504; 170 504; 171 503; 172 503; 173 502; 174 502; 175 501; 176 501; 177 500; 179 500; 180 499; 183 499; 186 496; 187 496; 188 495; 190 495; 191 494; 192 494; 193 493; 194 493; 196 491; 196 487; 194 485; 193 485; 192 484; 188 484; 187 483; 183 483; 182 482; 181 482; 179 480; 178 480; 176 478; 175 478; 170 473; 164 473; 163 472; 161 472; 160 471; 159 471; 158 470; 157 470; 156 469; 155 469; 153 467; 152 467; 150 465; 149 465; 148 464
77; 672 470; 670 472; 670 474; 672 476; 672 477; 673 478; 673 480; 674 481; 674 509; 675 510; 675 514; 673 516; 670 516; 670 519; 669 520; 669 523; 671 523; 672 524; 673 524; 674 525; 678 525; 679 526; 680 526; 681 527; 682 527; 686 531; 686 523; 687 522; 687 521; 691 517; 691 515; 695 511; 696 511; 697 510; 698 510; 699 509; 706 509; 708 507; 708 506; 714 500; 715 500; 718 497; 719 497; 720 496; 721 496; 722 495; 723 495; 725 493; 725 490; 723 488; 721 488; 720 487; 713 487; 712 486; 711 486; 710 485; 709 485; 708 484; 707 484; 706 483; 704 483; 703 482; 702 482; 701 481; 700 481; 699 480; 698 480; 697 479; 696 479; 693 476; 691 476; 690 475; 688 475; 686 473; 685 473; 684 472; 683 472; 682 471; 676 471; 675 470
78; 387 495; 386 496; 386 498; 390 502; 390 503; 391 504; 391 505; 392 506; 392 509; 393 510; 393 511; 394 512; 394 517; 393 518; 393 522; 397 526; 397 530; 398 531; 398 533; 399 534; 399 535; 400 536; 400 540; 401 541; 401 543; 402 544; 405 544; 406 543; 407 543; 412 538; 412 537; 417 532; 418 532; 421 529; 421 528; 423 526; 424 526; 427 523; 428 523; 433 518; 434 518; 443 509; 443 505; 441 503; 440 503; 437 500; 437 497; 429 497; 429 498; 428 499; 421 499; 420 498; 415 498; 414 499; 402 499; 401 498; 400 498; 399 497; 398 497; 397 496; 392 496; 391 495
79; 962 498; 960 500; 957 500; 956 501; 948 501; 947 500; 936 500; 935 501; 935 505; 936 506; 936 507; 938 509; 938 510; 940 512; 940 513; 942 515; 942 517; 943 518; 943 519; 944 520; 944 521; 945 522; 945 524; 946 525; 946 527; 952 533; 952 534; 953 535; 953 536; 954 537; 954 543; 955 544; 955 545; 956 545; 957 546; 959 546; 960 545; 960 544; 961 543; 961 542; 962 541; 962 540; 968 534; 968 533; 978 523; 978 522; 981 519; 981 518; 982 517; 982 516; 988 510; 988 509; 993 504; 994 504; 994 501; 981 501; 980 502; 977 502; 976 501; 974 501; 973 500; 972 500; 971 499; 969 499; 968 498
80; 622 495; 622 496; 621 497; 621 501; 622 502; 622 506; 623 507; 623 510; 622 511; 622 513; 621 514; 621 519; 622 520; 622 532; 621 533; 621 538; 627 538; 628 539; 633 539; 634 540; 635 540; 636 539; 637 539; 638 538; 639 538; 640 537; 642 537; 643 536; 645 536; 646 535; 650 535; 650 534; 651 533; 651 532; 653 530; 654 530; 659 525; 660 525; 661 524; 662 524; 663 523; 668 523; 668 520; 669 519; 669 516; 668 516; 667 515; 665 515; 664 514; 661 514; 660 513; 659 513; 658 512; 657 512; 656 511; 655 511; 653 509; 652 509; 650 507; 649 507; 647 505; 646 505; 645 504; 643 504; 642 503; 640 503; 639 502; 636 502; 635 501; 634 501; 630 497; 630 496; 629 496; 628 495
81; 606 505; 605 506; 603 506; 602 507; 597 507; 596 508; 588 508; 587 509; 576 509; 575 510; 573 510; 572 511; 561 511; 560 510; 560 509; 556 509; 556 511; 555 512; 555 517; 556 517; 558 519; 559 519; 561 521; 562 521; 566 525; 566 526; 568 528; 568 531; 569 532; 569 534; 571 536; 572 536; 573 537; 574 537; 577 540; 577 541; 579 543; 579 544; 582 547; 582 548; 585 551; 585 552; 586 553; 586 554; 587 555; 588 555; 589 556; 594 556; 595 555; 593 553; 593 548; 594 547; 594 546; 595 545; 595 543; 596 542; 596 541; 597 540; 597 539; 601 535; 603 535; 604 534; 604 533; 606 531; 606 528; 605 527; 605 524; 606 523; 606 519; 607 518; 607 517; 609 515; 609 514; 610 513; 611 513; 612 512; 612 511; 614 509; 614 507; 613 506; 610 506; 609 505
82; 211 504; 210 505; 209 505; 208 506; 206 506; 205 507; 203 507; 202 508; 198 508; 197 509; 193 509; 192 510; 175 510; 174 511; 173 511; 172 512; 170 512; 169 513; 166 513; 165 514; 159 514; 156 517; 156 518; 158 520; 159 520; 163 524; 163 525; 164 526; 164 529; 163 530; 163 533; 162 534; 167 534; 168 535; 170 535; 172 537; 175 537; 179 541; 180 541; 181 542; 182 542; 188 548; 188 550; 189 551; 189 552; 191 554; 195 554; 196 553; 197 553; 197 552; 198 551; 198 547; 199 546; 199 545; 200 544; 200 543; 201 542; 201 541; 202 540; 202 539; 203 538; 203 537; 205 535; 206 535; 207 534; 209 534; 210 533; 210 530; 208 528; 208 524; 209 523; 209 521; 210 520; 210 516; 211 515; 211 514; 212 513; 212 512; 213 511; 213 509; 214 508; 214 504
83; 541 496; 540 497; 539 497; 539 498; 538 499; 538 500; 537 501; 537 503; 534 506; 533 506; 531 508; 530 508; 527 511; 527 512; 526 513; 526 514; 525 515; 525 516; 522 519; 522 520; 517 525; 517 526; 512 531; 511 531; 509 533; 508 533; 506 535; 506 536; 505 537; 505 539; 506 540; 508 540; 509 541; 520 541; 521 542; 525 542; 526 543; 527 543; 528 544; 529 544; 530 545; 531 545; 532 546; 535 546; 536 545; 544 545; 545 544; 549 544; 550 545; 557 545; 558 546; 560 546; 561 547; 563 547; 563 543; 561 541; 561 540; 558 537; 558 536; 557 535; 557 534; 556 533; 556 529; 555 528; 555 525; 554 524; 554 523; 553 522; 553 519; 554 518; 554 513; 553 513; 550 510; 550 509; 547 506; 547 505; 546 504; 546 500; 545 499; 545 498; 543 496
84; 729 504; 725 508; 724 508; 723 509; 722 509; 721 510; 720 510; 719 511; 711 511; 710 512; 707 512; 704 515; 703 515; 702 516; 700 516; 699 517; 692 517; 688 521; 688 522; 687 523; 687 532; 695 540; 696 540; 697 541; 698 541; 699 542; 700 542; 701 543; 702 543; 704 545; 706 545; 711 550; 711 551; 713 553; 713 554; 717 558; 719 558; 722 555; 722 554; 723 553; 723 550; 724 549; 724 542; 725 541; 725 540; 726 539; 726 533; 727 532; 727 530; 728 529; 728 523; 729 522; 729 519; 730 518; 730 516; 731 515; 731 513; 732 512; 732 511; 733 510; 733 504
85; 895 519; 894 520; 892 520; 891 521; 883 521; 882 520; 877 520; 877 524; 884 531; 884 532; 886 534; 886 535; 887 536; 887 537; 888 538; 888 547; 894 553; 894 554; 896 556; 896 557; 897 558; 897 563; 898 564; 898 569; 908 569; 908 566; 909 565; 909 560; 910 559; 910 557; 912 555; 912 554; 919 547; 919 546; 921 544; 921 543; 928 536; 928 535; 929 534; 929 533; 932 530; 932 529; 933 528; 933 527; 935 525; 935 524; 936 523; 936 521; 935 520; 925 520; 924 521; 907 521; 906 520; 903 520; 902 519
86; 220 524; 219 525; 219 528; 223 532; 223 533; 224 534; 224 536; 225 537; 225 539; 226 540; 226 542; 227 543; 227 546; 228 547; 228 551; 229 552; 229 555; 230 556; 230 558; 231 559; 231 560; 232 561; 232 562; 233 563; 233 564; 234 565; 234 566; 235 567; 235 574; 236 575; 236 577; 240 577; 242 575; 242 574; 244 572; 244 571; 246 569; 246 568; 249 565; 250 565; 251 564; 252 564; 253 563; 254 563; 256 561; 260 561; 261 560; 262 560; 263 559; 263 557; 262 556; 262 553; 263 552; 263 550; 264 549; 264 548; 268 544; 269 544; 271 542; 272 542; 276 538; 276 534; 272 534; 271 533; 267 533; 266 532; 264 532; 263 531; 251 531; 250 530; 248 530; 247 529; 245 529; 244 528; 240 528; 239 529; 234 529; 233 528; 232 528; 231 527; 230 527; 228 525; 227 525; 226 524
87; 607 529; 607 531; 605 533; 605 534; 604 535; 604 543; 603 544; 603 546; 602 547; 602 549; 600 551; 600 552; 597 555; 596 555; 595 556; 595 557; 596 557; 598 559; 598 570; 597 571; 597 573; 596 574; 596 575; 595 576; 595 577; 594 578; 594 579; 593 580; 593 583; 595 585; 596 585; 597 584; 598 584; 599 583; 600 583; 604 579; 605 579; 606 578; 607 578; 608 577; 610 577; 611 576; 614 576; 615 575; 616 575; 617 574; 622 574; 623 573; 625 573; 626 572; 627 572; 628 571; 629 571; 630 570; 631 570; 632 569; 635 569; 636 568; 638 568; 639 567; 639 563; 640 562; 640 556; 638 554; 637 554; 636 553; 636 552; 634 550; 634 549; 633 548; 633 542; 634 541; 633 540; 628 540; 627 539; 621 539; 620 538; 619 538; 618 539; 613 534; 613 533; 612 532; 612 531; 611 531; 610 530; 608 530
88; 161 535; 156 540; 155 540; 153 542; 152 542; 149 545; 148 545; 146 547; 145 547; 144 548; 143 548; 140 551; 139 551; 135 555; 135 556; 131 560; 131 561; 130 562; 129 562; 127 564; 126 564; 125 565; 125 566; 124 567; 124 570; 125 571; 139 571; 140 572; 144 572; 145 573; 146 573; 147 574; 148 574; 149 575; 150 575; 151 576; 163 576; 164 577; 169 577; 170 578; 171 578; 172 579; 173 579; 174 580; 175 580; 176 581; 180 581; 181 580; 182 580; 183 579; 183 577; 181 575; 181 574; 177 570; 177 568; 176 567; 176 563; 175 562; 175 558; 174 557; 174 548; 173 547; 173 544; 172 543; 172 538; 170 536; 168 536; 167 535
89; 797 538; 796 539; 788 539; 787 540; 785 540; 784 541; 781 541; 780 542; 777 542; 776 543; 772 543; 771 542; 763 542; 762 543; 754 543; 753 544; 749 544; 748 545; 748 548; 750 550; 751 550; 753 552; 753 553; 755 555; 755 556; 756 557; 756 558; 759 561; 759 562; 761 564; 761 565; 763 567; 763 568; 764 569; 764 570; 766 572; 766 573; 767 573; 768 574; 768 575; 771 578; 771 579; 772 580; 772 581; 773 582; 773 585; 774 586; 774 587; 775 587; 776 588; 777 588; 778 589; 780 589; 782 587; 782 584; 783 583; 783 579; 784 578; 784 577; 786 575; 786 574; 789 571; 789 570; 795 564; 795 563; 796 562; 796 559; 797 558; 797 557; 799 555; 799 554; 801 552; 801 551; 802 550; 802 549; 803 548; 803 547; 804 546; 804 540; 803 539; 802 539; 801 538
90; 14 548; 12 550; 12 552; 14 554; 14 555; 16 557; 16 558; 17 559; 17 561; 18 562; 18 565; 20 567; 20 568; 22 570; 22 571; 23 572; 23 573; 24 574; 24 575; 25 576; 25 578; 26 579; 26 581; 27 582; 27 585; 28 586; 28 594; 29 595; 29 597; 31 599; 33 599; 42 590; 43 590; 45 588; 46 588; 50 584; 53 584; 55 582; 55 579; 56 578; 56 576; 57 575; 57 574; 63 568; 64 568; 65 567; 66 567; 72 561; 72 556; 71 556; 70 555; 66 555; 65 556; 61 556; 60 555; 55 555; 54 554; 46 554; 45 553; 44 553; 43 552; 30 552; 29 551; 25 551; 24 550; 22 550; 21 549; 19 549; 18 548
91; 563 548; 563 551; 562 552; 562 554; 561 555; 561 557; 560 558; 560 560; 559 561; 559 562; 551 570; 551 572; 550 573; 550 574; 549 575; 549 576; 547 578; 547 579; 546 580; 546 581; 543 584; 543 585; 538 590; 538 591; 537 592; 537 593; 536 594; 536 595; 535 596; 535 598; 536 599; 538 599; 539 598; 547 598; 548 597; 553 597; 554 596; 556 596; 557 597; 566 597; 567 596; 570 596; 571 595; 579 595; 580 594; 584 594; 585 595; 593 595; 595 593; 595 591; 594 590; 594 585; 592 583; 591 584; 590 584; 589 583; 588 583; 584 579; 584 577; 583 576; 583 575; 582 574; 582 573; 579 570; 579 569; 577 567; 577 566; 576 565; 576 564; 574 562; 574 561; 573 560; 573 559; 571 557; 571 555; 570 554; 570 553; 569 552; 569 551; 567 549; 566 549; 565 548
92; 997 569; 995 571; 995 577; 996 578; 996 581; 997 582; 997 585; 996 586; 996 589; 1000 589; 1001 590; 1005 590; 1006 589; 1006 588; 1008 586; 1011 586; 1012 587; 1013 587; 1014 588; 1015 588; 1018 591; 1019 591; 1020 592; 1023 592; 1023 582; 1022 582; 1020 580; 1019 580; 1017 578; 1015 578; 1014 577; 1012 577; 1011 576; 1010 576; 1009 575; 1008 575; 1007 574; 1006 574; 1004 572; 1003 572; 1001 570; 1000 570; 999 569
93; 722 564; 721 565; 720 565; 719 566; 718 566; 717 567; 708 567; 707 568; 699 568; 698 567; 697 567; 695 565; 692 565; 689 568; 688 568; 687 569; 685 569; 684 570; 682 570; 681 571; 679 571; 678 572; 677 572; 676 573; 669 573; 669 582; 670 582; 671 583; 672 583; 674 585; 675 585; 677 587; 677 588; 679 590; 679 591; 685 597; 685 598; 686 599; 686 600; 689 603; 690 603; 691 604; 691 605; 696 610; 696 611; 701 616; 705 616; 707 614; 707 612; 706 611; 706 606; 707 605; 707 603; 709 601; 709 600; 711 598; 711 597; 712 596; 712 595; 713 594; 713 592; 714 591; 714 590; 717 587; 717 586; 718 585; 718 584; 719 583; 719 582; 720 581; 720 580; 721 579; 721 578; 722 577; 722 576; 723 575; 723 574; 724 573; 724 572; 725 571; 725 569; 726 568; 726 565; 725 564
94; 641 556; 641 562; 640 563; 640 567; 639 568; 639 569; 632 576; 631 576; 630 577; 629 577; 627 579; 626 579; 625 580; 624 580; 621 583; 620 583; 619 584; 618 584; 617 585; 615 585; 614 586; 613 586; 612 587; 610 587; 609 588; 609 591; 610 591; 611 592; 612 592; 613 593; 616 593; 617 594; 618 594; 621 597; 622 597; 625 600; 625 601; 626 601; 627 602; 629 602; 630 603; 632 603; 633 604; 634 604; 635 605; 637 605; 638 606; 640 606; 641 607; 642 607; 644 609; 645 609; 649 613; 650 613; 652 615; 653 615; 654 616; 659 616; 660 615; 660 602; 661 601; 661 596; 662 595; 662 590; 663 589; 663 588; 664 587; 664 584; 665 583; 665 582; 666 581; 668 581; 668 573; 667 573; 665 571; 665 570; 664 569; 664 561; 663 560; 660 560; 659 561; 658 561; 657 562; 653 562; 652 561; 651 561; 649 559; 647 559; 646 558; 645 558; 644 557; 642 557
95; 885 572; 883 574; 882 574; 881 575; 873 575; 872 576; 868 576; 867 577; 859 577; 858 578; 855 578; 854 579; 852 579; 851 580; 844 580; 843 581; 836 581; 835 582; 835 586; 836 587; 837 587; 838 588; 839 588; 840 589; 841 589; 846 594; 846 595; 847 596; 847 598; 848 599; 848 600; 849 601; 850 601; 852 603; 853 603; 855 605; 855 606; 857 608; 857 609; 859 611; 859 612; 860 613; 861 613; 862 614; 863 614; 866 617; 866 618; 869 621; 870 621; 871 622; 875 622; 876 621; 876 620; 878 618; 878 616; 879 615; 879 610; 880 609; 880 608; 881 607; 881 606; 886 601; 886 587; 885 586
96; 898 570; 896 572; 894 572; 893 571; 887 571; 886 572; 886 586; 887 587; 887 601; 890 598; 891 598; 892 599; 892 601; 893 602; 893 603; 892 604; 892 608; 891 609; 891 611; 890 612; 890 614; 889 615; 889 616; 888 617; 888 621; 889 622; 894 622; 896 620; 897 620; 898 619; 899 619; 900 618; 902 618; 903 617; 906 617; 907 616; 910 616; 911 615; 914 615; 915 614; 916 614; 917 613; 921 613; 922 612; 925 612; 926 611; 927 611; 928 610; 929 610; 930 609; 932 609; 933 608; 937 608; 938 607; 942 607; 943 606; 945 606; 946 605; 947 605; 947 601; 943 597; 942 597; 941 596; 940 596; 939 595; 938 595; 934 591; 933 591; 931 589; 930 589; 926 585; 925 585; 921 581; 920 581; 919 580; 918 580; 916 578; 915 578; 911 574; 910 574; 908 572; 908 571; 907 570
97; 995 590; 993 592; 993 596; 994 597; 994 602; 993 603; 993 609; 992 610; 992 612; 991 613; 991 615; 990 616; 990 622; 991 623; 994 623; 995 622; 996 622; 997 621; 998 621; 1003 616; 1004 616; 1005 615; 1006 615; 1007 614; 1009 614; 1010 613; 1012 613; 1013 612; 1014 612; 1015 611; 1017 611; 1018 610; 1019 610; 1020 609; 1022 609; 1023 608; 1023 598; 1022 598; 1021 599; 1020 599; 1018 601; 1017 601; 1016 602; 1015 602; 1014 603; 1013 603; 1012 604; 1011 604; 1010 605; 1006 605; 1004 603; 1004 593; 1005 592; 1005 591; 1001 591; 1000 590
98; 507 582; 505 584; 505 585; 503 587; 503 588; 499 592; 499 593; 498 594; 498 595; 497 596; 497 597; 493 601; 493 602; 490 605; 490 606; 487 609; 487 610; 486 611; 486 612; 485 613; 485 614; 483 616; 483 617; 481 619; 481 620; 476 625; 476 626; 475 627; 475 629; 477 629; 478 630; 482 630; 483 629; 496 629; 497 628; 504 628; 505 629; 508 629; 509 630; 511 630; 512 629; 517 629; 518 628; 527 628; 528 629; 536 629; 536 624; 535 623; 534 623; 531 620; 531 619; 530 618; 530 617; 529 616; 529 615; 528 614; 528 613; 527 612; 527 610; 526 609; 526 606; 528 604; 528 601; 522 601; 520 599; 520 598; 518 596; 518 595; 514 591; 514 590; 513 589; 513 587; 512 586; 512 584; 510 582
99; 274 599; 273 600; 273 601; 272 602; 272 613; 271 614; 271 617; 270 618; 270 629; 269 630; 269 632; 270 633; 270 638; 269 639; 269 641; 268 642; 268 643; 267 644; 267 645; 266 646; 266 651; 268 653; 273 653; 277 649; 278 649; 279 648; 280 648; 281 647; 283 647; 284 646; 290 646; 291 647; 293 647; 294 646; 295 646; 295 645; 297 643; 297 642; 298 641; 299 641; 303 637; 304 637; 306 635; 307 635; 309 633; 310 633; 311 632; 314 632; 315 631; 318 631; 319 632; 320 632; 321 631; 321 630; 322 629; 322 625; 319 622; 315 622; 314 621; 311 621; 308 618; 307 618; 304 615; 303 615; 300 612; 299 612; 298 611; 296 611; 295 610; 293 610; 292 609; 291 609; 289 607; 288 607; 286 605; 285 605; 283 603; 282 603; 281 602; 280 602; 278 600; 277 600; 276 599
100; 5 618; 4 619; 0 619; 0 629; 2 629; 3 628; 7 628; 8 629; 16 629; 17 630; 20 630; 21 631; 22 631; 25 634; 25 635; 24 636; 24 637; 18 643; 17 643; 14 646; 13 646; 12 647; 10 647; 8 645; 8 644; 7 643; 7 641; 6 640; 6 639; 5 638; 5 637; 4 636; 4 635; 1 632; 0 632; 0 662; 1 662; 2 663; 2 666; 3 667; 3 668; 5 670; 8 670; 11 667; 11 666; 13 664; 13 663; 15 661; 15 659; 16 658; 16 657; 20 653; 21 653; 24 650; 25 650; 26 649; 28 649; 29 648; 30 648; 31 647; 31 645; 32 644; 32 642; 41 633; 41 632; 43 630; 43 629; 44 628; 44 623; 42 623; 41 622; 34 622; 33 623; 28 623; 27 622; 22 622; 21 621; 17 621; 16 620; 15 620; 14 619; 11 619; 10 618
101; 333 606; 332 607; 332 614; 331 615; 331 618; 330 619; 330 621; 329 622; 329 623; 325 627; 324 627; 323 626; 323 629; 322 630; 322 631; 321 632; 321 634; 322 635; 322 636; 324 638; 324 640; 325 641; 325 643; 324 644; 324 648; 323 649; 323 650; 322 651; 322 652; 321 653; 321 654; 320 655; 320 661; 321 662; 326 662; 327 661; 328 661; 331 658; 333 658; 334 657; 337 657; 338 656; 348 656; 349 655; 351 655; 353 653; 354 653; 356 651; 357 651; 360 648; 362 648; 363 647; 364 647; 365 646; 366 646; 367 645; 368 645; 369 644; 372 644; 373 643; 376 643; 378 641; 378 638; 377 638; 376 637; 375 637; 373 635; 372 635; 371 634; 371 633; 370 632; 369 632; 367 630; 365 630; 364 629; 363 629; 361 627; 360 627; 359 626; 358 626; 350 618; 349 618; 347 616; 346 616; 343 613; 343 612; 340 609; 340 608; 338 606
102; 211 665; 228 666; 240 657; 255 655; 255 651; 245 645; 238 637; 237 633; 228 626; 220 616; 209 611; 195 618
103; 195 618; 181 618; 164 623; 154 622; 152 624; 152 628; 164 637; 167 645; 179 654; 184 664; 190 669; 201 670; 211 665
104; 441 629; 439 631; 439 635; 440 636; 440 637; 441 638; 441 639; 443 641; 443 642; 444 643; 444 644; 445 645; 445 646; 446 647; 446 651; 447 652; 447 653; 446 654; 446 659; 447 659; 448 660; 449 660; 450 661; 450 662; 451 663; 451 664; 452 665; 452 667; 453 668; 453 669; 454 670; 454 671; 455 672; 455 676; 456 677; 456 679; 457 680; 458 680; 460 682; 461 682; 462 681; 462 680; 467 675; 468 675; 469 674; 469 673; 471 671; 471 670; 474 667; 474 666; 484 656; 484 655; 485 654; 485 653; 487 651; 487 650; 493 644; 494 644; 497 641; 497 636; 496 635; 495 635; 494 634; 491 634; 490 633; 482 633; 480 631; 478 631; 477 630; 475 630; 473 632; 465 632; 464 631; 459 631; 458 630; 448 630; 447 629
105; 422 638; 421 639; 420 639; 418 641; 418 642; 416 644; 416 645; 414 647; 414 649; 412 651; 412 652; 408 656; 408 657; 405 660; 404 660; 403 661; 399 661; 399 668; 398 669; 398 670; 397 671; 397 672; 396 673; 396 674; 395 675; 395 676; 392 679; 391 679; 390 680; 389 680; 389 681; 388 682; 388 685; 389 686; 390 686; 391 687; 399 687; 400 688; 406 688; 407 687; 409 687; 410 686; 416 686; 417 687; 419 687; 420 688; 422 688; 423 689; 429 689; 430 688; 439 688; 440 689; 447 689; 448 688; 448 683; 446 681; 446 680; 444 678; 444 677; 443 676; 443 675; 442 674; 442 672; 441 671; 441 670; 440 669; 440 665; 439 664; 439 662; 436 659; 436 658; 434 656; 434 655; 433 654; 433 653; 432 652; 432 651; 429 648; 429 647; 428 646; 428 643; 427 642; 427 640; 426 639; 425 639; 424 638
106; 190 670; 188 672; 187 672; 186 673; 181 673; 180 674; 171 674; 170 673; 166 673; 165 674; 164 674; 163 675; 163 678; 165 680; 166 680; 171 685; 171 686; 172 687; 172 689; 173 690; 173 692; 174 693; 174 694; 175 695; 175 696; 177 698; 177 699; 179 701; 179 702; 180 703; 180 704; 181 705; 181 707; 184 710; 184 711; 185 712; 185 713; 186 714; 186 715; 187 716; 187 718; 188 719; 188 721; 189 722; 189 723; 194 723; 197 720; 197 718; 198 717; 198 716; 199 715; 199 714; 200 713; 200 712; 201 711; 201 710; 208 703; 208 702; 209 701; 209 700; 210 699; 210 698; 214 694; 214 693; 215 692; 215 691; 216 690; 216 687; 217 686; 217 685; 220 682; 220 681; 223 678; 223 673; 221 671; 220 671; 219 670; 214 670; 213 671; 212 671; 211 672; 207 672; 206 673; 202 673; 201 672; 201 671; 196 671; 195 670
107; 830 658; 829 659; 828 659; 827 660; 827 661; 826 662; 826 663; 825 664; 825 666; 824 667; 824 668; 818 674; 817 674; 815 676; 814 676; 813 677; 813 679; 812 680; 812 681; 810 683; 810 684; 809 685; 809 686; 806 689; 805 689; 802 692; 802 693; 799 696; 798 696; 796 698; 795 698; 793 700; 793 707; 795 709; 797 709; 798 708; 808 708; 809 707; 813 707; 814 708; 816 708; 817 709; 818 709; 820 711; 820 715; 821 716; 823 716; 828 711; 831 711; 832 710; 835 710; 836 709; 838 709; 839 708; 841 708; 842 709; 844 709; 845 710; 847 710; 848 711; 853 711; 853 704; 852 703; 852 701; 850 699; 850 698; 849 697; 849 696; 848 695; 848 694; 846 692; 846 691; 845 690; 845 687; 844 686; 844 679; 843 678; 843 677; 842 676; 842 674; 841 673; 841 672; 839 670; 839 669; 838 668; 838 667; 837 666; 837 665; 836 664; 836 662; 835 661; 835 660; 833 658
108; 462 682; 461 683; 461 687; 466 692; 466 693; 467 694; 467 695; 468 696; 468 697; 469 698; 469 700; 470 701; 470 702; 471 703; 471 704; 472 705; 472 706; 474 708; 474 709; 476 711; 476 712; 477 713; 477 715; 478 716; 478 718; 483 723; 483 724; 484 725; 484 726; 485 727; 485 728; 486 729; 486 730; 489 733; 493 733; 496 730; 496 728; 497 727; 497 726; 498 725; 498 724; 499 723; 499 722; 501 720; 501 719; 502 718; 502 717; 503 716; 503 715; 504 714; 505 714; 506 713; 508 713; 509 712; 510 712; 511 711; 511 705; 512 704; 512 702; 513 701; 513 700; 515 698; 515 697; 517 695; 517 694; 518 693; 518 692; 519 691; 519 690; 520 689; 520 688; 522 686; 522 682; 501 682; 500 683; 498 683; 497 684; 493 684; 492 685; 472 685; 471 684; 469 684; 468 683; 463 683
109; 350 678; 349 679; 349 684; 350 685; 350 686; 349 687; 349 717; 350 718; 350 728; 349 729; 349 733; 350 734; 353 734; 354 733; 355 733; 357 731; 358 731; 362 727; 363 727; 365 725; 366 725; 369 722; 370 722; 371 721; 372 721; 373 720; 374 720; 376 718; 377 718; 378 717; 379 717; 380 716; 382 716; 390 708; 391 708; 392 707; 393 707; 394 706; 396 706; 397 705; 398 705; 399 704; 400 704; 403 701; 403 698; 402 697; 395 697; 394 696; 390 696; 389 695; 388 695; 386 693; 385 693; 382 690; 382 689; 380 687; 380 686; 379 685; 375 685; 374 686; 371 686; 370 685; 369 685; 368 684; 367 684; 366 683; 363 683; 362 682; 360 682; 359 681; 358 681; 357 680; 356 680; 355 679; 354 679; 353 678
110; 1013 669; 1013 670; 1012 671; 1012 674; 1013 675; 1013 678; 1014 679; 1013 680; 1013 683; 1012 684; 1012 685; 1011 686; 1011 687; 1008 690; 1008 692; 1007 693; 1007 699; 1006 700; 1006 703; 1005 704; 1005 707; 1004 708; 1004 709; 1003 710; 1003 711; 1001 713; 1001 714; 999 716; 999 717; 998 718; 998 719; 997 720; 997 725; 998 726; 998 727; 1000 727; 1002 725; 1003 725; 1005 723; 1007 723; 1008 722; 1009 722; 1010 721; 1011 721; 1012 720; 1013 720; 1014 719; 1016 719; 1017 718; 1020 718; 1021 717; 1022 718; 1023 718; 1023 706; 1018 706; 1017 705; 1017 698; 1018 697; 1018 693; 1019 692; 1019 691; 1022 688; 1023 688; 1023 672; 1021 672; 1018 669
111; 318 715; 317 716; 317 717; 316 718; 316 722; 315 723; 315 727; 314 728; 314 731; 313 732; 313 736; 312 737; 312 739; 311 740; 311 741; 310 742; 310 744; 309 745; 309 747; 308 748; 308 752; 307 753; 307 755; 305 757; 305 758; 304 759; 304 760; 303 761; 303 762; 299 766; 299 768; 300 769; 301 769; 302 770; 304 770; 306 768; 307 768; 308 767; 311 767; 312 766; 321 766; 322 765; 323 765; 324 764; 325 764; 326 763; 327 763; 328 762; 330 762; 331 761; 332 761; 333 760; 340 760; 341 759; 343 759; 344 758; 346 758; 347 757; 354 757; 355 756; 358 756; 359 755; 360 755; 360 752; 357 749; 356 749; 355 748; 354 748; 353 747; 352 747; 347 742; 347 741; 346 740; 346 739; 343 736; 343 728; 342 727; 340 727; 339 728; 334 728; 332 726; 332 725; 331 724; 330 724; 325 719; 325 718; 323 716; 322 716; 321 715
112; 303 724; 302 725; 299 725; 298 726; 297 726; 296 727; 295 727; 294 728; 293 728; 292 729; 288 729; 287 730; 278 730; 277 729; 273 729; 272 730; 272 731; 268 735; 266 735; 265 736; 264 736; 263 737; 261 737; 260 738; 252 738; 251 739; 250 739; 248 741; 248 743; 250 745; 251 745; 252 746; 253 746; 254 747; 255 747; 260 752; 260 753; 264 757; 265 757; 267 759; 268 759; 280 771; 280 772; 283 775; 283 776; 285 778; 286 778; 287 779; 289 779; 291 777; 291 776; 292 775; 292 774; 293 773; 293 771; 294 770; 294 769; 297 766; 297 756; 298 755; 298 754; 299 753; 299 752; 300 751; 300 750; 301 749; 301 748; 302 747; 302 741; 303 740; 303 739; 304 738; 304 737; 305 736; 305 735; 310 730; 310 729; 311 728; 311 726; 309 724
113; 862 716; 859 719; 859 720; 857 722; 857 723; 855 725; 855 726; 854 727; 854 728; 853 729; 853 730; 850 733; 850 734; 846 738; 846 739; 843 742; 843 743; 842 744; 842 745; 841 746; 841 748; 840 749; 840 751; 836 755; 836 756; 832 760; 832 761; 831 762; 831 764; 832 765; 837 765; 838 764; 842 764; 843 763; 848 763; 849 764; 851 764; 852 765; 873 765; 874 764; 881 764; 882 765; 884 765; 885 766; 887 766; 889 764; 889 759; 888 758; 888 757; 886 755; 886 754; 883 751; 883 750; 882 749; 882 748; 880 746; 880 745; 879 744; 879 739; 880 738; 880 736; 876 732; 875 732; 871 728; 871 727; 870 726; 870 722; 869 721; 869 720; 868 719; 868 718; 867 717; 866 717; 865 716
114; 771 729; 770 730; 768 730; 767 731; 764 731; 763 732; 762 732; 760 734; 759 734; 758 735; 757 735; 756 736; 754 736; 753 737; 751 737; 750 738; 747 738; 746 739; 743 739; 742 740; 736 740; 735 741; 734 741; 730 745; 721 745; 720 746; 719 746; 718 747; 716 747; 716 752; 717 751; 719 751; 720 752; 721 752; 722 753; 724 753; 726 755; 727 755; 735 763; 735 764; 736 765; 736 767; 737 768; 737 769; 738 770; 743 770; 744 771; 745 771; 747 773; 748 773; 756 781; 756 782; 758 784; 760 784; 762 782; 762 781; 763 780; 763 773; 764 772; 764 767; 765 766; 765 764; 766 763; 766 762; 767 761; 767 760; 768 759; 768 757; 770 755; 770 754; 771 753; 771 752; 772 751; 772 748; 773 747; 773 744; 774 743; 774 738; 775 737; 775 735; 776 734; 776 730; 775 729
115; 14 727; 12 729; 12 730; 11 731; 11 732; 10 733; 10 734; 8 736; 8 738; 7 739; 7 743; 6 744; 6 745; 5 746; 5 747; 4 748; 4 749; 1 752; 0 752; 0 777; 4 777; 5 776; 10 776; 11 777; 16 777; 17 778; 22 778; 22 777; 25 774; 26 774; 27 773; 28 773; 29 772; 31 772; 32 771; 41 771; 42 772; 47 772; 48 771; 48 768; 46 766; 45 766; 43 764; 42 764; 39 761; 39 760; 37 758; 37 757; 35 755; 35 754; 34 753; 34 751; 33 750; 33 749; 28 744; 28 743; 26 741; 26 740; 25 739; 25 738; 24 737; 24 736; 23 735; 23 734; 20 731; 20 730; 17 727
116; 655 742; 655 746; 656 747; 656 750; 661 755; 661 757; 662 758; 662 759; 663 760; 663 761; 664 762; 664 763; 665 764; 665 770; 666 771; 666 773; 667 774; 667 777; 668 778; 668 780; 669 781; 669 783; 670 784; 670 786; 671 787; 671 788; 670 789; 670 792; 672 794; 674 794; 678 790; 678 789; 685 782; 685 781; 687 779; 687 778; 690 775; 691 775; 697 769; 698 769; 699 768; 700 768; 700 767; 704 763; 706 763; 707 762; 706 761; 707 760; 707 759; 714 752; 715 752; 715 747; 709 747; 708 748; 702 748; 701 747; 697 747; 696 746; 694 746; 693 745; 692 745; 690 743; 676 743; 675 742; 665 742; 664 743; 662 743; 661 742
117; 815 740; 814 741; 813 741; 811 743; 810 743; 810 744; 800 754; 799 754; 797 756; 796 756; 791 761; 790 761; 782 769; 781 769; 780 770; 779 770; 778 771; 776 771; 775 772; 774 772; 770 776; 770 778; 771 778; 772 779; 776 779; 777 780; 779 780; 780 781; 782 781; 783 782; 785 782; 786 783; 787 783; 788 784; 789 784; 794 789; 796 789; 797 788; 803 788; 804 789; 805 789; 806 790; 810 790; 811 791; 813 791; 814 792; 815 792; 816 793; 817 793; 818 794; 821 794; 822 795; 825 795; 826 794; 826 792; 825 791; 825 790; 824 789; 824 787; 823 786; 823 777; 822 776; 822 769; 821 768; 821 762; 820 761; 820 760; 819 759; 819 741; 818 740
118; 644 742; 643 743; 643 744; 642 745; 642 748; 641 749; 641 750; 632 759; 631 759; 630 760; 627 760; 626 761; 625 761; 625 762; 624 763; 624 765; 623 766; 623 767; 621 769; 621 770; 620 771; 620 772; 617 775; 617 776; 612 781; 611 781; 610 782; 609 782; 608 783; 607 783; 606 784; 606 786; 607 787; 608 787; 609 788; 629 788; 630 789; 633 789; 634 790; 636 790; 637 791; 638 791; 639 792; 651 792; 652 793; 654 793; 655 794; 656 794; 658 796; 659 796; 660 797; 664 797; 668 793; 668 791; 667 791; 663 787; 663 786; 662 785; 662 784; 661 783; 661 782; 660 781; 660 778; 659 777; 659 775; 658 774; 658 772; 657 771; 657 766; 656 765; 656 761; 655 760; 655 758; 654 757; 654 752; 655 751; 655 747; 654 746; 654 742; 653 743; 651 743; 650 742
119; 106 750; 105 751; 104 751; 103 752; 103 753; 98 758; 97 758; 96 759; 95 759; 93 761; 92 761; 90 763; 89 763; 88 764; 87 764; 86 765; 85 765; 80 770; 79 770; 72 777; 71 777; 67 781; 66 781; 61 786; 61 788; 62 789; 63 789; 64 790; 69 790; 70 791; 77 791; 78 792; 79 792; 80 793; 81 793; 83 795; 83 799; 88 799; 89 798; 91 798; 92 799; 94 799; 95 800; 100 800; 101 801; 104 801; 105 802; 106 802; 107 803; 108 803; 109 804; 110 804; 111 805; 114 805; 116 803; 116 798; 115 797; 115 793; 114 792; 114 791; 113 790; 113 785; 112 784; 112 768; 111 767; 111 765; 110 764; 110 763; 109 762; 109 758; 110 757; 110 756; 111 755; 111 752; 109 750
120; 392 760; 391 761; 391 765; 392 766; 392 779; 393 780; 393 788; 394 789; 394 790; 395 791; 395 793; 396 794; 396 804; 394 806; 392 806; 392 809; 391 810; 391 814; 392 814; 393 815; 398 815; 399 814; 403 814; 403 813; 408 808; 409 808; 411 806; 412 806; 415 803; 416 803; 421 798; 422 798; 424 796; 425 796; 427 794; 428 794; 440 782; 441 782; 442 781; 443 781; 446 778; 446 776; 444 774; 441 774; 440 773; 431 773; 430 772; 427 772; 426 771; 425 771; 424 770; 423 770; 421 768; 419 768; 418 767; 408 767; 407 766; 405 766; 404 765; 402 765; 400 763; 399 763; 398 762; 397 762; 395 760
121; 708 762; 707 763; 707 765; 706 766; 706 771; 704 773; 704 774; 702 776; 702 777; 698 781; 698 782; 696 784; 696 785; 694 787; 693 787; 693 789; 690 792; 690 794; 689 795; 689 796; 688 797; 688 798; 686 800; 686 801; 683 804; 683 805; 682 806; 682 810; 712 810; 713 809; 722 809; 723 808; 728 808; 729 809; 730 809; 731 810; 732 810; 734 812; 735 812; 736 813; 738 813; 740 811; 741 811; 741 806; 740 805; 740 804; 736 800; 736 799; 733 796; 733 795; 732 794; 732 792; 731 791; 731 789; 730 788; 730 787; 729 786; 729 785; 728 784; 728 782; 727 781; 727 780; 720 773; 720 772; 719 771; 719 770; 718 769; 718 768; 717 767; 717 766; 716 765; 716 764; 714 762
122; 17 779; 16 780; 16 781; 15 782; 15 783; 14 784; 14 785; 8 791; 7 791; 4 794; 3 794; 2 795; 0 795; 0 809; 1 809; 2 808; 3 808; 11 800; 12 800; 13 799; 16 799; 18 801; 18 802; 20 804; 20 805; 21 806; 21 808; 22 809; 22 811; 23 812; 23 818; 21 820; 18 820; 17 819; 14 819; 13 818; 11 818; 10 817; 3 817; 2 816; 0 816; 0 825; 5 825; 6 826; 9 826; 10 827; 11 827; 12 828; 14 828; 15 829; 17 829; 18 830; 20 830; 21 831; 23 831; 24 832; 25 832; 26 833; 27 832; 35 832; 35 823; 34 822; 34 819; 33 818; 33 807; 32 806; 32 805; 30 803; 30 802; 29 801; 29 799; 28 798; 28 797; 27 796; 27 794; 26 793; 26 792; 25 791; 25 788; 24 787; 24 786; 23 785; 23 781; 22 780; 22 779
123; 363 770; 360 773; 360 776; 359 777; 359 778; 358 779; 358 780; 355 783; 355 784; 353 786; 353 787; 352 788; 352 789; 351 790; 351 791; 350 792; 350 794; 349 795; 349 796; 347 798; 347 799; 346 800; 346 801; 345 802; 345 804; 344 805; 344 807; 340 811; 340 813; 346 819; 346 820; 348 818; 353 818; 354 817; 360 817; 361 818; 362 818; 364 820; 367 820; 368 819; 369 819; 371 817; 372 817; 373 816; 374 816; 375 815; 376 815; 377 814; 381 814; 382 813; 390 813; 390 810; 391 809; 391 805; 390 805; 385 800; 385 799; 384 798; 384 797; 383 796; 383 794; 382 793; 382 792; 376 786; 376 785; 375 784; 375 782; 374 781; 374 780; 373 779; 373 777; 366 770
124; 979 770; 978 771; 977 771; 975 773; 974 773; 973 774; 973 775; 971 777; 971 778; 966 783; 965 783; 963 785; 963 786; 960 789; 960 790; 957 793; 956 793; 949 800; 949 801; 943 807; 942 807; 938 811; 938 812; 941 815; 942 815; 943 814; 954 814; 955 815; 957 815; 958 816; 960 816; 961 817; 963 817; 964 818; 971 818; 972 819; 983 819; 984 820; 986 820; 990 824; 995 824; 996 823; 997 823; 997 818; 996 817; 996 816; 995 815; 995 813; 994 812; 994 806; 993 805; 993 800; 995 798; 995 796; 989 790; 989 789; 987 787; 987 786; 985 784; 985 783; 984 782; 984 780; 983 779; 983 774; 982 773; 982 771; 981 770
125; 925 799; 924 800; 922 800; 921 801; 919 801; 918 802; 914 802; 913 803; 910 803; 909 804; 906 804; 905 805; 900 805; 899 806; 896 806; 895 807; 894 807; 893 808; 892 808; 891 809; 889 809; 888 810; 876 810; 875 811; 874 811; 872 813; 872 815; 876 819; 877 819; 884 826; 884 827; 885 828; 885 829; 887 831; 888 831; 890 833; 891 833; 896 838; 897 838; 903 844; 903 845; 904 846; 904 847; 905 848; 905 849; 906 850; 906 851; 907 852; 907 853; 912 853; 913 852; 913 850; 914 849; 914 842; 916 840; 916 839; 919 836; 919 835; 921 833; 921 832; 922 831; 923 831; 925 829; 925 827; 926 826; 926 821; 928 819; 930 819; 930 815; 929 814; 929 810; 930 809; 930 808; 931 807; 931 806; 932 805; 932 804; 933 803; 933 800; 932 799
126; 761 797; 759 799; 759 800; 757 802; 757 803; 751 809; 750 809; 749 810; 748 810; 747 811; 746 811; 745 812; 740 812; 738 814; 738 816; 736 818; 736 819; 734 821; 734 822; 729 827; 728 827; 726 829; 724 829; 722 831; 721 831; 720 832; 720 834; 719 835; 719 837; 718 838; 718 839; 717 840; 721 840; 722 841; 725 841; 726 842; 727 841; 734 841; 735 842; 736 842; 737 843; 738 843; 739 844; 745 844; 746 845; 749 845; 750 846; 754 846; 755 847; 758 847; 760 849; 761 849; 763 851; 764 851; 765 852; 767 852; 768 853; 770 853; 772 851; 772 848; 771 847; 771 831; 772 830; 772 827; 771 826; 771 823; 770 822; 770 820; 769 819; 769 814; 768 813; 768 812; 767 811; 767 810; 766 809; 766 799; 764 797
127; 428 810; 427 811; 425 811; 424 812; 422 812; 421 813; 415 813; 414 814; 412 814; 411 815; 408 815; 407 816; 406 815; 399 815; 398 816; 394 816; 395 817; 394 818; 394 819; 393 820; 392 820; 391 821; 390 821; 389 822; 387 822; 386 823; 384 823; 383 824; 380 824; 379 825; 376 825; 375 826; 374 826; 373 827; 373 830; 374 831; 375 831; 377 833; 379 833; 380 834; 381 834; 382 835; 383 835; 385 837; 385 838; 386 839; 386 841; 387 842; 387 843; 388 843; 389 844; 390 844; 391 845; 392 845; 406 859; 406 860; 408 862; 408 863; 409 864; 412 864; 413 863; 413 860; 414 859; 414 856; 416 854; 416 853; 417 852; 417 851; 418 850; 418 849; 419 848; 419 847; 424 842; 425 842; 425 839; 424 838; 424 835; 425 834; 425 832; 426 831; 426 829; 427 828; 427 825; 428 824; 428 822; 429 821; 429 820; 431 818; 431 817; 433 815; 433 812; 431 810
128; 937 812; 935 814; 933 814; 932 815; 931 815; 931 821; 932 822; 932 825; 931 826; 931 827; 929 829; 926 829; 924 831; 924 836; 925 837; 925 838; 927 840; 928 840; 930 842; 930 843; 931 844; 931 846; 932 847; 932 852; 933 853; 933 860; 932 861; 932 863; 931 864; 931 865; 930 866; 930 869; 931 870; 934 870; 935 869; 936 869; 938 867; 939 867; 940 866; 942 866; 943 865; 944 866; 946 866; 947 865; 948 865; 950 863; 950 862; 954 858; 955 858; 957 856; 958 856; 960 854; 961 854; 963 852; 964 852; 966 850; 967 850; 968 849; 969 849; 971 847; 972 847; 973 846; 974 846; 975 845; 976 845; 977 844; 978 844; 979 843; 981 843; 982 842; 983 842; 983 840; 982 840; 981 839; 980 839; 979 838; 978 838; 977 837; 976 837; 974 835; 973 835; 971 833; 970 833; 968 831; 967 831; 964 828; 962 828; 961 827; 959 827; 958 826; 957 826; 955 824; 953 824; 952 823; 950 823; 949 822; 947 822; 946 821; 944 821; 942 819; 941 819; 940 818; 940 815
129; 339 812; 336 815; 335 815; 333 817; 333 818; 332 819; 332 824; 333 825; 333 835; 332 836; 332 838; 331 839; 331 846; 330 847; 330 850; 332 852; 332 853; 333 854; 333 859; 332 860; 332 863; 331 864; 331 866; 330 867; 330 871; 329 872; 329 875; 331 877; 334 877; 337 874; 338 874; 342 870; 343 870; 344 869; 345 869; 347 867; 348 867; 349 866; 351 866; 352 865; 353 865; 354 864; 355 864; 357 862; 358 862; 360 860; 361 860; 362 859; 363 859; 364 858; 365 858; 368 855; 369 855; 371 853; 373 853; 374 852; 376 852; 377 851; 378 851; 381 848; 382 848; 383 847; 383 844; 382 844; 381 843; 377 843; 376 842; 375 842; 374 841; 373 841; 372 840; 371 840; 368 837; 367 837; 366 836; 365 836; 364 835; 363 835; 362 834; 361 834; 360 833; 358 833; 357 832; 356 832; 355 831; 354 831; 353 830; 352 830; 351 829; 349 829; 348 828; 347 828; 344 825; 344 822; 345 821; 345 819; 339 813
130; 502 845; 496 851; 479 853; 496 885; 497 903; 501 902; 502 905; 517 906; 521 903; 522 892; 517 888; 517 885; 529 870
131; 529 870; 541 876; 545 856; 552 845; 553 835; 559 826; 558 821; 554 820; 549 824; 528 831; 504 836; 501 839; 502 845
132; 875 831; 874 832; 870 832; 869 833; 868 833; 867 834; 866 834; 865 835; 858 835; 857 834; 852 834; 851 835; 850 835; 849 836; 848 836; 847 837; 846 837; 845 838; 844 838; 843 839; 842 839; 841 840; 840 840; 839 841; 830 841; 829 842; 824 842; 823 843; 822 843; 822 846; 825 849; 826 849; 827 850; 828 850; 831 853; 832 853; 833 854; 833 855; 835 857; 835 859; 836 860; 836 861; 840 865; 840 866; 851 877; 851 878; 853 880; 853 881; 854 882; 854 883; 858 887; 859 887; 859 886; 860 885; 860 883; 859 882; 859 881; 860 880; 860 877; 861 876; 861 873; 862 872; 862 871; 863 870; 863 869; 867 865; 867 864; 868 863; 868 862; 869 861; 869 857; 870 856; 870 855; 871 854; 871 853; 872 852; 872 851; 873 850; 873 849; 875 847; 875 846; 876 845; 876 843; 877 842; 877 840; 881 836; 881 835; 882 834; 882 832; 881 831
133; 25 838; 16 840; 0 836; 0 849; 2 850; 3 864; 0 867; 0 889; 15 882; 22 882; 30 884
134; 30 884; 34 891; 40 892; 55 874; 51 867; 51 863; 63 839; 63 832; 41 835; 27 833; 25 838
135; 716 841; 716 846; 717 847; 717 848; 719 850; 719 860; 718 861; 718 868; 717 869; 717 873; 718 874; 718 875; 719 876; 719 878; 720 879; 720 881; 721 882; 721 893; 720 894; 720 898; 721 899; 724 899; 732 891; 733 891; 735 889; 736 889; 741 884; 742 884; 745 881; 746 881; 752 875; 753 875; 754 874; 755 874; 756 873; 757 873; 759 871; 760 871; 763 868; 764 868; 769 863; 769 861; 767 859; 766 859; 765 858; 763 858; 762 857; 759 857; 758 856; 756 856; 755 855; 753 855; 752 854; 751 854; 750 853; 746 853; 745 852; 740 852; 739 851; 738 851; 737 850; 736 850; 735 849; 732 849; 731 848; 729 848; 725 844; 725 842; 722 842; 721 841
136; 998 850; 997 851; 996 851; 995 852; 994 852; 993 853; 992 853; 991 854; 984 854; 983 855; 981 855; 980 856; 978 856; 977 857; 976 857; 975 858; 973 858; 972 859; 971 859; 970 860; 968 860; 966 862; 964 862; 963 863; 961 863; 960 864; 950 864; 948 866; 947 866; 946 867; 946 868; 948 870; 949 870; 950 871; 952 871; 953 872; 954 872; 956 874; 957 874; 959 876; 959 878; 960 879; 960 882; 961 883; 979 883; 981 885; 981 886; 982 887; 982 895; 981 896; 981 899; 982 900; 985 900; 987 898; 987 896; 988 895; 988 894; 989 893; 989 891; 990 890; 990 885; 991 884; 991 882; 992 881; 992 879; 995 876; 998 876; 998 874; 997 873; 997 869; 998 868; 998 865; 999 864; 999 862; 1000 861; 1000 860; 1001 859; 1001 858; 1003 856; 1003 855; 1004 854; 1004 850
137; 628 848; 627 849; 625 849; 624 850; 622 850; 621 851; 615 851; 614 852; 608 852; 607 853; 606 853; 605 854; 604 854; 603 855; 602 855; 601 856; 600 856; 599 857; 597 857; 596 858; 593 858; 592 859; 589 859; 588 860; 582 860; 581 861; 578 861; 577 862; 576 862; 575 863; 575 865; 578 868; 579 868; 580 869; 581 869; 585 873; 585 874; 586 875; 586 876; 588 878; 588 879; 590 881; 590 883; 591 884; 591 885; 593 885; 595 887; 596 887; 603 894; 603 895; 610 902; 613 902; 613 901; 614 900; 614 899; 615 898; 615 897; 616 896; 616 893; 617 892; 617 889; 618 888; 618 887; 619 886; 619 884; 620 883; 620 882; 621 881; 621 880; 622 879; 622 877; 623 876; 623 872; 624 871; 624 870; 625 869; 625 863; 626 862; 626 861; 627 860; 627 859; 628 858; 628 857; 631 854; 631 853; 632 852; 632 848
138; 912 859; 910 861; 909 861; 906 864; 905 864; 903 866; 902 866; 900 868; 899 868; 898 869; 896 869; 895 870; 894 870; 893 871; 892 871; 890 873; 889 873; 887 875; 886 875; 885 876; 884 876; 883 877; 882 877; 881 878; 880 878; 879 879; 878 879; 877 880; 876 880; 875 881; 874 881; 873 882; 872 882; 871 883; 869 883; 868 884; 866 884; 865 885; 861 885; 860 886; 860 888; 862 890; 864 890; 865 891; 868 891; 869 892; 871 892; 873 894; 874 894; 876 896; 877 896; 880 899; 881 899; 882 900; 883 900; 884 901; 885 901; 886 902; 888 902; 889 903; 890 903; 892 905; 893 905; 894 906; 896 906; 897 907; 898 907; 899 908; 900 908; 902 910; 903 910; 905 912; 906 912; 907 913; 908 913; 910 915; 913 915; 914 914; 914 912; 913 911; 913 902; 914 901; 914 892; 915 891; 915 888; 916 887; 916 882; 915 881; 915 876; 916 875; 916 873; 917 872; 917 861; 916 860; 916 859
139; 465 863; 464 864; 464 873; 463 874; 463 876; 462 877; 462 880; 461 881; 461 883; 460 884; 460 887; 459 888; 459 889; 458 890; 458 891; 457 892; 457 893; 456 894; 456 896; 455 897; 455 898; 453 900; 453 901; 452 902; 452 903; 451 904; 451 906; 450 907; 450 909; 449 910; 449 911; 448 912; 448 916; 449 917; 453 917; 454 916; 455 916; 456 915; 457 915; 459 913; 462 913; 463 912; 465 912; 466 911; 470 911; 471 910; 480 910; 481 911; 485 911; 485 910; 489 906; 490 906; 491 905; 492 905; 493 904; 495 904; 496 903; 496 893; 495 892; 495 885; 492 882; 490 882; 488 880; 487 880; 483 876; 482 876; 481 875; 480 875; 472 867; 472 866; 469 863
140; 40 902; 31 915; 36 920; 36 927; 44 937; 47 935; 51 936; 62 943; 67 943; 63 916
141; 63 916; 66 914; 72 918; 72 912; 75 907; 74 905; 81 898; 91 892; 93 887; 68 881; 56 874; 40 893; 40 902
142; 564 870; 563 871; 562 871; 561 872; 560 872; 559 873; 558 873; 556 875; 555 875; 553 877; 552 877; 551 878; 549 878; 548 879; 542 879; 539 882; 539 883; 537 885; 536 885; 534 887; 533 887; 532 888; 531 888; 529 890; 528 890; 527 891; 525 891; 524 892; 523 892; 523 897; 522 898; 522 904; 523 904; 524 905; 525 905; 529 909; 530 909; 532 911; 532 912; 534 914; 534 915; 539 915; 540 916; 542 916; 543 917; 545 917; 546 918; 547 918; 549 920; 550 920; 554 924; 558 924; 560 922; 560 920; 561 919; 561 907; 562 906; 562 901; 563 900; 563 898; 564 897; 564 893; 565 892; 565 887; 564 886; 564 879; 565 878; 565 877; 568 874; 568 872; 566 870
143; 444 887; 443 888; 442 888; 441 889; 440 889; 439 890; 438 890; 437 891; 436 891; 435 892; 425 892; 424 891; 421 891; 420 892; 419 892; 416 895; 415 895; 414 896; 412 896; 411 897; 410 897; 409 898; 407 898; 406 899; 399 899; 398 900; 396 900; 395 901; 394 901; 393 902; 392 902; 392 905; 396 909; 397 909; 401 913; 402 913; 403 914; 403 915; 405 917; 405 918; 407 920; 407 921; 412 926; 413 926; 414 927; 415 927; 421 933; 421 934; 424 937; 424 938; 426 940; 426 941; 429 941; 430 940; 430 938; 431 937; 431 933; 432 932; 432 931; 433 930; 433 929; 434 928; 434 927; 435 926; 435 924; 436 923; 436 922; 437 921; 437 920; 438 919; 438 918; 439 917; 439 915; 440 914; 440 913; 442 911; 442 909; 443 908; 443 904; 444 903; 444 900; 447 897; 447 896; 449 894; 449 892; 450 891; 450 889; 448 887
144; 956 886; 953 889; 953 890; 952 891; 952 892; 951 893; 951 894; 950 895; 950 896; 948 898; 948 899; 947 900; 947 902; 946 903; 946 904; 945 905; 945 907; 944 908; 944 910; 943 911; 943 912; 942 913; 942 914; 941 915; 941 917; 940 918; 940 921; 939 922; 939 924; 938 925; 938 927; 937 928; 937 929; 936 930; 936 932; 935 933; 935 934; 933 936; 933 937; 934 937; 935 938; 937 938; 939 936; 941 936; 942 935; 943 935; 944 934; 947 934; 948 933; 959 933; 960 932; 962 932; 963 931; 967 931; 968 930; 970 930; 971 929; 973 929; 974 928; 978 928; 979 927; 984 927; 985 926; 992 926; 993 925; 994 925; 994 920; 992 920; 991 919; 988 919; 986 917; 985 917; 983 915; 983 914; 982 913; 982 912; 981 911; 981 909; 980 908; 980 907; 979 906; 979 904; 977 902; 975 902; 974 901; 973 901; 968 896; 967 896; 963 892; 963 891; 962 890; 962 889; 961 888; 961 887; 960 886
145; 374 893; 371 896; 371 897; 370 898; 370 899; 367 902; 367 903; 365 905; 365 906; 363 908; 363 909; 360 912; 359 912; 357 914; 357 917; 356 918; 356 919; 355 920; 355 921; 354 922; 354 923; 352 925; 352 927; 350 929; 350 930; 348 932; 348 933; 346 935; 346 936; 342 940; 342 943; 346 943; 347 942; 350 942; 351 941; 372 941; 373 940; 377 940; 378 941; 381 941; 382 940; 401 940; 401 937; 398 934; 398 933; 396 931; 396 930; 395 929; 395 928; 393 926; 393 925; 392 924; 392 921; 391 920; 391 919; 389 917; 389 916; 388 915; 388 914; 385 911; 385 910; 384 909; 384 904; 382 902; 382 901; 380 899; 380 898; 379 897; 379 896; 378 895; 378 894; 377 893
146; 103 906; 102 907; 99 907; 98 908; 92 908; 91 909; 87 909; 86 910; 84 910; 83 909; 79 909; 78 908; 75 908; 74 909; 74 911; 73 912; 73 919; 80 926; 80 931; 81 932; 81 933; 82 934; 82 935; 83 936; 83 937; 84 938; 84 939; 86 941; 86 942; 88 944; 88 945; 90 947; 90 948; 92 950; 92 951; 93 952; 93 954; 94 955; 97 955; 98 954; 99 954; 99 953; 100 952; 100 951; 102 949; 102 948; 103 947; 103 946; 104 945; 104 944; 105 943; 105 942; 106 941; 106 940; 107 939; 107 937; 109 935; 109 934; 111 932; 112 932; 113 931; 114 931; 115 930; 115 929; 116 928; 116 927; 117 926; 117 925; 121 921; 121 920; 123 918; 123 917; 126 914; 126 913; 128 911; 128 908; 127 907; 126 907; 125 906; 121 906; 120 907; 117 907; 116 906
147; 502 906; 500 908; 499 908; 497 910; 496 910; 493 913; 491 913; 490 914; 485 914; 485 917; 484 918; 484 919; 477 926; 476 926; 473 929; 472 929; 471 930; 470 930; 469 931; 468 931; 468 936; 471 936; 472 937; 473 937; 475 939; 481 939; 482 940; 484 940; 485 941; 487 941; 488 942; 489 942; 490 943; 491 943; 494 946; 494 947; 495 948; 495 949; 503 949; 504 950; 505 950; 506 951; 507 951; 508 952; 509 952; 512 955; 516 955; 516 954; 517 953; 517 946; 516 945; 516 908; 517 907; 510 907; 509 906
148; 864 918; 863 919; 862 919; 861 920; 861 924; 864 927; 864 928; 866 930; 866 931; 867 932; 867 933; 868 934; 868 941; 869 942; 869 944; 870 945; 870 953; 871 954; 871 956; 873 958; 873 959; 874 960; 874 964; 875 965; 875 971; 877 973; 879 973; 882 970; 882 969; 883 968; 883 967; 888 962; 888 961; 891 958; 891 957; 899 949; 900 949; 901 948; 902 948; 903 947; 904 947; 906 945; 907 945; 909 947; 909 945; 915 939; 914 938; 914 937; 913 936; 913 931; 916 928; 916 926; 914 926; 913 925; 910 925; 909 924; 900 924; 899 923; 893 923; 892 922; 890 922; 889 921; 887 921; 886 920; 883 920; 882 921; 873 921; 872 920; 871 920; 870 919; 867 919; 866 918
149; 265 924; 264 925; 264 929; 265 930; 265 931; 266 932; 266 933; 267 934; 267 935; 269 937; 269 938; 270 939; 270 940; 271 941; 271 948; 272 949; 272 950; 276 954; 276 955; 277 956; 277 957; 278 958; 278 959; 279 960; 279 961; 281 963; 281 964; 283 966; 283 972; 284 973; 284 975; 285 976; 286 976; 287 977; 289 977; 291 975; 291 974; 292 973; 292 972; 293 971; 293 969; 295 967; 295 966; 305 956; 305 955; 306 954; 306 952; 307 951; 307 949; 308 948; 308 947; 309 946; 309 945; 311 943; 311 942; 312 941; 312 940; 313 939; 313 938; 314 937; 314 936; 320 930; 320 929; 321 928; 321 926; 320 925; 290 925; 289 926; 286 926; 285 927; 283 927; 282 928; 275 928; 274 927; 273 927; 272 926; 270 926; 269 925; 268 925; 267 924
150; 633 927; 632 928; 621 928; 620 929; 613 929; 612 930; 606 930; 605 931; 591 931; 590 932; 586 932; 585 933; 584 933; 584 936; 586 938; 586 939; 590 943; 590 944; 591 945; 591 946; 592 947; 592 951; 593 952; 593 958; 594 958; 595 959; 596 959; 600 963; 600 964; 603 967; 603 968; 604 969; 604 970; 605 971; 605 972; 606 973; 606 974; 608 976; 608 977; 609 978; 613 978; 614 977; 615 977; 615 976; 617 974; 617 971; 618 970; 618 969; 619 968; 619 967; 621 965; 621 964; 622 963; 622 962; 623 961; 623 960; 625 958; 625 957; 627 955; 627 954; 628 953; 628 952; 630 950; 630 949; 632 947; 632 945; 633 944; 633 942; 635 940; 635 939; 637 937; 637 936; 638 935; 638 934; 639 933; 639 932; 640 931; 640 930; 641 929; 641 927
151; 30 916; 28 918; 27 918; 24 921; 23 921; 21 923; 20 923; 18 925; 18 926; 17 927; 16 927; 15 928; 14 928; 13 929; 12 929; 12 930; 11 931; 11 934; 10 935; 10 936; 9 937; 9 938; 7 940; 7 941; 5 943; 4 943; 3 944; 2 944; 1 945; 0 945; 0 961; 1 962; 3 962; 6 965; 7 965; 12 970; 13 970; 14 971; 16 971; 17 972; 18 972; 19 973; 20 973; 22 975; 23 975; 29 981; 34 981; 36 979; 36 971; 37 970; 37 964; 38 963; 38 959; 39 958; 39 945; 40 944; 40 943; 41 942; 41 941; 43 939; 43 937; 39 933; 39 932; 37 930; 37 929; 35 927; 35 920; 31 916
152; 442 932; 442 939; 443 940; 443 952; 442 953; 442 964; 441 965; 441 967; 440 968; 440 969; 444 973; 444 975; 445 976; 445 985; 446 985; 448 983; 449 983; 451 981; 452 981; 454 979; 455 979; 457 977; 458 977; 460 975; 461 975; 463 973; 464 973; 466 971; 467 971; 469 969; 471 969; 472 968; 473 968; 480 961; 482 961; 483 960; 484 960; 485 959; 487 959; 490 956; 491 956; 493 954; 493 953; 494 952; 494 950; 487 950; 486 949; 484 949; 483 948; 482 948; 481 947; 480 947; 478 945; 477 945; 476 944; 476 943; 475 942; 475 940; 473 938; 472 938; 471 937; 468 937; 467 936; 466 937; 465 937; 464 938; 461 938; 460 937; 454 937; 453 936; 452 936; 451 935; 450 935; 449 934; 447 934; 445 932
153; 933 938; 930 941; 929 941; 928 942; 921 942; 920 941; 918 941; 917 940; 915 940; 910 945; 910 948; 912 950; 912 951; 913 952; 913 953; 914 954; 914 975; 915 976; 915 984; 916 985; 916 991; 918 993; 922 993; 931 984; 931 983; 938 976; 942 976; 943 977; 945 977; 946 976; 946 974; 945 973; 945 970; 951 964; 952 964; 954 962; 955 962; 963 954; 964 954; 965 953; 965 949; 964 948; 952 948; 951 947; 950 947; 949 946; 948 946; 947 945; 946 945; 945 944; 944 944; 943 943; 939 943; 938 942; 937 942; 936 941; 936 939; 935 939; 934 938
154; 181 941; 180 942; 179 942; 178 943; 178 944; 177 945; 177 947; 176 948; 176 949; 167 958; 166 958; 165 959; 164 959; 163 960; 162 960; 161 961; 160 961; 160 967; 155 972; 154 972; 150 976; 149 976; 147 978; 146 978; 143 981; 143 982; 142 983; 142 986; 143 987; 144 987; 145 988; 148 988; 149 989; 152 989; 153 988; 156 988; 157 989; 164 989; 165 990; 171 990; 172 991; 181 991; 182 990; 186 990; 187 991; 189 991; 191 993; 192 993; 193 994; 194 994; 195 995; 199 995; 201 993; 201 991; 200 990; 200 988; 199 987; 199 986; 198 985; 198 983; 197 982; 197 979; 196 978; 196 975; 195 974; 195 973; 194 972; 194 970; 193 969; 193 968; 192 967; 192 965; 191 964; 191 962; 190 961; 190 959; 189 958; 189 953; 187 951; 187 950; 186 949; 186 948; 185 947; 185 944; 184 943; 184 942; 183 941
155; 53 955; 51 957; 51 960; 52 961; 52 962; 53 963; 53 965; 54 966; 54 971; 55 972; 55 977; 54 978; 54 980; 53 981; 53 983; 55 985; 56 985; 57 986; 57 987; 58 988; 58 998; 59 999; 59 1008; 61 1008; 62 1009; 63 1009; 64 1010; 67 1010; 69 1008; 69 1007; 70 1006; 70 1005; 71 1004; 71 1003; 73 1001; 73 1000; 75 998; 76 998; 80 994; 81 994; 84 991; 84 990; 86 988; 87 988; 92 983; 93 983; 96 980; 96 979; 102 973; 103 973; 108 968; 108 966; 107 965; 106 965; 105 964; 95 964; 94 963; 92 963; 91 962; 88 962; 87 961; 77 961; 76 960; 72 960; 71 959; 69 959; 68 958; 65 958; 64 957; 63 957; 62 956; 60 956; 59 955
156; 428 952; 415 965; 414 965; 412 967; 411 967; 409 969; 408 969; 407 970; 406 970; 404 972; 404 973; 397 980; 396 980; 394 982; 393 982; 390 985; 389 985; 388 986; 387 986; 385 988; 385 993; 386 994; 386 995; 395 995; 396 996; 399 996; 400 997; 401 997; 402 998; 403 998; 407 1002; 408 1002; 409 1003; 414 1003; 415 1002; 417 1002; 418 1003; 421 1003; 422 1004; 426 1004; 427 1005; 432 1005; 433 1006; 435 1006; 436 1007; 439 1007; 440 1006; 440 1005; 441 1004; 441 1001; 440 1000; 440 996; 439 995; 439 992; 440 991; 440 989; 444 985; 444 976; 443 975; 443 973; 439 969; 438 970; 437 970; 434 967; 434 957; 433 956; 433 955; 432 954; 432 953; 431 952
157; 733 953; 732 954; 731 954; 730 955; 730 956; 728 958; 728 959; 727 960; 727 961; 722 966; 722 967; 717 972; 716 972; 713 975; 712 975; 709 978; 709 979; 708 980; 708 981; 705 984; 704 984; 696 992; 696 993; 692 997; 692 1000; 693 1001; 699 1001; 700 1000; 704 1000; 705 1001; 710 1001; 711 1002; 716 1002; 717 1003; 735 1003; 736 1004; 740 1004; 741 1005; 742 1005; 743 1006; 744 1006; 745 1007; 749 1007; 750 1006; 751 1006; 753 1004; 753 999; 751 997; 751 996; 750 995; 750 994; 749 993; 749 991; 748 990; 748 989; 746 987; 746 981; 747 980; 747 977; 743 973; 743 972; 742 971; 742 970; 741 969; 741 968; 739 966; 739 965; 738 964; 738 962; 737 961; 737 957; 736 956; 736 954; 735 953
158; 774 981; 770 985; 770 987; 769 988; 769 989; 768 990; 768 992; 767 993; 767 994; 766 995; 766 998; 765 999; 765 1002; 764 1003; 764 1004; 763 1005; 763 1006; 762 1007; 762 1010; 761 1011; 761 1013; 760 1014; 760 1016; 759 1017; 759 1018; 758 1019; 758 1020; 756 1022; 756 1023; 767 1023; 767 1022; 768 1021; 768 1020; 769 1019; 769 1018; 770 1017; 770 1016; 771 1015; 771 1012; 772 1011; 772 1008; 773 1007; 773 1006; 776 1003; 779 1003; 788 1012; 788 1013; 790 1015; 790 1017; 789 1018; 788 1018; 787 1019; 786 1019; 785 1020; 784 1020; 782 1022; 782 1023; 811 1023; 811 1022; 810 1021; 810 1019; 808 1017; 808 1016; 806 1014; 806 1013; 803 1010; 802 1010; 801 1009; 800 1009; 798 1007; 798 1006; 787 995; 786 995; 783 992; 782 992; 781 991; 781 990; 780 989; 780 988; 779 987; 779 984; 778 983; 778 982; 777 982; 776 981
159; 14 984; 13 985; 12 985; 11 986; 11 991; 15 995; 15 998; 17 1000; 17 1001; 18 1002; 18 1003; 19 1004; 19 1006; 20 1007; 20 1009; 22 1011; 22 1012; 23 1013; 23 1014; 24 1015; 24 1016; 25 1017; 25 1019; 26 1020; 26 1023; 45 1023; 45 1021; 46 1020; 46 1019; 47 1018; 47 1017; 48 1016; 48 1015; 51 1012; 52 1012; 54 1010; 55 1010; 57 1008; 58 1008; 58 999; 54 995; 54 994; 53 993; 53 992; 52 991; 52 990; 51 989; 51 988; 49 986; 48 986; 47 985; 46 985; 45 984; 41 984; 39 986; 22 986; 21 985; 19 985; 18 984
160; 309 999; 308 1000; 301 1000; 300 1001; 297 1001; 296 1002; 291 1002; 289 1000; 287 1000; 287 1003; 286 1004; 285 1003; 285 1000; 284 1000; 281 1003; 279 1003; 278 1004; 265 1004; 264 1003; 260 1003; 259 1004; 256 1004; 254 1006; 254 1007; 253 1008; 253 1010; 254 1011; 254 1012; 257 1015; 257 1016; 262 1021; 262 1022; 263 1023; 273 1023; 273 1019; 272 1018; 272 1015; 273 1014; 274 1014; 275 1013; 277 1013; 278 1012; 288 1012; 289 1013; 290 1013; 292 1015; 292 1018; 291 1019; 291 1021; 290 1022; 290 1023; 301 1023; 301 1021; 302 1020; 302 1019; 304 1017; 304 1016; 312 1008; 312 1007; 314 1005; 314 1001; 313 1000; 312 1000; 311 999
