0; 26 0; 26 13; 24 15; 24 18; 23 19; 23 31; 26 31; 28 29; 30 29; 31 30; 31 31; 32 32; 32 33; 31 34; 31 36; 33 36; 35 34; 36 34; 37 33; 39 33; 40 32; 41 32; 42 31; 43 31; 44 30; 45 30; 46 29; 48 29; 50 27; 51 27; 52 26; 54 26; 55 25; 57 25; 58 24; 61 24; 62 23; 62 19; 61 18; 61 15; 57 11; 56 11; 55 10; 54 10; 52 8; 51 8; 49 6; 48 6; 43 1; 43 0
1; 607 0; 606 40; 610 42; 614 41; 629 32
2; 629 32; 643 20; 648 16; 647 5; 640 0; 607 0
3; 900 0; 900 2; 901 3; 901 10; 902 11; 902 12; 904 14; 904 16; 905 17; 905 20; 906 21; 906 25; 907 26; 907 27; 909 29; 910 29; 911 30; 911 31; 913 31; 914 30; 915 30; 919 26; 919 25; 920 24; 920 23; 922 21; 922 20; 925 17; 926 17; 934 9; 934 8; 939 3; 939 2; 940 1; 940 0; 931 0; 930 1; 929 0; 918 0; 918 1; 919 2; 920 2; 921 3; 922 3; 923 4; 924 4; 925 5; 925 6; 919 12; 918 12; 916 14; 915 14; 914 15; 911 12; 911 10; 910 9; 910 7; 909 6; 909 3; 908 2; 908 0
4; 256 9; 255 10; 253 10; 252 11; 242 11; 241 12; 239 12; 239 13; 238 14; 238 18; 239 19; 239 20; 244 25; 244 26; 245 27; 245 28; 247 30; 247 31; 249 33; 249 34; 250 35; 250 36; 251 37; 251 38; 252 39; 252 40; 253 41; 253 42; 259 48; 259 49; 260 50; 260 51; 262 51; 263 50; 263 47; 264 46; 264 44; 265 43; 265 42; 267 40; 267 37; 268 36; 268 34; 274 28; 274 27; 275 26; 275 25; 276 24; 276 22; 278 20; 278 19; 279 18; 279 11; 278 10; 277 10; 276 9; 268 9; 267 10; 264 10; 263 9
5; 361 0; 361 1; 360 2; 360 3; 358 5; 357 5; 352 10; 352 11; 348 15; 347 15; 343 19; 342 19; 337 24; 337 28; 338 29; 339 29; 340 30; 340 31; 341 32; 341 34; 343 34; 344 35; 346 35; 348 33; 349 34; 351 34; 354 37; 355 37; 356 38; 361 38; 362 39; 364 39; 365 40; 367 40; 368 41; 375 41; 375 40; 376 39; 376 36; 375 35; 375 28; 374 27; 374 24; 373 23; 373 18; 372 17; 372 12; 371 11; 371 7; 370 6; 370 2; 369 1; 369 0
6; 494 0; 488 6; 487 6; 486 7; 485 7; 484 8; 482 8; 480 10; 480 12; 481 13; 481 15; 482 16; 482 17; 483 17; 484 18; 486 18; 487 19; 488 19; 489 20; 490 20; 494 24; 495 24; 496 25; 497 25; 498 26; 499 26; 500 27; 501 27; 503 29; 505 29; 506 30; 507 30; 508 31; 509 31; 511 33; 515 33; 516 32; 516 30; 517 29; 517 0
7; 714 0; 714 2; 713 3; 713 4; 712 5; 712 6; 711 7; 711 8; 709 10; 709 11; 708 12; 708 13; 707 14; 707 15; 706 16; 706 17; 704 19; 704 20; 701 23; 701 24; 698 27; 698 28; 697 29; 697 32; 699 34; 702 34; 703 35; 706 35; 707 36; 709 36; 710 37; 711 37; 712 38; 714 38; 715 39; 717 39; 718 38; 722 38; 723 39; 725 39; 726 40; 728 40; 729 41; 735 41; 735 39; 736 38; 736 33; 735 32; 735 31; 734 30; 734 28; 733 27; 733 25; 732 24; 732 23; 731 22; 731 21; 730 20; 730 19; 729 18; 729 17; 728 16; 728 14; 727 13; 727 12; 726 11; 726 10; 725 9; 725 7; 724 6; 724 5; 723 4; 723 3; 722 2; 722 0
8; 401 0; 401 2; 400 3; 400 5; 399 6; 399 7; 398 8; 398 10; 397 11; 397 14; 396 15; 396 17; 395 18; 395 20; 394 21; 394 23; 393 24; 393 26; 392 27; 392 31; 390 33; 390 34; 389 35; 389 40; 390 41; 392 41; 393 42; 398 42; 399 41; 400 41; 401 40; 406 40; 407 41; 409 41; 410 40; 411 40; 412 39; 413 39; 414 38; 418 38; 419 37; 420 37; 421 36; 423 36; 425 34; 427 34; 429 32; 430 32; 430 28; 428 26; 427 26; 424 23; 424 22; 413 11; 413 10; 409 6; 409 5; 407 3; 407 2; 406 1; 406 0
9; 1003 13; 1002 14; 1001 14; 1000 15; 999 15; 998 16; 995 16; 994 17; 993 17; 992 18; 991 18; 990 19; 988 19; 987 20; 986 20; 985 21; 984 21; 983 22; 982 22; 981 23; 979 23; 978 24; 973 24; 971 26; 971 32; 972 32; 974 34; 975 34; 981 40; 981 41; 983 43; 983 44; 984 45; 985 45; 986 46; 988 46; 990 48; 991 48; 997 54; 998 54; 999 55; 1001 55; 1003 53; 1003 51; 1004 50; 1004 48; 1005 47; 1005 39; 1006 38; 1006 31; 1007 30; 1007 26; 1008 25; 1008 19; 1009 18; 1009 16; 1006 13
10; 597 17; 596 18; 595 18; 594 19; 593 19; 591 21; 590 21; 588 23; 587 23; 584 26; 583 26; 580 29; 579 29; 578 30; 577 30; 576 31; 575 31; 574 32; 568 32; 568 34; 569 35; 569 36; 570 37; 570 39; 569 40; 569 43; 570 44; 571 44; 572 45; 574 45; 575 46; 576 46; 577 47; 578 47; 580 49; 581 49; 584 52; 585 52; 586 53; 590 53; 591 54; 592 54; 593 55; 594 55; 596 57; 597 57; 598 58; 603 58; 603 49; 604 48; 604 42; 605 41; 605 18; 603 18; 602 17
11; 783 28; 773 28; 764 25; 756 25; 753 28; 758 47; 763 53; 767 64; 770 64; 794 36; 792 31
12; 792 31; 799 25; 793 0; 784 0; 787 15; 784 17; 773 13; 781 0; 769 0; 769 4; 759 14; 759 17; 766 23; 778 23; 783 28
13; 865 28; 831 41; 834 51; 855 70; 859 70; 864 62; 865 54; 869 52; 868 40; 870 38; 871 29
14; 871 29; 891 5; 893 0; 882 0; 873 13; 870 11; 867 0; 859 0; 865 28
15; 181 30; 181 31; 180 32; 180 42; 181 43; 181 45; 182 46; 182 47; 183 48; 183 51; 184 52; 184 55; 185 56; 185 57; 186 58; 186 61; 187 62; 187 65; 188 66; 188 68; 189 69; 193 69; 195 67; 196 67; 199 64; 200 64; 202 62; 203 62; 205 60; 206 60; 206 59; 215 50; 215 49; 219 45; 219 41; 218 40; 217 40; 216 39; 214 39; 213 38; 208 38; 207 37; 205 37; 204 36; 202 36; 201 35; 200 35; 199 34; 198 34; 197 33; 195 33; 194 32; 191 32; 190 31; 189 31; 188 30
16; 456 29; 455 30; 455 37; 456 38; 456 40; 455 41; 455 49; 456 50; 456 70; 457 71; 460 71; 463 68; 464 68; 465 67; 466 67; 467 66; 468 66; 470 64; 471 64; 472 63; 476 63; 482 57; 483 57; 484 56; 485 56; 486 55; 488 55; 489 54; 490 54; 492 52; 492 49; 487 44; 486 44; 485 43; 484 43; 483 42; 481 42; 480 41; 479 41; 477 39; 476 39; 474 37; 473 37; 469 33; 468 33; 467 32; 466 32; 465 31; 463 31; 462 30; 461 30; 460 29
17; 137 34; 136 35; 134 35; 133 36; 131 36; 130 37; 129 37; 128 38; 126 38; 125 39; 124 39; 123 40; 121 40; 120 41; 119 41; 118 42; 108 42; 108 46; 106 48; 106 52; 107 53; 108 53; 109 54; 110 54; 117 61; 117 62; 121 66; 122 66; 129 73; 129 74; 135 74; 137 72; 137 70; 138 69; 138 67; 139 66; 139 63; 140 62; 140 54; 141 53; 141 48; 142 47; 142 41; 143 40; 143 37; 142 36; 142 35; 141 34
18; 904 33; 903 34; 902 34; 901 35; 900 35; 899 36; 897 36; 896 37; 894 37; 892 39; 890 39; 889 40; 884 40; 882 42; 881 42; 880 43; 879 43; 878 44; 877 44; 876 45; 873 45; 872 46; 870 46; 870 53; 871 53; 873 55; 874 55; 878 59; 879 59; 887 67; 888 67; 890 69; 890 70; 891 71; 892 71; 896 75; 901 75; 901 73; 902 72; 902 71; 903 70; 903 65; 904 64; 904 60; 905 59; 905 51; 906 50; 906 47; 907 46; 907 40; 908 39; 908 33
19; 964 33; 963 34; 963 35; 961 37; 961 40; 960 41; 960 47; 959 48; 959 51; 958 52; 958 53; 957 54; 957 57; 956 58; 956 60; 955 61; 955 62; 954 63; 954 64; 950 68; 949 68; 949 70; 950 71; 950 72; 951 72; 952 73; 961 73; 962 72; 967 72; 968 73; 971 73; 972 72; 973 72; 974 71; 975 71; 977 69; 980 69; 981 68; 983 68; 984 67; 985 67; 986 66; 990 66; 992 64; 992 61; 982 51; 982 50; 981 49; 981 48; 975 42; 975 41; 971 37; 971 35; 970 34; 970 33
20; 816 38; 814 40; 814 43; 813 44; 813 45; 812 46; 812 47; 811 48; 811 49; 810 50; 810 52; 809 53; 809 56; 807 58; 807 59; 806 60; 806 66; 805 67; 805 68; 804 69; 804 70; 803 71; 803 74; 806 77; 809 77; 810 76; 813 76; 814 75; 817 75; 818 74; 821 74; 822 73; 828 73; 829 72; 835 72; 836 71; 840 71; 841 70; 842 70; 843 69; 843 65; 842 64; 842 63; 840 61; 839 61; 837 59; 837 58; 836 57; 836 56; 835 55; 835 53; 833 51; 833 49; 832 48; 832 46; 831 45; 831 44; 830 43; 829 44; 827 44; 824 41; 824 40; 822 38
21; 332 78; 325 79; 324 87; 328 94; 332 95; 335 99; 338 100; 347 111; 350 111; 354 103; 357 88; 362 84; 363 75; 359 72; 359 70
22; 359 70; 368 66; 369 62; 361 54; 359 49; 346 38; 346 36; 340 35; 337 37; 337 46; 334 53; 333 63; 329 69; 329 73; 332 78
23; 539 41; 538 42; 536 42; 535 43; 534 43; 533 44; 532 44; 530 46; 528 46; 527 47; 526 47; 525 48; 525 49; 522 52; 521 52; 520 53; 519 53; 518 54; 515 54; 514 55; 514 58; 515 59; 515 60; 516 61; 516 64; 515 65; 515 67; 516 67; 517 68; 518 68; 519 69; 520 69; 522 71; 523 71; 524 72; 525 72; 526 73; 527 73; 528 74; 529 74; 531 76; 532 76; 533 77; 534 77; 535 78; 537 78; 538 79; 539 79; 540 80; 540 81; 545 81; 544 80; 545 79; 545 76; 546 75; 546 72; 545 71; 545 64; 546 63; 546 55; 547 54; 547 49; 548 48; 548 45; 547 44; 547 43; 545 41
24; 700 46; 699 47; 698 47; 695 50; 695 52; 694 53; 694 56; 695 57; 695 58; 697 60; 697 61; 698 62; 698 63; 699 64; 699 66; 700 67; 700 73; 701 74; 701 77; 703 79; 703 80; 704 81; 704 82; 706 84; 706 85; 708 87; 710 87; 713 84; 714 84; 716 82; 716 81; 722 75; 723 75; 724 74; 724 73; 728 69; 729 69; 730 68; 730 61; 732 59; 732 55; 731 55; 730 54; 728 54; 727 53; 722 53; 721 52; 720 52; 718 50; 710 50; 709 49; 708 49; 707 48; 706 48; 705 47; 703 47; 702 46
25; 234 51; 232 53; 226 53; 225 52; 221 52; 220 53; 218 53; 216 55; 215 55; 215 59; 216 60; 216 61; 217 62; 217 63; 219 65; 219 66; 221 68; 221 69; 223 71; 223 72; 224 73; 224 74; 226 76; 226 77; 227 78; 227 79; 229 81; 229 82; 233 86; 234 86; 235 87; 239 87; 241 85; 241 84; 242 83; 242 80; 243 79; 243 77; 244 76; 244 75; 245 74; 245 73; 247 71; 247 70; 248 69; 248 68; 253 63; 253 61; 254 60; 254 55; 251 52; 248 52; 247 51
26; 13 56; 8 60; 0 60; 0 66; 3 66; 6 68; 4 72; 0 72; 0 95; 23 92; 22 88; 24 86
27; 24 86; 35 89; 40 89; 42 87; 40 78; 36 71; 33 52; 27 52; 21 55; 13 56
28; 71 50; 64 57; 64 58; 53 69; 52 69; 49 72; 48 72; 48 73; 46 75; 46 77; 49 80; 51 80; 52 81; 53 81; 54 82; 56 82; 57 83; 61 83; 62 84; 64 84; 65 85; 67 85; 68 86; 69 86; 70 87; 73 87; 74 88; 76 88; 77 89; 83 89; 84 88; 84 83; 83 82; 83 78; 82 77; 82 70; 81 69; 81 65; 80 64; 80 63; 79 62; 79 60; 78 59; 78 58; 77 57; 77 55; 76 54; 76 53; 75 52; 75 51; 74 50
29; 268 51; 267 52; 267 53; 265 55; 264 55; 263 54; 263 53; 262 52; 260 52; 260 53; 257 56; 255 56; 255 60; 254 61; 254 63; 253 64; 253 68; 248 73; 248 74; 247 75; 247 77; 245 79; 245 83; 246 83; 247 84; 247 88; 255 88; 256 87; 269 87; 270 88; 277 88; 278 89; 280 89; 282 87; 282 81; 281 80; 281 79; 280 78; 280 77; 279 76; 279 74; 277 72; 277 71; 276 70; 276 67; 275 66; 275 64; 274 63; 274 62; 273 61; 273 60; 272 59; 272 58; 271 57; 271 53; 270 52; 270 51
30; 567 55; 566 56; 566 57; 565 58; 565 74; 564 75; 564 81; 565 82; 565 86; 564 87; 564 89; 566 89; 567 88; 570 88; 571 89; 579 89; 580 88; 587 88; 587 85; 591 81; 592 81; 593 80; 595 80; 596 79; 597 79; 598 78; 598 75; 597 74; 597 72; 596 71; 596 70; 595 70; 592 67; 591 67; 589 65; 588 65; 586 63; 585 63; 584 62; 583 62; 582 61; 581 61; 578 58; 577 58; 576 57; 575 57; 574 56; 573 56; 572 55
31; 687 55; 685 57; 684 57; 676 65; 676 66; 672 70; 671 70; 661 80; 661 82; 663 84; 665 84; 666 85; 667 85; 668 86; 670 86; 671 87; 673 87; 674 88; 675 88; 676 89; 677 89; 678 90; 685 90; 686 91; 687 91; 688 92; 690 92; 691 93; 693 93; 694 94; 695 94; 696 95; 699 95; 700 94; 702 94; 701 93; 701 91; 700 90; 700 89; 699 88; 699 86; 698 85; 698 82; 697 81; 697 77; 696 76; 696 73; 695 72; 695 64; 694 63; 694 57; 693 56; 693 55
32; 931 67; 930 68; 928 68; 927 69; 918 69; 917 70; 909 70; 908 71; 908 73; 909 74; 909 75; 912 78; 912 79; 913 80; 913 81; 915 83; 915 84; 919 88; 919 90; 920 91; 920 92; 922 94; 922 95; 924 97; 924 98; 925 99; 925 103; 927 105; 928 104; 929 105; 931 105; 932 104; 932 103; 935 100; 935 99; 936 98; 936 97; 937 96; 937 95; 938 94; 938 93; 939 92; 939 91; 942 88; 942 83; 943 82; 943 81; 944 80; 944 79; 945 78; 945 77; 949 73; 949 71; 948 70; 948 69; 944 69; 943 68; 935 68; 934 67
33; 430 63; 429 64; 428 64; 427 65; 426 65; 424 67; 424 68; 418 74; 417 74; 415 76; 414 76; 413 77; 412 77; 409 80; 409 81; 406 84; 406 85; 405 86; 405 87; 404 88; 404 91; 405 92; 406 92; 407 93; 408 93; 409 94; 411 94; 412 95; 413 95; 414 96; 415 96; 416 97; 417 97; 419 99; 420 99; 421 100; 425 100; 426 101; 428 101; 429 102; 430 102; 432 104; 435 104; 438 101; 438 99; 439 98; 439 94; 438 93; 438 91; 437 90; 437 88; 436 87; 436 80; 435 79; 436 78; 436 74; 435 73; 435 70; 434 69; 434 65; 432 63
34; 770 70; 769 71; 768 71; 767 72; 766 72; 764 74; 763 74; 762 75; 761 75; 760 76; 756 76; 754 78; 754 79; 750 83; 749 83; 747 85; 746 85; 743 88; 743 91; 744 92; 745 92; 746 93; 747 93; 748 94; 749 94; 751 96; 752 96; 753 97; 754 97; 756 99; 757 99; 759 101; 760 101; 762 103; 763 103; 765 105; 766 105; 767 106; 768 106; 769 107; 778 107; 778 104; 777 103; 777 97; 778 96; 778 90; 777 89; 777 81; 776 80; 776 78; 777 77; 777 76; 778 75; 778 72; 776 70
35; 208 72; 204 76; 203 76; 192 87; 191 87; 189 89; 189 90; 186 93; 186 94; 184 96; 184 100; 185 100; 186 101; 191 101; 192 102; 193 102; 194 103; 195 103; 197 105; 198 105; 199 106; 202 106; 203 107; 205 107; 206 108; 208 108; 209 109; 212 109; 213 110; 214 110; 215 111; 218 111; 220 109; 220 105; 219 104; 219 98; 218 97; 218 91; 217 90; 217 84; 216 83; 216 80; 217 79; 217 73; 213 73; 212 72
36; 793 74; 792 75; 792 82; 793 83; 793 84; 792 85; 792 96; 791 97; 791 113; 792 114; 797 114; 798 113; 799 113; 800 112; 801 112; 805 108; 806 108; 807 107; 809 107; 810 106; 811 106; 812 105; 813 105; 814 104; 815 104; 816 103; 817 103; 818 102; 820 102; 823 99; 823 96; 824 95; 824 92; 823 91; 822 91; 819 88; 818 88; 816 86; 815 86; 813 84; 812 84; 810 82; 809 82; 808 81; 807 81; 805 79; 806 78; 802 74; 801 75; 798 75; 797 74
37; 297 75; 296 76; 295 76; 294 77; 294 79; 293 80; 293 94; 292 95; 292 111; 291 112; 291 114; 292 115; 292 116; 293 117; 295 117; 296 116; 297 116; 299 114; 300 114; 302 112; 303 112; 304 111; 305 111; 306 110; 310 110; 311 109; 312 109; 314 107; 315 107; 317 105; 318 105; 319 104; 321 104; 322 103; 323 103; 327 99; 327 95; 326 95; 325 94; 324 94; 323 93; 322 93; 321 92; 320 92; 316 88; 315 88; 313 86; 312 86; 303 77; 302 77; 301 76; 300 76; 299 75
38; 507 93; 512 99; 520 116; 525 120; 529 118; 530 113; 536 106; 536 103; 544 90; 545 83; 509 83; 505 86
39; 505 86; 499 78; 498 64; 492 60; 466 79; 467 83; 472 82; 474 84; 471 87; 474 91; 496 98; 502 98; 507 93
40; 143 79; 142 80; 142 91; 143 92; 143 94; 144 95; 144 103; 143 104; 143 106; 144 107; 144 116; 145 117; 145 118; 146 119; 150 119; 151 118; 152 118; 158 112; 159 112; 161 110; 162 110; 163 109; 164 109; 165 108; 166 108; 166 107; 168 105; 169 105; 170 104; 171 104; 172 103; 173 103; 173 101; 172 100; 172 99; 171 98; 171 96; 172 95; 174 95; 175 94; 175 92; 174 91; 173 91; 172 90; 169 90; 168 89; 166 89; 165 88; 164 88; 163 87; 162 87; 161 86; 160 86; 159 85; 158 85; 156 83; 155 83; 154 82; 153 82; 152 81; 151 81; 150 80; 147 80; 146 79
41; 364 75; 364 80; 363 81; 363 84; 361 86; 362 87; 362 92; 361 93; 361 94; 360 95; 360 99; 361 100; 361 106; 360 107; 360 110; 359 111; 359 114; 361 116; 365 116; 366 115; 368 115; 369 114; 371 114; 372 113; 373 113; 374 112; 375 112; 376 111; 380 111; 381 110; 382 110; 385 107; 386 107; 387 106; 389 106; 390 105; 391 105; 393 103; 394 103; 396 101; 396 99; 395 99; 392 96; 392 95; 387 90; 386 90; 384 88; 383 88; 379 84; 378 84; 372 78; 371 78; 370 77; 369 77; 368 76; 366 76; 365 75
42; 113 76; 111 78; 111 79; 110 80; 110 82; 109 83; 109 84; 108 85; 108 86; 107 87; 107 89; 106 90; 106 93; 105 94; 105 96; 104 97; 104 99; 103 100; 103 101; 102 102; 102 103; 101 104; 101 106; 100 107; 100 114; 101 114; 102 115; 105 115; 106 114; 109 114; 110 113; 115 113; 116 114; 118 114; 119 113; 120 113; 121 112; 122 112; 123 111; 126 111; 127 112; 135 112; 137 110; 137 106; 136 105; 136 103; 133 100; 133 99; 129 95; 129 94; 127 92; 127 91; 125 89; 125 88; 124 87; 124 86; 122 84; 122 83; 119 80; 119 79; 117 77; 116 77; 115 76
43; 963 85; 962 86; 962 89; 961 90; 961 94; 962 95; 962 110; 963 111; 963 114; 962 115; 962 116; 960 118; 960 120; 962 120; 963 119; 964 119; 965 120; 965 121; 967 123; 970 123; 971 122; 972 122; 974 120; 975 120; 978 117; 979 117; 980 116; 982 116; 983 115; 984 115; 988 111; 989 111; 991 109; 992 109; 993 108; 993 107; 994 106; 995 106; 996 105; 997 105; 998 104; 998 102; 995 99; 994 99; 993 98; 992 98; 991 97; 990 97; 989 96; 988 96; 987 95; 986 95; 985 94; 984 94; 983 93; 981 93; 980 92; 978 92; 977 91; 976 91; 974 89; 973 89; 971 87; 970 87; 969 86; 968 86; 967 85
44; 247 89; 246 90; 246 91; 244 93; 233 93; 230 96; 230 100; 231 101; 231 102; 232 103; 232 104; 236 108; 236 109; 237 110; 237 112; 238 113; 238 114; 239 115; 239 117; 240 118; 240 119; 242 121; 242 122; 244 124; 244 125; 245 126; 245 128; 246 129; 246 130; 247 130; 248 131; 250 131; 250 130; 252 128; 252 127; 253 126; 253 124; 254 123; 254 122; 256 120; 256 119; 259 116; 259 115; 260 114; 260 113; 261 112; 261 111; 262 110; 262 109; 263 108; 263 107; 264 106; 264 105; 266 103; 266 102; 267 101; 267 99; 268 98; 268 96; 266 94; 264 94; 263 93; 253 93; 251 91; 251 89
45; 580 89; 579 90; 572 90; 572 91; 569 94; 568 94; 566 96; 565 96; 564 97; 559 97; 557 99; 557 102; 558 103; 558 108; 559 109; 559 110; 560 111; 561 111; 565 115; 565 116; 566 117; 566 121; 565 122; 569 126; 569 129; 570 130; 570 131; 572 131; 574 133; 576 133; 577 132; 577 131; 580 128; 587 128; 588 127; 588 120; 589 119; 589 116; 590 115; 590 112; 591 111; 591 110; 592 109; 592 102; 593 101; 593 100; 594 99; 594 97; 595 96; 595 92; 594 91; 591 91; 590 90; 589 90; 588 89
46; 888 90; 887 91; 887 94; 888 95; 888 107; 889 108; 889 112; 890 113; 890 119; 891 120; 891 129; 892 130; 895 130; 896 129; 897 129; 901 125; 902 125; 904 123; 905 123; 906 122; 907 122; 908 121; 909 121; 910 120; 911 120; 912 119; 912 118; 916 114; 917 114; 920 111; 921 111; 923 109; 923 108; 924 107; 925 107; 926 106; 926 105; 924 103; 920 103; 919 102; 918 102; 916 100; 914 100; 913 99; 912 99; 911 98; 910 98; 909 97; 907 97; 906 96; 903 96; 902 95; 901 95; 899 93; 898 93; 896 91; 894 91; 893 90
47; 714 94; 713 95; 712 95; 711 96; 709 96; 708 97; 706 97; 705 96; 703 96; 702 95; 700 95; 699 96; 698 96; 698 98; 697 99; 696 99; 695 100; 694 100; 693 101; 691 101; 690 102; 688 102; 687 103; 686 103; 685 104; 684 104; 684 107; 687 110; 687 111; 692 116; 692 117; 697 122; 698 122; 708 132; 708 133; 709 133; 710 134; 712 134; 713 133; 713 132; 714 131; 714 125; 715 124; 715 122; 716 121; 716 119; 717 118; 717 115; 718 114; 718 110; 719 109; 719 105; 720 104; 720 103; 721 102; 721 101; 722 100; 722 98; 720 98; 718 96; 718 94
48; 731 94; 729 96; 729 101; 728 102; 728 105; 727 106; 727 108; 726 109; 726 110; 725 111; 725 113; 724 114; 724 125; 723 126; 723 132; 724 133; 729 133; 730 132; 731 132; 732 131; 733 131; 734 130; 738 130; 739 129; 741 129; 742 128; 743 128; 744 127; 746 127; 747 126; 748 126; 749 125; 751 125; 752 124; 757 124; 759 122; 759 121; 760 120; 760 116; 759 115; 759 114; 758 114; 754 110; 753 110; 751 108; 750 108; 748 106; 747 106; 743 102; 743 101; 742 100; 741 100; 739 98; 738 98; 737 97; 737 96; 736 95; 735 95; 734 94
49; 450 96; 449 97; 449 98; 448 99; 448 101; 447 102; 447 103; 445 105; 445 106; 444 107; 444 108; 443 109; 443 110; 441 112; 441 113; 439 115; 439 118; 438 119; 438 121; 437 122; 437 123; 436 124; 435 124; 435 129; 436 130; 436 131; 437 131; 438 132; 441 132; 442 131; 447 131; 448 132; 449 132; 450 133; 453 133; 454 132; 456 132; 457 131; 468 131; 469 130; 472 130; 473 129; 473 125; 471 123; 471 122; 470 121; 470 120; 469 119; 469 118; 466 115; 466 114; 464 112; 464 111; 463 110; 463 109; 462 108; 462 107; 461 106; 461 105; 459 103; 459 102; 455 98; 455 97; 454 96
50; 41 99; 39 101; 39 104; 38 105; 38 106; 37 107; 37 108; 36 109; 36 110; 35 111; 35 112; 34 113; 34 114; 33 115; 33 116; 32 117; 32 120; 31 121; 31 122; 28 125; 28 126; 27 127; 27 129; 29 131; 29 136; 35 136; 36 135; 41 135; 42 134; 44 134; 45 135; 46 135; 47 136; 50 136; 51 135; 53 135; 54 134; 60 134; 61 133; 63 133; 64 132; 65 132; 66 131; 66 128; 65 127; 65 126; 63 124; 63 123; 62 122; 62 121; 61 120; 60 120; 56 116; 56 115; 55 114; 55 113; 51 109; 51 108; 46 103; 46 102; 43 99
51; 411 108; 410 109; 408 109; 407 110; 405 110; 404 111; 402 111; 401 112; 393 112; 392 113; 391 113; 391 114; 390 115; 390 117; 396 123; 396 124; 400 128; 400 129; 401 130; 401 131; 403 133; 403 134; 407 138; 407 139; 414 146; 416 146; 417 147; 419 147; 419 146; 420 145; 420 138; 421 137; 421 135; 422 134; 422 133; 423 132; 423 130; 424 129; 424 126; 425 125; 425 123; 427 121; 427 120; 428 119; 428 118; 429 117; 429 116; 430 115; 430 110; 429 109; 426 109; 425 108
52; 544 101; 542 103; 542 104; 541 105; 541 106; 539 108; 539 109; 538 110; 538 113; 537 114; 537 116; 536 117; 536 118; 534 120; 534 121; 533 122; 533 123; 532 124; 532 125; 531 126; 531 127; 528 130; 528 132; 529 133; 529 134; 530 135; 530 136; 531 137; 534 137; 535 136; 537 136; 538 135; 543 135; 544 136; 546 136; 547 137; 550 137; 551 136; 552 136; 553 135; 558 135; 559 136; 561 136; 562 135; 565 135; 566 134; 567 134; 569 132; 569 130; 568 129; 568 128; 566 126; 566 125; 565 124; 565 123; 564 122; 563 122; 561 120; 561 119; 559 117; 559 115; 558 114; 558 113; 557 112; 557 111; 556 110; 555 110; 548 103; 548 102; 547 101
53; 271 107; 270 108; 270 109; 269 110; 269 111; 267 113; 267 114; 266 115; 266 116; 265 117; 265 118; 264 119; 264 120; 263 121; 263 122; 261 124; 261 125; 259 127; 259 128; 258 129; 258 131; 257 132; 257 134; 254 137; 254 141; 255 142; 256 142; 257 143; 262 143; 263 142; 270 142; 271 141; 273 141; 274 142; 284 142; 285 143; 287 143; 288 144; 290 144; 291 143; 291 140; 292 139; 292 134; 291 133; 291 132; 290 131; 290 130; 289 129; 289 127; 287 125; 287 124; 286 123; 286 121; 285 120; 285 119; 281 115; 281 114; 279 112; 279 111; 275 107
54; 330 107; 326 111; 326 112; 323 115; 323 116; 321 118; 321 119; 319 121; 319 122; 313 128; 313 129; 312 130; 312 131; 311 132; 311 133; 310 134; 310 136; 311 137; 313 137; 314 138; 314 140; 313 141; 313 142; 312 143; 312 145; 314 145; 317 142; 328 142; 329 143; 336 143; 337 144; 347 144; 349 142; 349 138; 348 137; 348 135; 347 134; 347 133; 343 129; 343 128; 342 127; 342 121; 339 118; 339 117; 338 116; 338 114; 337 113; 337 112; 336 111; 336 110; 333 107
55; 672 110; 671 111; 670 111; 669 112; 668 112; 667 113; 666 113; 665 114; 664 114; 663 115; 662 115; 660 117; 658 117; 657 118; 656 118; 655 119; 654 119; 651 122; 650 122; 650 123; 646 127; 645 127; 644 128; 642 128; 641 129; 641 132; 642 132; 645 135; 646 135; 648 137; 649 137; 650 138; 651 138; 652 139; 654 139; 656 141; 657 141; 659 143; 660 143; 661 144; 662 144; 663 145; 664 145; 665 146; 666 146; 669 149; 670 149; 671 150; 677 150; 678 149; 679 149; 679 143; 680 142; 679 141; 679 140; 678 139; 678 130; 677 129; 677 114; 676 113; 676 112; 675 111; 675 110
56; 495 114; 494 115; 488 115; 487 116; 487 119; 488 120; 488 124; 489 125; 489 130; 488 131; 488 136; 489 137; 489 139; 490 140; 490 149; 492 151; 495 151; 496 152; 500 152; 500 151; 503 148; 504 148; 513 139; 514 139; 515 138; 515 137; 518 134; 519 134; 524 129; 524 126; 523 125; 522 125; 520 123; 518 123; 517 122; 515 122; 514 121; 513 121; 512 120; 511 120; 510 119; 509 119; 508 118; 507 118; 506 117; 505 117; 504 116; 503 116; 502 115; 501 115; 500 114
57; 1000 112; 999 113; 998 113; 996 115; 995 115; 994 116; 993 116; 992 117; 991 117; 990 118; 988 118; 987 119; 986 119; 985 120; 984 120; 982 122; 981 122; 980 123; 979 123; 978 124; 977 124; 975 126; 974 126; 971 129; 971 132; 973 134; 974 134; 975 135; 976 135; 977 136; 978 136; 979 137; 980 137; 983 140; 984 140; 987 143; 987 144; 988 145; 988 148; 987 149; 992 149; 993 150; 999 150; 1000 149; 1001 149; 1002 150; 1005 150; 1006 149; 1006 132; 1007 131; 1007 125; 1006 124; 1006 122; 1007 121; 1007 115; 1006 114; 1006 113; 1005 112
58; 814 116; 813 117; 811 117; 810 118; 809 118; 808 119; 806 119; 805 120; 802 120; 801 121; 799 121; 798 122; 796 122; 795 123; 793 123; 792 124; 791 124; 788 127; 788 131; 795 138; 795 139; 796 140; 796 141; 797 142; 797 143; 798 143; 799 144; 800 144; 806 150; 807 150; 812 155; 817 155; 818 154; 818 153; 819 152; 819 146; 820 145; 820 142; 821 141; 821 139; 822 138; 822 134; 823 133; 823 130; 824 129; 824 127; 825 126; 825 117; 824 116
59; 633 117; 631 119; 630 119; 629 120; 627 120; 626 121; 624 121; 623 122; 621 122; 620 123; 618 123; 617 124; 616 124; 615 125; 614 125; 613 126; 611 126; 610 127; 609 127; 608 128; 607 128; 606 129; 605 129; 604 130; 603 130; 602 131; 602 134; 608 140; 609 140; 612 143; 612 144; 616 148; 618 148; 619 149; 620 149; 625 154; 626 154; 627 155; 628 155; 629 156; 633 156; 635 154; 635 153; 636 152; 636 145; 637 144; 637 135; 638 134; 638 133; 640 131; 640 128; 639 127; 639 124; 640 123; 640 122; 641 121; 641 119; 639 117
60; 175 118; 174 119; 174 121; 173 122; 173 129; 172 130; 172 135; 171 136; 171 137; 170 138; 170 140; 169 141; 169 142; 168 143; 168 148; 167 149; 167 156; 170 159; 174 159; 175 158; 176 158; 177 157; 178 157; 179 156; 180 156; 181 155; 183 155; 184 154; 186 154; 187 153; 189 153; 190 152; 191 152; 192 151; 193 151; 194 150; 196 150; 197 149; 199 149; 200 148; 202 148; 203 147; 204 147; 205 146; 206 146; 207 145; 207 140; 206 140; 203 137; 202 137; 199 134; 198 134; 196 132; 195 132; 194 131; 193 131; 186 124; 185 124; 182 121; 181 121; 178 118
61; 684 124; 683 125; 683 128; 682 129; 682 132; 683 133; 683 141; 681 143; 680 143; 680 149; 681 150; 681 151; 682 152; 682 153; 681 154; 681 159; 682 159; 686 163; 689 163; 691 161; 692 161; 693 160; 694 160; 695 159; 696 159; 698 157; 710 157; 710 155; 713 152; 713 151; 716 148; 716 147; 717 146; 717 145; 718 144; 718 142; 715 139; 714 139; 711 136; 711 135; 710 135; 709 134; 706 134; 703 131; 702 131; 701 130; 700 130; 699 129; 698 129; 696 127; 695 127; 694 126; 693 126; 692 125; 690 125; 689 124
62; 246 131; 245 132; 244 132; 243 133; 241 133; 240 134; 237 134; 236 135; 229 135; 228 136; 225 136; 224 137; 220 137; 219 138; 215 138; 214 139; 212 139; 211 140; 208 140; 208 145; 209 146; 210 146; 217 153; 217 154; 218 155; 218 156; 222 160; 223 160; 224 161; 225 161; 228 164; 228 165; 231 168; 231 169; 233 171; 233 172; 237 172; 238 171; 238 170; 239 169; 239 165; 241 163; 241 162; 242 161; 242 159; 243 158; 243 155; 244 154; 244 152; 245 151; 245 149; 246 148; 246 146; 247 145; 247 143; 248 142; 248 140; 249 139; 249 132; 248 132; 247 131
63; 429 132; 428 133; 427 133; 426 134; 426 136; 425 137; 425 139; 424 140; 424 142; 420 146; 420 153; 421 154; 420 155; 420 157; 419 158; 419 160; 418 161; 418 164; 417 165; 417 168; 420 171; 420 172; 421 173; 424 173; 425 172; 427 172; 429 170; 430 170; 431 169; 432 169; 433 168; 434 168; 435 167; 438 167; 439 166; 444 166; 445 165; 447 165; 448 164; 455 164; 456 163; 457 163; 457 159; 456 158; 456 156; 455 155; 455 154; 454 154; 449 149; 448 149; 447 148; 447 147; 446 146; 445 146; 443 144; 443 143; 442 142; 441 142; 437 138; 437 137; 436 136; 436 134; 434 132
64; 376 140; 374 142; 374 143; 373 144; 373 167; 374 168; 374 176; 376 178; 377 178; 379 180; 386 180; 387 179; 387 176; 390 173; 391 173; 393 171; 394 171; 395 170; 396 170; 398 168; 399 168; 401 166; 402 166; 406 162; 407 162; 408 161; 409 161; 411 159; 411 156; 410 155; 409 155; 408 154; 407 154; 406 153; 405 153; 404 152; 403 152; 402 151; 401 151; 400 150; 399 150; 397 148; 396 148; 395 147; 393 147; 392 146; 391 146; 390 145; 389 145; 385 141; 384 141; 383 140
65; 767 143; 766 144; 765 144; 765 146; 764 147; 764 149; 765 150; 765 167; 766 168; 766 178; 767 179; 767 182; 769 184; 773 184; 775 182; 776 182; 778 180; 779 180; 780 179; 781 179; 782 178; 783 178; 784 177; 785 177; 788 174; 789 174; 792 171; 793 171; 795 169; 797 169; 799 167; 800 167; 800 166; 803 163; 803 161; 801 159; 800 159; 799 158; 798 158; 797 157; 796 157; 795 156; 794 156; 793 155; 792 155; 790 153; 789 153; 788 152; 787 152; 786 151; 785 151; 784 150; 783 150; 782 149; 781 149; 780 148; 778 148; 777 147; 776 147; 774 145; 773 145; 772 144; 771 144; 770 143
66; 940 143; 939 144; 939 146; 936 149; 935 149; 935 153; 936 154; 936 157; 937 158; 937 164; 938 165; 938 167; 940 169; 940 170; 941 171; 941 173; 942 174; 942 182; 944 184; 944 185; 945 185; 946 186; 948 186; 951 183; 952 183; 956 179; 956 178; 960 174; 961 174; 970 165; 970 164; 971 163; 972 163; 973 162; 974 162; 976 160; 976 158; 973 155; 973 154; 972 154; 971 153; 968 153; 967 152; 962 152; 961 151; 954 151; 953 150; 952 150; 951 149; 949 149; 948 148; 947 148; 942 143
67; 92 145; 88 149; 87 149; 86 150; 86 151; 85 152; 85 153; 83 155; 83 156; 80 159; 79 159; 78 160; 78 161; 77 162; 77 163; 76 164; 76 165; 73 168; 73 169; 70 172; 70 173; 69 174; 69 178; 70 178; 71 179; 78 179; 79 180; 83 180; 84 181; 87 181; 88 182; 91 182; 92 183; 99 183; 100 184; 107 184; 108 183; 108 177; 107 176; 107 174; 106 173; 106 172; 105 171; 105 170; 104 169; 104 168; 103 167; 103 160; 102 159; 102 157; 101 156; 101 154; 99 152; 99 151; 98 150; 98 149; 96 147; 96 146; 95 145
68; 492 152; 491 153; 491 154; 490 155; 489 155; 488 156; 483 156; 482 157; 481 157; 480 158; 478 158; 477 159; 473 159; 472 160; 468 160; 467 161; 463 161; 461 163; 461 166; 463 168; 463 169; 464 170; 464 171; 465 172; 466 172; 478 184; 478 185; 479 186; 479 187; 483 191; 490 191; 490 190; 491 189; 491 188; 492 187; 492 186; 493 185; 493 182; 494 181; 494 179; 495 178; 495 177; 496 176; 496 175; 498 173; 498 170; 499 169; 499 166; 500 165; 500 164; 501 163; 501 160; 502 159; 502 156; 499 153; 496 153; 495 152
69; 986 150; 982 154; 982 155; 981 156; 981 157; 978 160; 977 160; 976 161; 976 164; 975 165; 975 166; 974 167; 974 168; 973 169; 973 170; 971 172; 971 173; 970 174; 970 175; 969 176; 969 178; 968 179; 968 183; 969 183; 970 184; 972 184; 973 185; 982 185; 983 186; 989 186; 990 185; 991 185; 992 186; 1000 186; 1001 185; 1003 185; 1004 184; 1007 184; 1007 183; 1008 182; 1008 180; 1004 176; 1004 174; 1003 173; 1003 172; 1002 171; 1002 169; 1001 168; 1001 167; 1000 166; 1000 165; 999 164; 999 163; 998 162; 998 161; 997 160; 997 153; 998 152; 998 151; 993 151; 992 150
70; 550 156; 549 157; 546 157; 545 158; 539 158; 538 159; 536 159; 535 160; 534 160; 533 161; 529 161; 528 162; 523 162; 522 163; 521 163; 520 164; 519 164; 518 165; 517 165; 516 166; 516 170; 532 186; 532 187; 534 189; 534 190; 536 192; 536 193; 538 195; 538 196; 539 196; 540 197; 542 197; 545 194; 545 192; 546 191; 546 189; 547 188; 547 186; 548 185; 548 184; 550 182; 550 181; 552 179; 552 173; 553 172; 553 170; 554 169; 554 167; 555 166; 555 164; 556 163; 556 159; 555 158; 555 157; 554 156
71; 663 152; 662 153; 661 153; 658 156; 657 156; 656 157; 655 157; 654 158; 653 158; 652 159; 650 159; 647 162; 647 163; 645 165; 644 165; 643 166; 642 166; 641 167; 640 167; 638 169; 637 169; 635 171; 634 171; 633 172; 633 175; 635 177; 637 177; 639 179; 640 179; 641 180; 642 180; 643 181; 644 181; 645 182; 646 182; 647 183; 648 183; 650 185; 651 185; 654 188; 655 188; 656 189; 657 189; 659 191; 660 191; 661 192; 663 192; 664 193; 665 193; 666 194; 668 194; 670 192; 670 188; 669 187; 669 160; 670 159; 670 155; 669 154; 669 153; 668 152
72; 702 158; 702 159; 701 160; 701 161; 697 165; 697 166; 691 172; 690 172; 688 174; 688 175; 687 176; 687 177; 686 178; 685 178; 685 179; 683 181; 683 183; 684 184; 685 184; 687 186; 689 186; 690 187; 694 187; 695 188; 698 188; 699 189; 702 189; 703 190; 708 190; 709 191; 714 191; 715 192; 719 192; 720 191; 723 191; 723 186; 722 185; 722 182; 721 181; 721 180; 720 179; 720 177; 719 176; 719 165; 720 164; 720 161; 714 161; 713 160; 712 160; 711 159; 711 158
73; 352 156; 351 157; 350 157; 349 158; 348 158; 347 159; 346 159; 343 162; 342 162; 339 165; 338 165; 337 166; 336 166; 335 167; 334 167; 330 171; 329 171; 326 174; 325 174; 324 175; 323 175; 321 177; 321 180; 323 182; 324 182; 325 183; 326 183; 328 185; 329 185; 330 186; 331 186; 335 190; 336 190; 338 192; 341 192; 342 193; 343 193; 344 194; 345 194; 350 199; 353 199; 357 195; 357 184; 356 183; 356 176; 357 175; 357 159; 354 156
74; 203 166; 202 167; 200 167; 199 168; 196 168; 195 169; 189 169; 188 170; 185 170; 184 171; 182 171; 181 172; 176 172; 176 175; 175 176; 175 181; 177 183; 177 184; 179 186; 179 187; 181 189; 181 190; 183 192; 184 192; 185 193; 186 193; 190 197; 190 198; 193 201; 193 202; 197 206; 200 206; 201 205; 203 205; 203 200; 204 199; 204 196; 206 194; 205 193; 206 192; 206 189; 207 188; 207 187; 208 186; 208 184; 209 183; 209 179; 210 178; 210 177; 211 176; 211 175; 212 174; 212 167; 211 166
75; 807 162; 805 164; 805 171; 804 172; 804 176; 803 177; 803 180; 802 181; 802 183; 801 184; 801 186; 800 187; 800 190; 799 191; 799 196; 798 197; 798 201; 800 203; 802 203; 803 202; 806 202; 807 201; 809 201; 810 200; 811 200; 812 199; 821 199; 823 197; 824 197; 825 196; 833 196; 836 193; 836 187; 835 186; 835 185; 833 183; 832 183; 827 178; 827 177; 825 175; 824 175; 822 173; 821 173; 820 172; 820 171; 819 170; 819 169; 813 163; 812 163; 811 162
76; 598 168; 594 172; 593 172; 591 174; 591 175; 573 193; 573 194; 572 195; 572 197; 573 198; 576 198; 577 199; 579 199; 580 200; 582 200; 583 201; 585 201; 586 202; 587 202; 588 203; 591 203; 592 204; 598 204; 599 205; 604 205; 605 206; 606 206; 607 207; 610 207; 611 206; 612 206; 612 202; 611 201; 611 199; 610 198; 610 196; 609 195; 609 191; 608 190; 608 189; 607 188; 607 186; 606 185; 606 183; 605 182; 605 176; 604 175; 604 172; 603 171; 603 169; 602 168
77; 291 175; 290 176; 288 176; 287 177; 286 177; 285 178; 283 178; 282 179; 278 179; 277 180; 274 180; 273 181; 269 181; 268 182; 266 182; 266 183; 263 186; 262 186; 261 187; 261 189; 263 191; 263 192; 271 200; 271 201; 272 202; 272 203; 273 204; 273 205; 274 205; 275 206; 276 206; 277 207; 278 207; 282 211; 282 213; 285 213; 286 214; 290 214; 290 212; 291 211; 291 210; 292 209; 292 207; 293 206; 293 205; 294 204; 294 202; 295 201; 295 196; 296 195; 296 193; 297 192; 297 191; 298 190; 298 182; 299 181; 299 176; 298 175
78; 443 177; 442 178; 439 178; 438 179; 436 179; 435 180; 429 180; 428 181; 427 181; 426 182; 425 182; 424 183; 415 183; 414 184; 412 184; 411 185; 409 185; 409 188; 415 194; 415 195; 420 200; 420 201; 424 205; 424 206; 427 209; 428 209; 430 211; 431 211; 433 213; 434 213; 436 215; 440 215; 440 214; 441 213; 441 211; 442 210; 442 208; 443 207; 443 204; 444 203; 444 201; 445 200; 445 198; 446 197; 446 196; 447 195; 447 194; 449 192; 449 182; 447 180; 447 178; 446 177
79; 459 174; 458 175; 455 175; 453 177; 453 178; 452 179; 452 180; 451 181; 450 181; 450 200; 449 201; 449 205; 448 206; 448 211; 450 213; 454 213; 455 212; 459 212; 460 211; 461 211; 462 210; 463 210; 464 209; 471 209; 472 208; 473 208; 475 206; 477 206; 478 205; 479 205; 480 204; 481 204; 482 203; 484 203; 485 202; 486 202; 487 201; 487 198; 486 197; 486 195; 489 192; 483 192; 479 188; 476 188; 473 185; 473 184; 463 174
80; 216 178; 214 180; 214 181; 212 183; 212 184; 210 186; 210 188; 209 189; 209 193; 207 195; 206 195; 205 196; 205 199; 204 200; 204 214; 205 215; 205 217; 210 217; 211 216; 214 216; 215 215; 218 215; 219 214; 224 214; 225 213; 226 213; 227 212; 230 212; 231 211; 234 211; 235 210; 238 210; 239 209; 240 209; 242 207; 242 202; 221 181; 221 180; 219 178
81; 387 180; 386 181; 386 182; 385 183; 385 185; 384 186; 384 187; 383 188; 383 190; 382 191; 382 192; 379 195; 379 197; 378 198; 378 200; 379 201; 378 202; 378 204; 376 206; 376 207; 375 208; 375 214; 378 217; 382 217; 383 216; 384 216; 385 217; 387 217; 388 216; 394 216; 395 215; 396 215; 397 214; 399 214; 400 213; 405 213; 406 212; 408 212; 409 211; 412 211; 413 210; 414 210; 415 209; 415 206; 412 203; 412 202; 406 196; 406 195; 403 192; 403 191; 401 189; 401 188; 400 187; 400 185; 399 184; 392 184; 389 181; 388 181
82; 159 183; 158 184; 157 184; 156 185; 156 186; 155 187; 155 189; 156 190; 156 204; 155 205; 155 210; 154 211; 154 214; 153 215; 153 221; 154 222; 157 222; 158 223; 161 223; 162 222; 163 222; 164 221; 165 221; 167 219; 168 219; 169 218; 170 218; 171 217; 177 217; 178 216; 179 216; 180 215; 181 215; 182 214; 183 214; 184 213; 186 213; 187 212; 189 212; 191 210; 191 204; 187 200; 186 200; 185 199; 184 199; 181 196; 181 195; 179 193; 177 193; 176 192; 175 192; 172 189; 171 189; 169 187; 168 187; 167 186; 166 186; 164 184; 163 184; 162 183
83; 720 192; 719 193; 716 193; 716 194; 714 196; 713 196; 712 197; 705 197; 704 198; 703 198; 701 200; 701 205; 706 210; 706 211; 716 221; 716 222; 718 224; 718 226; 719 227; 719 230; 723 230; 724 229; 727 229; 729 227; 729 226; 730 225; 730 224; 731 223; 731 221; 732 220; 732 219; 733 218; 733 217; 737 213; 737 209; 738 208; 738 206; 739 205; 739 203; 740 202; 740 195; 739 195; 738 194; 726 194; 725 193; 724 193; 723 192
84; 312 188; 310 190; 310 204; 311 205; 311 210; 310 211; 310 216; 308 218; 308 220; 309 221; 311 221; 314 224; 314 227; 316 227; 317 226; 318 226; 319 225; 325 225; 325 223; 326 222; 327 222; 329 220; 330 220; 334 216; 335 216; 336 215; 337 215; 338 214; 339 214; 340 213; 341 213; 342 212; 343 212; 344 211; 345 211; 345 207; 341 203; 340 203; 339 202; 338 202; 337 201; 336 201; 335 200; 334 200; 333 199; 332 199; 325 192; 324 192; 322 190; 321 190; 320 189; 317 189; 316 188
85; 557 187; 555 189; 555 190; 552 193; 552 194; 551 195; 551 196; 550 197; 550 199; 549 200; 549 202; 548 203; 548 204; 547 205; 547 206; 546 207; 546 208; 545 209; 545 210; 544 211; 544 212; 543 213; 543 214; 542 215; 542 216; 541 217; 541 223; 542 223; 543 224; 554 224; 555 223; 570 223; 571 222; 576 222; 578 220; 578 219; 579 218; 579 215; 578 214; 578 213; 577 212; 577 210; 576 209; 576 208; 573 205; 573 204; 572 203; 572 198; 569 198; 568 197; 567 197; 566 196; 566 195; 565 194; 565 193; 563 191; 563 190; 560 187
86; 759 193; 758 194; 758 195; 757 196; 757 197; 756 198; 756 203; 755 204; 755 207; 754 208; 754 209; 753 210; 753 212; 752 213; 752 216; 751 217; 751 218; 750 219; 750 231; 751 232; 754 232; 755 231; 756 231; 757 230; 763 230; 764 229; 767 229; 768 228; 769 228; 770 227; 772 227; 773 226; 774 226; 775 225; 777 225; 778 224; 785 224; 786 223; 787 223; 787 218; 785 216; 785 215; 780 210; 779 210; 777 208; 777 207; 776 206; 776 205; 773 202; 772 202; 763 193
87; 1009 195; 1007 198; 977 207; 967 214; 993 237; 998 237; 1001 234; 1001 226; 1007 212; 1014 209; 1023 208; 1023 200; 1019 200; 1016 197
88; 1016 197; 1017 182; 1020 179; 1023 179; 1023 171; 1018 171; 1015 173; 1010 172; 1011 179; 1008 183; 1009 195
89; 636 200; 635 201; 634 201; 633 202; 631 202; 630 203; 629 203; 628 204; 626 204; 625 205; 623 205; 622 206; 620 206; 619 207; 618 207; 617 208; 614 208; 613 207; 611 207; 610 208; 609 208; 608 209; 608 211; 606 213; 606 214; 604 216; 604 218; 607 221; 608 221; 610 223; 611 223; 614 226; 615 226; 616 227; 617 227; 618 228; 619 228; 620 229; 621 229; 625 233; 626 233; 630 237; 630 238; 631 239; 631 241; 632 242; 634 242; 638 238; 638 230; 639 229; 639 225; 640 224; 640 222; 641 221; 641 215; 640 214; 640 209; 641 208; 641 205; 642 204; 642 201; 641 200
90; 912 196; 910 198; 910 199; 909 200; 909 201; 902 208; 902 209; 901 210; 901 211; 894 218; 894 219; 892 221; 892 222; 891 223; 891 224; 890 225; 890 227; 892 229; 897 229; 898 230; 899 230; 900 231; 910 231; 911 232; 915 232; 916 233; 923 233; 924 234; 928 234; 929 233; 929 231; 928 230; 928 228; 927 227; 927 224; 926 223; 926 219; 925 218; 925 212; 923 210; 923 209; 921 207; 921 206; 920 205; 920 204; 918 202; 918 201; 917 200; 917 198; 916 197; 916 196
91; 950 202; 947 205; 947 206; 946 207; 946 208; 945 209; 945 210; 944 211; 944 212; 941 215; 941 216; 940 217; 940 219; 939 220; 939 222; 938 223; 938 225; 937 226; 937 228; 936 229; 936 231; 934 233; 934 236; 935 237; 947 237; 948 236; 971 236; 973 234; 973 230; 972 229; 972 227; 970 225; 970 224; 968 222; 968 221; 967 220; 967 216; 965 214; 964 214; 960 210; 960 209; 958 207; 958 206; 957 205; 957 204; 955 202
92; 670 206; 668 208; 668 216; 669 217; 669 220; 668 221; 668 224; 667 225; 667 231; 668 232; 668 235; 669 236; 669 237; 668 238; 668 240; 669 241; 669 242; 670 243; 670 244; 671 245; 671 246; 676 246; 677 245; 678 245; 683 240; 684 240; 685 239; 686 239; 687 238; 688 238; 692 234; 693 234; 694 233; 696 233; 697 232; 698 232; 703 227; 703 225; 702 224; 702 223; 701 223; 699 221; 698 221; 696 219; 695 219; 693 217; 692 217; 690 215; 689 215; 687 213; 686 213; 685 212; 684 212; 683 211; 681 211; 680 210; 679 210; 678 209; 677 209; 675 207; 674 207; 673 206
93; 495 210; 494 211; 494 216; 495 217; 495 222; 496 223; 496 224; 497 225; 497 230; 498 231; 498 242; 499 243; 499 244; 500 245; 502 245; 503 246; 506 246; 507 245; 508 245; 509 244; 510 244; 516 238; 517 238; 518 237; 519 237; 521 235; 521 234; 527 228; 528 228; 529 227; 529 226; 530 225; 530 223; 532 221; 532 219; 531 218; 529 218; 528 219; 527 219; 526 218; 525 218; 524 217; 520 217; 519 216; 517 216; 516 215; 515 215; 514 214; 513 214; 512 213; 511 213; 510 212; 508 212; 507 211; 505 211; 504 210
94; 260 217; 256 216; 251 217; 250 227; 242 244; 242 246; 246 248; 245 253; 253 252; 257 250; 265 250; 269 248; 273 248
95; 273 248; 277 253; 279 253; 280 249; 284 248; 287 242; 298 232; 297 224; 289 217; 289 215; 281 214; 271 208; 262 207; 262 214; 260 217
96; 817 217; 816 218; 815 218; 815 219; 814 220; 814 225; 815 226; 815 228; 816 229; 816 231; 817 232; 817 234; 818 235; 818 240; 819 241; 819 242; 820 243; 820 244; 821 245; 821 246; 822 247; 822 250; 823 251; 823 252; 824 253; 824 256; 825 257; 827 257; 828 256; 829 256; 830 255; 830 254; 832 252; 833 252; 834 251; 834 250; 835 249; 835 248; 840 243; 841 243; 846 238; 846 237; 851 232; 851 231; 852 230; 852 228; 851 227; 850 227; 849 226; 848 226; 847 225; 845 225; 844 224; 843 224; 842 223; 840 223; 839 222; 838 222; 837 221; 835 221; 834 220; 827 220; 825 218; 823 218; 822 217
97; 378 218; 377 219; 377 230; 378 231; 378 233; 379 234; 379 235; 380 236; 380 238; 381 239; 381 240; 382 241; 382 243; 383 244; 383 246; 385 248; 385 252; 386 253; 386 255; 389 258; 389 259; 393 259; 396 256; 396 255; 398 253; 398 252; 402 248; 403 248; 405 246; 405 245; 407 243; 407 242; 412 237; 412 236; 416 232; 416 230; 414 228; 412 228; 411 227; 410 227; 409 226; 404 226; 403 225; 400 225; 399 224; 395 224; 394 223; 393 223; 392 222; 385 222; 384 221; 382 221; 381 220; 381 219; 380 218
98; 594 215; 584 225; 584 226; 582 228; 581 228; 579 230; 579 231; 571 239; 570 239; 570 246; 572 246; 573 247; 577 247; 578 248; 581 248; 582 249; 587 249; 588 250; 591 250; 592 251; 593 251; 594 252; 596 252; 597 253; 607 253; 608 252; 608 250; 607 249; 607 248; 606 247; 606 243; 605 242; 605 238; 604 237; 604 236; 603 235; 603 234; 602 233; 602 230; 601 229; 601 225; 600 224; 600 218; 599 218; 596 215
99; 452 219; 451 220; 451 234; 450 235; 450 254; 449 255; 449 257; 451 259; 455 259; 456 258; 458 258; 461 255; 462 255; 466 251; 467 251; 468 250; 469 250; 470 249; 471 249; 472 248; 473 248; 474 247; 475 247; 477 245; 477 244; 478 243; 479 243; 481 241; 482 241; 483 240; 483 237; 482 236; 481 236; 479 234; 478 234; 473 229; 472 229; 470 227; 469 227; 467 225; 466 225; 465 224; 464 224; 462 222; 460 222; 459 221; 458 221; 457 220; 456 220; 455 219
100; 203 220; 198 225; 198 229; 199 230; 199 242; 201 244; 201 245; 202 246; 202 253; 203 254; 203 256; 204 257; 204 259; 209 259; 211 257; 212 257; 214 255; 215 255; 217 253; 218 253; 218 252; 226 244; 227 244; 228 243; 229 243; 235 237; 235 234; 234 233; 233 233; 232 232; 231 232; 230 231; 228 231; 227 230; 225 230; 224 229; 223 229; 222 228; 221 228; 220 227; 219 227; 218 226; 216 226; 214 224; 213 224; 212 223; 210 223; 209 222; 208 222; 206 220
101; 559 226; 558 227; 554 227; 553 228; 551 228; 550 229; 542 229; 541 230; 535 230; 535 231; 534 232; 533 232; 533 233; 532 234; 532 240; 533 241; 533 242; 534 243; 534 244; 535 244; 536 245; 537 245; 538 246; 539 246; 545 252; 545 253; 547 255; 547 256; 548 257; 548 259; 551 262; 553 262; 556 259; 557 260; 559 260; 559 259; 560 258; 560 257; 561 256; 561 255; 562 254; 562 252; 563 251; 563 249; 564 248; 564 247; 566 245; 569 245; 569 227; 568 227; 567 226
102; 781 231; 780 232; 774 232; 773 233; 773 238; 774 239; 774 241; 777 244; 777 245; 778 246; 778 248; 779 249; 779 254; 778 255; 778 257; 780 259; 781 259; 783 261; 783 262; 784 263; 784 264; 785 265; 785 266; 786 267; 789 267; 799 257; 799 256; 801 254; 801 253; 803 251; 803 250; 804 249; 804 248; 805 247; 805 246; 810 241; 810 237; 809 236; 809 235; 808 235; 807 234; 801 234; 800 233; 796 233; 795 232; 793 232; 792 231; 790 231; 789 232; 784 232; 783 231
103; 323 226; 323 228; 320 231; 320 232; 319 233; 319 235; 318 236; 318 237; 314 241; 314 242; 312 244; 312 245; 311 246; 311 247; 310 248; 309 248; 307 250; 307 251; 304 254; 304 258; 306 260; 308 260; 309 261; 322 261; 323 262; 340 262; 341 261; 343 261; 343 257; 342 256; 342 254; 341 253; 341 252; 340 251; 340 250; 339 249; 339 248; 338 247; 338 243; 337 242; 337 241; 333 237; 333 236; 331 234; 331 232; 330 231; 330 230; 329 229; 329 228; 327 226
104; 884 236; 883 237; 882 237; 881 238; 879 238; 877 240; 876 240; 874 242; 873 242; 872 243; 870 243; 869 244; 868 244; 867 245; 866 245; 864 247; 863 247; 861 249; 860 249; 858 251; 857 251; 856 252; 856 255; 857 256; 858 256; 859 257; 860 257; 863 260; 864 260; 866 262; 867 262; 868 263; 869 263; 871 265; 872 265; 873 266; 874 266; 879 271; 879 272; 880 273; 882 273; 884 271; 889 271; 890 270; 890 267; 891 266; 891 257; 892 256; 892 250; 891 249; 891 245; 892 244; 892 237; 891 236
105; 723 238; 722 239; 718 239; 717 240; 714 240; 713 241; 711 241; 710 242; 709 242; 708 243; 706 243; 705 244; 699 244; 698 245; 695 245; 694 246; 691 246; 691 251; 692 252; 692 255; 700 263; 700 264; 712 276; 712 277; 716 277; 717 276; 717 275; 718 274; 718 273; 719 272; 719 267; 720 266; 720 263; 721 262; 721 259; 722 258; 722 257; 723 256; 723 255; 724 254; 724 252; 725 251; 725 250; 726 249; 726 245; 727 244; 727 239; 726 238
106; 89 239; 88 240; 86 240; 85 241; 84 241; 83 242; 82 242; 81 243; 79 243; 78 244; 72 244; 71 245; 69 245; 68 246; 66 246; 65 247; 64 247; 62 249; 60 249; 59 250; 57 250; 57 253; 58 254; 59 254; 66 261; 66 262; 70 266; 71 266; 72 267; 72 268; 73 269; 73 271; 75 273; 75 276; 74 277; 77 280; 78 280; 80 278; 82 278; 83 277; 84 277; 87 274; 87 273; 88 272; 88 267; 89 266; 89 265; 91 263; 91 254; 92 253; 92 252; 93 251; 93 250; 94 249; 94 247; 95 246; 95 242; 94 242; 91 239
107; 978 244; 977 245; 967 245; 966 246; 962 246; 961 247; 959 247; 958 248; 949 248; 948 249; 948 254; 949 255; 949 256; 950 257; 950 258; 951 259; 951 260; 952 261; 952 262; 954 264; 954 265; 961 272; 961 273; 967 279; 967 280; 968 281; 972 281; 972 280; 975 277; 975 275; 976 274; 976 272; 977 271; 977 269; 978 268; 978 265; 979 264; 979 262; 980 261; 980 259; 981 258; 981 256; 983 254; 983 251; 981 249; 981 245; 980 244
108; 117 235; 116 236; 116 237; 115 238; 112 238; 111 239; 111 248; 110 249; 110 251; 109 252; 109 253; 108 254; 108 257; 107 258; 107 262; 106 263; 106 265; 107 266; 107 267; 106 268; 106 269; 105 270; 105 274; 107 274; 108 275; 110 275; 112 273; 114 273; 115 272; 117 272; 118 271; 126 271; 128 269; 129 269; 130 268; 131 268; 132 267; 135 267; 136 266; 137 266; 138 265; 139 265; 140 264; 141 264; 142 263; 143 263; 143 260; 129 246; 129 245; 126 242; 126 241; 120 235
109; 524 246; 523 247; 521 247; 520 248; 519 248; 518 249; 514 249; 513 250; 506 250; 505 251; 504 251; 503 252; 502 252; 501 253; 500 253; 499 254; 498 254; 498 258; 499 259; 499 260; 500 261; 500 262; 501 263; 502 263; 506 267; 507 267; 509 269; 509 270; 511 272; 511 273; 513 275; 514 275; 515 276; 516 276; 520 280; 520 281; 521 282; 521 283; 522 284; 526 284; 527 283; 527 281; 528 280; 528 277; 529 276; 529 274; 530 273; 530 268; 531 267; 531 266; 532 265; 532 264; 533 263; 533 255; 534 254; 534 249; 533 248; 532 248; 531 247; 530 247; 529 246
110; 416 242; 416 243; 414 245; 414 246; 406 254; 406 255; 404 257; 404 258; 394 268; 394 270; 395 271; 395 272; 396 273; 396 274; 397 275; 398 275; 399 276; 410 276; 411 277; 415 277; 416 278; 433 278; 433 274; 432 273; 432 271; 431 270; 431 268; 430 267; 430 265; 428 263; 428 260; 427 259; 427 256; 426 255; 426 254; 425 253; 425 252; 424 251; 424 250; 423 249; 423 248; 422 247; 422 246; 421 245; 421 243; 420 242
111; 742 273; 742 275; 755 286; 775 299; 777 295; 779 259; 777 256; 772 257
112; 772 257; 766 250; 749 236; 743 234; 740 231; 737 231; 734 235; 735 246; 732 251; 733 262; 737 264; 736 269; 739 270; 742 273
113; 935 249; 934 250; 931 250; 930 251; 928 251; 927 252; 926 252; 925 253; 923 253; 922 254; 920 254; 919 255; 918 255; 917 256; 916 256; 915 257; 914 257; 913 258; 912 258; 909 261; 907 261; 906 262; 905 262; 904 263; 904 266; 906 268; 907 268; 909 270; 910 270; 911 271; 912 271; 914 273; 915 273; 917 275; 918 275; 928 285; 928 286; 931 289; 936 289; 937 288; 937 278; 938 277; 938 271; 939 270; 939 269; 940 268; 940 250; 939 249
114; 625 248; 624 249; 624 250; 622 252; 622 253; 621 254; 621 255; 620 256; 620 257; 618 259; 618 260; 617 261; 617 262; 616 263; 616 264; 615 265; 615 266; 614 267; 614 268; 612 270; 612 271; 610 273; 610 276; 611 276; 614 279; 614 280; 615 281; 620 281; 621 280; 633 280; 634 279; 644 279; 645 280; 647 280; 648 279; 649 279; 649 273; 648 272; 648 271; 647 270; 647 269; 641 263; 641 262; 640 261; 640 260; 639 259; 639 256; 638 255; 638 254; 637 253; 637 252; 636 251; 636 250; 635 249; 634 249; 633 248
115; 999 247; 998 248; 998 249; 993 254; 993 255; 988 260; 988 261; 987 262; 987 263; 986 264; 986 265; 985 266; 985 267; 984 268; 984 269; 982 271; 982 272; 980 274; 980 278; 981 279; 983 279; 984 280; 990 280; 991 281; 999 281; 1000 282; 1002 282; 1003 281; 1004 282; 1008 282; 1010 280; 1011 280; 1012 279; 1014 279; 1016 277; 1016 272; 1015 271; 1015 269; 1014 268; 1014 267; 1013 266; 1013 265; 1010 262; 1010 261; 1009 260; 1009 259; 1008 258; 1008 257; 1007 256; 1007 254; 1005 252; 1005 251; 1001 247
116; 689 247; 688 248; 680 248; 680 249; 677 252; 677 254; 676 255; 676 256; 675 257; 675 258; 674 259; 674 260; 673 261; 673 263; 672 264; 672 265; 671 266; 671 267; 670 268; 670 269; 669 270; 669 272; 668 273; 668 275; 667 276; 667 278; 666 279; 666 282; 665 283; 665 287; 672 287; 674 285; 675 285; 676 284; 682 284; 683 285; 685 285; 686 284; 687 284; 688 283; 700 283; 701 282; 703 282; 703 281; 704 280; 704 278; 703 277; 703 276; 701 274; 701 273; 700 272; 700 271; 699 270; 699 269; 695 265; 695 264; 694 263; 694 260; 692 258; 692 256; 691 255; 691 252; 690 251; 690 247
117; 365 256; 364 257; 363 257; 362 258; 360 258; 359 259; 357 259; 356 260; 355 260; 354 261; 353 261; 352 262; 351 262; 350 263; 349 263; 348 264; 347 264; 346 265; 345 265; 344 266; 343 266; 342 267; 341 267; 340 268; 339 268; 338 269; 336 269; 335 270; 335 273; 342 280; 343 280; 345 282; 346 282; 347 283; 348 283; 350 285; 351 285; 353 287; 353 288; 357 292; 358 292; 359 293; 360 293; 361 294; 362 294; 363 295; 366 295; 367 296; 368 296; 370 294; 370 291; 369 290; 369 285; 370 284; 370 275; 371 274; 371 271; 370 270; 370 268; 371 267; 371 262; 372 261; 372 257; 371 256
118; 154 261; 153 262; 153 265; 152 266; 151 266; 150 267; 150 269; 151 270; 151 271; 153 273; 153 274; 155 276; 155 277; 156 278; 156 279; 157 280; 157 283; 161 287; 161 288; 162 289; 162 291; 163 292; 163 293; 164 294; 164 295; 167 298; 169 298; 170 297; 170 296; 172 294; 172 293; 175 290; 175 289; 176 288; 176 287; 178 285; 178 284; 180 282; 180 281; 181 280; 181 279; 183 277; 183 276; 186 273; 186 271; 187 270; 187 262; 186 261; 178 261; 177 262; 171 262; 170 261; 164 261; 163 262; 158 262; 157 261
119; 475 261; 474 262; 461 262; 460 263; 460 267; 461 268; 461 271; 462 272; 462 274; 464 276; 464 277; 466 279; 466 281; 467 282; 467 283; 468 284; 468 286; 469 287; 469 289; 470 290; 470 291; 471 292; 471 293; 473 295; 473 296; 475 298; 479 298; 480 297; 481 297; 483 295; 483 294; 484 293; 484 292; 485 291; 485 290; 487 288; 487 287; 488 286; 488 285; 489 284; 489 283; 491 281; 491 280; 497 274; 499 274; 500 273; 500 271; 499 270; 498 270; 496 268; 496 267; 495 266; 495 265; 494 265; 493 264; 486 264; 485 263; 481 263; 480 262; 479 262; 478 261
120; 811 263; 810 264; 810 268; 811 269; 811 273; 812 274; 812 276; 813 277; 813 278; 814 279; 814 281; 815 282; 814 283; 814 288; 815 289; 815 290; 816 291; 816 293; 817 294; 817 299; 818 300; 824 300; 825 299; 826 299; 833 292; 834 292; 840 286; 840 285; 842 283; 842 282; 845 279; 845 278; 848 275; 848 272; 847 272; 846 271; 844 271; 843 270; 841 270; 840 269; 837 269; 836 268; 834 268; 833 267; 830 267; 829 266; 828 266; 827 265; 824 265; 823 264; 817 264; 816 263
121; 105 275; 103 277; 102 277; 101 278; 100 278; 99 279; 99 282; 100 283; 100 285; 101 286; 101 287; 102 288; 102 289; 104 291; 104 292; 105 293; 105 294; 107 296; 107 297; 108 298; 108 299; 109 300; 109 301; 112 304; 112 305; 114 307; 114 309; 118 313; 122 313; 125 310; 125 309; 126 308; 126 307; 127 306; 127 305; 128 304; 128 303; 129 302; 129 301; 130 300; 130 297; 131 296; 131 295; 133 293; 133 292; 135 290; 135 289; 137 287; 137 282; 136 281; 136 280; 135 279; 135 278; 134 278; 133 277; 118 277; 117 276; 114 276; 113 277; 111 277; 110 276; 108 276; 107 275
122; 324 268; 321 271; 321 272; 319 274; 318 274; 311 281; 310 281; 308 283; 307 283; 305 285; 304 285; 299 290; 299 291; 298 292; 298 294; 299 295; 299 296; 301 298; 302 298; 303 299; 307 299; 308 300; 312 300; 313 301; 314 301; 316 303; 317 303; 318 304; 320 304; 321 305; 323 305; 324 306; 325 306; 326 307; 326 308; 330 308; 331 307; 335 307; 335 306; 337 304; 337 298; 336 297; 336 295; 335 294; 335 293; 334 292; 334 284; 333 283; 333 281; 332 280; 332 278; 331 277; 331 274; 329 272; 329 270; 328 269; 328 268
123; 194 273; 193 274; 193 276; 192 277; 192 284; 193 285; 193 286; 192 287; 192 290; 190 292; 185 292; 183 294; 182 294; 182 295; 180 297; 180 298; 194 312; 195 312; 197 314; 201 314; 204 311; 205 311; 208 308; 209 308; 212 305; 213 305; 215 303; 216 303; 218 301; 219 301; 220 300; 221 300; 222 299; 223 299; 224 298; 224 296; 225 295; 225 293; 227 291; 227 288; 226 287; 225 287; 224 286; 222 286; 221 285; 220 285; 219 284; 218 284; 215 281; 214 281; 213 280; 209 280; 208 279; 206 279; 205 278; 204 278; 201 275; 200 275; 199 274; 198 274; 197 273
124; 451 274; 450 275; 449 275; 448 276; 447 276; 446 277; 445 277; 444 278; 442 278; 441 279; 440 279; 437 282; 436 282; 435 283; 433 283; 432 284; 431 284; 429 286; 428 286; 426 288; 425 288; 424 289; 423 289; 421 291; 420 291; 420 292; 419 293; 419 294; 424 299; 424 300; 425 301; 425 303; 426 304; 426 317; 427 316; 428 316; 430 314; 431 314; 433 312; 434 312; 439 307; 442 307; 443 308; 444 308; 445 309; 446 309; 448 311; 449 311; 451 313; 454 313; 455 312; 456 312; 457 311; 457 309; 458 308; 458 298; 457 297; 457 282; 456 281; 456 276; 454 274
125; 1022 276; 1021 277; 1020 277; 1019 278; 1016 278; 1014 280; 1012 280; 1011 281; 1010 281; 1008 283; 1008 284; 1007 285; 1005 285; 1004 286; 993 286; 992 287; 990 287; 989 288; 987 288; 987 292; 989 294; 989 295; 992 298; 992 299; 994 301; 994 302; 995 303; 995 304; 996 305; 996 306; 998 308; 998 309; 1001 312; 1001 313; 1003 315; 1003 316; 1004 317; 1004 318; 1005 319; 1005 320; 1009 320; 1010 319; 1011 319; 1012 318; 1013 318; 1015 316; 1015 314; 1016 313; 1016 311; 1017 310; 1017 309; 1018 308; 1021 308; 1022 309; 1023 309; 1023 276
126; 737 284; 736 285; 735 285; 734 286; 733 286; 731 288; 729 288; 728 289; 727 289; 726 290; 724 290; 723 291; 722 291; 721 292; 720 292; 719 293; 718 293; 717 294; 716 294; 715 295; 714 295; 713 296; 711 296; 710 297; 709 297; 707 299; 707 303; 708 304; 708 305; 711 308; 712 308; 714 310; 715 310; 717 312; 717 313; 718 314; 718 315; 719 316; 719 317; 720 317; 721 318; 722 318; 723 317; 725 317; 726 318; 726 319; 728 321; 729 321; 731 323; 732 323; 733 324; 738 324; 738 323; 739 322; 739 320; 740 319; 740 311; 741 310; 741 303; 742 302; 742 298; 741 297; 741 296; 742 295; 742 285; 741 284
127; 385 285; 384 286; 383 286; 379 290; 378 290; 374 294; 373 294; 372 295; 370 295; 368 297; 368 299; 361 306; 361 307; 360 308; 360 312; 363 315; 364 315; 365 316; 369 316; 370 317; 371 317; 372 318; 373 318; 374 319; 376 319; 378 321; 380 321; 381 322; 383 322; 384 323; 385 323; 386 324; 387 324; 389 326; 393 326; 395 324; 395 318; 394 317; 394 306; 395 305; 395 301; 394 300; 394 299; 393 298; 393 295; 392 294; 392 286; 391 285
128; 664 288; 661 291; 660 291; 658 293; 657 293; 656 294; 653 294; 652 295; 651 295; 651 296; 649 298; 648 298; 647 299; 646 299; 645 300; 643 300; 642 301; 640 301; 639 302; 638 302; 636 304; 636 306; 637 307; 637 308; 642 313; 643 313; 645 315; 646 315; 647 316; 648 316; 649 317; 650 317; 657 324; 658 324; 659 325; 660 325; 663 328; 664 328; 665 329; 668 329; 669 328; 669 326; 670 325; 670 312; 671 311; 671 288
129; 402 288; 400 290; 400 291; 399 292; 399 300; 400 301; 400 314; 401 315; 401 317; 400 318; 400 324; 402 326; 402 327; 403 328; 403 329; 406 329; 407 328; 408 328; 410 326; 411 326; 415 322; 418 322; 419 321; 421 321; 422 320; 423 320; 425 318; 425 304; 424 303; 424 301; 423 300; 423 299; 419 295; 416 295; 415 294; 414 294; 412 292; 411 292; 409 290; 408 290; 407 289; 406 289; 405 288
130; 59 308; 59 321; 63 326; 91 326; 96 325; 100 322; 83 290; 81 288; 76 290; 74 289
131; 74 289; 76 281; 74 278; 68 280; 55 278; 39 278; 36 280; 37 288; 45 300; 49 310; 53 312; 56 306; 59 308
132; 613 291; 612 292; 611 292; 610 293; 609 293; 608 294; 607 294; 601 300; 600 300; 597 303; 596 303; 594 305; 593 305; 592 306; 591 306; 585 312; 585 315; 586 316; 587 316; 588 317; 589 317; 590 318; 592 318; 594 320; 595 320; 598 323; 599 323; 601 325; 602 325; 603 326; 605 326; 606 327; 607 327; 609 329; 611 329; 614 332; 615 332; 616 333; 620 333; 620 332; 621 331; 621 319; 620 318; 620 312; 621 311; 621 301; 620 300; 620 295; 619 294; 619 293; 617 291
133; 179 298; 176 301; 175 301; 173 303; 172 303; 169 306; 168 306; 164 310; 163 310; 161 312; 160 312; 158 314; 158 318; 159 319; 160 319; 161 320; 162 320; 163 321; 164 321; 165 322; 166 322; 168 324; 169 324; 170 325; 170 326; 171 326; 172 327; 176 327; 177 328; 178 328; 179 329; 180 329; 182 331; 183 331; 184 332; 185 332; 187 334; 191 334; 192 333; 192 332; 193 331; 193 330; 194 329; 194 324; 193 323; 193 312
134; 844 294; 843 295; 843 297; 842 298; 842 306; 841 307; 841 315; 840 316; 840 321; 839 322; 839 324; 838 325; 836 325; 836 326; 835 327; 835 328; 837 330; 837 332; 839 334; 845 334; 846 333; 847 333; 848 332; 849 332; 850 331; 851 331; 852 330; 853 330; 854 329; 855 329; 856 328; 858 328; 859 327; 862 327; 863 326; 864 326; 865 325; 867 325; 868 324; 869 324; 870 323; 871 323; 872 322; 872 321; 873 320; 873 319; 874 318; 874 314; 873 313; 872 313; 871 312; 870 312; 868 310; 867 310; 864 307; 864 306; 863 305; 862 305; 860 303; 859 303; 854 298; 853 298; 852 297; 851 297; 849 295; 847 295; 846 294
135; 285 296; 285 297; 284 298; 284 300; 285 301; 285 303; 284 304; 284 317; 283 318; 283 320; 284 321; 284 323; 285 324; 285 325; 284 326; 284 331; 285 332; 285 336; 287 338; 290 338; 291 337; 292 337; 297 332; 298 332; 300 330; 301 330; 302 329; 303 329; 304 328; 305 328; 306 327; 307 327; 308 326; 309 326; 311 324; 312 324; 314 322; 315 322; 316 321; 317 321; 318 320; 319 320; 320 319; 320 315; 319 314; 318 314; 316 312; 315 312; 313 310; 312 310; 311 309; 309 309; 308 308; 307 308; 304 305; 302 305; 301 304; 300 304; 299 303; 298 303; 294 299; 293 299; 292 298; 291 298; 289 296
136; 809 296; 809 297; 808 298; 808 299; 807 300; 807 301; 805 303; 805 304; 804 305; 804 307; 803 308; 803 309; 802 310; 802 312; 801 313; 801 315; 800 316; 800 319; 799 320; 799 322; 798 323; 798 325; 797 326; 797 328; 796 329; 796 330; 795 331; 795 334; 796 335; 799 335; 800 334; 802 334; 803 333; 807 333; 808 332; 812 332; 813 331; 822 331; 823 330; 825 330; 826 329; 830 329; 831 328; 834 328; 834 327; 835 326; 835 324; 832 321; 832 320; 827 315; 827 314; 826 313; 826 312; 825 311; 825 310; 822 307; 821 307; 818 304; 818 302; 817 301; 817 300; 816 300; 815 299; 814 299; 813 298; 813 297; 812 296
137; 776 299; 771 304; 770 304; 769 305; 768 305; 766 307; 765 307; 764 308; 763 308; 762 309; 761 309; 760 310; 759 310; 758 311; 757 311; 755 313; 754 313; 753 314; 752 314; 751 315; 750 315; 749 316; 748 316; 747 317; 746 317; 745 318; 745 321; 748 324; 749 324; 750 325; 751 325; 753 327; 754 327; 756 329; 757 329; 759 331; 760 331; 762 333; 763 333; 765 335; 766 335; 768 337; 769 337; 772 340; 773 340; 774 341; 779 341; 779 338; 780 337; 780 322; 781 321; 781 320; 782 319; 782 316; 781 315; 781 304; 780 303; 780 302; 777 299
138; 331 308; 330 309; 326 309; 326 311; 325 312; 325 317; 326 318; 326 321; 327 322; 327 327; 328 328; 328 329; 329 330; 329 340; 330 341; 332 341; 333 342; 334 342; 335 343; 335 344; 336 345; 340 345; 341 344; 342 344; 344 342; 345 342; 348 339; 349 339; 351 337; 355 337; 358 334; 357 333; 357 331; 358 330; 358 329; 363 324; 363 319; 362 318; 359 318; 358 317; 357 317; 356 316; 353 316; 352 315; 347 315; 346 314; 344 314; 343 313; 341 313; 340 312; 339 312; 338 311; 337 311; 335 309; 335 308
139; 916 312; 914 314; 914 318; 915 319; 915 320; 916 321; 916 322; 917 323; 917 324; 918 325; 918 327; 919 328; 919 330; 920 331; 920 332; 921 333; 921 334; 922 335; 922 337; 923 338; 923 340; 924 341; 924 345; 925 346; 925 347; 928 350; 931 350; 933 348; 934 348; 935 347; 935 346; 937 344; 937 343; 945 335; 945 334; 947 332; 947 331; 948 330; 948 329; 950 327; 950 326; 952 324; 952 323; 953 322; 953 317; 951 315; 940 315; 939 314; 931 314; 930 313; 926 313; 925 312
140; 463 314; 462 315; 462 316; 461 317; 461 320; 460 321; 460 331; 459 332; 459 334; 458 335; 458 340; 459 341; 459 342; 458 343; 458 345; 457 346; 457 350; 458 351; 459 351; 460 352; 466 352; 467 351; 469 351; 470 350; 472 350; 474 348; 475 348; 476 347; 482 347; 487 342; 488 342; 489 341; 490 341; 491 340; 492 340; 493 339; 494 339; 497 336; 497 334; 496 333; 495 333; 492 330; 491 330; 490 329; 489 329; 487 327; 486 327; 483 324; 482 324; 480 322; 479 322; 478 321; 477 321; 476 320; 475 320; 473 318; 472 318; 471 317; 470 317; 467 314
141; 986 315; 985 316; 985 317; 984 318; 984 319; 975 328; 975 329; 973 331; 973 332; 970 335; 970 336; 967 339; 967 340; 965 342; 965 343; 964 344; 964 348; 969 348; 970 349; 975 349; 976 350; 986 350; 987 351; 993 351; 994 352; 996 352; 997 353; 1000 353; 1002 351; 1002 343; 1001 342; 1001 340; 1000 339; 1000 338; 999 337; 999 335; 998 334; 998 331; 997 330; 997 329; 994 326; 994 324; 992 322; 992 320; 991 319; 991 318; 988 315
142; 444 320; 443 321; 441 321; 440 322; 439 322; 438 323; 436 323; 435 324; 434 324; 433 325; 431 325; 430 326; 428 326; 427 327; 426 327; 425 328; 424 328; 423 329; 421 329; 420 330; 418 330; 417 331; 414 331; 411 334; 411 337; 415 341; 416 341; 418 343; 419 343; 422 346; 423 346; 424 347; 424 348; 431 355; 431 356; 435 360; 437 360; 439 358; 443 358; 444 357; 444 356; 445 355; 445 346; 446 345; 446 343; 447 342; 447 341; 448 340; 448 337; 447 336; 447 331; 448 330; 448 322; 446 320
143; 718 318; 718 319; 717 320; 717 321; 716 322; 716 323; 715 324; 715 325; 714 326; 714 327; 713 328; 713 330; 712 331; 712 334; 711 335; 711 337; 710 338; 710 343; 709 344; 709 353; 708 354; 708 357; 710 359; 712 359; 714 357; 717 357; 718 356; 728 356; 728 355; 732 351; 734 351; 735 350; 739 350; 740 349; 742 349; 743 348; 745 348; 746 347; 746 343; 744 341; 744 340; 742 338; 741 338; 728 325; 728 324; 727 323; 727 322; 726 322; 725 321; 724 321; 722 319; 721 319; 720 318
144; 108 327; 108 331; 106 333; 105 333; 104 334; 103 334; 103 337; 108 342; 108 343; 110 345; 110 347; 111 348; 111 349; 112 350; 112 352; 113 353; 113 354; 115 356; 115 357; 119 361; 119 363; 121 365; 123 365; 127 361; 127 360; 128 359; 128 358; 129 357; 129 356; 131 354; 131 353; 132 352; 132 351; 133 350; 133 348; 136 345; 136 344; 140 340; 141 340; 144 337; 144 334; 143 333; 141 333; 139 331; 139 330; 138 329; 136 329; 135 328; 119 328; 118 329; 114 329; 113 328; 111 328; 110 327
145; 539 324; 538 325; 538 327; 537 328; 537 330; 536 331; 536 333; 535 334; 535 337; 534 338; 534 343; 535 344; 535 351; 534 352; 534 360; 535 361; 535 363; 536 364; 541 364; 542 363; 543 363; 544 362; 545 362; 546 361; 547 361; 548 360; 552 360; 553 359; 554 359; 558 355; 559 355; 560 354; 561 354; 562 353; 563 353; 564 352; 567 352; 569 350; 569 344; 565 340; 564 340; 563 339; 562 339; 555 332; 554 332; 553 331; 552 331; 551 330; 550 330; 548 328; 547 328; 546 327; 545 327; 543 325; 542 325; 541 324
146; 159 328; 158 329; 157 329; 156 330; 156 331; 152 335; 152 336; 147 341; 147 342; 146 343; 146 344; 145 345; 145 348; 144 349; 144 350; 141 353; 141 354; 140 355; 140 361; 141 362; 148 362; 149 363; 155 363; 156 362; 158 362; 159 363; 163 363; 164 364; 169 364; 170 363; 178 363; 178 356; 176 354; 176 352; 175 351; 175 350; 173 348; 173 347; 172 346; 172 345; 171 344; 171 342; 170 341; 170 340; 169 339; 169 338; 168 337; 168 334; 167 333; 167 331; 164 328
147; 274 329; 273 330; 272 330; 271 331; 270 331; 267 334; 266 334; 262 338; 261 338; 259 340; 257 340; 256 341; 255 341; 250 346; 250 347; 246 351; 246 354; 248 356; 251 356; 252 357; 253 357; 254 358; 256 358; 257 359; 258 359; 259 360; 260 360; 261 361; 262 361; 264 363; 265 363; 266 364; 268 364; 271 367; 271 370; 278 370; 279 369; 279 368; 280 367; 280 365; 281 364; 281 362; 282 361; 282 347; 281 346; 281 340; 280 339; 280 330; 279 329
148; 50 333; 49 334; 48 334; 47 335; 46 335; 45 336; 41 336; 40 337; 36 337; 35 338; 34 338; 33 339; 32 339; 31 340; 28 340; 27 341; 25 341; 24 342; 18 342; 17 343; 17 344; 16 345; 16 348; 17 349; 17 350; 26 359; 26 360; 27 361; 27 362; 28 362; 29 363; 30 363; 31 364; 32 364; 40 372; 41 372; 43 374; 45 374; 46 373; 47 373; 47 372; 48 371; 48 370; 49 369; 49 365; 50 364; 50 358; 51 357; 51 354; 52 353; 52 347; 53 346; 53 344; 54 343; 54 335; 52 333
149; 95 332; 94 333; 93 333; 92 334; 90 334; 89 335; 88 335; 86 337; 84 337; 82 339; 81 339; 77 343; 76 343; 74 345; 73 345; 70 348; 69 348; 64 353; 64 355; 67 358; 68 358; 69 359; 70 359; 71 360; 73 360; 74 361; 75 361; 76 362; 77 362; 78 363; 79 363; 81 365; 82 365; 83 366; 84 366; 85 367; 86 367; 90 371; 93 371; 94 372; 98 372; 98 371; 100 369; 100 358; 101 357; 101 353; 100 352; 100 347; 99 346; 99 340; 100 339; 100 338; 101 337; 102 337; 102 334; 101 333; 100 333; 99 332
150; 358 335; 355 338; 355 339; 356 340; 355 341; 355 343; 354 344; 354 345; 353 346; 353 347; 352 348; 352 349; 351 350; 351 352; 350 353; 350 358; 349 359; 349 361; 348 362; 348 363; 347 364; 347 365; 346 366; 346 369; 348 371; 349 371; 350 372; 355 372; 356 371; 362 371; 363 370; 367 370; 368 369; 370 369; 371 368; 374 368; 375 367; 379 367; 380 366; 382 366; 383 365; 384 365; 385 364; 386 364; 386 359; 384 357; 383 357; 376 350; 376 349; 370 343; 370 342; 369 341; 369 337; 367 337; 366 338; 362 338; 359 335
151; 885 337; 882 340; 881 340; 881 346; 882 347; 882 352; 883 353; 883 354; 882 355; 882 359; 883 360; 883 362; 884 363; 883 364; 883 367; 882 368; 882 372; 885 372; 888 369; 890 371; 890 374; 892 374; 893 373; 895 373; 896 372; 899 372; 900 373; 901 372; 902 372; 904 370; 904 369; 911 362; 912 362; 916 358; 916 357; 918 355; 918 352; 917 351; 916 351; 915 350; 914 350; 913 349; 912 349; 910 347; 909 347; 908 346; 906 346; 905 345; 903 345; 902 344; 901 344; 899 342; 898 342; 897 341; 896 341; 895 340; 894 340; 892 338; 891 338; 890 337
152; 500 339; 495 344; 495 345; 491 349; 490 349; 488 351; 487 351; 486 352; 486 353; 484 355; 484 356; 481 359; 480 359; 478 361; 477 361; 475 363; 475 369; 476 370; 479 370; 480 371; 483 371; 484 372; 489 372; 490 373; 493 373; 496 376; 496 377; 497 377; 498 378; 501 378; 502 377; 503 378; 506 378; 507 379; 510 379; 514 375; 514 369; 513 368; 513 366; 512 365; 512 364; 511 363; 511 362; 510 361; 510 360; 509 359; 509 355; 508 354; 508 351; 507 350; 507 348; 506 347; 506 344; 505 343; 505 341; 503 339
153; 295 349; 294 350; 291 350; 290 351; 289 351; 289 354; 292 357; 292 358; 293 359; 293 360; 294 361; 294 362; 295 363; 295 364; 296 365; 296 367; 297 368; 297 369; 298 370; 298 372; 300 374; 300 375; 302 377; 302 378; 303 379; 303 380; 304 381; 304 382; 305 383; 305 384; 307 386; 309 386; 310 385; 311 385; 312 384; 312 383; 314 381; 314 380; 315 379; 315 378; 317 376; 317 375; 318 374; 318 373; 322 369; 322 368; 323 367; 323 363; 327 359; 327 355; 326 354; 326 351; 325 350; 305 350; 304 349
154; 762 350; 760 352; 760 358; 761 359; 761 360; 762 361; 762 362; 764 364; 764 365; 765 366; 765 367; 767 369; 767 370; 768 371; 768 372; 769 373; 769 374; 770 375; 770 376; 771 377; 770 378; 770 381; 771 382; 771 384; 775 384; 776 385; 777 385; 779 387; 783 387; 784 386; 784 385; 785 384; 785 381; 786 380; 786 379; 790 375; 790 374; 791 373; 791 371; 792 370; 792 367; 793 366; 793 365; 794 364; 794 363; 796 361; 796 360; 798 358; 798 357; 799 356; 799 354; 797 352; 795 352; 794 351; 773 351; 772 350
155; 948 345; 947 346; 946 346; 946 347; 945 348; 945 349; 944 350; 944 351; 942 353; 942 354; 940 356; 940 357; 938 359; 938 360; 930 368; 930 370; 931 371; 931 376; 934 376; 936 378; 937 378; 938 379; 939 378; 940 378; 941 377; 942 377; 943 378; 944 378; 945 379; 946 379; 947 380; 956 380; 957 381; 963 381; 964 380; 966 380; 967 379; 968 379; 968 375; 966 373; 966 372; 965 371; 965 369; 964 368; 964 365; 963 364; 963 363; 962 362; 962 361; 961 360; 961 359; 959 357; 959 356; 958 355; 958 353; 957 352; 957 350; 956 349; 956 348; 953 345
156; 183 348; 182 349; 182 356; 181 357; 179 357; 179 363; 181 363; 182 364; 182 366; 183 367; 183 380; 184 381; 184 382; 185 383; 185 387; 186 388; 190 388; 192 386; 193 386; 197 382; 198 382; 200 380; 201 380; 203 378; 204 378; 206 376; 207 376; 211 372; 212 372; 212 371; 213 370; 213 369; 217 365; 217 363; 216 362; 214 362; 212 360; 211 360; 210 359; 209 359; 208 358; 206 358; 205 357; 204 357; 201 354; 200 354; 199 353; 195 353; 193 351; 192 351; 190 349; 189 349; 188 348
157; 569 351; 567 353; 567 354; 560 361; 558 361; 557 362; 555 362; 555 363; 550 368; 549 368; 542 375; 542 379; 543 380; 543 381; 545 383; 550 383; 551 384; 553 384; 554 385; 555 385; 556 386; 557 386; 558 387; 559 387; 560 388; 560 389; 561 389; 562 390; 564 390; 565 391; 566 391; 567 392; 568 392; 569 393; 572 393; 573 394; 577 394; 577 393; 578 392; 578 387; 579 386; 579 384; 578 383; 578 380; 577 379; 577 375; 576 374; 576 363; 575 362; 575 360; 574 359; 574 357; 573 356; 573 355; 572 354; 572 353; 570 351
158; 421 359; 420 360; 418 360; 417 361; 415 361; 414 362; 413 362; 412 363; 407 363; 406 364; 402 364; 401 365; 394 365; 392 367; 392 371; 393 372; 393 373; 394 373; 396 375; 396 376; 397 377; 397 378; 401 382; 401 383; 402 384; 402 385; 403 386; 403 387; 405 389; 406 389; 410 393; 410 394; 411 395; 411 396; 412 397; 412 399; 417 399; 421 395; 421 393; 422 392; 422 390; 423 389; 423 388; 424 387; 424 384; 425 383; 425 381; 426 380; 426 379; 427 378; 427 376; 428 375; 428 374; 429 373; 429 371; 430 370; 430 365; 429 364; 429 362; 427 360; 426 360; 425 359
159; 730 396; 736 398; 744 397; 770 385; 769 379; 762 374; 756 367; 743 358; 739 359; 736 364
160; 736 364; 733 359; 729 357; 724 357; 712 363; 709 367; 700 371; 697 374; 700 380; 725 397; 730 396
161; 149 366; 148 367; 143 367; 142 368; 139 368; 138 369; 135 369; 134 370; 132 370; 131 371; 129 371; 128 372; 124 372; 123 373; 122 373; 121 374; 119 374; 118 375; 117 375; 116 376; 116 380; 120 384; 120 385; 121 386; 122 386; 133 397; 133 398; 135 400; 136 400; 140 404; 143 404; 144 403; 145 403; 145 402; 146 401; 146 400; 147 399; 147 397; 148 396; 148 393; 149 392; 149 390; 151 388; 151 387; 152 386; 152 379; 153 378; 153 376; 154 375; 154 372; 155 371; 155 369; 154 368; 154 367; 153 367; 152 366
162; 241 367; 240 368; 238 368; 236 370; 236 373; 237 374; 237 375; 238 376; 238 377; 239 378; 239 380; 240 381; 240 384; 241 385; 241 387; 243 389; 243 390; 245 392; 245 393; 246 394; 246 396; 247 397; 247 398; 248 399; 248 400; 249 401; 249 402; 250 403; 250 404; 251 405; 255 405; 256 404; 256 403; 260 399; 260 398; 266 392; 266 391; 267 390; 267 388; 268 387; 268 385; 269 384; 269 383; 271 381; 272 381; 274 379; 274 377; 273 376; 272 376; 270 374; 270 371; 267 371; 266 370; 259 370; 258 369; 250 369; 249 368; 246 368; 245 367
163; 59 368; 59 369; 58 370; 58 377; 60 379; 60 381; 61 382; 61 388; 62 389; 62 391; 64 393; 64 394; 65 395; 65 396; 66 397; 66 398; 67 399; 67 401; 68 402; 68 403; 69 404; 69 405; 70 406; 74 406; 81 399; 81 398; 82 397; 82 396; 83 395; 83 394; 92 385; 93 385; 95 383; 95 382; 96 381; 96 378; 97 377; 97 373; 94 373; 93 372; 89 372; 88 373; 81 373; 80 372; 78 372; 77 371; 74 371; 73 370; 68 370; 67 369; 65 369; 64 368
164; 904 371; 902 373; 901 373; 901 377; 902 378; 902 379; 903 380; 903 382; 904 383; 904 391; 905 392; 905 393; 906 394; 906 396; 907 397; 907 399; 908 400; 908 401; 909 402; 909 408; 910 409; 910 410; 914 410; 917 407; 918 407; 922 403; 922 402; 932 392; 933 392; 939 386; 939 382; 937 380; 937 379; 936 379; 934 377; 931 377; 930 376; 929 377; 923 377; 922 376; 920 376; 919 375; 917 375; 916 374; 913 374; 912 373; 909 373; 908 372; 907 372; 906 371
165; 489 378; 488 379; 484 379; 483 380; 480 380; 479 379; 474 379; 473 380; 464 380; 462 382; 462 384; 460 386; 460 389; 464 393; 464 394; 470 400; 470 401; 471 402; 471 403; 477 409; 477 411; 478 412; 478 413; 480 415; 483 415; 484 414; 484 413; 485 412; 485 411; 487 409; 487 408; 489 406; 489 405; 490 404; 490 403; 491 402; 491 401; 492 400; 492 398; 493 397; 493 395; 495 393; 495 392; 496 391; 496 390; 497 389; 497 388; 498 387; 498 385; 499 384; 499 379; 498 379; 497 378
166; 609 380; 608 381; 596 381; 595 382; 594 382; 593 383; 593 386; 596 389; 596 390; 597 391; 597 393; 598 394; 598 395; 599 396; 599 397; 603 401; 603 402; 605 404; 605 405; 606 406; 606 407; 607 408; 607 410; 608 411; 608 412; 611 415; 616 415; 619 412; 619 411; 621 409; 621 407; 622 406; 622 405; 623 404; 623 402; 624 401; 624 400; 626 398; 626 397; 628 395; 628 393; 629 392; 629 391; 632 388; 632 387; 633 386; 633 383; 632 383; 631 382; 629 382; 628 381; 626 381; 625 380
167; 284 375; 283 376; 283 377; 282 378; 282 382; 281 383; 281 390; 280 391; 280 394; 279 395; 279 407; 278 408; 278 411; 279 412; 279 413; 280 414; 283 414; 284 413; 285 413; 286 412; 287 412; 288 411; 290 411; 291 410; 292 410; 293 409; 298 409; 299 408; 300 408; 302 406; 303 406; 305 404; 307 404; 308 403; 313 403; 314 402; 315 402; 315 397; 307 389; 307 387; 306 386; 303 386; 302 385; 300 385; 294 379; 294 378; 293 378; 291 376; 290 376; 289 375
168; 348 382; 342 383; 335 392; 330 410; 325 420; 333 421; 342 419; 353 419; 362 417; 370 411
169; 370 411; 374 410; 377 407; 379 400; 383 396; 387 381; 386 375; 374 376; 370 378; 352 379; 348 382
170; 442 385; 441 386; 441 387; 440 388; 437 388; 436 387; 434 387; 434 392; 435 393; 435 395; 434 396; 434 398; 433 399; 433 404; 430 407; 429 407; 429 411; 431 413; 431 420; 432 421; 435 421; 436 420; 438 420; 439 419; 441 419; 442 418; 443 418; 444 417; 447 417; 448 416; 450 416; 451 415; 456 415; 457 414; 461 414; 462 413; 464 413; 465 412; 466 412; 467 411; 467 408; 463 408; 462 407; 463 406; 463 402; 454 393; 453 393; 450 390; 450 389; 447 386; 446 386; 445 385
171; 102 390; 100 392; 100 399; 101 400; 101 407; 100 408; 100 411; 101 412; 101 414; 102 415; 102 429; 103 429; 104 430; 107 430; 108 429; 109 429; 112 426; 113 426; 115 424; 116 424; 118 422; 119 422; 122 419; 123 419; 124 418; 125 418; 126 417; 127 417; 129 415; 130 415; 133 412; 135 412; 138 409; 138 406; 137 405; 137 404; 133 404; 132 403; 131 403; 130 402; 129 402; 128 401; 127 401; 125 399; 124 399; 123 398; 122 398; 121 397; 120 397; 119 396; 118 396; 117 395; 116 395; 115 394; 114 394; 111 391; 110 391; 109 390
172; 541 422; 542 429; 547 434; 559 435; 582 434; 581 428; 582 421; 577 417; 566 397
173; 566 397; 562 395; 560 392; 548 392; 542 390; 522 391; 522 395; 526 402; 529 412; 534 419; 538 419; 541 422
174; 645 388; 644 389; 644 390; 643 391; 643 392; 642 393; 642 397; 641 398; 641 405; 640 406; 640 407; 639 408; 639 410; 638 411; 638 413; 637 414; 637 415; 636 416; 636 417; 635 418; 635 422; 636 423; 636 424; 637 425; 637 426; 644 426; 645 425; 648 425; 649 424; 659 424; 660 423; 661 423; 662 422; 663 422; 664 421; 666 421; 667 420; 668 420; 670 418; 671 418; 673 416; 673 413; 672 412; 671 412; 666 407; 666 406; 656 396; 656 395; 650 389; 649 389; 648 388
175; 205 389; 204 390; 204 392; 202 394; 202 398; 201 399; 201 402; 200 403; 200 405; 199 406; 199 408; 198 409; 198 412; 197 413; 197 415; 196 416; 196 419; 195 420; 195 423; 194 424; 194 426; 195 427; 203 427; 204 426; 207 426; 208 425; 218 425; 220 423; 222 423; 223 422; 231 422; 231 421; 232 420; 232 417; 231 416; 231 414; 230 413; 230 412; 227 409; 227 408; 221 402; 221 401; 213 393; 213 392; 211 390; 210 390; 209 389
176; 813 398; 812 399; 809 399; 808 400; 807 399; 801 399; 801 400; 798 403; 798 406; 801 409; 801 410; 803 412; 803 413; 804 414; 804 415; 805 416; 805 417; 806 418; 806 422; 810 426; 810 427; 812 429; 812 430; 815 433; 815 434; 816 435; 820 435; 820 434; 821 433; 821 432; 823 430; 823 429; 824 428; 824 427; 825 426; 825 423; 826 422; 826 421; 827 420; 827 419; 829 417; 829 416; 831 414; 831 413; 832 412; 832 411; 833 410; 833 409; 834 408; 834 407; 835 406; 835 404; 836 403; 836 400; 835 399; 834 399; 833 398; 827 398; 826 399; 817 399; 816 398
177; 988 391; 986 393; 986 395; 985 396; 985 397; 984 398; 984 402; 983 403; 983 405; 982 406; 982 412; 981 413; 981 419; 980 420; 980 423; 979 424; 979 429; 980 430; 986 430; 987 429; 989 429; 990 428; 992 428; 993 427; 995 427; 996 426; 997 426; 998 425; 1000 425; 1001 424; 1003 424; 1004 423; 1005 423; 1006 422; 1007 422; 1008 421; 1009 421; 1010 420; 1012 420; 1013 419; 1014 419; 1014 418; 1015 417; 1015 414; 1014 413; 1014 412; 1008 406; 1007 406; 1004 403; 1004 402; 1000 398; 998 398; 991 391
178; 393 400; 392 401; 391 401; 391 402; 390 403; 390 405; 392 407; 392 409; 393 410; 393 411; 394 412; 394 414; 395 415; 395 417; 396 418; 396 419; 397 420; 397 421; 398 422; 398 425; 399 426; 399 429; 398 430; 400 432; 400 434; 401 435; 401 436; 403 438; 409 438; 410 437; 411 437; 412 436; 412 433; 413 432; 413 431; 414 430; 414 429; 417 426; 417 425; 419 423; 419 422; 423 418; 423 417; 426 414; 426 413; 428 411; 428 407; 427 406; 425 406; 424 405; 423 405; 422 404; 420 404; 419 403; 418 403; 417 402; 415 402; 414 401; 414 400; 407 400; 406 401; 405 401; 404 400
179; 708 396; 706 398; 706 412; 707 413; 707 418; 708 419; 708 420; 709 421; 709 422; 710 423; 710 432; 711 433; 711 434; 713 436; 716 436; 718 434; 718 433; 720 431; 721 431; 725 427; 726 427; 733 420; 733 419; 734 418; 735 418; 741 412; 741 408; 739 406; 738 406; 737 405; 735 405; 734 404; 731 404; 730 403; 728 403; 727 402; 726 402; 725 401; 723 401; 722 400; 721 400; 720 399; 718 399; 717 398; 715 398; 714 397; 713 397; 712 396
180; 866 402; 866 404; 865 405; 865 410; 866 411; 866 413; 867 414; 867 416; 868 417; 868 424; 869 425; 869 426; 871 428; 871 430; 872 431; 872 438; 874 440; 879 440; 880 439; 881 439; 888 432; 888 431; 890 429; 890 428; 895 423; 895 422; 898 419; 898 418; 902 414; 902 411; 901 410; 900 410; 899 409; 897 409; 896 408; 893 408; 892 407; 889 407; 888 406; 884 406; 883 405; 879 405; 878 404; 874 404; 873 403; 871 403; 870 402
181; 56 398; 54 400; 54 401; 47 408; 46 408; 44 410; 44 411; 42 413; 42 414; 41 415; 41 416; 38 419; 37 419; 33 423; 33 426; 34 427; 34 428; 36 430; 38 430; 39 431; 40 431; 41 432; 43 432; 44 433; 48 433; 49 434; 54 434; 55 435; 58 435; 59 436; 61 436; 62 437; 64 437; 65 438; 68 438; 69 437; 71 437; 72 436; 72 433; 71 432; 71 430; 70 429; 70 425; 69 424; 69 423; 68 422; 68 421; 67 420; 67 417; 66 416; 66 413; 65 412; 65 411; 64 410; 64 409; 63 408; 63 406; 62 405; 62 404; 61 403; 61 402; 60 401; 60 400; 58 398
182; 781 403; 779 405; 778 405; 777 406; 775 406; 773 408; 772 408; 767 413; 766 413; 765 414; 764 414; 762 416; 761 416; 759 418; 758 418; 754 422; 753 422; 753 427; 755 429; 756 429; 757 430; 758 430; 759 431; 760 431; 761 432; 762 432; 763 433; 764 433; 765 434; 767 434; 768 435; 769 435; 771 437; 772 437; 773 438; 774 438; 775 439; 777 439; 778 440; 779 440; 780 441; 782 441; 783 442; 786 442; 787 441; 788 441; 788 440; 789 439; 789 436; 788 435; 788 430; 787 429; 787 426; 788 425; 788 420; 787 419; 787 418; 786 417; 786 406; 785 405; 785 404; 784 403
183; 314 403; 313 404; 312 404; 312 406; 309 409; 308 409; 306 411; 301 411; 300 412; 299 412; 299 413; 294 418; 293 418; 289 422; 288 422; 287 423; 286 423; 285 424; 285 427; 287 429; 289 429; 291 431; 292 431; 293 432; 294 432; 295 433; 296 433; 297 434; 298 434; 300 436; 301 436; 302 437; 303 437; 304 438; 305 438; 306 439; 307 439; 308 440; 310 440; 311 441; 312 441; 313 442; 314 442; 316 444; 321 444; 321 443; 322 442; 322 425; 321 424; 322 423; 322 417; 321 416; 321 409; 317 405; 317 404; 316 403
184; 139 414; 138 415; 138 417; 137 418; 137 420; 136 421; 136 424; 135 425; 135 428; 134 429; 134 430; 133 431; 133 432; 132 433; 132 445; 131 446; 131 448; 130 449; 130 451; 132 453; 138 453; 139 452; 140 452; 141 451; 146 451; 147 450; 149 450; 150 449; 151 449; 152 448; 154 448; 155 447; 156 447; 157 446; 159 446; 160 445; 163 445; 164 444; 167 444; 169 442; 169 439; 167 437; 167 436; 159 428; 158 428; 154 424; 153 424; 146 417; 145 417; 143 415; 142 415; 141 414
185; 381 416; 380 417; 380 418; 379 419; 379 420; 378 421; 378 422; 377 423; 377 424; 376 425; 376 426; 375 427; 375 428; 374 429; 374 430; 373 431; 373 432; 371 434; 371 435; 370 436; 370 437; 369 438; 369 440; 368 441; 368 443; 367 444; 367 445; 366 446; 366 448; 367 449; 367 453; 368 454; 374 454; 375 453; 379 453; 380 452; 384 452; 385 451; 388 451; 389 450; 392 450; 393 451; 394 451; 395 452; 398 452; 398 449; 403 444; 403 442; 402 441; 402 438; 400 436; 400 435; 399 434; 399 432; 398 431; 397 431; 395 429; 395 428; 383 416
186; 694 419; 693 420; 692 420; 691 421; 690 421; 689 422; 688 422; 687 423; 686 423; 685 424; 684 424; 683 425; 681 425; 680 426; 679 426; 678 427; 676 427; 674 429; 669 429; 668 430; 667 430; 666 431; 665 431; 662 434; 662 437; 663 438; 664 438; 665 439; 666 439; 668 441; 669 441; 671 443; 672 443; 675 446; 676 446; 681 451; 682 451; 687 456; 688 456; 689 457; 691 457; 692 458; 694 458; 695 457; 695 454; 697 452; 697 444; 698 443; 698 439; 699 438; 699 433; 700 432; 700 425; 699 424; 699 420; 698 419
187; 939 419; 938 420; 937 420; 936 421; 935 421; 934 422; 933 422; 932 423; 931 423; 930 424; 929 424; 928 425; 927 425; 923 429; 922 429; 921 430; 920 430; 919 431; 918 431; 917 432; 916 432; 914 434; 913 434; 911 436; 911 441; 912 441; 913 442; 914 442; 916 444; 918 444; 919 445; 920 445; 921 446; 922 446; 924 448; 925 448; 926 449; 927 449; 928 450; 929 450; 930 451; 932 451; 934 453; 936 453; 937 454; 938 454; 939 455; 940 455; 941 456; 942 456; 943 457; 945 457; 947 455; 947 450; 946 449; 946 441; 947 440; 947 435; 946 434; 946 422; 945 421; 945 419
188; 239 430; 239 431; 238 432; 238 440; 239 441; 239 444; 240 445; 240 452; 242 454; 242 460; 243 461; 243 470; 244 470; 245 469; 251 469; 253 467; 253 466; 254 465; 255 465; 257 463; 258 463; 260 461; 261 461; 262 460; 262 459; 273 448; 273 441; 274 440; 274 437; 264 437; 263 436; 260 436; 259 435; 257 435; 256 434; 253 434; 252 433; 250 433; 249 432; 247 432; 246 431; 244 431; 243 430
189; 954 431; 953 432; 953 464; 954 465; 954 466; 955 467; 955 468; 956 469; 959 469; 960 468; 961 468; 962 467; 963 467; 964 466; 966 466; 967 465; 969 465; 970 464; 972 464; 973 463; 974 463; 976 461; 977 461; 978 460; 980 460; 981 461; 984 461; 985 460; 987 460; 987 456; 988 455; 988 451; 987 451; 981 445; 980 445; 978 443; 977 443; 975 441; 974 441; 972 439; 971 439; 968 436; 967 436; 965 434; 964 434; 963 433; 961 433; 960 432; 958 432; 957 431
190; 31 435; 29 437; 29 441; 30 442; 30 446; 31 447; 31 452; 32 453; 32 468; 33 468; 34 469; 35 469; 36 470; 37 470; 38 471; 38 472; 39 473; 39 474; 40 475; 42 475; 44 473; 45 473; 45 472; 49 468; 50 468; 50 467; 52 465; 52 464; 55 461; 56 461; 62 455; 63 455; 64 454; 64 446; 62 444; 57 444; 56 443; 54 443; 52 441; 51 441; 50 440; 48 440; 47 439; 42 439; 41 438; 39 438; 38 437; 37 437; 36 436; 35 436; 34 435
191; 501 439; 500 440; 485 440; 483 442; 483 448; 485 450; 486 450; 487 451; 487 452; 488 453; 488 457; 489 458; 489 459; 490 460; 490 461; 491 462; 491 464; 494 464; 497 467; 497 468; 498 469; 498 470; 500 472; 500 473; 502 475; 504 475; 505 474; 506 474; 508 472; 508 471; 510 469; 510 468; 511 467; 511 466; 512 465; 512 464; 514 462; 514 459; 515 458; 515 456; 518 453; 518 452; 519 451; 519 450; 520 449; 520 446; 521 445; 521 444; 522 443; 522 440; 521 439; 512 439; 511 440; 507 440; 506 439
192; 103 436; 102 437; 101 437; 100 438; 99 438; 98 439; 97 439; 94 442; 93 442; 91 444; 90 444; 88 446; 87 446; 86 447; 85 447; 84 448; 83 448; 82 449; 81 449; 80 450; 79 450; 78 451; 77 451; 76 452; 75 452; 74 453; 74 456; 77 459; 78 459; 82 463; 83 463; 86 466; 87 466; 89 468; 91 468; 92 469; 93 469; 94 470; 95 470; 98 473; 98 476; 106 476; 106 475; 107 474; 107 469; 108 468; 108 455; 109 454; 109 438; 107 436
193; 197 437; 196 438; 195 438; 194 439; 192 439; 191 440; 190 440; 188 442; 187 442; 186 443; 185 443; 184 444; 183 444; 182 445; 180 445; 179 446; 176 446; 175 447; 174 447; 173 448; 172 448; 171 449; 170 449; 169 450; 168 450; 165 453; 164 453; 164 456; 165 457; 165 458; 166 459; 167 459; 170 462; 171 462; 172 463; 173 463; 178 468; 179 468; 181 470; 182 470; 184 472; 185 472; 189 476; 190 476; 191 477; 196 477; 197 476; 197 472; 198 471; 198 469; 199 468; 199 460; 200 459; 200 446; 201 445; 201 440; 200 439; 200 438; 199 437
194; 898 435; 897 436; 896 436; 895 437; 894 437; 891 440; 891 441; 887 445; 886 445; 884 447; 883 447; 880 450; 879 450; 876 453; 875 453; 873 455; 873 461; 875 463; 877 463; 878 464; 879 464; 880 465; 881 465; 882 466; 883 466; 888 471; 889 471; 890 472; 896 472; 897 473; 899 473; 900 474; 907 474; 907 469; 906 468; 906 460; 905 459; 905 446; 904 445; 904 441; 903 440; 903 437; 901 435
195; 650 436; 649 437; 649 440; 648 441; 648 450; 647 451; 647 453; 646 454; 646 455; 645 456; 645 468; 644 469; 644 470; 643 471; 643 473; 644 474; 649 474; 650 473; 655 473; 656 472; 659 472; 660 471; 662 471; 663 470; 665 470; 666 469; 667 469; 668 468; 670 468; 671 467; 673 467; 674 466; 676 466; 677 465; 678 465; 680 463; 680 460; 679 459; 678 459; 675 456; 675 455; 667 447; 666 447; 662 443; 662 442; 660 440; 660 439; 659 438; 658 438; 657 437; 656 437; 655 436
196; 15 433; 10 438; 10 439; 9 440; 9 441; 8 442; 8 443; 1 450; 0 450; 0 467; 6 467; 7 468; 17 468; 18 469; 22 469; 23 470; 25 470; 26 469; 29 469; 31 467; 31 457; 28 454; 28 453; 27 452; 27 451; 25 449; 25 448; 24 447; 24 446; 23 445; 23 444; 22 443; 22 442; 21 441; 21 440; 20 439; 20 436; 19 435; 19 434; 18 433
197; 227 435; 224 438; 224 439; 223 440; 223 441; 221 443; 221 444; 219 446; 219 447; 213 453; 212 453; 209 456; 209 457; 206 460; 206 461; 205 462; 205 466; 206 467; 207 467; 208 468; 212 468; 213 469; 215 469; 216 470; 219 470; 220 471; 221 471; 222 472; 227 472; 228 473; 233 473; 234 474; 236 474; 237 475; 240 475; 242 473; 242 472; 243 471; 242 470; 242 461; 241 460; 241 454; 237 450; 237 449; 236 448; 236 447; 235 446; 235 443; 234 442; 234 441; 233 440; 233 437; 231 435
198; 462 437; 462 438; 461 439; 461 441; 460 442; 460 444; 459 445; 459 447; 458 448; 458 450; 457 451; 457 452; 456 453; 456 454; 455 455; 455 456; 454 457; 454 464; 453 465; 453 468; 452 469; 452 472; 453 473; 453 476; 454 477; 456 477; 457 476; 459 476; 460 475; 461 475; 462 474; 463 474; 464 473; 467 473; 468 472; 472 472; 473 471; 477 471; 478 470; 481 470; 482 469; 483 469; 484 468; 486 468; 487 467; 489 467; 490 466; 490 462; 489 461; 489 460; 488 459; 487 459; 473 445; 473 444; 469 440; 469 439; 468 438; 467 438; 466 437
199; 287 443; 287 444; 282 449; 282 450; 278 454; 278 455; 275 458; 275 459; 274 460; 274 461; 272 463; 272 464; 269 467; 269 468; 266 471; 266 473; 268 475; 271 475; 272 476; 277 476; 278 477; 280 477; 281 478; 286 478; 287 479; 291 479; 292 480; 297 480; 298 481; 302 481; 307 476; 307 473; 306 472; 306 470; 304 470; 301 467; 301 465; 300 464; 300 462; 299 461; 299 460; 298 459; 298 458; 297 457; 297 456; 296 455; 296 453; 295 452; 295 451; 294 450; 294 448; 293 447; 293 446; 292 445; 292 444; 291 443
200; 328 442; 327 443; 327 444; 323 448; 323 449; 318 454; 318 455; 317 456; 317 457; 315 459; 315 460; 310 465; 310 466; 307 469; 307 472; 308 473; 308 475; 317 475; 318 476; 320 476; 321 477; 323 477; 325 479; 330 479; 331 478; 334 478; 335 477; 337 477; 338 478; 345 478; 346 477; 346 475; 345 474; 345 472; 344 471; 344 470; 343 469; 343 467; 341 465; 341 464; 340 463; 340 462; 339 461; 339 459; 338 458; 338 456; 337 455; 337 453; 335 451; 335 450; 334 449; 334 448; 333 447; 333 444; 332 443; 332 442
201; 553 446; 551 448; 551 450; 546 455; 544 455; 543 456; 542 456; 539 459; 539 460; 538 461; 538 463; 539 464; 539 466; 540 467; 540 468; 541 469; 536 474; 536 476; 537 477; 539 477; 540 478; 545 478; 546 479; 547 479; 550 482; 553 482; 554 481; 557 481; 558 482; 562 482; 563 483; 570 483; 571 482; 571 478; 570 477; 570 475; 569 474; 569 472; 568 471; 568 470; 567 469; 567 466; 566 465; 566 461; 565 460; 565 459; 564 458; 564 456; 563 455; 563 452; 562 451; 562 450; 561 449; 561 448; 560 447; 559 447; 558 446
202; 798 452; 797 453; 794 453; 793 454; 788 454; 787 455; 785 455; 784 456; 783 456; 782 457; 778 457; 777 458; 776 458; 775 459; 774 459; 773 460; 771 460; 770 461; 770 463; 772 465; 772 466; 782 476; 782 477; 783 478; 783 479; 785 481; 785 482; 787 484; 788 484; 792 488; 793 488; 795 490; 797 490; 799 488; 799 485; 800 484; 800 483; 801 482; 801 477; 802 476; 802 475; 803 474; 803 473; 804 472; 804 471; 805 470; 805 465; 806 464; 806 460; 807 459; 807 457; 808 456; 808 454; 807 453; 807 452
203; 914 451; 914 454; 913 455; 913 466; 912 467; 912 468; 910 470; 908 470; 908 475; 909 476; 909 480; 908 481; 908 486; 910 488; 914 488; 915 487; 917 487; 918 486; 920 486; 921 485; 922 485; 923 484; 929 484; 930 483; 931 483; 933 481; 934 481; 935 480; 937 480; 938 479; 939 479; 940 478; 942 478; 943 477; 943 472; 942 471; 943 470; 943 468; 941 468; 937 464; 936 464; 931 459; 930 459; 928 457; 927 457; 922 452; 920 452; 919 451
204; 729 459; 728 460; 726 460; 725 461; 720 461; 719 462; 717 462; 716 463; 714 463; 713 464; 708 464; 708 467; 705 470; 703 470; 702 471; 702 473; 710 481; 710 482; 718 490; 718 491; 719 491; 725 497; 729 497; 729 496; 730 495; 730 492; 731 491; 731 490; 732 489; 732 487; 733 486; 733 485; 734 484; 734 477; 735 476; 735 474; 736 473; 736 472; 737 471; 737 467; 734 464; 734 459
205; 825 457; 823 459; 823 460; 822 461; 822 462; 821 463; 821 464; 820 465; 820 466; 819 467; 819 468; 818 469; 818 471; 817 472; 817 473; 816 474; 816 475; 815 476; 815 477; 812 480; 812 481; 810 483; 810 484; 809 485; 809 488; 813 488; 814 489; 815 489; 816 490; 816 493; 821 493; 822 492; 832 492; 833 491; 834 491; 835 490; 840 490; 841 491; 845 491; 846 490; 847 490; 849 488; 849 484; 846 481; 846 480; 838 472; 838 471; 835 468; 835 467; 833 465; 833 464; 830 461; 830 460; 827 457
206; 143 460; 140 463; 139 463; 136 466; 135 466; 134 467; 133 467; 132 468; 131 468; 130 469; 129 469; 127 471; 126 471; 124 473; 123 473; 122 474; 121 474; 120 475; 119 475; 117 477; 117 482; 119 484; 120 484; 123 487; 124 487; 129 492; 131 492; 132 493; 134 493; 135 494; 136 494; 137 495; 138 495; 141 498; 142 498; 143 499; 144 499; 145 500; 150 500; 152 498; 152 496; 151 495; 151 476; 150 475; 150 467; 149 466; 149 465; 145 465; 144 464; 146 462; 147 462; 147 460
207; 985 461; 984 462; 982 462; 982 463; 981 464; 981 465; 978 468; 978 469; 977 470; 977 471; 976 472; 976 474; 974 476; 974 477; 973 478; 973 479; 970 482; 970 483; 969 484; 969 486; 968 487; 968 488; 967 489; 967 493; 968 493; 969 494; 972 494; 973 495; 980 495; 981 494; 986 494; 987 495; 1003 495; 1003 494; 1005 492; 1005 486; 1003 484; 1003 483; 1002 482; 1002 481; 998 477; 998 475; 997 474; 997 473; 996 472; 996 471; 990 465; 990 464; 988 462; 988 461
208; 65 458; 65 459; 64 460; 64 462; 61 465; 61 466; 59 468; 59 469; 57 471; 56 471; 56 472; 53 475; 53 476; 48 481; 48 482; 47 483; 47 484; 45 486; 45 487; 44 488; 44 491; 45 492; 46 492; 47 493; 50 493; 51 494; 61 494; 62 495; 80 495; 81 494; 82 494; 84 492; 84 487; 82 485; 82 484; 80 482; 80 481; 79 480; 79 477; 78 476; 78 475; 77 474; 77 473; 74 470; 74 468; 73 467; 73 466; 72 465; 72 464; 70 462; 70 461; 69 460; 69 459; 68 458
209; 415 465; 413 467; 412 467; 411 468; 410 468; 409 469; 407 469; 406 470; 405 470; 403 472; 402 472; 401 473; 400 473; 399 474; 397 474; 396 475; 395 475; 394 476; 392 476; 391 477; 390 477; 389 478; 388 478; 387 479; 386 479; 384 481; 384 483; 386 485; 387 485; 391 489; 392 489; 395 492; 396 492; 398 494; 399 494; 401 496; 402 496; 407 501; 407 502; 408 503; 411 503; 414 500; 419 500; 420 499; 420 491; 421 490; 421 488; 422 487; 422 480; 421 479; 421 467; 419 465
210; 601 471; 600 472; 596 472; 595 473; 591 473; 590 474; 587 474; 585 476; 585 479; 587 481; 587 482; 592 487; 592 488; 595 491; 595 492; 596 493; 596 494; 598 496; 598 497; 599 498; 599 499; 600 500; 600 501; 601 502; 601 503; 602 504; 602 505; 604 507; 608 507; 612 503; 612 502; 613 501; 613 499; 614 498; 614 497; 615 496; 615 495; 617 493; 617 492; 619 490; 619 489; 620 488; 620 487; 621 486; 621 485; 622 484; 622 483; 623 482; 623 478; 624 477; 624 476; 625 475; 625 472; 624 472; 623 471; 621 471; 620 472; 608 472; 607 471
211; 869 466; 869 467; 867 469; 867 470; 865 472; 865 473; 864 474; 864 475; 863 476; 863 477; 862 478; 862 479; 858 483; 858 484; 857 485; 857 487; 856 488; 856 490; 855 491; 855 492; 854 493; 854 494; 852 496; 851 496; 850 497; 850 503; 855 503; 856 502; 860 502; 861 503; 863 503; 864 502; 877 502; 878 501; 889 501; 892 498; 892 495; 890 493; 890 492; 887 489; 887 488; 886 487; 886 486; 885 485; 885 484; 884 483; 884 482; 877 475; 877 474; 872 469; 872 468; 871 467; 871 466
212; 433 475; 432 476; 432 477; 431 478; 431 481; 430 482; 430 485; 429 486; 429 488; 428 489; 428 491; 427 492; 427 493; 426 494; 426 496; 425 497; 425 500; 424 501; 424 502; 423 503; 423 512; 424 513; 430 513; 431 512; 432 512; 433 511; 434 511; 435 510; 436 510; 437 509; 438 509; 439 508; 441 508; 442 507; 445 507; 446 506; 449 506; 450 507; 453 507; 453 506; 454 505; 454 503; 455 502; 456 502; 457 501; 459 501; 459 498; 456 495; 456 494; 453 491; 453 490; 451 488; 451 486; 450 485; 450 484; 448 482; 447 482; 441 476; 440 476; 439 475
213; 96 477; 95 478; 94 478; 92 480; 92 481; 91 482; 91 493; 90 494; 90 495; 89 496; 89 502; 90 503; 89 504; 89 515; 92 518; 93 518; 94 517; 95 517; 96 516; 98 516; 99 515; 100 515; 102 513; 103 513; 105 511; 106 511; 107 510; 108 510; 109 509; 111 509; 112 508; 113 508; 115 506; 116 506; 117 505; 118 505; 119 504; 120 504; 121 503; 122 503; 123 502; 124 502; 126 500; 126 495; 124 493; 123 493; 122 492; 120 492; 119 491; 118 491; 116 489; 115 489; 110 484; 109 484; 108 483; 107 483; 104 480; 104 478; 105 477
214; 0 478; 0 500; 2 500; 3 499; 4 499; 5 498; 9 498; 10 499; 10 509; 9 510; 6 510; 5 509; 4 509; 3 508; 0 508; 0 520; 2 520; 5 523; 5 524; 6 525; 8 525; 8 523; 9 522; 16 522; 17 521; 17 519; 18 518; 18 510; 19 509; 19 507; 20 506; 20 501; 19 500; 19 498; 18 497; 18 494; 19 493; 19 487; 17 485; 17 484; 14 484; 13 485; 12 485; 11 486; 9 486; 8 485; 8 483; 7 482; 7 481; 5 479; 4 479; 3 478
215; 949 478; 947 480; 947 481; 943 485; 943 486; 936 493; 936 494; 935 495; 935 501; 936 502; 936 503; 933 506; 931 506; 930 507; 930 509; 931 510; 934 510; 935 511; 937 511; 938 512; 941 512; 942 513; 943 513; 944 514; 945 514; 946 515; 948 515; 949 516; 953 516; 954 517; 955 517; 958 520; 960 520; 960 514; 962 512; 966 512; 966 510; 965 509; 965 507; 964 506; 964 504; 963 503; 963 502; 962 501; 962 500; 961 499; 961 498; 960 497; 960 496; 959 495; 959 493; 958 492; 958 490; 957 489; 957 487; 956 486; 956 485; 955 484; 955 483; 954 482; 954 481; 953 480; 953 479; 952 479; 951 478
216; 277 485; 275 487; 275 491; 276 492; 276 497; 277 498; 277 503; 278 504; 278 509; 279 510; 279 511; 281 513; 281 517; 282 518; 282 520; 283 521; 283 523; 285 525; 289 525; 303 511; 304 511; 309 506; 309 505; 311 503; 314 503; 316 501; 313 498; 313 497; 312 496; 311 496; 310 495; 309 495; 308 494; 305 494; 304 493; 301 493; 300 492; 299 492; 298 491; 297 491; 296 490; 295 490; 294 489; 291 489; 290 488; 287 488; 286 487; 285 487; 284 486; 283 486; 282 485
217; 259 489; 258 490; 250 490; 249 491; 247 491; 246 492; 241 492; 240 493; 237 493; 236 494; 236 497; 234 499; 232 499; 231 500; 231 502; 233 504; 234 504; 236 506; 237 506; 239 508; 239 509; 241 511; 241 512; 254 525; 258 525; 261 522; 261 520; 262 519; 262 515; 263 514; 263 513; 264 512; 264 511; 265 510; 265 509; 266 508; 266 505; 267 504; 267 501; 268 500; 268 499; 269 498; 269 496; 270 495; 270 494; 271 493; 271 490; 270 490; 269 489
218; 551 490; 550 491; 548 491; 547 492; 546 492; 545 493; 542 493; 541 494; 538 494; 537 495; 535 495; 534 496; 532 496; 531 497; 530 497; 529 498; 528 498; 527 499; 525 499; 523 501; 522 501; 519 504; 518 504; 516 506; 516 510; 517 511; 518 511; 520 513; 521 513; 522 514; 523 514; 527 518; 527 519; 528 519; 529 520; 531 520; 532 521; 533 521; 537 525; 538 525; 542 529; 545 529; 549 525; 550 525; 550 520; 551 519; 551 514; 552 513; 552 510; 553 509; 553 501; 554 500; 554 491; 553 490
219; 345 494; 344 495; 341 495; 340 496; 338 496; 337 497; 335 497; 334 498; 331 498; 330 499; 327 499; 326 500; 324 500; 323 501; 320 501; 319 502; 316 502; 315 503; 315 505; 316 506; 316 507; 323 514; 323 515; 325 517; 325 518; 327 520; 328 520; 338 530; 338 531; 341 531; 342 530; 343 530; 344 529; 348 529; 348 522; 349 521; 349 518; 350 517; 350 515; 351 514; 351 513; 352 512; 352 503; 353 502; 353 501; 355 499; 355 495; 354 494
220; 840 495; 839 496; 835 496; 834 497; 831 497; 830 498; 828 498; 827 499; 822 499; 821 500; 816 500; 815 499; 815 498; 814 497; 812 497; 809 500; 809 506; 810 507; 810 508; 816 514; 816 515; 825 524; 825 525; 826 526; 826 527; 827 528; 827 529; 831 533; 836 533; 836 532; 837 531; 837 530; 838 529; 838 527; 839 526; 839 525; 840 524; 840 523; 841 522; 841 521; 845 517; 845 510; 846 509; 846 507; 847 506; 847 505; 849 503; 849 497; 846 497; 844 495
221; 500 496; 499 497; 498 497; 496 499; 495 499; 493 501; 492 501; 491 502; 490 502; 488 504; 487 504; 486 505; 484 505; 483 506; 482 506; 478 510; 477 510; 475 512; 474 512; 470 516; 470 519; 471 520; 471 521; 472 521; 474 523; 475 523; 476 524; 478 524; 479 525; 481 525; 483 527; 484 527; 486 529; 487 529; 488 530; 490 530; 491 531; 492 531; 493 532; 494 532; 495 533; 496 533; 497 534; 498 534; 500 536; 506 536; 506 535; 507 534; 507 531; 506 530; 506 529; 507 528; 507 510; 506 509; 506 505; 505 504; 505 497; 504 496
222; 702 502; 701 503; 701 508; 702 509; 702 511; 703 512; 703 513; 704 514; 704 516; 705 517; 705 518; 706 519; 706 520; 707 521; 707 522; 708 523; 708 524; 709 525; 709 527; 710 528; 710 529; 711 530; 711 532; 712 533; 712 536; 713 537; 713 538; 714 539; 717 539; 718 538; 719 538; 722 535; 722 534; 728 528; 729 528; 730 527; 730 526; 732 524; 732 523; 734 521; 734 520; 741 513; 741 508; 740 507; 739 507; 738 506; 735 506; 734 505; 729 505; 728 504; 719 504; 718 503; 714 503; 713 502
223; 62 499; 62 500; 61 501; 61 502; 60 503; 60 505; 59 506; 59 509; 58 510; 58 515; 57 516; 57 521; 56 522; 56 523; 52 527; 52 529; 53 530; 53 532; 56 535; 56 536; 57 537; 57 538; 58 538; 59 539; 62 539; 63 538; 64 538; 65 537; 66 537; 67 536; 70 536; 71 535; 74 535; 75 534; 76 534; 77 533; 78 533; 79 532; 80 532; 81 531; 84 531; 85 530; 87 530; 89 528; 89 527; 92 524; 92 519; 90 517; 89 517; 88 518; 87 518; 86 517; 85 517; 83 515; 82 515; 77 510; 77 509; 76 508; 75 508; 73 506; 72 506; 69 503; 69 502; 68 501; 67 501; 65 499
224; 563 506; 559 510; 559 511; 558 512; 558 514; 557 515; 557 520; 556 521; 556 522; 553 525; 552 525; 552 529; 553 530; 553 533; 552 534; 552 536; 551 537; 551 540; 552 541; 552 544; 553 545; 553 546; 557 546; 559 544; 560 544; 561 543; 563 543; 564 542; 566 542; 567 543; 570 543; 574 539; 576 539; 577 538; 583 538; 584 537; 588 537; 589 536; 589 534; 588 533; 588 532; 586 530; 586 529; 584 527; 584 526; 580 522; 580 521; 579 520; 579 519; 570 510; 570 509; 567 506
225; 662 515; 661 516; 659 516; 658 517; 656 517; 655 518; 652 518; 651 519; 649 519; 648 520; 646 520; 645 521; 642 521; 641 522; 640 522; 639 523; 635 523; 634 524; 634 529; 633 530; 632 530; 632 533; 633 533; 645 545; 646 545; 650 549; 651 549; 656 554; 660 554; 660 553; 661 552; 661 550; 662 549; 663 549; 664 548; 664 547; 665 546; 665 544; 664 543; 664 537; 665 536; 665 533; 666 532; 666 529; 667 528; 667 526; 668 525; 668 520; 669 519; 669 517; 668 516; 668 515
226; 919 516; 917 518; 917 520; 918 521; 918 523; 919 524; 919 527; 920 528; 920 530; 921 531; 921 534; 922 535; 922 537; 923 538; 923 539; 924 540; 924 541; 925 542; 925 546; 926 547; 926 550; 927 551; 927 553; 928 554; 928 555; 933 555; 933 553; 943 543; 944 543; 947 540; 947 539; 948 538; 948 537; 953 532; 953 531; 957 527; 957 523; 953 523; 952 522; 950 522; 949 521; 945 521; 944 520; 941 520; 940 519; 934 519; 933 518; 931 518; 930 517; 926 517; 925 516
227; 435 519; 434 520; 430 520; 429 521; 418 521; 417 522; 414 522; 413 521; 410 521; 409 522; 408 522; 406 524; 406 526; 407 527; 407 528; 408 529; 408 530; 409 531; 409 532; 411 534; 411 535; 413 537; 413 538; 414 539; 414 542; 415 543; 416 543; 423 550; 423 551; 425 553; 425 554; 426 555; 426 556; 427 557; 431 557; 432 556; 432 555; 433 554; 433 553; 434 552; 434 549; 435 548; 435 546; 436 545; 436 544; 437 543; 437 542; 438 541; 438 539; 439 538; 439 536; 440 535; 440 534; 441 533; 441 532; 442 531; 442 530; 443 529; 443 528; 444 527; 444 525; 445 524; 445 521; 444 520; 443 520; 442 519
228; 315 518; 313 520; 312 520; 311 521; 310 521; 308 523; 307 523; 306 524; 305 524; 304 525; 302 525; 301 526; 300 526; 299 527; 297 527; 296 528; 294 528; 293 529; 291 529; 290 530; 289 530; 288 531; 287 531; 286 532; 285 532; 285 536; 286 537; 286 538; 290 542; 291 542; 295 546; 296 546; 306 556; 307 556; 309 558; 313 558; 314 557; 316 557; 318 555; 318 543; 319 542; 319 541; 320 540; 320 539; 321 538; 321 536; 320 535; 320 532; 321 531; 321 525; 320 524; 320 521; 319 520; 319 519; 318 518
229; 390 515; 382 523; 382 524; 380 526; 379 526; 378 527; 378 528; 377 529; 376 529; 365 540; 365 544; 366 545; 367 545; 368 546; 369 546; 370 547; 373 547; 374 548; 376 548; 377 549; 379 549; 380 550; 381 550; 382 551; 383 551; 384 552; 391 552; 392 553; 394 553; 395 554; 398 554; 399 555; 401 555; 402 554; 403 554; 403 549; 402 548; 402 543; 401 542; 401 539; 400 538; 400 536; 399 535; 399 533; 398 532; 398 531; 397 530; 397 529; 396 528; 396 526; 395 525; 395 518; 392 515
230; 684 516; 682 518; 682 519; 681 520; 681 522; 680 523; 680 524; 679 525; 679 526; 677 528; 677 529; 675 531; 675 533; 674 534; 674 535; 673 536; 673 537; 671 539; 671 540; 666 545; 666 546; 665 547; 665 549; 668 552; 675 552; 676 553; 678 553; 680 555; 682 555; 683 556; 685 556; 686 555; 687 555; 689 553; 693 553; 694 552; 695 553; 703 553; 704 552; 705 552; 706 551; 706 549; 705 548; 705 547; 704 546; 704 544; 703 543; 703 542; 701 540; 701 539; 700 538; 700 537; 699 536; 699 535; 698 534; 698 533; 697 532; 697 531; 696 530; 696 529; 695 528; 695 526; 693 524; 693 523; 691 521; 691 520; 689 518; 689 517; 688 517; 687 516
231; 44 523; 43 524; 41 524; 40 525; 39 525; 38 526; 37 526; 36 527; 34 527; 33 528; 32 528; 31 529; 29 529; 27 531; 26 531; 24 533; 22 533; 21 534; 20 534; 19 535; 18 535; 17 536; 16 536; 15 537; 15 541; 18 544; 19 544; 22 547; 23 547; 32 556; 32 557; 33 558; 34 558; 36 560; 37 560; 38 561; 39 561; 41 563; 42 563; 43 564; 44 564; 45 565; 45 556; 46 555; 46 554; 51 549; 50 548; 50 542; 51 541; 51 539; 50 538; 50 535; 51 534; 51 533; 52 532; 52 530; 51 529; 51 527; 50 527; 49 528; 48 527; 48 523
232; 850 522; 850 523; 849 524; 849 526; 848 527; 848 528; 847 529; 847 537; 848 538; 848 542; 847 543; 847 552; 846 553; 846 560; 847 561; 848 561; 849 562; 851 562; 852 561; 853 561; 854 560; 855 560; 856 559; 857 559; 859 557; 860 557; 862 555; 863 555; 864 554; 866 554; 867 553; 868 553; 870 551; 871 551; 873 549; 874 549; 875 548; 877 548; 878 547; 879 547; 880 546; 881 546; 882 545; 882 541; 881 540; 880 540; 878 538; 877 538; 876 537; 875 537; 872 534; 871 534; 870 533; 870 532; 868 530; 867 530; 866 529; 865 529; 864 528; 862 528; 860 526; 859 526; 858 525; 857 525; 856 524; 855 524; 853 522
233; 109 527; 107 529; 107 533; 106 534; 106 538; 107 539; 107 540; 108 541; 108 544; 109 545; 109 547; 110 548; 110 550; 111 551; 111 555; 110 556; 110 559; 111 560; 111 563; 112 564; 112 565; 114 567; 118 567; 127 558; 128 558; 129 557; 131 557; 132 556; 133 556; 138 551; 138 550; 140 548; 140 547; 141 546; 141 545; 143 543; 143 540; 141 538; 139 538; 138 537; 136 537; 135 536; 134 536; 133 535; 131 535; 130 534; 128 534; 127 533; 125 533; 124 532; 123 532; 122 531; 120 531; 119 530; 117 530; 116 529; 115 529; 113 527
234; 271 525; 270 526; 269 526; 267 528; 266 528; 260 534; 259 534; 258 535; 257 535; 256 536; 255 536; 252 539; 251 539; 249 541; 247 541; 246 542; 245 542; 243 544; 243 548; 244 548; 245 549; 246 549; 248 551; 249 551; 250 552; 251 552; 252 553; 253 553; 254 554; 255 554; 258 557; 259 557; 260 558; 261 558; 262 559; 264 559; 265 560; 266 560; 267 561; 268 561; 269 562; 270 562; 272 564; 273 564; 274 565; 275 564; 276 564; 277 563; 278 563; 278 562; 279 561; 279 552; 278 551; 278 529; 277 528; 277 526; 276 525
235; 214 529; 213 530; 212 530; 211 531; 210 531; 209 532; 208 532; 207 533; 206 533; 204 535; 201 535; 200 536; 198 536; 197 537; 195 537; 194 538; 192 538; 191 539; 190 539; 189 540; 187 540; 185 542; 184 542; 183 543; 183 546; 185 548; 186 548; 189 551; 189 552; 192 555; 193 555; 195 557; 196 557; 199 560; 200 560; 203 563; 204 563; 206 565; 208 565; 211 568; 215 568; 216 567; 216 564; 217 563; 217 556; 218 555; 218 553; 219 552; 219 550; 220 549; 220 547; 219 546; 219 541; 220 540; 220 536; 221 535; 221 531; 220 530; 220 529
236; 95 533; 94 534; 92 534; 91 535; 90 535; 89 536; 88 536; 87 537; 86 537; 85 538; 80 538; 78 540; 77 540; 75 542; 74 542; 73 543; 71 543; 70 544; 69 544; 68 545; 67 545; 65 547; 65 548; 64 549; 64 551; 71 558; 72 558; 73 559; 76 559; 77 560; 78 560; 80 562; 81 562; 84 565; 85 565; 88 568; 89 568; 90 569; 91 569; 92 570; 98 570; 99 569; 99 555; 100 554; 100 551; 101 550; 101 538; 100 538; 99 537; 99 533
237; 1016 543; 1015 544; 1008 544; 1007 545; 1006 545; 1005 546; 1003 546; 1002 547; 998 547; 997 548; 995 548; 995 550; 993 552; 993 556; 998 561; 999 561; 1002 564; 1002 565; 1005 568; 1005 569; 1007 571; 1008 571; 1011 574; 1011 578; 1014 581; 1016 581; 1017 580; 1023 580; 1023 567; 1018 567; 1017 566; 1016 566; 1013 563; 1012 563; 1005 556; 1005 555; 1007 553; 1008 553; 1009 552; 1021 552; 1022 551; 1023 551; 1023 544; 1021 544; 1020 543
238; 727 538; 727 539; 726 540; 726 541; 725 542; 725 543; 724 544; 724 545; 722 547; 722 548; 713 557; 713 558; 708 563; 708 566; 711 569; 711 570; 713 570; 714 571; 720 571; 721 572; 723 572; 724 573; 733 573; 734 574; 739 574; 740 575; 745 575; 746 574; 747 574; 747 570; 746 569; 746 568; 745 567; 745 565; 744 564; 744 561; 743 560; 743 558; 742 557; 742 556; 741 555; 741 553; 740 552; 740 551; 741 550; 741 546; 734 546; 731 543; 731 542; 730 541; 730 538
239; 803 540; 803 541; 802 542; 802 544; 801 545; 801 547; 800 548; 800 553; 799 554; 799 565; 798 566; 798 574; 799 575; 800 575; 803 578; 808 578; 809 577; 810 577; 811 576; 812 576; 813 575; 816 575; 817 574; 818 574; 819 573; 820 573; 821 572; 822 572; 824 570; 825 570; 826 569; 827 569; 829 567; 830 567; 832 565; 833 565; 834 564; 834 560; 832 558; 831 558; 830 557; 829 557; 827 555; 826 555; 824 553; 823 553; 822 552; 821 552; 820 551; 819 551; 818 550; 817 550; 810 543; 809 543; 806 540
240; 895 541; 892 544; 892 545; 889 548; 889 549; 887 551; 887 552; 886 553; 886 554; 881 559; 881 560; 879 562; 879 563; 878 564; 878 565; 876 567; 876 568; 875 569; 875 574; 876 575; 876 577; 886 577; 887 578; 898 578; 899 577; 905 577; 906 578; 910 578; 911 577; 912 577; 913 576; 913 570; 912 569; 912 567; 909 564; 909 563; 908 562; 908 560; 907 559; 907 556; 905 554; 905 553; 902 550; 902 549; 901 548; 901 547; 900 546; 900 545; 899 544; 899 543; 897 541
241; 55 548; 54 549; 53 549; 52 550; 51 550; 47 554; 47 555; 46 556; 46 565; 47 566; 47 572; 46 573; 46 576; 45 577; 45 587; 51 587; 52 586; 54 586; 55 585; 57 585; 58 584; 60 584; 61 583; 64 583; 65 582; 67 582; 68 581; 71 581; 72 580; 75 580; 76 579; 79 579; 80 578; 81 578; 82 577; 82 573; 78 569; 78 568; 76 566; 76 565; 72 561; 73 560; 72 559; 71 559; 64 552; 63 552; 62 551; 61 551; 58 548
242; 679 556; 678 557; 676 557; 675 558; 672 558; 671 557; 665 557; 663 559; 662 559; 661 560; 657 560; 656 561; 652 561; 651 562; 649 562; 648 563; 648 567; 658 577; 658 578; 660 580; 660 581; 661 582; 661 583; 665 587; 665 588; 672 595; 673 594; 674 594; 675 593; 676 593; 676 592; 677 591; 677 589; 678 588; 678 585; 679 584; 679 582; 680 581; 680 580; 681 579; 681 578; 682 577; 682 575; 683 574; 683 571; 684 570; 684 567; 686 565; 686 561; 684 559; 684 558; 685 557; 683 557; 682 556
243; 377 560; 376 561; 376 566; 377 567; 377 568; 378 569; 378 570; 379 571; 379 575; 380 576; 380 581; 381 582; 381 584; 383 586; 383 588; 384 589; 384 591; 385 592; 385 593; 386 594; 386 597; 387 598; 391 598; 402 587; 402 586; 408 580; 408 579; 414 573; 414 569; 412 569; 410 571; 408 571; 407 570; 407 569; 408 568; 409 568; 410 567; 410 565; 409 565; 408 564; 406 564; 405 563; 393 563; 392 562; 387 562; 386 561; 383 561; 382 560
244; 184 556; 183 557; 182 557; 181 558; 180 558; 179 559; 178 559; 177 560; 176 560; 174 562; 173 562; 171 564; 170 564; 169 565; 168 565; 167 566; 166 566; 165 567; 164 567; 163 568; 159 568; 158 569; 156 569; 155 570; 154 570; 152 572; 152 575; 153 576; 153 577; 156 580; 157 580; 160 583; 161 583; 163 585; 163 586; 165 588; 166 588; 167 589; 169 589; 170 590; 172 590; 173 591; 174 591; 176 593; 177 593; 180 596; 181 596; 182 597; 185 597; 185 596; 186 595; 186 579; 187 578; 187 565; 188 564; 188 559; 187 558; 187 557; 186 556
245; 293 556; 290 559; 289 559; 286 562; 285 562; 283 564; 280 564; 279 563; 278 564; 277 564; 276 565; 275 565; 275 569; 272 572; 271 572; 266 577; 265 577; 265 581; 266 582; 266 583; 267 584; 268 584; 269 585; 270 585; 271 586; 272 586; 273 587; 275 587; 277 589; 278 589; 279 590; 280 590; 281 591; 282 591; 283 592; 284 592; 285 593; 287 593; 288 594; 291 594; 293 596; 294 596; 296 598; 299 598; 301 596; 301 594; 302 593; 302 591; 301 590; 301 588; 300 587; 300 583; 299 582; 299 578; 300 577; 300 573; 299 572; 299 570; 298 569; 298 560; 297 559; 297 557; 296 556
246; 522 559; 521 560; 521 570; 520 571; 520 575; 519 576; 519 577; 518 578; 518 583; 519 584; 519 599; 523 599; 524 598; 525 598; 526 597; 527 597; 528 596; 530 596; 531 595; 532 595; 533 594; 535 594; 536 593; 537 593; 538 592; 539 592; 540 591; 541 591; 542 590; 543 590; 544 589; 546 589; 547 588; 550 588; 551 587; 552 587; 555 584; 555 582; 554 581; 554 580; 547 573; 546 573; 545 572; 544 572; 543 571; 542 571; 539 568; 539 567; 536 564; 535 564; 534 563; 533 563; 531 561; 530 561; 529 560; 528 560; 527 559
247; 766 559; 765 560; 765 561; 764 562; 764 564; 763 565; 763 569; 762 570; 762 574; 761 575; 761 579; 760 580; 760 583; 761 584; 761 585; 765 589; 765 590; 762 593; 761 593; 759 595; 759 597; 763 597; 764 596; 765 596; 766 595; 769 595; 770 594; 771 594; 772 593; 779 593; 780 592; 783 592; 784 591; 785 591; 786 590; 790 590; 791 589; 792 589; 794 587; 794 586; 795 585; 795 582; 794 581; 794 579; 792 577; 791 577; 790 576; 789 576; 787 574; 786 574; 780 568; 779 568; 778 567; 777 567; 775 565; 774 565; 768 559
248; 945 553; 944 554; 942 554; 941 555; 940 555; 939 556; 938 556; 937 557; 935 557; 934 556; 929 556; 929 558; 925 562; 924 562; 923 563; 921 563; 920 564; 919 564; 919 566; 922 569; 923 569; 924 570; 928 570; 929 569; 931 569; 932 570; 932 571; 931 572; 926 572; 925 573; 925 574; 919 580; 919 582; 920 583; 920 584; 921 584; 922 585; 923 585; 924 586; 925 586; 927 588; 927 589; 928 590; 928 591; 929 592; 929 593; 931 595; 934 595; 936 593; 936 591; 937 590; 937 588; 938 587; 938 584; 939 583; 939 581; 941 579; 941 578; 945 574; 945 568; 944 567; 944 560; 945 559; 945 558; 946 557; 946 556; 947 555; 947 553
249; 227 562; 222 567; 222 568; 220 570; 220 571; 218 573; 218 574; 217 575; 217 576; 215 578; 215 579; 214 580; 214 581; 208 587; 208 588; 207 589; 207 590; 206 591; 206 593; 207 594; 209 594; 210 595; 212 595; 213 596; 214 596; 215 597; 223 597; 224 598; 226 598; 227 599; 244 599; 245 598; 246 598; 247 597; 247 595; 246 594; 246 591; 245 590; 245 589; 244 588; 244 587; 240 583; 240 582; 239 581; 239 580; 238 579; 238 577; 237 576; 237 575; 236 574; 236 573; 235 572; 235 570; 234 569; 234 568; 232 566; 232 565; 231 564; 231 563; 230 562
250; 360 562; 359 563; 358 563; 357 564; 357 565; 355 567; 355 568; 353 570; 353 571; 350 574; 350 575; 349 576; 349 577; 348 578; 348 579; 347 580; 347 581; 346 582; 346 583; 344 585; 344 586; 342 588; 342 589; 341 590; 341 594; 343 594; 347 598; 354 598; 355 599; 357 599; 358 598; 369 598; 370 599; 376 599; 377 598; 378 598; 380 596; 380 592; 379 591; 379 590; 378 589; 378 587; 375 584; 375 582; 374 581; 374 579; 372 577; 372 576; 369 573; 369 572; 366 569; 366 568; 364 566; 364 565; 363 564; 363 563; 362 562
251; 979 573; 979 578; 978 579; 977 579; 976 580; 975 580; 974 579; 970 579; 970 582; 971 583; 972 583; 973 584; 974 584; 978 588; 978 589; 979 590; 979 591; 980 592; 980 593; 981 594; 981 596; 982 597; 982 603; 983 604; 983 605; 984 606; 984 607; 987 610; 991 610; 992 609; 992 608; 998 602; 998 601; 1000 599; 1000 598; 1001 597; 1001 596; 1006 591; 1007 591; 1008 590; 1010 590; 1010 589; 1011 588; 1011 586; 1013 584; 1013 583; 1014 582; 1010 578; 1009 579; 1008 579; 1007 578; 1005 578; 1004 577; 1003 577; 1002 576; 1001 576; 1000 575; 999 575; 998 574; 996 574; 995 575; 991 575; 990 574; 987 574; 986 573
252; 868 578; 867 579; 863 579; 861 581; 861 584; 862 585; 862 586; 863 587; 863 588; 865 590; 865 591; 866 592; 866 593; 867 594; 867 595; 868 596; 868 599; 869 600; 869 601; 870 602; 870 603; 871 604; 871 606; 872 607; 872 608; 873 609; 873 610; 877 614; 880 614; 882 612; 882 611; 890 603; 890 602; 892 600; 892 598; 893 597; 893 595; 894 594; 894 593; 895 592; 895 591; 897 589; 897 588; 898 587; 898 586; 899 585; 899 582; 897 580; 897 579; 887 579; 886 578
253; 642 572; 640 574; 640 576; 639 577; 639 579; 638 580; 638 582; 637 583; 637 584; 636 585; 636 586; 635 587; 635 588; 634 589; 634 592; 635 593; 634 594; 634 596; 633 597; 633 599; 632 600; 632 602; 631 603; 631 604; 630 605; 630 608; 632 610; 632 611; 650 611; 652 609; 651 608; 652 607; 653 607; 654 606; 657 606; 658 605; 663 605; 664 604; 665 604; 666 603; 667 603; 670 600; 670 598; 671 597; 671 595; 666 590; 664 590; 661 587; 660 587; 658 585; 657 585; 656 584; 656 583; 651 578; 651 577; 648 574; 648 573; 647 572
254; 489 579; 487 581; 486 581; 484 583; 483 583; 480 586; 479 586; 478 587; 476 587; 475 588; 474 588; 473 589; 472 589; 471 590; 471 591; 468 594; 467 594; 466 595; 465 595; 461 599; 461 601; 466 606; 468 606; 469 607; 472 607; 473 608; 474 608; 475 609; 476 609; 477 610; 478 610; 479 611; 480 611; 481 612; 482 612; 483 613; 484 613; 485 614; 486 614; 487 615; 488 615; 489 616; 490 616; 491 617; 497 617; 498 616; 499 616; 499 603; 498 602; 498 598; 497 597; 497 587; 496 586; 496 580; 495 579
255; 433 580; 429 584; 428 584; 426 586; 426 587; 424 589; 424 590; 420 594; 419 594; 419 595; 417 597; 417 598; 415 600; 415 601; 413 603; 413 604; 412 605; 412 606; 409 609; 409 611; 410 612; 410 613; 417 613; 418 614; 426 614; 427 615; 430 615; 431 616; 436 616; 437 617; 442 617; 443 618; 446 618; 447 617; 448 617; 448 616; 449 615; 449 609; 448 608; 448 607; 447 606; 447 605; 446 604; 446 603; 445 602; 445 600; 444 599; 444 598; 443 597; 443 596; 441 594; 441 593; 440 592; 440 590; 439 589; 439 587; 438 586; 438 583; 437 582; 437 581; 436 580
256; 851 583; 850 584; 849 584; 848 585; 847 585; 846 586; 844 586; 843 587; 842 587; 839 590; 838 590; 836 592; 835 592; 834 593; 832 593; 830 595; 829 595; 828 596; 827 596; 825 598; 824 598; 823 599; 822 599; 821 600; 820 600; 819 601; 819 604; 823 608; 824 608; 825 609; 826 609; 827 610; 829 610; 830 611; 831 611; 833 613; 834 613; 836 615; 837 615; 838 616; 839 616; 842 619; 843 619; 844 620; 845 620; 847 622; 848 622; 849 623; 853 623; 854 622; 854 607; 856 605; 856 604; 857 603; 857 600; 856 599; 856 598; 855 597; 855 587; 854 586; 854 584; 853 583
257; 954 583; 954 584; 953 585; 953 587; 950 590; 950 591; 949 592; 949 594; 948 595; 948 596; 946 598; 946 599; 944 601; 944 603; 943 604; 943 606; 942 607; 942 608; 941 609; 941 610; 940 611; 940 619; 941 620; 953 620; 954 619; 956 619; 957 618; 962 618; 963 617; 971 617; 971 616; 972 615; 972 614; 974 612; 976 612; 977 611; 977 608; 975 606; 975 605; 971 601; 971 600; 970 599; 970 598; 968 596; 968 595; 967 594; 966 594; 963 591; 963 590; 961 588; 961 587; 957 583
258; 695 587; 689 593; 688 593; 687 594; 686 594; 685 595; 684 595; 682 597; 682 598; 680 600; 679 600; 677 602; 676 602; 675 603; 674 603; 673 604; 672 604; 672 610; 676 614; 679 614; 680 615; 682 615; 683 616; 684 616; 685 617; 686 617; 687 618; 689 618; 690 619; 691 619; 692 620; 694 620; 695 621; 697 621; 698 622; 700 622; 701 623; 708 623; 710 621; 710 619; 709 618; 709 617; 708 616; 708 615; 707 614; 707 605; 706 604; 706 597; 705 596; 705 590; 703 588; 701 588; 700 587
259; 746 589; 745 590; 742 590; 741 591; 740 591; 739 592; 736 592; 735 593; 731 593; 730 594; 728 594; 727 595; 726 595; 725 596; 722 596; 721 597; 718 597; 716 599; 715 599; 714 600; 714 602; 715 603; 715 604; 717 606; 718 606; 727 615; 727 616; 729 618; 730 618; 733 621; 734 621; 738 625; 739 625; 740 626; 741 626; 742 627; 745 627; 746 626; 747 626; 747 625; 748 624; 748 618; 747 617; 747 616; 748 615; 748 612; 749 611; 749 608; 750 607; 750 606; 751 605; 751 603; 752 602; 752 596; 753 595; 753 589
260; 90 588; 89 589; 88 589; 82 595; 81 595; 78 598; 77 598; 76 599; 75 599; 74 600; 73 600; 71 602; 70 602; 69 603; 63 603; 63 605; 64 606; 65 606; 68 609; 67 610; 67 611; 66 612; 66 615; 67 616; 69 616; 70 617; 72 617; 73 618; 74 618; 75 619; 76 619; 80 623; 81 623; 82 624; 84 624; 85 625; 86 625; 88 627; 89 627; 91 629; 97 629; 97 628; 98 627; 98 625; 99 624; 99 615; 98 614; 98 602; 97 601; 97 596; 96 595; 96 593; 95 592; 95 591; 94 590; 94 589; 93 588
261; 265 602; 264 603; 257 603; 256 604; 252 604; 251 605; 240 605; 239 606; 237 606; 236 607; 235 607; 233 609; 233 611; 234 612; 234 613; 237 616; 237 617; 240 620; 240 621; 243 624; 243 625; 245 627; 245 628; 246 629; 246 631; 247 632; 249 632; 252 635; 252 636; 253 637; 253 638; 254 639; 258 639; 260 637; 260 636; 262 634; 262 633; 264 631; 264 630; 265 629; 265 628; 268 625; 268 624; 269 623; 269 618; 270 617; 270 616; 271 615; 271 614; 273 612; 273 606; 271 604; 271 603; 270 602
262; 123 597; 123 598; 122 599; 122 600; 121 601; 121 602; 120 603; 120 604; 118 606; 118 608; 117 609; 117 610; 116 611; 116 613; 115 614; 115 615; 114 616; 114 617; 113 618; 113 619; 112 620; 112 621; 111 622; 111 623; 109 625; 109 626; 108 627; 108 632; 110 634; 113 634; 114 633; 131 633; 132 632; 142 632; 143 631; 146 631; 148 629; 148 627; 147 626; 147 625; 145 623; 145 622; 144 621; 144 620; 140 616; 140 615; 138 613; 138 612; 137 611; 137 610; 134 607; 134 606; 133 605; 133 604; 132 603; 132 602; 129 599; 129 598; 128 598; 127 597
263; 561 601; 560 602; 559 602; 559 603; 556 606; 556 607; 555 608; 555 609; 553 611; 553 612; 549 616; 549 619; 548 620; 548 622; 545 625; 545 626; 542 629; 542 633; 544 635; 545 635; 546 636; 547 636; 548 637; 559 637; 560 636; 571 636; 572 637; 575 637; 576 638; 578 638; 579 637; 580 637; 581 636; 581 635; 582 634; 582 629; 581 628; 581 627; 578 624; 578 623; 574 619; 574 617; 573 616; 573 614; 572 613; 572 612; 568 608; 568 607; 567 606; 567 605; 566 604; 566 603; 564 601
264; 904 601; 903 602; 903 604; 902 605; 902 608; 901 609; 901 612; 900 613; 900 614; 899 615; 899 616; 898 617; 898 626; 897 627; 897 630; 896 631; 896 640; 897 641; 900 641; 901 640; 903 640; 904 639; 906 639; 907 638; 909 638; 910 637; 912 637; 913 636; 915 636; 916 635; 920 635; 921 634; 923 634; 925 636; 926 636; 927 637; 928 637; 931 634; 931 630; 933 628; 933 627; 934 626; 934 624; 932 622; 931 622; 929 620; 928 620; 925 617; 924 617; 919 612; 919 611; 916 608; 915 608; 912 605; 912 604; 910 602; 909 602; 908 601
265; 652 610; 650 612; 633 612; 633 613; 632 614; 631 614; 630 615; 624 615; 623 616; 622 616; 620 618; 619 618; 618 619; 618 622; 619 623; 619 624; 622 627; 622 628; 634 640; 634 641; 637 644; 637 645; 639 647; 640 647; 641 648; 644 648; 646 646; 646 644; 647 643; 647 640; 648 639; 648 635; 650 633; 650 632; 651 631; 651 630; 652 629; 652 628; 653 627; 653 625; 654 624; 654 623; 655 622; 655 621; 656 620; 656 619; 657 618; 657 612; 656 611; 655 611; 654 610
266; 997 611; 997 612; 996 613; 996 623; 995 624; 995 626; 996 627; 996 637; 997 638; 997 646; 998 647; 998 650; 999 651; 1004 651; 1005 650; 1006 650; 1007 649; 1008 649; 1009 648; 1010 648; 1012 646; 1013 646; 1018 641; 1023 641; 1023 622; 1020 622; 1019 621; 1018 621; 1017 620; 1016 620; 1015 619; 1014 619; 1013 618; 1011 618; 1010 617; 1008 617; 1007 616; 1006 616; 1005 615; 1004 615; 1001 612; 1000 612; 999 611
267; 194 609; 193 610; 192 610; 191 611; 189 611; 188 612; 187 612; 186 613; 185 613; 184 614; 182 614; 181 615; 180 615; 179 616; 177 616; 176 617; 173 617; 172 618; 170 618; 169 619; 168 619; 166 621; 165 621; 163 623; 163 626; 167 630; 168 630; 170 632; 171 632; 173 634; 173 635; 179 641; 180 641; 186 647; 187 647; 188 648; 193 648; 195 646; 195 645; 196 644; 196 640; 197 639; 197 633; 198 632; 198 628; 199 627; 199 626; 200 625; 200 609
268; 315 609; 315 610; 314 611; 314 625; 315 626; 315 628; 316 629; 316 635; 317 636; 317 639; 318 640; 318 643; 319 644; 319 649; 320 650; 323 650; 327 646; 328 646; 330 644; 331 644; 333 642; 334 642; 336 640; 337 640; 338 639; 339 639; 342 636; 344 636; 347 633; 347 632; 348 631; 349 631; 352 628; 352 626; 349 623; 349 622; 348 622; 347 621; 345 621; 344 620; 342 620; 341 619; 340 619; 339 618; 338 618; 337 617; 336 617; 335 616; 333 616; 332 615; 329 615; 328 614; 327 614; 326 613; 325 613; 324 612; 323 612; 320 609
269; 399 606; 398 607; 398 608; 396 610; 396 611; 395 612; 395 613; 394 614; 394 616; 392 618; 392 619; 391 620; 391 621; 390 622; 390 623; 389 624; 389 626; 388 627; 388 630; 387 631; 387 632; 386 633; 386 644; 387 645; 391 645; 392 644; 398 644; 399 643; 403 643; 404 642; 407 642; 408 641; 413 641; 414 640; 417 640; 418 639; 421 639; 422 638; 423 638; 425 636; 425 633; 414 622; 414 621; 410 617; 410 616; 409 615; 409 612; 408 611; 408 610; 406 610; 402 606
270; 819 620; 818 621; 815 621; 814 622; 811 622; 810 623; 804 623; 803 624; 800 624; 799 625; 797 625; 796 624; 794 624; 793 625; 792 625; 791 626; 791 627; 790 628; 790 632; 795 637; 795 638; 798 641; 798 642; 799 643; 799 644; 803 648; 804 648; 808 652; 808 653; 811 656; 812 656; 813 657; 817 657; 818 656; 818 654; 819 653; 819 652; 820 651; 820 649; 821 648; 821 643; 822 642; 822 639; 823 638; 823 637; 824 636; 824 634; 825 633; 825 632; 827 630; 827 628; 828 627; 828 624; 827 623; 827 621; 826 620
271; 878 622; 877 623; 876 623; 875 624; 874 624; 873 625; 872 625; 870 627; 869 627; 868 628; 867 628; 866 629; 865 629; 864 630; 863 630; 862 631; 861 631; 858 634; 857 634; 856 635; 855 635; 854 636; 853 636; 853 640; 851 642; 850 642; 850 645; 851 646; 851 648; 854 648; 855 649; 856 649; 858 651; 859 651; 860 652; 861 652; 864 655; 866 655; 867 656; 868 656; 869 657; 870 657; 871 658; 872 658; 873 659; 876 659; 877 660; 878 660; 879 661; 883 661; 883 623; 882 622
272; 505 620; 502 623; 502 624; 484 642; 483 642; 482 643; 482 644; 481 645; 481 651; 482 652; 489 652; 490 653; 492 653; 493 654; 495 654; 496 655; 497 655; 498 656; 507 656; 508 657; 510 657; 511 658; 514 658; 515 659; 517 659; 519 657; 519 653; 518 652; 518 647; 517 646; 517 644; 516 643; 516 640; 515 639; 515 634; 514 633; 514 630; 513 629; 513 627; 512 626; 512 624; 511 623; 511 621; 510 620
273; 440 627; 439 628; 439 629; 438 630; 438 635; 439 636; 439 647; 440 648; 440 651; 441 652; 441 665; 444 668; 446 668; 447 667; 448 667; 452 663; 453 663; 457 659; 458 659; 461 656; 462 656; 463 655; 464 655; 465 654; 466 654; 468 652; 469 652; 471 650; 472 650; 475 647; 475 644; 473 642; 472 642; 470 640; 469 640; 468 639; 467 639; 466 638; 465 638; 464 637; 463 637; 459 633; 458 633; 457 632; 453 632; 451 630; 450 630; 449 629; 448 629; 447 628; 444 628; 443 627
274; 377 630; 376 631; 373 631; 372 632; 369 632; 368 633; 367 633; 366 634; 365 634; 364 635; 362 635; 361 636; 352 636; 349 639; 349 640; 347 642; 346 642; 346 646; 348 648; 349 648; 358 657; 358 658; 361 661; 362 661; 363 662; 364 662; 371 669; 373 669; 377 665; 377 663; 378 662; 378 658; 379 657; 379 656; 380 655; 380 650; 381 649; 381 646; 384 643; 385 644; 385 633; 383 631; 382 631; 381 630
275; 748 633; 747 634; 742 634; 741 635; 738 635; 737 636; 727 636; 726 637; 716 637; 715 638; 715 643; 716 644; 716 645; 717 646; 717 647; 722 652; 722 653; 724 655; 724 656; 725 657; 725 658; 726 659; 726 660; 729 663; 729 664; 731 666; 731 667; 732 668; 732 669; 734 671; 739 671; 741 669; 742 669; 743 668; 743 665; 744 664; 744 658; 747 655; 749 655; 752 652; 752 648; 753 647; 753 639; 754 638; 754 636; 752 634; 751 634; 750 633
276; 964 632; 962 634; 961 634; 960 635; 959 635; 958 636; 957 636; 956 637; 955 637; 954 638; 953 638; 949 642; 948 642; 946 644; 945 644; 943 646; 942 646; 935 653; 935 656; 936 657; 937 657; 938 658; 939 658; 940 659; 942 659; 943 660; 944 660; 948 664; 950 664; 951 665; 955 665; 956 666; 957 666; 958 667; 959 667; 960 668; 961 668; 962 669; 963 669; 964 670; 968 670; 969 669; 970 669; 971 668; 972 668; 972 662; 971 661; 971 658; 970 657; 970 636; 969 635; 969 633; 968 632
277; 242 632; 241 633; 240 633; 238 635; 238 637; 236 639; 236 640; 235 641; 235 642; 232 645; 232 646; 231 647; 231 648; 230 649; 230 652; 229 653; 229 654; 227 656; 227 658; 226 659; 226 660; 223 663; 223 667; 224 668; 255 668; 256 667; 262 667; 262 666; 263 665; 263 662; 261 660; 261 659; 259 657; 259 656; 258 655; 258 654; 256 652; 256 651; 255 650; 255 649; 253 647; 253 646; 252 645; 252 644; 250 642; 250 641; 248 639; 248 638; 247 637; 247 635; 244 632
278; 924 637; 922 639; 921 639; 920 640; 919 640; 917 642; 916 642; 915 643; 913 643; 912 644; 910 644; 909 645; 908 645; 906 647; 905 647; 904 648; 902 648; 901 649; 899 649; 898 650; 897 650; 895 652; 895 654; 900 659; 900 660; 903 663; 904 663; 905 664; 906 664; 907 665; 908 665; 910 667; 911 667; 917 673; 918 673; 919 674; 921 674; 924 677; 927 677; 929 675; 929 672; 930 671; 930 661; 931 660; 931 658; 933 656; 934 656; 934 653; 933 653; 932 652; 932 647; 934 645; 934 643; 929 643; 928 642; 928 638; 927 638; 926 637
279; 755 638; 754 639; 754 647; 753 648; 753 652; 750 655; 750 658; 749 659; 749 661; 748 662; 748 663; 747 664; 747 665; 746 666; 746 667; 745 668; 745 674; 748 677; 751 677; 752 676; 755 676; 756 675; 758 675; 759 674; 761 674; 762 673; 764 673; 765 672; 767 672; 768 671; 770 671; 771 670; 779 670; 780 669; 782 669; 783 668; 784 668; 784 663; 779 658; 779 657; 775 653; 775 652; 772 649; 772 648; 771 648; 770 647; 769 647; 761 639; 756 639
280; 833 638; 832 639; 831 639; 830 640; 830 642; 829 643; 829 650; 828 651; 828 655; 827 656; 827 665; 826 666; 826 668; 825 669; 825 677; 830 677; 831 676; 832 676; 833 675; 834 675; 835 674; 837 674; 838 673; 840 673; 841 672; 845 672; 846 671; 848 671; 849 670; 851 670; 852 669; 853 669; 854 668; 856 668; 857 667; 858 667; 859 666; 861 666; 863 664; 863 662; 860 659; 859 659; 858 658; 858 657; 857 656; 856 656; 851 651; 851 650; 850 649; 850 646; 849 645; 849 643; 848 644; 845 644; 844 643; 843 643; 841 641; 840 641; 837 638
281; 210 648; 209 649; 208 649; 207 650; 205 650; 204 651; 202 651; 201 652; 196 652; 195 653; 193 653; 192 654; 191 654; 190 655; 189 655; 188 656; 186 656; 185 657; 182 657; 180 659; 180 662; 181 663; 182 663; 192 673; 192 675; 193 676; 193 678; 196 678; 203 685; 204 685; 205 686; 207 686; 208 687; 210 687; 210 686; 213 683; 212 682; 212 677; 213 676; 213 675; 214 674; 214 673; 215 672; 215 663; 216 662; 216 661; 217 660; 217 658; 218 657; 218 651; 216 649; 216 648
282; 575 643; 567 651; 567 653; 566 654; 566 655; 563 658; 563 659; 559 663; 559 664; 558 665; 558 666; 554 670; 554 671; 553 672; 553 675; 554 676; 559 676; 560 677; 566 677; 567 678; 569 678; 570 679; 572 679; 573 680; 582 680; 583 681; 585 681; 586 682; 589 682; 590 681; 590 678; 592 676; 592 671; 591 670; 591 669; 590 668; 590 667; 589 666; 589 665; 588 664; 588 662; 587 661; 587 660; 585 658; 585 656; 584 655; 584 653; 583 652; 583 650; 582 649; 582 648; 581 647; 581 646; 578 643
283; 659 651; 658 652; 650 652; 649 653; 639 653; 638 654; 629 654; 628 655; 627 655; 626 656; 626 660; 628 662; 628 663; 631 666; 631 667; 632 668; 632 669; 633 670; 633 671; 634 672; 634 673; 641 680; 641 681; 642 682; 642 683; 643 684; 643 685; 647 689; 649 689; 652 686; 652 685; 653 684; 653 683; 654 682; 654 680; 655 679; 655 678; 656 677; 656 675; 657 674; 657 673; 659 671; 659 670; 660 669; 660 667; 661 666; 661 665; 662 664; 662 662; 663 661; 663 657; 664 656; 664 655; 665 654; 665 652; 664 651
284; 154 645; 153 646; 153 648; 152 649; 152 653; 151 654; 151 655; 150 656; 150 659; 149 660; 149 663; 148 664; 148 667; 147 668; 147 669; 146 670; 146 671; 145 672; 145 674; 146 675; 146 676; 147 677; 147 682; 148 683; 151 683; 152 682; 156 682; 157 681; 162 681; 163 680; 167 680; 168 679; 169 679; 170 678; 171 678; 172 677; 173 677; 174 676; 178 676; 179 677; 180 676; 182 676; 183 675; 185 675; 184 674; 184 672; 183 671; 183 670; 181 668; 181 667; 180 666; 180 665; 179 664; 178 664; 176 662; 175 662; 172 659; 171 659; 167 655; 167 654; 166 654; 165 653; 165 652; 158 645
285; 415 646; 414 647; 414 648; 413 649; 413 650; 412 651; 412 653; 411 654; 411 655; 410 656; 410 657; 409 658; 409 659; 408 660; 408 662; 407 663; 407 664; 406 665; 406 667; 405 668; 405 671; 404 672; 404 673; 402 675; 402 676; 400 678; 400 682; 402 682; 404 684; 406 684; 407 683; 418 683; 419 684; 423 684; 424 683; 426 683; 427 682; 432 682; 433 681; 438 681; 440 679; 440 676; 439 675; 439 674; 438 673; 438 672; 434 668; 434 667; 432 665; 432 664; 428 660; 428 659; 427 658; 427 657; 426 656; 426 655; 421 650; 421 649; 418 646
286; 795 651; 793 653; 793 655; 792 656; 792 658; 791 659; 791 660; 790 661; 790 662; 788 664; 785 664; 785 669; 786 670; 786 673; 784 675; 784 676; 783 677; 783 679; 782 680; 782 682; 781 683; 781 687; 783 689; 786 689; 787 688; 789 688; 790 687; 797 687; 799 689; 798 690; 809 690; 810 689; 817 689; 820 686; 819 685; 819 684; 820 683; 820 678; 817 675; 817 674; 815 672; 815 671; 813 669; 813 668; 812 667; 812 665; 807 660; 806 660; 797 651
287; 114 656; 111 659; 111 660; 110 661; 110 666; 109 667; 109 668; 107 670; 107 671; 105 673; 105 679; 104 680; 104 682; 103 683; 103 684; 102 685; 102 686; 101 687; 101 692; 104 695; 109 695; 110 694; 112 694; 113 693; 116 693; 117 692; 125 692; 126 691; 127 691; 128 690; 130 690; 131 689; 132 689; 133 688; 135 688; 136 687; 138 687; 139 686; 140 686; 141 685; 141 682; 140 681; 140 680; 138 678; 138 677; 136 675; 135 675; 124 664; 124 663; 117 656
288; 72 662; 70 664; 69 664; 67 666; 66 666; 65 667; 64 667; 63 668; 62 668; 61 669; 59 669; 58 670; 57 670; 56 671; 55 671; 54 672; 53 672; 52 673; 49 673; 48 674; 47 674; 46 675; 45 675; 44 676; 43 676; 41 678; 41 682; 42 683; 43 683; 45 685; 46 685; 47 686; 48 686; 53 691; 54 691; 63 700; 63 701; 66 701; 69 698; 70 698; 71 697; 72 698; 73 698; 74 699; 77 699; 77 687; 78 686; 78 683; 79 682; 79 680; 78 679; 78 677; 77 676; 77 671; 78 670; 78 666; 77 665; 77 663; 76 663; 75 662
289; 326 661; 324 663; 324 665; 323 666; 323 669; 322 670; 322 684; 321 685; 321 687; 320 688; 320 691; 323 694; 323 696; 324 697; 324 700; 328 700; 330 698; 331 698; 332 697; 334 697; 335 696; 339 696; 340 695; 344 695; 345 694; 346 694; 347 693; 348 693; 350 691; 352 691; 353 690; 355 690; 356 689; 357 689; 358 688; 358 685; 356 683; 356 682; 352 678; 351 678; 345 672; 344 672; 341 669; 340 669; 338 667; 337 667; 335 665; 334 665; 332 663; 331 663; 330 662; 329 662; 328 661
290; 899 667; 898 668; 898 669; 897 670; 897 673; 896 674; 896 675; 895 676; 895 677; 894 678; 894 680; 893 681; 893 682; 891 684; 891 685; 890 686; 890 692; 889 693; 889 695; 888 696; 888 699; 887 700; 887 702; 888 703; 888 704; 889 705; 890 705; 891 706; 893 706; 895 708; 896 707; 896 706; 897 705; 897 704; 898 703; 900 703; 901 702; 905 702; 906 701; 913 701; 914 700; 918 700; 919 699; 922 699; 924 697; 925 697; 926 696; 926 691; 922 687; 921 687; 913 679; 913 678; 902 667
291; 268 667; 266 669; 266 670; 265 671; 265 672; 264 673; 264 674; 263 675; 263 677; 261 679; 261 680; 260 681; 260 682; 259 683; 259 684; 258 685; 258 686; 257 687; 257 689; 256 690; 256 691; 255 692; 255 693; 254 694; 254 695; 253 696; 253 697; 252 698; 252 701; 254 703; 255 703; 256 704; 266 704; 268 702; 273 702; 274 703; 275 703; 276 704; 280 704; 282 702; 289 702; 292 699; 292 695; 290 693; 290 692; 287 689; 287 688; 285 686; 285 685; 281 681; 281 680; 279 678; 279 677; 277 675; 277 674; 274 671; 274 670; 271 667
292; 1012 677; 1015 680; 1014 682; 994 673; 990 673; 988 675; 991 710; 1001 709; 1017 698; 1023 697; 1023 672; 1017 672
293; 1017 672; 1007 665; 1009 662; 1023 657; 1023 650; 1017 649; 1007 656; 997 660; 995 663; 995 666; 1008 676; 1012 677
294; 368 678; 367 679; 367 685; 368 686; 368 692; 369 693; 369 695; 370 696; 370 697; 371 698; 371 701; 372 702; 372 709; 373 710; 373 712; 377 712; 379 714; 382 714; 384 712; 385 712; 390 707; 391 707; 395 703; 395 702; 406 691; 406 689; 405 688; 405 687; 404 686; 404 685; 402 683; 399 683; 398 684; 392 684; 391 683; 387 683; 386 682; 385 682; 384 681; 383 681; 382 680; 378 680; 377 679; 376 679; 375 678
295; 183 676; 182 677; 180 677; 180 679; 179 680; 179 681; 174 686; 173 686; 166 693; 165 693; 164 694; 164 695; 159 700; 158 700; 158 702; 157 703; 157 704; 161 708; 162 707; 167 707; 168 708; 170 708; 171 709; 174 709; 176 711; 177 711; 178 712; 180 712; 181 713; 184 713; 185 714; 187 714; 188 715; 190 715; 191 716; 194 716; 196 714; 196 706; 195 705; 195 702; 194 701; 194 692; 193 691; 193 689; 192 688; 192 679; 187 679; 186 678; 186 677; 185 676
296; 859 674; 857 676; 857 677; 852 682; 852 683; 850 685; 850 686; 848 688; 848 689; 845 692; 845 693; 840 698; 840 703; 841 703; 842 704; 842 706; 841 707; 848 707; 849 708; 853 708; 855 710; 860 710; 861 711; 863 711; 864 710; 869 710; 870 709; 871 710; 873 710; 874 711; 876 711; 877 710; 878 710; 878 704; 877 703; 877 701; 875 699; 875 698; 874 697; 874 695; 873 694; 873 693; 872 692; 872 691; 870 689; 870 688; 868 686; 868 684; 867 683; 867 682; 866 681; 866 680; 864 678; 864 677; 861 674
297; 820 687; 817 690; 810 690; 809 691; 798 691; 798 693; 801 696; 801 697; 802 698; 802 699; 803 700; 803 702; 804 703; 804 705; 805 706; 805 707; 806 708; 806 709; 810 713; 810 714; 811 715; 811 716; 812 717; 812 719; 813 720; 813 722; 815 724; 818 724; 820 722; 821 722; 821 721; 824 718; 824 717; 825 716; 825 715; 827 713; 827 712; 828 711; 828 710; 835 703; 839 703; 839 698; 840 697; 840 690; 839 690; 838 689; 837 689; 836 688; 822 688; 821 687
298; 615 683; 614 684; 613 684; 613 686; 612 687; 612 688; 611 689; 611 690; 610 691; 610 692; 609 693; 609 697; 607 699; 607 700; 606 701; 606 704; 605 705; 605 708; 604 709; 604 713; 603 714; 603 718; 605 720; 613 720; 614 719; 617 719; 618 718; 619 718; 620 717; 627 717; 628 716; 630 716; 631 715; 632 715; 633 714; 635 714; 636 713; 639 713; 640 712; 641 712; 642 711; 642 708; 640 706; 640 705; 633 698; 633 697; 629 693; 629 692; 627 690; 627 689; 624 686; 624 685; 623 684; 623 683
299; 213 684; 211 686; 211 687; 210 688; 211 689; 211 690; 212 691; 212 692; 211 693; 211 697; 212 698; 212 703; 213 704; 213 717; 214 718; 214 725; 215 726; 219 726; 220 725; 221 725; 223 723; 224 723; 225 722; 226 722; 227 721; 228 721; 231 718; 232 718; 233 717; 234 717; 235 716; 236 716; 239 713; 240 713; 244 709; 245 709; 245 706; 243 704; 243 703; 244 702; 244 701; 245 700; 245 698; 238 698; 237 697; 236 697; 235 696; 234 696; 231 693; 230 693; 229 692; 228 692; 227 691; 226 691; 225 690; 224 690; 219 685; 218 685; 217 684
300; 938 695; 936 697; 936 700; 937 701; 937 702; 938 703; 938 704; 939 705; 939 706; 940 707; 940 708; 941 709; 941 711; 942 712; 942 713; 943 714; 943 716; 944 717; 944 718; 945 719; 945 720; 946 721; 946 722; 947 723; 947 724; 949 726; 949 727; 950 728; 950 730; 952 732; 954 732; 958 728; 958 727; 960 725; 960 724; 964 720; 965 720; 966 719; 966 717; 967 716; 967 714; 969 712; 969 711; 972 708; 973 708; 977 704; 977 702; 974 699; 972 699; 971 698; 968 698; 967 697; 961 697; 960 696; 949 696; 948 695
301; 469 690; 468 691; 467 691; 453 705; 453 706; 452 707; 452 708; 445 715; 445 716; 444 717; 444 720; 445 721; 449 721; 450 722; 452 722; 453 723; 455 723; 456 724; 459 724; 460 725; 462 725; 463 726; 468 726; 469 727; 472 727; 473 728; 478 728; 479 729; 481 729; 482 728; 483 728; 484 727; 484 722; 483 721; 483 719; 482 718; 482 716; 481 715; 481 713; 480 712; 480 711; 479 710; 479 708; 478 707; 478 705; 477 704; 477 702; 476 701; 476 697; 475 696; 475 692; 473 690
302; 765 694; 763 696; 763 700; 764 701; 764 703; 765 704; 765 705; 766 706; 766 711; 767 712; 767 714; 768 715; 768 723; 769 724; 769 728; 768 729; 768 732; 772 732; 774 734; 776 732; 776 731; 777 730; 778 730; 780 728; 781 728; 783 726; 784 726; 786 724; 787 724; 788 723; 789 723; 791 721; 791 720; 792 719; 792 718; 794 716; 795 716; 796 715; 797 715; 799 713; 799 711; 798 710; 798 708; 799 707; 799 705; 798 705; 797 704; 796 704; 795 703; 793 703; 792 702; 791 702; 790 701; 788 701; 787 700; 786 700; 785 699; 783 699; 782 698; 781 698; 780 697; 778 697; 777 696; 776 696; 775 695; 772 695; 771 694
303; 126 695; 125 696; 125 697; 124 698; 124 706; 125 707; 125 709; 126 710; 126 716; 127 717; 127 721; 128 722; 128 729; 129 730; 129 733; 130 734; 130 735; 134 735; 138 731; 139 731; 140 730; 141 730; 142 729; 143 729; 147 725; 148 725; 150 723; 151 723; 153 721; 154 721; 156 719; 160 719; 160 717; 159 716; 157 716; 155 714; 158 711; 159 711; 160 710; 160 708; 157 705; 152 705; 151 704; 150 704; 149 703; 148 703; 147 702; 146 702; 145 701; 141 701; 140 700; 139 700; 138 699; 137 699; 135 697; 134 697; 133 696; 132 696; 131 695
304; 264 705; 261 708; 260 708; 259 709; 259 713; 260 714; 260 716; 262 718; 262 719; 264 721; 264 722; 265 723; 265 724; 266 725; 266 726; 267 727; 267 728; 286 728; 286 727; 290 723; 290 722; 296 716; 296 712; 295 711; 295 707; 294 706; 293 706; 292 705; 286 705; 285 706; 282 706; 281 705; 276 705; 274 707; 271 707; 270 706; 268 706; 267 705
305; 336 704; 335 705; 332 705; 331 706; 329 706; 327 708; 326 708; 325 709; 324 709; 323 710; 322 710; 321 711; 319 711; 318 712; 316 712; 315 713; 313 713; 311 715; 310 715; 309 716; 308 716; 307 717; 306 717; 304 719; 304 721; 308 725; 309 725; 310 726; 311 726; 313 728; 314 728; 317 731; 318 731; 320 733; 321 733; 325 737; 326 737; 327 738; 328 738; 333 743; 337 743; 338 742; 338 737; 339 736; 339 734; 340 733; 340 726; 342 724; 343 724; 345 722; 345 716; 346 715; 346 706; 345 705; 343 705; 342 704
306; 719 702; 715 706; 715 707; 714 708; 714 709; 713 710; 713 713; 712 714; 712 716; 710 718; 710 719; 709 720; 709 722; 708 723; 708 725; 707 726; 707 727; 706 728; 706 729; 705 730; 705 735; 707 735; 708 736; 707 737; 707 740; 708 741; 711 741; 712 740; 713 740; 714 739; 715 739; 716 738; 724 738; 725 737; 726 737; 727 736; 729 736; 730 735; 742 735; 744 733; 744 731; 743 730; 743 729; 742 728; 742 727; 740 725; 740 724; 738 722; 738 721; 733 716; 733 715; 730 712; 730 711; 727 708; 727 707; 722 702
307; 840 708; 838 710; 837 710; 836 711; 836 712; 835 713; 834 713; 833 714; 833 718; 835 720; 835 721; 836 722; 836 725; 837 726; 837 731; 838 731; 842 735; 842 736; 843 737; 843 739; 844 740; 844 741; 846 743; 846 744; 847 745; 847 747; 848 748; 848 749; 850 749; 851 748; 852 748; 855 745; 855 744; 857 742; 857 741; 862 736; 862 735; 864 733; 864 732; 871 725; 871 724; 872 723; 872 718; 870 716; 867 716; 866 715; 862 715; 861 714; 857 714; 855 712; 855 711; 853 709; 849 709; 848 708
308; 896 708; 894 710; 894 711; 893 712; 893 720; 894 721; 894 730; 895 731; 895 733; 896 734; 896 743; 897 744; 897 745; 899 747; 903 747; 905 745; 908 745; 909 744; 910 744; 911 743; 911 741; 914 738; 915 738; 917 736; 918 736; 924 730; 925 730; 926 729; 927 729; 928 728; 929 728; 931 726; 931 723; 930 723; 929 722; 928 722; 926 720; 925 720; 924 719; 923 719; 922 718; 921 718; 920 717; 918 717; 917 716; 916 716; 915 715; 914 715; 913 714; 912 714; 911 713; 909 713; 908 712; 906 712; 905 711; 903 711; 902 710; 900 710; 899 709; 898 709; 897 708
309; 978 703; 978 704; 975 707; 975 713; 974 714; 974 716; 971 719; 970 719; 968 721; 968 726; 967 727; 967 728; 966 729; 966 730; 965 731; 965 732; 964 733; 964 736; 963 737; 963 739; 964 740; 980 740; 981 739; 995 739; 996 738; 997 738; 998 737; 999 737; 1000 736; 1003 736; 1003 733; 1002 732; 1002 731; 1000 729; 1000 728; 999 727; 999 726; 996 723; 995 723; 994 722; 994 721; 993 720; 993 719; 992 718; 992 717; 991 716; 991 715; 990 714; 990 709; 989 708; 986 708; 984 706; 983 706; 982 705; 981 705; 980 704; 979 704
310; 429 712; 427 714; 427 715; 426 716; 426 718; 425 719; 425 720; 424 721; 424 722; 422 724; 422 726; 421 727; 421 729; 420 730; 420 732; 418 734; 418 735; 417 736; 417 738; 416 739; 416 742; 418 744; 418 750; 421 750; 422 749; 427 749; 428 748; 433 748; 442 739; 452 739; 452 738; 447 733; 447 732; 445 730; 445 729; 444 728; 444 727; 443 726; 443 723; 442 722; 442 720; 441 720; 439 718; 439 717; 437 715; 437 714; 435 712
311; 817 726; 816 727; 815 727; 814 728; 812 728; 811 729; 804 729; 803 730; 802 729; 798 729; 796 731; 795 731; 795 732; 794 733; 794 735; 796 737; 796 738; 798 740; 798 741; 801 744; 801 745; 803 747; 803 748; 809 754; 809 755; 808 756; 808 757; 809 758; 811 758; 814 761; 814 762; 815 763; 819 763; 819 762; 820 761; 820 760; 821 759; 821 758; 822 757; 822 756; 823 755; 823 754; 824 753; 824 752; 826 750; 826 749; 827 748; 827 747; 828 746; 828 744; 829 743; 829 742; 830 741; 830 740; 831 739; 831 737; 832 736; 832 735; 833 734; 833 733; 834 732; 834 729; 833 728; 832 728; 831 727; 820 727; 819 726
312; 267 729; 266 730; 264 730; 263 731; 263 734; 264 735; 264 737; 265 738; 265 740; 266 741; 266 742; 267 743; 267 744; 268 745; 268 747; 269 748; 269 749; 271 751; 271 752; 272 753; 272 754; 273 755; 273 757; 274 758; 274 759; 275 760; 275 762; 276 763; 276 764; 279 764; 280 763; 282 763; 282 762; 283 761; 283 760; 289 754; 290 754; 291 753; 292 753; 296 749; 296 748; 297 747; 297 746; 303 740; 304 740; 304 735; 302 733; 302 732; 301 731; 299 731; 298 730; 295 730; 294 731; 288 731; 286 729
313; 362 740; 362 746; 369 752; 392 763; 397 763; 398 739; 396 724; 391 723; 385 727; 382 727
314; 382 727; 381 724; 373 717; 367 716; 355 708; 347 706; 346 722; 343 725; 345 745; 350 745; 356 741; 362 740
315; 635 723; 633 725; 632 725; 631 726; 628 726; 627 727; 626 727; 625 728; 623 728; 622 729; 618 729; 613 734; 612 734; 611 735; 608 735; 607 736; 605 736; 603 738; 603 741; 607 745; 608 745; 610 747; 611 747; 617 753; 617 754; 618 754; 620 756; 621 756; 622 757; 623 757; 625 759; 626 759; 628 761; 629 761; 630 762; 631 762; 632 763; 635 763; 637 761; 637 760; 638 759; 638 748; 639 747; 639 738; 640 737; 640 730; 641 729; 641 725; 639 723
316; 191 728; 189 730; 188 730; 187 731; 186 731; 185 732; 184 732; 182 734; 180 734; 179 735; 177 735; 176 736; 175 736; 172 739; 171 739; 169 741; 168 741; 167 742; 166 742; 164 744; 163 744; 162 745; 162 746; 161 747; 161 749; 163 751; 163 752; 164 753; 165 753; 166 754; 168 754; 169 755; 171 755; 172 756; 173 756; 175 758; 176 758; 177 759; 178 759; 179 760; 180 760; 181 761; 182 761; 183 762; 184 762; 186 764; 187 764; 188 765; 189 765; 191 767; 196 767; 196 755; 197 754; 197 734; 196 733; 196 728
317; 758 729; 756 731; 756 732; 751 737; 750 737; 749 738; 748 738; 744 742; 743 742; 740 745; 739 745; 738 746; 736 746; 735 747; 734 747; 733 748; 733 749; 732 750; 732 755; 733 756; 735 756; 736 757; 737 757; 738 758; 740 758; 741 759; 742 759; 743 760; 744 760; 746 762; 747 762; 749 764; 750 764; 751 765; 753 765; 754 766; 755 766; 757 768; 758 768; 760 770; 761 770; 762 771; 766 771; 766 770; 767 769; 767 768; 766 767; 766 763; 767 762; 767 756; 766 755; 767 754; 767 752; 766 751; 766 745; 767 744; 767 741; 766 740; 766 737; 767 736; 767 735; 768 734; 768 733; 767 732; 766 732; 765 733; 764 733; 763 734; 762 734; 761 733; 761 730; 760 729
318; 0 739; 0 757; 1 758; 1 759; 2 760; 2 761; 5 764; 5 765; 6 766; 6 770; 12 770; 13 771; 13 773; 17 773; 18 772; 20 772; 21 771; 21 770; 22 769; 22 767; 26 763; 26 762; 30 758; 30 757; 31 756; 31 755; 35 751; 35 750; 36 749; 36 746; 34 744; 32 744; 31 743; 26 743; 25 742; 17 742; 16 741; 8 741; 7 740; 3 740; 2 739
319; 944 737; 943 738; 940 738; 939 739; 935 739; 934 740; 931 740; 930 741; 925 741; 924 742; 922 742; 921 743; 919 743; 918 744; 915 744; 914 745; 911 745; 911 749; 913 751; 913 752; 920 759; 920 760; 922 762; 922 763; 924 765; 925 765; 935 775; 940 775; 940 774; 941 773; 941 772; 943 770; 944 770; 944 767; 943 766; 943 762; 944 761; 944 758; 945 757; 945 756; 946 755; 946 754; 947 753; 947 751; 948 750; 948 749; 949 748; 949 739; 947 737
320; 775 734; 774 735; 774 746; 773 747; 773 755; 772 756; 772 763; 771 764; 771 765; 768 768; 768 769; 767 770; 767 771; 768 772; 768 773; 770 775; 772 775; 773 776; 775 776; 776 775; 779 775; 780 774; 783 774; 784 773; 785 773; 786 772; 788 772; 789 771; 791 771; 792 770; 793 770; 794 769; 795 769; 796 768; 797 768; 798 767; 799 767; 800 766; 801 766; 802 765; 803 765; 806 762; 807 762; 808 761; 808 758; 807 757; 806 757; 805 756; 804 756; 803 755; 802 755; 800 753; 799 753; 796 750; 796 749; 795 748; 794 748; 792 746; 791 746; 790 745; 789 745; 784 740; 783 740; 782 739; 781 739; 776 734
321; 1013 737; 1012 738; 1011 738; 1003 746; 1002 746; 999 749; 998 749; 991 756; 990 756; 989 757; 989 758; 988 759; 988 762; 989 763; 989 764; 991 766; 993 766; 994 767; 998 767; 999 768; 1000 768; 1001 769; 1002 769; 1003 770; 1004 770; 1005 771; 1010 771; 1011 772; 1013 772; 1014 773; 1015 773; 1017 775; 1021 775; 1022 774; 1023 774; 1023 737
322; 138 738; 135 741; 135 744; 134 745; 134 749; 133 750; 133 760; 132 761; 132 763; 131 764; 131 766; 129 768; 129 776; 134 776; 135 775; 137 775; 138 774; 142 774; 143 773; 146 773; 147 772; 150 772; 151 771; 152 771; 153 770; 155 770; 156 769; 159 769; 160 768; 161 768; 162 767; 163 767; 164 766; 165 766; 168 763; 168 761; 167 760; 167 759; 163 755; 162 755; 161 754; 160 754; 154 748; 154 747; 152 745; 151 745; 148 742; 147 742; 146 741; 146 740; 145 739; 144 739; 143 738
323; 442 740; 433 749; 433 750; 432 751; 432 752; 431 753; 431 754; 430 755; 430 761; 432 763; 432 764; 440 772; 440 773; 445 778; 446 778; 453 785; 456 785; 458 783; 458 782; 459 781; 459 777; 460 776; 460 773; 461 772; 461 770; 462 769; 462 767; 463 766; 463 764; 464 763; 464 758; 465 757; 465 753; 466 752; 466 751; 467 750; 467 747; 466 746; 461 746; 460 747; 455 747; 454 746; 454 741; 453 740
324; 316 742; 314 744; 314 746; 313 747; 313 749; 312 750; 312 752; 311 753; 311 754; 308 757; 308 758; 307 759; 307 762; 306 763; 306 765; 305 766; 305 769; 306 770; 306 771; 307 772; 307 775; 306 776; 306 778; 307 779; 323 779; 325 777; 327 777; 328 776; 337 776; 338 775; 339 775; 342 772; 342 770; 340 768; 340 767; 339 766; 339 765; 338 764; 338 763; 329 754; 329 753; 328 752; 328 751; 327 750; 327 749; 326 748; 326 747; 321 742
325; 889 747; 886 750; 885 750; 878 757; 877 757; 865 769; 864 769; 864 771; 865 772; 865 773; 866 774; 866 776; 868 778; 869 778; 870 779; 871 779; 872 780; 879 780; 880 781; 883 781; 884 782; 885 782; 886 783; 888 783; 889 784; 891 784; 892 785; 896 785; 899 782; 900 782; 900 778; 899 777; 899 774; 898 773; 898 764; 897 763; 897 762; 896 761; 896 758; 895 757; 895 755; 894 754; 894 750; 893 749; 893 747
326; 976 749; 975 750; 974 750; 972 752; 971 752; 970 753; 969 753; 966 756; 965 756; 964 757; 963 757; 962 758; 961 758; 960 759; 958 759; 956 761; 955 761; 954 762; 953 762; 948 767; 947 767; 946 768; 945 768; 945 770; 947 772; 948 772; 951 775; 952 775; 953 776; 954 776; 955 777; 956 777; 958 779; 959 779; 960 780; 961 780; 962 781; 963 781; 964 782; 965 782; 967 784; 968 784; 971 787; 973 787; 973 786; 975 784; 976 784; 977 785; 981 785; 981 783; 982 782; 982 772; 983 771; 983 768; 982 767; 982 765; 981 764; 981 750; 980 749
327; 539 752; 536 755; 536 775; 537 776; 537 785; 538 786; 538 791; 539 792; 544 792; 545 791; 546 791; 547 790; 548 790; 551 787; 552 787; 553 786; 554 786; 560 780; 561 780; 563 778; 564 778; 566 776; 567 776; 569 774; 569 773; 570 772; 570 768; 567 765; 566 765; 565 764; 564 764; 563 763; 561 763; 560 762; 559 762; 556 759; 555 759; 554 758; 553 758; 552 757; 549 757; 548 756; 547 756; 546 755; 545 755; 543 753; 542 753; 541 752
328; 123 751; 122 752; 121 752; 120 753; 119 753; 117 755; 115 755; 114 756; 112 756; 110 758; 109 758; 108 759; 107 759; 106 760; 105 760; 104 761; 103 761; 102 762; 101 762; 100 763; 99 763; 98 764; 97 764; 96 765; 95 765; 91 769; 91 773; 92 773; 94 775; 95 775; 97 777; 98 777; 99 778; 100 778; 102 780; 103 780; 104 781; 104 782; 106 784; 107 784; 108 785; 110 785; 111 786; 112 786; 113 787; 115 787; 117 789; 118 789; 119 790; 120 790; 122 792; 123 792; 124 791; 125 791; 125 780; 126 779; 126 777; 127 776; 128 776; 128 769; 126 767; 126 752; 125 751
329; 223 756; 223 759; 221 761; 220 761; 219 762; 219 781; 220 782; 220 783; 221 784; 221 791; 222 792; 222 796; 223 797; 226 797; 227 796; 228 796; 229 795; 230 795; 232 793; 233 793; 235 791; 236 791; 238 789; 239 789; 240 788; 241 788; 244 785; 245 785; 250 780; 252 780; 254 778; 255 778; 256 777; 257 777; 257 774; 255 772; 254 772; 253 771; 252 771; 251 770; 250 770; 249 769; 247 769; 246 768; 244 768; 243 767; 242 767; 241 766; 240 766; 239 765; 237 765; 236 764; 234 764; 232 762; 231 762; 225 756
330; 292 761; 291 762; 290 762; 289 763; 288 763; 287 764; 280 764; 279 765; 277 765; 277 766; 274 769; 273 769; 272 770; 270 770; 269 771; 267 771; 266 772; 264 772; 263 773; 259 773; 258 774; 258 777; 260 779; 261 779; 263 781; 264 781; 273 790; 274 790; 275 791; 276 791; 277 792; 278 792; 284 798; 285 798; 286 799; 289 799; 293 795; 293 791; 294 790; 294 785; 295 784; 295 780; 296 779; 296 776; 298 774; 299 774; 299 771; 298 771; 297 770; 297 769; 296 768; 296 766; 297 765; 297 763; 295 761
331; 403 762; 402 763; 402 767; 401 768; 401 773; 402 774; 402 779; 403 780; 403 793; 404 794; 404 796; 405 797; 405 798; 408 801; 410 801; 412 799; 413 799; 415 797; 416 797; 421 792; 422 792; 424 790; 425 790; 427 788; 428 788; 430 786; 431 786; 432 785; 434 785; 435 786; 436 785; 437 785; 438 784; 440 784; 439 783; 439 778; 436 775; 435 775; 434 774; 433 774; 431 772; 430 772; 429 771; 427 771; 426 770; 425 770; 424 769; 423 769; 422 768; 421 768; 420 767; 419 767; 418 766; 417 766; 416 765; 413 765; 412 764; 410 764; 409 763; 407 763; 406 762
332; 35 765; 34 766; 33 766; 32 767; 31 767; 30 768; 29 768; 26 771; 25 771; 24 772; 21 772; 20 773; 18 773; 17 774; 14 774; 14 775; 16 777; 16 778; 15 779; 15 780; 9 786; 9 790; 10 791; 10 792; 9 793; 11 793; 12 794; 20 794; 21 795; 22 795; 24 797; 25 797; 26 798; 29 798; 30 799; 31 799; 33 801; 35 801; 36 802; 38 802; 39 803; 43 803; 44 802; 44 795; 46 793; 46 776; 43 776; 40 773; 40 766; 39 765
333; 652 763; 651 764; 650 764; 643 771; 642 771; 637 776; 636 776; 632 780; 631 780; 631 785; 632 786; 632 788; 630 790; 630 792; 631 792; 632 793; 634 793; 635 794; 636 794; 637 795; 638 795; 639 796; 640 796; 641 797; 648 797; 649 798; 651 798; 652 799; 653 799; 654 800; 660 800; 662 798; 662 791; 661 790; 661 786; 660 785; 660 782; 659 781; 659 777; 658 776; 658 774; 657 773; 657 767; 656 766; 656 764; 655 763
334; 578 766; 576 768; 576 769; 575 770; 575 779; 574 780; 574 781; 573 782; 573 791; 572 792; 572 798; 571 799; 571 801; 573 803; 575 803; 576 802; 579 802; 580 801; 583 801; 584 800; 585 800; 586 799; 588 799; 589 798; 593 798; 594 797; 595 797; 596 796; 598 796; 599 795; 601 795; 602 794; 603 794; 604 793; 605 793; 606 792; 607 792; 609 790; 609 788; 605 784; 604 784; 602 782; 601 782; 592 773; 591 773; 587 769; 586 769; 585 768; 584 768; 582 766
335; 181 769; 180 770; 180 771; 179 772; 179 773; 178 774; 178 776; 177 777; 177 782; 176 783; 176 784; 174 786; 174 788; 173 789; 173 794; 172 795; 172 797; 171 798; 171 799; 170 800; 170 801; 169 802; 169 804; 170 805; 181 805; 182 804; 184 804; 185 803; 189 803; 190 802; 197 802; 198 801; 200 801; 201 800; 203 800; 204 799; 206 799; 207 798; 207 794; 204 791; 204 790; 201 787; 201 786; 198 783; 198 782; 192 776; 192 775; 188 771; 187 771; 185 769
336; 722 778; 721 779; 720 779; 719 780; 718 780; 718 783; 719 784; 719 785; 720 786; 720 788; 721 789; 721 790; 723 792; 723 793; 725 795; 725 796; 726 797; 726 798; 727 799; 727 801; 728 802; 728 804; 730 806; 730 807; 731 808; 731 811; 732 812; 732 813; 733 814; 736 814; 739 811; 739 810; 742 807; 742 806; 745 803; 745 802; 747 800; 747 799; 748 798; 748 797; 750 795; 750 794; 753 791; 753 790; 754 789; 754 785; 755 784; 755 781; 753 781; 752 780; 748 780; 747 779; 745 779; 744 778
337; 47 776; 47 794; 48 795; 48 796; 49 797; 49 800; 50 801; 50 802; 51 803; 51 805; 52 806; 52 807; 53 808; 53 809; 54 810; 54 813; 55 814; 57 814; 58 813; 59 813; 61 811; 61 810; 65 806; 66 806; 71 801; 71 800; 80 791; 81 791; 82 790; 82 786; 79 783; 78 783; 77 782; 73 782; 72 781; 68 781; 65 778; 56 778; 55 777; 53 777; 52 776
338; 801 776; 800 777; 798 777; 797 778; 794 778; 793 779; 790 779; 789 780; 788 780; 787 781; 785 781; 784 782; 780 782; 779 783; 778 783; 777 784; 776 784; 775 785; 775 788; 776 789; 775 790; 774 790; 773 791; 772 791; 771 792; 771 794; 772 795; 772 798; 778 798; 779 799; 780 799; 781 800; 782 800; 784 802; 784 803; 792 811; 794 811; 796 809; 801 809; 801 808; 802 807; 802 805; 803 804; 803 802; 804 801; 804 798; 805 797; 805 796; 806 795; 806 793; 807 792; 807 785; 808 784; 808 777; 807 776
339; 324 783; 324 788; 323 789; 322 789; 321 790; 320 789; 316 789; 316 792; 319 795; 319 796; 320 797; 320 802; 326 808; 327 808; 329 810; 343 810; 343 809; 347 805; 347 804; 348 803; 348 802; 350 800; 350 799; 353 796; 353 789; 352 788; 351 788; 350 787; 343 787; 342 786; 340 786; 339 785; 337 785; 336 784; 330 784; 329 783
340; 853 815; 857 822; 884 828; 894 826; 882 791; 876 789
341; 876 789; 873 782; 854 781; 840 778; 836 781; 845 807; 844 813; 847 815; 853 815
342; 844 813; 840 811; 826 788; 819 787; 804 818; 808 822; 834 821; 847 815
343; 147 780; 145 782; 144 782; 142 784; 141 784; 137 788; 136 788; 135 789; 134 789; 133 790; 132 790; 131 791; 130 791; 129 792; 124 792; 123 793; 123 795; 122 796; 122 805; 123 806; 124 806; 126 808; 127 808; 128 809; 129 809; 133 813; 134 813; 135 814; 138 814; 139 815; 141 815; 146 820; 147 820; 148 821; 151 821; 152 820; 152 819; 153 818; 153 809; 152 808; 152 783; 151 782; 151 781; 150 780
344; 438 785; 437 786; 436 786; 436 787; 435 788; 435 791; 434 792; 434 796; 433 797; 433 799; 432 800; 432 802; 431 803; 431 806; 432 807; 432 810; 431 811; 431 812; 430 813; 430 823; 431 824; 433 824; 434 823; 435 823; 436 822; 438 822; 439 821; 442 821; 443 820; 445 820; 446 819; 447 819; 448 818; 449 818; 450 817; 452 817; 453 816; 457 816; 458 815; 463 815; 464 814; 465 814; 467 812; 467 810; 466 809; 466 808; 461 803; 460 803; 455 798; 454 798; 453 797; 453 796; 451 794; 450 794; 441 785
345; 371 787; 369 789; 369 808; 368 809; 368 819; 369 819; 370 820; 371 820; 372 821; 372 826; 375 826; 379 822; 380 822; 382 820; 384 820; 385 819; 387 819; 388 818; 390 818; 392 816; 393 816; 395 814; 396 814; 397 813; 398 813; 399 812; 400 812; 402 810; 403 810; 403 809; 404 808; 404 806; 403 805; 402 805; 401 804; 399 804; 398 803; 397 803; 394 800; 393 800; 391 798; 390 798; 388 796; 387 796; 382 791; 381 791; 380 790; 379 790; 378 789; 377 789; 376 788; 375 788; 374 787
346; 687 791; 687 792; 683 796; 683 798; 684 799; 684 801; 685 802; 685 803; 686 804; 686 806; 687 807; 687 809; 688 810; 688 815; 689 816; 689 817; 692 820; 693 820; 694 821; 695 821; 696 822; 696 823; 697 824; 697 825; 698 826; 700 826; 706 820; 706 819; 709 816; 710 816; 717 809; 717 807; 714 804; 714 798; 713 797; 712 797; 711 796; 708 796; 707 795; 705 795; 704 794; 702 794; 701 793; 698 793; 697 792; 692 792; 691 791
347; 246 794; 245 795; 245 797; 243 799; 243 805; 245 807; 245 808; 246 809; 246 813; 247 814; 247 815; 248 816; 248 819; 249 820; 249 824; 250 825; 250 830; 253 830; 254 831; 257 831; 258 830; 258 829; 265 822; 266 822; 270 818; 270 817; 273 814; 273 813; 280 806; 280 803; 279 802; 275 802; 274 801; 272 801; 271 800; 269 800; 268 799; 266 799; 265 798; 262 798; 261 797; 258 797; 257 796; 255 796; 254 795; 252 795; 251 794
348; 303 796; 301 798; 301 799; 300 800; 300 801; 299 802; 299 803; 298 804; 298 805; 296 807; 296 809; 295 810; 295 813; 294 814; 294 815; 292 817; 292 818; 291 819; 291 820; 290 821; 290 822; 289 823; 289 825; 290 826; 291 826; 292 827; 295 827; 296 826; 323 826; 324 825; 327 825; 328 824; 329 824; 331 822; 332 822; 334 820; 335 820; 337 818; 337 817; 341 813; 341 812; 342 811; 329 811; 327 809; 326 809; 313 796; 310 796; 309 797; 308 797; 307 796
349; 909 791; 909 792; 908 793; 908 796; 907 797; 907 800; 906 801; 906 803; 905 804; 905 806; 904 807; 904 814; 903 815; 903 818; 902 819; 902 823; 901 824; 901 825; 900 826; 900 828; 901 829; 908 829; 909 828; 911 828; 912 827; 915 827; 916 826; 918 826; 919 825; 921 825; 922 824; 923 824; 924 823; 925 823; 926 822; 928 822; 929 821; 931 821; 932 820; 933 820; 937 816; 938 816; 938 814; 937 813; 936 813; 925 802; 924 802; 923 801; 922 801; 912 791
350; 9 794; 8 795; 7 795; 6 796; 5 796; 5 797; 4 798; 4 805; 5 806; 5 818; 6 819; 6 822; 7 823; 7 828; 6 829; 4 829; 2 827; 0 827; 0 840; 2 840; 3 839; 5 839; 7 837; 8 837; 9 836; 10 836; 11 835; 13 835; 19 829; 20 829; 22 827; 23 827; 25 825; 26 825; 27 824; 28 824; 30 822; 30 821; 33 818; 34 818; 36 816; 37 816; 40 813; 40 810; 37 807; 36 807; 35 806; 34 806; 33 805; 32 805; 31 804; 29 804; 28 803; 27 803; 26 802; 24 802; 23 801; 22 801; 21 800; 19 800; 18 799; 17 799; 14 796; 14 795; 12 795; 11 794
351; 538 801; 538 802; 537 803; 537 805; 538 806; 538 809; 539 810; 539 815; 540 816; 540 818; 541 819; 541 821; 542 822; 542 828; 543 829; 543 835; 544 836; 544 837; 545 838; 546 838; 548 840; 551 840; 552 839; 553 839; 555 837; 555 836; 559 832; 559 831; 567 823; 567 822; 568 821; 569 821; 572 818; 572 816; 571 815; 571 810; 570 809; 569 809; 568 808; 567 808; 566 807; 564 807; 563 806; 560 806; 559 805; 558 805; 557 804; 556 804; 555 803; 553 803; 552 802; 545 802; 544 801
352; 968 799; 968 800; 967 801; 967 812; 966 813; 966 816; 965 817; 965 820; 966 821; 966 832; 965 833; 965 836; 967 838; 969 838; 970 837; 971 837; 972 836; 974 836; 975 835; 976 835; 977 834; 979 834; 981 832; 982 832; 983 831; 984 831; 986 829; 987 829; 988 828; 989 828; 990 827; 991 827; 992 826; 993 826; 994 825; 995 825; 996 824; 997 824; 998 823; 999 823; 1000 822; 1001 822; 1001 818; 996 813; 995 813; 994 812; 993 812; 991 810; 990 810; 989 809; 988 809; 986 807; 985 807; 982 804; 980 804; 979 803; 978 803; 976 801; 975 801; 973 799
353; 222 804; 221 805; 220 805; 219 806; 217 806; 216 807; 214 807; 213 808; 210 808; 209 809; 203 809; 202 810; 201 810; 201 815; 202 816; 201 817; 204 820; 205 820; 208 823; 208 825; 212 829; 212 834; 213 835; 213 846; 214 846; 215 845; 216 845; 217 844; 219 844; 220 843; 222 843; 224 841; 227 841; 228 840; 229 840; 230 839; 230 837; 231 836; 231 832; 232 831; 232 827; 233 826; 233 824; 234 823; 234 821; 235 820; 235 818; 236 817; 236 815; 237 814; 237 813; 238 812; 238 811; 239 810; 239 806; 238 805; 234 805; 233 804
354; 771 799; 768 802; 768 803; 765 806; 765 807; 763 809; 763 810; 759 814; 759 815; 757 817; 757 818; 755 820; 754 820; 753 821; 753 829; 752 830; 752 831; 754 833; 759 833; 761 835; 761 836; 764 836; 765 837; 768 837; 770 835; 777 835; 778 836; 780 836; 781 837; 786 837; 787 836; 788 836; 788 835; 789 834; 789 831; 788 830; 788 829; 787 828; 787 827; 786 826; 786 825; 785 824; 785 823; 784 822; 784 821; 783 820; 783 818; 782 817; 782 815; 781 814; 781 812; 780 811; 780 810; 779 809; 779 808; 777 806; 777 805; 776 804; 776 803; 775 802; 775 801; 774 800; 774 799
355; 525 805; 524 806; 522 806; 521 807; 520 807; 518 809; 517 809; 516 810; 513 810; 512 811; 510 811; 509 812; 508 812; 507 813; 506 813; 504 815; 503 815; 502 816; 501 816; 500 817; 499 817; 498 818; 497 818; 496 819; 495 819; 493 821; 493 823; 494 824; 494 825; 498 829; 499 829; 500 830; 501 830; 504 833; 505 833; 514 842; 515 842; 519 846; 521 846; 522 845; 522 842; 523 841; 527 841; 527 840; 528 839; 528 813; 529 812; 529 806; 528 805
356; 168 815; 165 818; 164 818; 162 820; 160 820; 158 822; 157 822; 156 823; 150 823; 150 825; 147 828; 146 828; 145 829; 144 829; 141 832; 141 835; 142 836; 142 837; 143 838; 144 838; 146 840; 148 840; 149 841; 150 841; 155 846; 156 846; 157 847; 158 847; 159 848; 160 848; 161 849; 162 849; 163 850; 164 850; 166 852; 167 852; 171 856; 172 856; 174 854; 175 854; 176 853; 177 853; 178 852; 179 852; 179 847; 177 845; 177 844; 176 843; 176 835; 177 834; 177 823; 176 822; 176 818; 175 817; 173 817; 171 815
357; 641 813; 639 815; 639 817; 638 818; 638 820; 637 821; 637 822; 636 823; 636 825; 635 826; 635 827; 634 828; 634 829; 633 830; 633 831; 632 832; 632 833; 631 834; 631 835; 630 836; 630 837; 628 839; 628 840; 627 841; 627 844; 630 844; 632 846; 631 847; 631 849; 632 850; 632 851; 634 851; 635 850; 636 850; 637 849; 641 849; 642 848; 651 848; 652 847; 653 847; 654 846; 656 846; 657 845; 662 845; 663 844; 664 844; 667 841; 667 836; 661 830; 661 829; 659 827; 658 827; 655 824; 654 824; 653 823; 653 822; 649 818; 649 817; 648 816; 647 816; 644 813
358; 191 815; 190 816; 190 817; 188 819; 188 821; 187 822; 187 825; 186 826; 186 828; 182 832; 182 841; 181 842; 181 845; 180 846; 180 852; 181 853; 186 853; 187 852; 189 852; 190 851; 193 851; 194 850; 196 850; 197 849; 201 849; 202 848; 204 848; 205 847; 212 847; 212 835; 211 834; 211 829; 207 825; 206 825; 205 824; 205 823; 202 820; 202 819; 201 818; 199 818; 197 816; 195 816; 194 815
359; 122 818; 121 819; 120 819; 119 820; 118 820; 117 821; 116 821; 115 822; 114 822; 113 823; 112 823; 111 824; 110 824; 109 825; 107 825; 106 826; 105 826; 100 831; 99 831; 98 832; 96 832; 95 833; 93 833; 93 835; 95 837; 95 838; 96 839; 96 842; 97 843; 98 843; 100 845; 101 845; 102 846; 104 846; 105 847; 106 847; 107 848; 108 848; 112 852; 114 852; 115 853; 117 853; 118 854; 120 854; 121 855; 122 855; 124 857; 128 857; 129 856; 131 856; 131 845; 130 844; 130 841; 129 840; 129 825; 128 824; 128 822; 127 821; 127 820; 125 818
360; 461 822; 460 823; 458 823; 457 824; 452 824; 451 825; 445 825; 444 826; 441 826; 440 827; 438 827; 437 828; 433 828; 431 830; 431 834; 432 835; 432 836; 440 844; 440 845; 441 846; 441 848; 442 849; 442 850; 446 854; 449 854; 450 853; 451 853; 452 854; 455 854; 458 857; 461 857; 462 856; 462 854; 463 853; 463 848; 464 847; 464 844; 465 843; 465 842; 466 841; 466 839; 467 838; 467 834; 468 833; 468 831; 469 830; 469 827; 470 826; 470 824; 468 822
361; 720 819; 718 821; 718 822; 717 823; 717 832; 718 833; 718 839; 717 840; 717 842; 716 843; 716 850; 718 850; 720 852; 720 854; 721 855; 721 856; 722 857; 728 857; 731 854; 733 854; 734 853; 736 853; 740 849; 740 848; 743 845; 745 845; 746 844; 747 844; 748 843; 749 843; 752 840; 753 840; 755 838; 755 836; 754 835; 754 834; 752 832; 746 832; 745 831; 744 831; 743 830; 742 830; 741 829; 740 829; 738 827; 737 827; 733 823; 732 823; 731 822; 730 822; 729 821; 727 821; 726 820; 724 820; 723 819
362; 346 830; 344 832; 344 838; 345 839; 345 841; 346 842; 346 843; 347 844; 347 853; 348 854; 348 855; 349 856; 349 857; 350 858; 350 861; 351 862; 351 863; 353 865; 353 866; 355 868; 358 868; 366 860; 366 859; 368 857; 369 857; 379 847; 379 846; 380 845; 380 844; 383 841; 383 837; 382 837; 381 836; 376 836; 375 835; 370 835; 369 834; 367 834; 366 833; 364 833; 363 832; 359 832; 358 831; 356 831; 355 830
363; 831 830; 830 831; 829 831; 827 833; 826 833; 823 836; 821 836; 820 837; 818 837; 815 840; 815 841; 812 844; 811 844; 809 846; 808 846; 803 851; 803 853; 805 855; 806 855; 807 856; 808 856; 809 857; 810 857; 811 858; 813 858; 814 859; 818 859; 820 861; 821 861; 824 864; 824 865; 828 865; 829 866; 832 866; 833 867; 834 867; 835 868; 835 869; 840 869; 841 868; 841 864; 842 863; 842 860; 841 859; 841 851; 840 850; 840 848; 839 847; 839 839; 840 838; 840 836; 837 836; 836 835; 835 835; 834 834; 834 832; 833 831; 833 830
364; 308 834; 307 835; 301 835; 300 836; 288 836; 286 838; 283 838; 282 839; 278 839; 277 840; 275 840; 274 841; 274 845; 275 846; 275 847; 276 848; 276 849; 281 854; 281 855; 286 860; 286 861; 291 866; 291 867; 296 872; 298 872; 299 871; 300 871; 300 870; 301 869; 301 866; 302 865; 302 864; 303 863; 303 862; 306 859; 306 858; 307 857; 307 856; 308 855; 308 853; 309 852; 309 851; 310 850; 310 849; 311 848; 311 847; 312 846; 312 844; 313 843; 313 838; 311 836; 311 835; 310 834
365; 261 833; 256 838; 255 838; 253 840; 252 840; 251 841; 250 841; 249 842; 248 842; 247 843; 246 843; 241 848; 240 848; 239 849; 235 849; 235 853; 236 854; 236 858; 238 860; 239 860; 240 861; 241 861; 242 862; 243 862; 244 863; 247 863; 248 864; 249 864; 251 866; 252 866; 253 867; 255 867; 256 868; 257 868; 258 869; 259 869; 260 870; 261 870; 262 871; 264 871; 265 872; 270 872; 270 864; 271 863; 271 857; 270 856; 270 855; 271 854; 271 850; 270 849; 270 846; 269 845; 269 841; 270 840; 270 836; 268 834; 266 834; 265 833
366; 568 840; 567 841; 564 841; 562 843; 562 849; 563 850; 563 851; 564 852; 564 854; 565 855; 565 856; 564 857; 566 859; 566 860; 569 863; 570 863; 572 865; 573 865; 574 866; 574 867; 578 871; 578 872; 579 873; 579 874; 581 876; 583 876; 585 874; 585 873; 586 872; 586 870; 587 869; 587 868; 591 864; 591 863; 592 862; 592 861; 593 860; 593 859; 595 857; 595 856; 596 855; 596 854; 598 852; 598 851; 599 850; 599 849; 600 848; 600 847; 601 846; 601 842; 600 841; 599 841; 598 840
367; 410 849; 409 850; 408 850; 406 852; 405 852; 404 853; 403 853; 402 854; 401 854; 400 855; 397 855; 396 856; 395 856; 394 857; 394 858; 392 860; 398 866; 400 864; 401 864; 402 863; 403 863; 404 862; 407 862; 409 864; 409 867; 410 868; 410 871; 411 872; 411 878; 412 879; 413 879; 414 880; 415 880; 416 881; 416 882; 418 884; 418 885; 421 885; 421 881; 420 880; 420 879; 419 878; 419 874; 418 873; 418 863; 417 862; 417 858; 416 857; 416 852; 415 851; 415 850; 414 849
368; 761 837; 760 838; 759 838; 758 839; 758 845; 754 849; 750 849; 750 862; 751 863; 751 873; 754 876; 755 875; 756 875; 757 876; 760 876; 761 875; 763 875; 764 874; 765 874; 766 873; 768 873; 769 872; 771 872; 772 873; 774 873; 775 872; 775 871; 777 869; 778 869; 779 868; 780 868; 781 867; 784 867; 785 866; 786 866; 790 862; 791 862; 793 860; 792 859; 792 858; 790 856; 789 856; 787 854; 786 854; 780 848; 778 848; 777 847; 776 847; 769 840; 769 839; 768 838; 765 838; 764 837
369; 136 844; 135 845; 134 845; 133 846; 132 846; 132 856; 134 858; 134 859; 135 860; 135 870; 136 871; 136 879; 137 880; 137 883; 138 884; 142 884; 145 881; 147 881; 152 876; 153 876; 156 873; 157 873; 158 872; 159 872; 160 871; 161 871; 162 870; 163 870; 164 869; 166 869; 167 868; 167 867; 168 866; 168 865; 171 862; 171 857; 169 855; 168 855; 167 856; 166 856; 165 855; 163 855; 162 854; 161 854; 160 853; 158 853; 156 851; 155 851; 154 850; 151 850; 150 849; 148 849; 146 847; 145 847; 143 845; 141 845; 140 844
370; 609 841; 608 842; 608 844; 607 845; 607 846; 605 848; 605 849; 603 851; 603 852; 602 853; 602 857; 601 858; 601 861; 600 862; 600 864; 599 865; 599 866; 598 867; 598 868; 597 869; 597 870; 596 871; 596 876; 597 877; 598 877; 599 878; 602 878; 603 877; 606 877; 607 876; 614 876; 615 877; 618 877; 619 876; 622 876; 623 875; 631 875; 633 873; 633 866; 630 863; 630 862; 628 860; 628 859; 627 858; 627 857; 619 849; 619 848; 612 841
371; 747 849; 746 850; 745 850; 744 851; 739 851; 736 854; 734 854; 733 855; 731 855; 725 861; 724 861; 722 863; 721 863; 720 864; 719 864; 719 868; 722 871; 723 871; 724 872; 725 872; 728 875; 728 877; 729 878; 733 878; 738 883; 739 883; 742 886; 743 886; 745 888; 749 888; 750 887; 750 886; 751 885; 751 882; 752 881; 752 879; 753 878; 753 876; 750 873; 750 863; 749 862; 749 849
372; 391 861; 389 863; 387 863; 386 864; 385 864; 381 868; 381 871; 382 871; 384 873; 385 873; 388 876; 389 876; 390 877; 391 877; 392 878; 393 878; 395 880; 396 880; 397 881; 398 881; 399 882; 400 882; 401 883; 402 883; 403 884; 405 884; 406 885; 407 885; 409 887; 411 887; 411 885; 410 884; 410 881; 409 880; 409 879; 408 878; 407 878; 406 877; 405 877; 404 876; 403 876; 402 875; 401 875; 400 874; 399 874; 395 870; 395 869; 397 867; 397 866; 392 861
373; 642 854; 641 855; 640 855; 638 857; 638 862; 639 863; 639 864; 642 867; 642 868; 645 871; 645 872; 646 873; 646 874; 647 875; 647 876; 648 877; 648 878; 649 879; 649 881; 650 882; 650 885; 651 886; 651 887; 653 887; 654 886; 655 886; 657 888; 660 888; 662 886; 662 885; 667 880; 667 879; 670 876; 670 875; 671 874; 671 872; 675 868; 675 867; 677 865; 677 864; 679 862; 679 858; 678 857; 677 857; 676 856; 672 856; 671 855; 668 855; 667 856; 659 856; 658 855; 654 855; 653 854
374; 926 860; 926 861; 924 863; 924 868; 927 871; 927 872; 928 873; 928 876; 929 877; 929 882; 933 886; 933 888; 934 889; 934 891; 935 892; 935 894; 936 895; 936 896; 937 897; 939 897; 946 890; 946 889; 949 886; 949 885; 952 882; 952 881; 961 872; 961 871; 962 870; 962 867; 960 865; 958 865; 957 864; 952 864; 951 863; 949 863; 947 861; 935 861; 934 860
375; 509 863; 508 864; 506 864; 505 865; 503 865; 502 866; 501 866; 500 867; 494 867; 493 868; 492 868; 491 869; 490 869; 489 870; 488 870; 487 871; 485 871; 484 872; 483 872; 481 874; 480 874; 478 876; 478 879; 479 879; 481 881; 482 881; 488 887; 488 888; 491 891; 492 891; 496 895; 497 895; 498 896; 498 899; 500 901; 509 901; 510 900; 510 898; 511 897; 511 895; 512 894; 512 882; 513 881; 513 878; 514 877; 514 872; 515 871; 515 869; 516 868; 516 865; 514 863
376; 560 858; 555 863; 555 864; 550 869; 550 870; 544 876; 543 876; 539 880; 539 881; 537 883; 537 884; 535 886; 535 888; 536 889; 538 889; 539 890; 540 890; 542 892; 543 891; 548 891; 549 892; 553 892; 554 893; 557 893; 558 894; 563 894; 564 895; 565 895; 566 896; 570 896; 570 895; 573 892; 575 892; 575 890; 574 889; 574 887; 573 886; 573 884; 572 883; 572 882; 571 881; 571 878; 570 877; 570 872; 569 871; 569 870; 568 869; 568 867; 567 866; 568 865; 568 863; 565 860; 565 859; 564 858
377; 810 863; 809 864; 808 864; 808 873; 807 874; 807 883; 809 885; 809 887; 810 888; 810 890; 811 891; 811 893; 812 894; 812 898; 813 899; 814 899; 815 900; 816 900; 817 901; 819 901; 821 899; 821 898; 826 893; 827 893; 828 892; 829 892; 830 891; 831 891; 833 889; 833 888; 837 884; 838 884; 841 881; 841 880; 843 878; 843 876; 842 876; 839 873; 839 870; 833 870; 832 871; 831 870; 829 870; 826 867; 826 866; 822 866; 821 865; 818 865; 817 864; 813 864; 812 863
378; 793 861; 791 863; 790 863; 786 867; 785 867; 784 868; 785 869; 784 870; 784 871; 782 873; 781 873; 780 874; 776 874; 775 873; 774 874; 774 875; 773 876; 773 877; 770 880; 769 880; 768 881; 768 884; 771 887; 773 887; 774 888; 776 888; 777 889; 779 889; 780 890; 781 890; 782 891; 783 891; 784 892; 785 892; 787 894; 788 894; 790 896; 791 896; 795 900; 797 900; 798 901; 802 901; 803 900; 803 888; 804 887; 804 885; 806 883; 806 874; 807 873; 807 864; 806 863; 805 863; 804 862; 795 862; 794 861
379; 116 862; 115 863; 114 863; 112 865; 111 865; 110 866; 109 866; 107 868; 106 868; 104 870; 103 870; 102 871; 101 871; 100 872; 99 872; 97 874; 96 874; 93 877; 92 877; 89 880; 89 882; 90 883; 90 884; 92 886; 93 886; 94 887; 95 887; 97 889; 98 889; 100 891; 101 891; 102 892; 102 893; 103 893; 105 895; 108 895; 109 896; 110 896; 111 897; 112 897; 113 898; 114 898; 116 900; 118 900; 119 901; 121 901; 122 900; 122 899; 123 898; 123 888; 124 887; 124 885; 123 884; 123 872; 124 871; 124 869; 125 868; 125 866; 123 866; 122 865; 122 863; 121 862
380; 205 871; 204 872; 193 872; 192 873; 186 873; 185 872; 181 872; 181 875; 180 876; 180 880; 181 881; 181 882; 182 883; 182 884; 183 885; 183 886; 184 887; 185 887; 186 888; 186 889; 187 890; 187 891; 189 893; 189 894; 192 897; 192 898; 193 899; 193 900; 194 901; 194 904; 197 904; 198 903; 200 903; 201 904; 204 904; 204 902; 205 901; 205 900; 206 899; 206 898; 207 897; 207 895; 208 894; 208 893; 213 888; 213 886; 214 885; 214 884; 215 883; 216 883; 216 882; 217 881; 217 877; 216 876; 217 875; 217 871
381; 226 860; 225 861; 225 864; 224 865; 224 868; 223 869; 223 871; 222 872; 222 874; 221 875; 221 877; 218 880; 218 881; 217 882; 217 883; 218 884; 218 887; 216 889; 216 890; 215 891; 215 898; 217 900; 219 900; 220 899; 222 899; 223 898; 227 898; 228 897; 232 897; 233 896; 237 896; 238 895; 242 895; 243 894; 248 894; 249 893; 251 893; 252 892; 253 892; 253 887; 247 881; 247 880; 243 876; 242 876; 238 872; 238 871; 236 869; 236 868; 230 862; 230 861; 229 860
382; 697 864; 696 865; 696 868; 695 869; 695 873; 696 874; 695 875; 695 884; 696 885; 696 901; 697 902; 697 903; 698 904; 700 904; 701 903; 702 903; 703 902; 704 902; 706 900; 707 900; 709 898; 712 898; 714 896; 715 896; 717 894; 717 893; 718 892; 719 892; 722 889; 727 889; 728 888; 728 886; 729 885; 729 879; 727 877; 726 878; 723 878; 721 876; 720 876; 718 874; 717 874; 716 873; 715 873; 714 872; 713 872; 711 870; 710 870; 709 869; 708 869; 707 868; 706 868; 704 866; 703 866; 702 865; 701 865; 700 864
383; 1006 862; 1003 865; 1003 866; 996 873; 995 873; 992 876; 992 877; 987 882; 986 882; 983 885; 983 889; 984 890; 985 890; 986 891; 987 891; 988 892; 989 892; 991 894; 993 894; 994 895; 996 895; 997 896; 1001 896; 1002 897; 1003 897; 1004 898; 1006 898; 1007 899; 1010 899; 1011 900; 1017 900; 1018 901; 1020 901; 1021 900; 1023 900; 1023 889; 1021 889; 1020 890; 1019 890; 1018 889; 1018 888; 1017 887; 1017 886; 1016 885; 1016 878; 1015 877; 1015 874; 1014 873; 1014 868; 1013 867; 1013 864; 1012 863; 1011 863; 1010 862
384; 878 875; 877 876; 875 876; 874 877; 870 877; 869 878; 865 878; 864 879; 862 879; 861 880; 858 880; 857 881; 856 880; 852 880; 851 881; 850 881; 849 882; 848 882; 848 886; 851 889; 851 890; 856 895; 856 896; 857 897; 857 898; 859 900; 859 901; 860 902; 861 902; 863 904; 864 904; 865 905; 865 906; 867 908; 867 909; 868 910; 868 911; 870 913; 873 913; 874 912; 874 911; 876 909; 878 909; 878 907; 879 906; 879 904; 880 903; 880 894; 881 893; 881 892; 882 891; 882 890; 883 889; 883 888; 884 887; 884 886; 885 885; 885 878; 883 876; 881 876; 880 875
385; 166 871; 166 872; 165 873; 165 874; 158 881; 158 883; 157 884; 157 885; 148 894; 148 895; 147 896; 146 896; 146 897; 144 899; 144 901; 147 904; 152 904; 153 905; 156 905; 157 906; 163 906; 164 907; 169 907; 170 908; 172 908; 173 909; 181 909; 182 908; 182 907; 183 906; 183 905; 184 904; 184 901; 182 899; 182 898; 180 896; 180 895; 179 894; 179 888; 177 886; 177 885; 176 884; 176 883; 175 882; 175 881; 174 880; 174 879; 173 878; 173 877; 172 876; 172 875; 171 874; 171 873; 169 871
386; 53 872; 53 873; 45 881; 45 882; 43 884; 43 885; 42 886; 42 887; 36 893; 36 894; 34 896; 33 896; 33 899; 34 899; 36 901; 36 905; 37 906; 44 906; 45 907; 46 907; 48 909; 50 909; 51 908; 53 908; 54 907; 55 907; 56 908; 59 908; 60 909; 63 909; 64 910; 69 910; 70 909; 70 904; 69 903; 69 901; 68 900; 68 898; 67 897; 67 896; 66 895; 66 893; 65 892; 65 890; 64 889; 64 888; 63 887; 63 885; 62 884; 62 883; 61 882; 61 880; 60 879; 60 878; 57 875; 57 873; 56 872
387; 257 878; 256 879; 256 883; 255 884; 255 886; 254 887; 254 891; 255 891; 257 893; 257 902; 258 903; 258 906; 257 907; 257 909; 256 910; 256 912; 261 912; 263 914; 263 916; 265 916; 266 915; 267 915; 273 909; 274 909; 276 907; 277 907; 278 906; 279 906; 284 901; 285 901; 286 900; 287 900; 290 897; 291 897; 293 895; 293 893; 291 891; 290 891; 289 890; 288 890; 287 889; 286 889; 285 888; 284 888; 283 887; 282 887; 281 886; 280 886; 279 885; 278 885; 277 884; 276 884; 275 883; 273 883; 272 882; 271 882; 270 881; 269 881; 268 880; 267 880; 266 879; 263 879; 262 878
388; 636 880; 633 883; 632 883; 626 889; 625 889; 624 890; 623 890; 622 891; 621 891; 619 893; 618 893; 617 894; 616 894; 614 896; 613 896; 610 899; 610 903; 611 904; 612 904; 613 905; 615 905; 616 906; 617 906; 618 907; 619 907; 620 908; 621 908; 624 911; 626 911; 627 912; 629 912; 632 915; 633 915; 635 917; 636 917; 637 918; 639 918; 640 919; 642 919; 643 918; 644 918; 646 916; 646 911; 645 910; 645 896; 644 895; 644 887; 643 886; 643 883; 642 882; 642 881; 641 880
389; 922 881; 921 882; 920 882; 919 883; 918 883; 917 884; 915 884; 914 885; 913 885; 910 888; 909 888; 908 889; 907 889; 906 890; 905 890; 904 891; 902 891; 901 892; 900 892; 899 893; 898 893; 896 895; 895 895; 894 896; 893 896; 891 898; 891 902; 892 903; 892 904; 893 904; 894 905; 897 905; 898 906; 900 906; 907 913; 909 913; 910 914; 912 914; 913 915; 914 915; 916 917; 917 917; 920 920; 923 920; 926 917; 926 901; 927 900; 927 898; 926 897; 926 889; 925 888; 925 886; 926 885; 926 882; 925 881
390; 306 886; 302 890; 302 893; 301 894; 301 909; 300 910; 300 915; 301 916; 301 925; 302 926; 305 926; 306 925; 307 925; 308 924; 309 924; 310 923; 311 923; 314 920; 315 920; 316 919; 320 919; 322 917; 323 917; 326 914; 327 914; 330 911; 331 911; 332 910; 333 910; 334 909; 335 909; 336 908; 336 905; 335 904; 335 903; 333 901; 332 901; 331 900; 330 900; 329 899; 328 899; 326 897; 325 897; 324 896; 323 896; 322 895; 321 895; 320 894; 319 894; 311 886
391; 532 889; 531 890; 528 890; 527 891; 527 894; 528 895; 527 896; 527 907; 528 908; 528 916; 529 917; 529 919; 530 920; 530 923; 529 924; 529 926; 530 927; 530 928; 531 929; 535 929; 538 926; 539 926; 540 925; 541 925; 542 924; 543 924; 545 922; 547 922; 556 913; 557 913; 558 912; 559 912; 560 911; 561 911; 562 910; 563 910; 563 906; 562 905; 561 905; 560 904; 559 904; 556 901; 555 901; 554 900; 553 900; 552 899; 551 899; 550 898; 549 898; 548 897; 547 897; 546 896; 544 896; 543 895; 542 895; 541 894; 541 892; 540 891; 539 891; 538 890; 536 890; 535 889
392; 729 888; 727 890; 727 910; 726 911; 726 917; 727 918; 727 926; 730 929; 731 929; 732 928; 733 928; 734 927; 736 927; 737 926; 739 926; 741 924; 742 924; 743 923; 744 923; 745 922; 746 922; 747 921; 748 921; 749 920; 750 920; 754 916; 755 916; 757 914; 758 914; 759 913; 760 913; 762 911; 762 908; 760 906; 759 906; 758 905; 757 905; 756 904; 755 904; 754 903; 753 903; 750 900; 749 900; 748 899; 747 899; 745 897; 744 897; 743 896; 742 896; 741 895; 740 895; 739 894; 738 894; 737 893; 736 893; 735 892; 734 892; 733 891; 732 891
393; 15 890; 14 891; 13 891; 12 892; 11 892; 9 894; 8 894; 6 896; 6 897; 5 898; 5 900; 4 901; 4 902; 3 903; 3 904; 2 905; 2 906; 1 907; 0 907; 0 925; 5 925; 6 924; 9 924; 10 923; 25 923; 26 924; 30 924; 30 919; 31 918; 34 918; 35 917; 35 914; 31 910; 31 908; 28 905; 28 904; 27 903; 27 900; 26 900; 21 895; 21 894; 20 893; 20 892; 18 890
394; 962 894; 961 895; 960 895; 960 896; 959 897; 959 909; 960 910; 960 913; 959 914; 959 916; 960 917; 960 930; 961 931; 962 931; 963 932; 968 932; 969 931; 970 931; 973 928; 974 928; 976 926; 979 926; 980 925; 981 925; 983 923; 983 922; 984 921; 991 921; 992 920; 996 920; 996 919; 995 918; 995 910; 992 907; 991 907; 990 906; 989 906; 988 905; 986 905; 985 904; 984 904; 983 903; 982 903; 981 902; 980 902; 978 900; 977 900; 975 898; 974 898; 973 897; 972 897; 971 896; 969 896; 968 895; 965 895; 964 894
395; 96 894; 94 896; 94 897; 93 898; 93 907; 92 908; 92 909; 91 910; 91 912; 90 913; 90 928; 91 929; 91 930; 92 931; 100 931; 101 930; 102 930; 104 928; 105 928; 106 927; 108 927; 109 926; 111 926; 112 925; 113 925; 114 924; 117 924; 118 923; 119 923; 120 922; 122 922; 123 921; 125 921; 125 918; 124 918; 121 915; 122 914; 124 914; 125 913; 126 913; 126 911; 124 909; 123 909; 122 908; 121 908; 119 906; 118 906; 117 905; 116 905; 115 904; 114 904; 112 902; 111 902; 103 894
396; 774 894; 773 895; 772 895; 772 897; 771 898; 771 900; 770 901; 770 903; 769 904; 769 906; 768 907; 768 909; 767 910; 767 913; 766 914; 766 917; 765 918; 765 922; 764 923; 764 930; 766 932; 769 932; 770 931; 773 931; 774 930; 775 930; 776 929; 778 929; 779 928; 793 928; 794 927; 803 927; 803 920; 800 917; 800 916; 799 915; 799 914; 797 912; 796 912; 790 906; 790 905; 785 900; 784 900; 781 897; 780 897; 778 895; 777 895; 776 894
397; 495 900; 494 901; 490 901; 489 902; 487 902; 486 903; 484 903; 483 904; 481 904; 480 905; 477 905; 476 906; 471 906; 470 907; 469 907; 468 908; 467 908; 466 909; 465 909; 464 910; 462 910; 461 911; 460 911; 460 915; 462 917; 462 918; 465 921; 466 921; 469 924; 470 924; 472 926; 472 927; 474 929; 474 930; 475 930; 477 932; 479 932; 481 934; 482 934; 483 935; 484 935; 486 937; 487 937; 489 939; 492 939; 492 937; 493 936; 493 934; 494 933; 494 931; 495 930; 495 925; 496 924; 496 919; 497 918; 497 908; 498 907; 498 905; 500 903; 500 902; 498 900
398; 840 904; 839 905; 837 905; 835 907; 834 907; 832 909; 831 909; 829 911; 828 911; 827 912; 826 912; 825 913; 824 913; 823 914; 822 914; 817 919; 816 919; 811 924; 811 926; 812 927; 814 927; 815 928; 817 928; 818 929; 819 929; 820 930; 821 930; 822 931; 824 931; 825 932; 826 932; 827 933; 828 933; 830 935; 831 935; 832 936; 833 936; 835 938; 836 938; 837 939; 839 939; 842 942; 846 942; 848 940; 848 926; 847 925; 847 923; 848 922; 848 916; 847 915; 847 906; 845 904
399; 218 906; 217 907; 216 907; 215 908; 213 908; 211 910; 210 910; 209 911; 206 911; 200 917; 199 917; 198 918; 197 918; 196 919; 195 919; 194 920; 192 920; 191 921; 191 925; 192 926; 192 927; 195 930; 196 930; 197 931; 198 931; 199 932; 200 932; 202 934; 203 934; 204 935; 205 935; 206 936; 207 936; 209 938; 210 938; 211 939; 212 939; 213 940; 214 940; 215 941; 216 941; 217 942; 218 942; 219 943; 220 943; 221 944; 223 944; 223 935; 224 934; 224 929; 227 926; 227 922; 226 921; 226 909; 225 908; 224 908; 222 906
400; 881 903; 880 904; 880 906; 879 907; 879 909; 878 910; 879 911; 878 912; 878 919; 877 920; 877 922; 876 923; 876 925; 875 926; 875 940; 876 941; 881 941; 882 940; 883 940; 884 939; 885 939; 886 938; 894 938; 897 935; 898 935; 899 934; 901 934; 902 933; 907 933; 908 932; 909 932; 910 931; 912 931; 912 926; 909 923; 908 923; 899 914; 898 914; 893 909; 893 908; 890 905; 887 905; 886 904; 884 904; 883 903
401; 663 905; 662 906; 662 907; 661 908; 661 910; 660 911; 660 913; 659 914; 659 915; 658 916; 658 919; 657 920; 657 923; 656 924; 656 925; 655 926; 655 927; 654 928; 654 929; 653 930; 653 931; 652 932; 656 936; 656 937; 661 942; 662 942; 663 941; 672 941; 673 940; 674 940; 675 939; 676 939; 677 938; 681 938; 682 937; 685 937; 686 936; 689 936; 691 934; 691 932; 680 921; 680 920; 677 917; 677 916; 674 913; 674 912; 672 910; 672 909; 671 908; 670 908; 669 907; 668 907; 666 905
402; 232 911; 232 912; 231 913; 231 922; 230 923; 230 925; 229 926; 228 925; 228 926; 225 929; 225 934; 224 935; 224 944; 226 946; 227 946; 228 947; 232 947; 233 946; 234 947; 234 949; 235 950; 237 950; 238 949; 239 949; 240 948; 241 948; 243 946; 244 946; 246 944; 247 944; 248 943; 249 943; 250 942; 251 942; 252 941; 253 941; 254 940; 255 940; 257 938; 258 938; 259 937; 260 937; 261 936; 262 936; 265 933; 265 928; 263 926; 262 926; 261 925; 259 925; 258 924; 257 924; 255 922; 254 922; 252 920; 251 920; 249 918; 248 918; 247 917; 246 917; 245 916; 244 916; 242 914; 241 914; 240 913; 239 913; 238 912; 236 912; 235 911
403; 159 913; 158 914; 157 914; 155 916; 154 916; 152 918; 151 918; 150 919; 149 919; 148 920; 146 920; 143 923; 142 923; 139 926; 138 926; 136 928; 135 928; 134 929; 132 929; 130 931; 130 933; 134 937; 135 937; 137 939; 138 939; 139 940; 140 940; 141 941; 142 941; 143 942; 144 942; 146 944; 147 944; 148 945; 149 945; 151 947; 152 947; 153 948; 154 948; 155 949; 156 949; 158 951; 159 951; 160 952; 161 952; 162 953; 165 953; 165 952; 166 951; 166 947; 167 946; 167 943; 166 942; 166 931; 167 930; 167 926; 168 925; 168 917; 167 916; 164 916; 163 915; 163 914; 162 913
404; 55 916; 54 917; 53 917; 51 919; 51 920; 49 922; 49 923; 46 926; 46 927; 44 929; 44 930; 43 931; 43 932; 41 934; 41 935; 40 936; 40 937; 35 942; 35 943; 34 944; 34 947; 36 949; 42 949; 43 950; 50 950; 51 951; 52 951; 54 953; 60 953; 61 952; 62 952; 64 954; 67 954; 67 950; 66 949; 66 947; 67 946; 68 946; 71 949; 73 949; 74 948; 74 946; 73 945; 73 943; 72 942; 72 941; 71 940; 71 939; 69 937; 69 936; 68 935; 68 934; 67 933; 67 930; 66 929; 66 928; 65 927; 65 926; 64 925; 64 924; 63 923; 63 921; 62 920; 62 918; 60 916
405; 396 924; 395 925; 394 925; 393 926; 393 929; 394 930; 394 931; 396 933; 396 934; 397 935; 397 937; 398 938; 398 940; 399 941; 399 945; 400 946; 400 947; 403 950; 403 951; 404 952; 404 956; 405 957; 405 958; 408 961; 412 961; 412 960; 414 958; 414 957; 416 955; 416 954; 419 951; 419 950; 422 947; 422 946; 429 939; 429 938; 431 936; 431 934; 432 933; 432 929; 430 927; 416 927; 415 926; 412 926; 411 925; 408 925; 407 924
406; 992 921; 991 922; 987 922; 987 923; 985 925; 982 925; 981 926; 981 929; 969 941; 969 944; 970 944; 972 946; 971 947; 971 949; 972 950; 975 950; 976 951; 980 951; 981 952; 982 952; 983 953; 985 953; 986 954; 991 954; 992 955; 994 955; 995 956; 997 956; 998 957; 1000 957; 1001 958; 1003 958; 1005 956; 1005 950; 1004 949; 1004 946; 1003 945; 1003 941; 1002 940; 1002 934; 1000 932; 1000 931; 999 930; 999 928; 998 927; 998 925; 997 924; 997 921
407; 920 921; 918 923; 918 924; 917 925; 917 932; 916 933; 916 949; 917 948; 919 950; 919 954; 920 955; 920 959; 922 961; 926 961; 927 960; 928 960; 930 958; 931 958; 933 956; 934 956; 936 954; 937 954; 938 953; 939 953; 942 950; 943 950; 948 945; 949 945; 950 944; 951 944; 953 942; 953 939; 952 939; 951 938; 950 938; 948 936; 947 936; 944 933; 943 933; 942 932; 940 932; 939 931; 938 931; 936 929; 935 929; 934 928; 932 928; 931 927; 930 927; 929 926; 928 926; 927 925; 926 925; 923 922; 923 921
408; 794 928; 793 929; 784 929; 784 931; 782 933; 781 933; 780 934; 779 934; 778 935; 775 935; 774 936; 773 936; 771 938; 770 938; 769 939; 769 941; 770 942; 770 943; 772 945; 773 945; 776 948; 776 953; 775 954; 775 955; 773 957; 773 958; 786 958; 787 959; 795 959; 798 962; 800 962; 801 961; 801 958; 802 957; 802 953; 803 952; 803 947; 804 946; 804 942; 805 941; 805 930; 803 928
409; 117 929; 116 930; 113 930; 112 931; 110 931; 109 932; 106 932; 105 933; 101 933; 100 932; 92 932; 92 933; 91 934; 91 935; 90 936; 89 936; 88 937; 87 937; 85 939; 85 942; 92 949; 92 950; 93 951; 94 951; 97 954; 97 955; 103 961; 103 962; 105 964; 105 965; 114 965; 114 964; 115 963; 115 961; 116 960; 116 958; 117 957; 117 955; 118 954; 118 953; 119 952; 119 951; 120 950; 120 948; 121 947; 121 944; 122 943; 122 940; 123 939; 123 934; 124 933; 124 931; 122 929
410; 638 929; 637 930; 636 930; 635 931; 632 931; 631 932; 630 932; 629 933; 627 933; 626 934; 623 934; 621 936; 620 936; 618 938; 616 938; 615 939; 613 939; 612 940; 611 940; 610 941; 609 941; 608 942; 608 945; 609 946; 610 946; 613 949; 613 950; 616 953; 617 953; 619 955; 620 955; 622 957; 623 957; 625 959; 626 959; 629 962; 630 962; 631 963; 632 963; 634 965; 635 965; 636 966; 640 966; 642 964; 642 963; 643 962; 643 954; 645 952; 646 952; 647 953; 651 949; 654 949; 655 948; 656 948; 659 945; 660 945; 660 942; 655 937; 655 936; 652 933; 650 933; 649 934; 646 934; 645 935; 644 934; 642 934; 641 933; 641 932; 640 931; 640 929
411; 726 926; 725 927; 720 927; 718 929; 718 931; 717 932; 717 933; 716 934; 716 935; 715 936; 715 937; 714 938; 714 939; 713 940; 713 941; 712 942; 712 943; 711 944; 711 946; 710 947; 710 948; 709 949; 709 951; 708 952; 708 953; 707 954; 707 955; 706 956; 706 957; 705 958; 705 962; 706 963; 725 963; 726 962; 727 962; 728 961; 733 961; 734 960; 740 960; 741 959; 742 959; 744 957; 744 955; 741 952; 741 951; 739 949; 739 948; 736 945; 736 944; 731 939; 731 938; 730 937; 730 936; 729 935; 729 934; 728 933; 728 932; 730 930
412; 185 933; 184 934; 183 934; 181 936; 181 943; 180 944; 180 945; 179 946; 179 950; 180 951; 180 953; 179 954; 179 958; 178 959; 178 971; 179 972; 181 972; 182 971; 184 971; 185 970; 186 970; 187 969; 188 969; 189 968; 190 968; 191 967; 192 967; 193 966; 194 966; 195 965; 198 965; 199 964; 202 964; 203 963; 206 963; 207 962; 209 962; 211 960; 212 960; 213 959; 214 959; 214 955; 213 954; 213 953; 212 953; 210 951; 209 951; 202 944; 202 943; 200 941; 199 941; 198 940; 197 940; 191 934; 190 934; 189 933
413; 910 932; 909 933; 908 933; 904 937; 903 937; 901 939; 899 939; 898 940; 896 940; 893 943; 892 943; 889 946; 888 946; 887 947; 886 947; 885 948; 884 948; 883 949; 881 949; 880 950; 880 954; 884 958; 885 958; 886 959; 887 959; 888 960; 890 960; 894 964; 895 964; 896 965; 897 965; 898 966; 899 966; 901 968; 902 968; 903 969; 904 969; 907 972; 908 972; 909 973; 911 973; 913 971; 913 963; 914 962; 914 950; 915 949; 915 934; 913 932
414; 305 940; 304 941; 291 941; 289 943; 289 946; 290 947; 290 949; 291 950; 291 951; 292 952; 292 953; 293 954; 293 957; 292 958; 293 959; 293 960; 294 961; 294 962; 297 962; 300 965; 300 966; 302 968; 302 969; 304 971; 304 972; 307 975; 310 975; 311 976; 312 976; 313 975; 313 969; 314 968; 314 967; 315 966; 315 965; 317 963; 317 962; 319 960; 319 959; 322 956; 322 955; 323 954; 323 953; 324 952; 324 951; 325 950; 325 949; 326 948; 326 947; 327 946; 327 943; 325 941; 318 941; 317 940; 315 940; 314 941; 309 941; 308 940
415; 577 937; 576 938; 576 939; 575 940; 575 943; 576 944; 576 951; 575 952; 575 954; 576 955; 575 956; 575 974; 576 975; 582 975; 583 974; 584 974; 585 973; 586 973; 587 972; 588 972; 590 970; 591 970; 594 967; 595 967; 596 966; 597 966; 598 965; 599 965; 600 964; 601 964; 602 963; 605 963; 606 962; 607 962; 609 960; 609 955; 607 953; 606 953; 605 952; 604 952; 602 950; 601 950; 599 948; 598 948; 593 943; 590 943; 589 942; 588 942; 586 940; 585 940; 584 939; 583 939; 582 938; 581 938; 580 937
416; 18 936; 17 937; 16 937; 13 940; 13 941; 9 945; 9 946; 5 950; 5 951; 4 952; 4 953; 0 957; 0 967; 3 967; 4 968; 11 968; 12 969; 23 969; 24 970; 28 970; 29 971; 34 971; 35 970; 35 969; 36 968; 36 966; 35 965; 35 963; 34 962; 34 960; 33 959; 33 958; 32 957; 32 956; 30 954; 30 953; 29 952; 29 950; 28 949; 28 947; 27 946; 27 945; 25 943; 25 942; 24 941; 24 938; 22 936
417; 501 945; 500 946; 498 946; 497 947; 494 947; 493 948; 489 948; 488 949; 487 949; 486 950; 485 950; 484 951; 475 951; 473 953; 473 955; 471 957; 471 959; 473 961; 474 961; 485 972; 485 973; 495 983; 497 983; 498 982; 498 981; 499 980; 499 978; 500 977; 500 976; 501 975; 501 974; 502 973; 502 969; 503 968; 503 966; 504 965; 504 964; 505 963; 505 962; 506 961; 506 960; 507 959; 507 958; 508 957; 508 956; 509 955; 509 953; 508 952; 506 952; 504 950; 504 949; 505 948; 505 945
418; 359 945; 358 946; 358 947; 357 948; 357 950; 356 951; 356 954; 357 955; 357 962; 358 963; 358 970; 357 971; 357 977; 358 978; 358 980; 359 981; 360 981; 362 983; 364 983; 366 981; 367 981; 368 980; 369 980; 371 978; 372 978; 373 977; 374 977; 375 976; 377 976; 383 970; 384 970; 386 968; 387 968; 392 963; 392 961; 390 959; 389 959; 388 958; 387 958; 386 957; 385 957; 384 956; 382 956; 381 955; 380 955; 379 954; 378 954; 377 953; 376 953; 375 952; 374 952; 373 951; 372 951; 371 950; 370 950; 369 949; 368 949; 367 948; 366 948; 364 946; 363 946; 362 945
419; 655 970; 655 976; 658 981; 659 995; 660 996; 664 996; 675 987; 689 979; 688 975; 689 969; 683 966; 680 962
420; 680 962; 680 957; 685 947; 684 943; 676 943; 666 946; 661 945; 656 949; 651 950; 648 953; 655 970
421; 760 954; 759 955; 758 955; 757 956; 756 956; 755 957; 754 957; 753 958; 752 958; 751 959; 750 959; 749 960; 747 960; 746 961; 744 961; 740 965; 739 965; 737 967; 735 967; 734 968; 733 968; 730 971; 730 974; 733 977; 734 977; 736 979; 737 979; 741 983; 743 983; 744 984; 745 984; 746 985; 747 985; 749 987; 749 990; 751 992; 756 992; 757 991; 760 991; 761 990; 763 990; 763 985; 764 984; 764 981; 765 980; 765 963; 766 962; 766 957; 765 956; 765 955; 764 954
422; 333 954; 328 959; 328 960; 325 963; 325 964; 323 966; 323 967; 320 970; 320 971; 316 975; 315 975; 314 976; 313 976; 312 977; 312 978; 313 979; 313 981; 314 982; 314 983; 316 983; 317 984; 321 984; 322 985; 323 985; 325 987; 329 987; 330 986; 332 986; 333 987; 338 987; 340 989; 341 988; 346 988; 347 987; 352 987; 352 984; 351 983; 351 982; 350 981; 350 980; 349 979; 349 978; 348 977; 348 976; 347 975; 347 973; 346 972; 346 969; 345 968; 345 966; 344 965; 344 964; 343 963; 343 962; 342 961; 342 956; 340 954
423; 772 959; 772 964; 773 965; 773 970; 772 971; 772 975; 771 976; 771 986; 770 987; 770 989; 773 992; 778 992; 779 991; 781 991; 782 990; 783 990; 785 988; 786 988; 787 987; 792 987; 797 982; 798 982; 800 980; 801 980; 802 979; 804 979; 805 978; 806 978; 807 977; 807 973; 806 973; 805 972; 804 972; 803 971; 802 971; 800 969; 799 969; 797 967; 797 964; 798 963; 795 960; 787 960; 786 959
424; 817 955; 815 957; 815 959; 814 960; 814 965; 813 966; 813 969; 812 970; 812 971; 810 973; 808 973; 808 977; 809 977; 810 978; 810 980; 811 981; 811 983; 810 984; 810 989; 811 990; 811 991; 812 991; 813 992; 815 992; 816 991; 819 991; 820 990; 822 990; 823 989; 824 989; 825 988; 826 988; 827 987; 829 987; 830 986; 832 986; 833 985; 834 985; 835 984; 836 984; 837 983; 839 983; 840 982; 842 982; 843 983; 844 982; 845 982; 847 980; 848 980; 848 978; 847 977; 847 976; 841 970; 840 970; 838 968; 837 968; 835 966; 834 966; 823 955
425; 444 963; 443 964; 437 964; 436 965; 435 965; 434 966; 434 967; 433 968; 432 968; 431 969; 430 969; 430 972; 431 973; 431 975; 432 976; 432 977; 435 980; 435 981; 436 982; 436 983; 437 984; 437 985; 438 986; 438 987; 439 988; 439 989; 441 991; 441 992; 447 998; 452 998; 455 995; 455 994; 456 993; 456 992; 457 991; 457 988; 458 987; 458 984; 459 983; 459 982; 462 979; 464 979; 464 975; 465 974; 465 970; 464 970; 462 968; 462 963; 459 963; 458 964; 452 964; 451 963
426; 253 963; 252 964; 246 964; 245 965; 243 965; 242 964; 238 964; 237 965; 230 965; 229 966; 229 972; 230 973; 230 974; 231 975; 231 977; 233 979; 233 980; 234 981; 234 982; 235 983; 235 985; 236 986; 236 987; 240 991; 240 995; 241 995; 242 996; 243 996; 246 999; 247 999; 248 1000; 250 1000; 250 998; 251 997; 251 996; 252 995; 252 994; 253 993; 253 992; 254 991; 254 989; 255 988; 255 987; 256 986; 256 985; 257 984; 257 983; 258 982; 258 981; 259 980; 259 979; 262 976; 262 975; 263 974; 263 969; 264 968; 264 965; 263 964; 260 964; 259 963
427; 64 955; 64 956; 61 959; 60 959; 57 962; 56 962; 55 963; 54 963; 50 967; 49 967; 48 968; 47 968; 45 970; 44 970; 42 972; 40 972; 39 973; 38 973; 37 974; 37 976; 36 977; 36 979; 38 981; 39 981; 41 983; 43 983; 44 984; 45 984; 46 985; 47 985; 51 989; 52 989; 53 990; 54 990; 55 991; 57 991; 58 992; 59 992; 60 993; 61 993; 63 995; 64 995; 65 996; 70 996; 71 995; 72 995; 72 990; 71 989; 71 988; 70 987; 70 985; 71 984; 71 976; 70 975; 70 960; 67 957; 67 955
428; 991 966; 990 967; 988 967; 987 968; 980 968; 979 969; 975 969; 974 970; 974 972; 975 973; 975 974; 976 975; 976 976; 980 980; 980 981; 982 983; 982 984; 984 986; 984 987; 986 989; 986 991; 987 992; 987 993; 988 994; 988 995; 993 1000; 993 1001; 998 1001; 998 1000; 999 999; 999 998; 1000 997; 1000 996; 1001 995; 1001 994; 1002 993; 1002 992; 1003 991; 1003 989; 1004 988; 1004 987; 1006 985; 1006 984; 1007 983; 1007 982; 1008 981; 1008 980; 1009 979; 1009 978; 1011 976; 1011 974; 1012 973; 1012 970; 1008 966; 1000 966; 999 967; 997 967; 996 966
429; 289 959; 288 960; 286 960; 283 963; 283 964; 277 970; 276 970; 272 974; 272 975; 269 978; 269 979; 267 981; 267 982; 265 984; 265 988; 268 988; 269 989; 270 989; 271 990; 272 990; 273 991; 277 991; 278 992; 281 992; 282 993; 285 993; 286 994; 291 994; 292 995; 304 995; 304 993; 302 991; 302 990; 301 989; 301 988; 300 987; 300 985; 299 984; 299 982; 298 981; 298 979; 297 978; 297 975; 296 974; 296 972; 295 971; 295 970; 294 969; 294 968; 293 967; 293 964; 294 963; 293 962; 293 961; 292 960; 292 959
430; 934 966; 933 967; 929 967; 928 968; 928 973; 929 974; 929 975; 931 977; 931 978; 932 979; 932 980; 933 981; 933 983; 934 984; 934 986; 935 987; 935 988; 936 989; 936 991; 937 992; 937 993; 938 994; 938 995; 939 996; 939 1000; 938 1001; 938 1002; 939 1003; 945 1003; 946 1002; 947 1002; 948 1001; 948 1000; 949 999; 949 998; 950 997; 950 996; 953 993; 953 992; 956 989; 956 988; 958 986; 958 985; 960 983; 960 982; 963 979; 963 978; 966 975; 966 971; 965 970; 962 970; 961 969; 952 969; 951 968; 949 968; 948 967; 938 967; 937 966
431; 89 959; 87 961; 87 962; 86 963; 86 967; 85 968; 85 969; 84 970; 84 971; 81 974; 81 975; 80 976; 80 978; 79 979; 79 981; 78 982; 78 983; 77 984; 77 985; 76 986; 76 987; 73 990; 73 995; 82 995; 83 994; 89 994; 90 993; 91 994; 99 994; 100 993; 109 993; 110 992; 112 992; 113 991; 113 989; 112 988; 112 987; 111 986; 111 985; 109 983; 109 982; 108 981; 108 980; 106 978; 106 977; 102 973; 102 972; 98 968; 98 966; 97 965; 97 964; 95 962; 95 961; 93 959
432; 952 1016; 960 1023; 968 1023; 961 1011; 971 1006; 976 1010; 972 1023; 981 1021; 984 996; 954 1003; 948 1014
433; 901 999; 913 990; 914 980; 886 968; 878 971; 883 1004; 899 1002
434; 899 1002; 886 1015; 892 1023; 906 1023; 899 1014; 907 1007; 912 1010; 913 1023; 926 1023; 932 1013; 939 1016; 937 1023; 950 1023; 952 1016; 948 1014; 940 1004; 924 995; 927 1008; 921 1014; 916 993; 901 999
435; 414 967; 414 968; 409 973; 409 974; 405 978; 404 978; 401 981; 401 982; 400 983; 400 984; 399 985; 399 986; 395 990; 395 997; 397 999; 398 999; 399 1000; 409 1000; 410 1001; 413 1001; 414 1002; 418 1002; 419 1003; 426 1003; 427 1002; 427 999; 425 997; 426 996; 427 996; 428 997; 431 997; 431 994; 430 993; 430 992; 429 991; 429 990; 427 988; 427 987; 426 986; 426 985; 425 984; 425 983; 424 982; 424 980; 423 979; 423 977; 422 976; 422 974; 420 972; 420 971; 419 970; 419 969; 418 968; 418 967
436; 522 968; 519 971; 519 972; 518 973; 518 975; 517 976; 517 981; 516 982; 516 984; 515 985; 515 986; 514 987; 514 990; 513 991; 513 993; 512 994; 512 995; 511 996; 511 1000; 512 1001; 513 1001; 514 1002; 514 1004; 515 1005; 519 1005; 520 1004; 521 1004; 522 1003; 523 1003; 524 1002; 525 1002; 526 1001; 528 1001; 529 1002; 532 1002; 533 1001; 534 1001; 536 999; 539 999; 540 998; 542 998; 543 997; 545 997; 546 996; 547 996; 549 994; 549 991; 543 985; 542 985; 541 984; 541 983; 539 981; 538 981; 534 977; 534 976; 532 974; 531 974; 525 968
437; 872 971; 871 972; 870 972; 869 973; 868 973; 867 974; 866 974; 865 975; 864 975; 863 976; 862 976; 861 977; 860 977; 859 978; 857 978; 856 979; 855 979; 854 980; 851 980; 850 981; 849 980; 848 981; 847 981; 845 983; 844 983; 844 985; 842 987; 842 991; 843 992; 845 992; 847 994; 848 994; 851 997; 852 997; 853 998; 854 998; 855 999; 856 999; 861 1004; 861 1006; 859 1008; 858 1008; 852 1014; 852 1015; 851 1016; 851 1017; 847 1021; 847 1023; 856 1023; 858 1021; 859 1022; 859 1023; 868 1023; 868 1021; 866 1019; 866 1018; 865 1017; 865 1013; 866 1012; 866 1008; 868 1006; 869 1006; 870 1005; 871 1006; 875 1006; 875 1004; 876 1003; 876 998; 877 997; 877 994; 878 993; 878 988; 877 987; 877 986; 876 985; 876 984; 877 983; 877 981; 878 980; 877 979; 877 971
438; 8 974; 6 976; 6 979; 7 980; 7 982; 6 983; 6 993; 5 994; 5 997; 4 998; 4 1000; 5 1001; 5 1002; 9 1006; 9 1009; 10 1010; 15 1010; 16 1009; 17 1009; 18 1008; 19 1008; 20 1007; 21 1007; 22 1006; 23 1006; 24 1005; 25 1005; 26 1004; 27 1004; 28 1003; 29 1003; 30 1002; 31 1002; 32 1001; 33 1001; 34 1000; 35 1000; 36 999; 37 999; 40 996; 40 994; 36 990; 35 990; 33 988; 32 988; 31 987; 30 987; 28 985; 27 985; 25 983; 24 983; 23 982; 22 982; 18 978; 17 978; 15 976; 14 976; 13 975; 12 975; 11 974
439; 466 970; 466 974; 465 975; 465 985; 464 986; 464 988; 463 989; 463 991; 462 992; 462 993; 461 994; 461 996; 460 997; 460 1000; 459 1001; 459 1004; 458 1005; 458 1006; 457 1007; 457 1010; 458 1011; 464 1011; 465 1010; 466 1010; 467 1009; 470 1009; 471 1008; 477 1008; 478 1007; 483 1007; 484 1006; 486 1006; 487 1005; 492 1005; 493 1004; 494 1004; 495 1003; 495 1000; 490 995; 490 994; 488 992; 488 991; 486 989; 486 988; 484 986; 484 985; 483 984; 482 984; 478 980; 478 979; 476 977; 476 976; 475 975; 475 974; 474 974; 473 973; 472 973; 470 971; 469 971; 468 970
440; 604 981; 603 982; 591 982; 590 983; 583 983; 582 984; 576 984; 574 986; 574 989; 576 991; 576 992; 577 993; 577 994; 578 995; 578 996; 582 1000; 582 1001; 585 1004; 585 1005; 586 1006; 586 1007; 593 1014; 593 1015; 594 1016; 595 1016; 596 1017; 598 1017; 600 1015; 600 1014; 601 1013; 601 1011; 602 1010; 602 1009; 603 1008; 603 1006; 608 1001; 608 999; 609 998; 609 993; 611 991; 611 990; 612 989; 612 988; 613 987; 613 983; 612 982; 611 982; 610 981
441; 143 994; 142 995; 141 995; 140 996; 139 996; 137 998; 136 998; 134 1000; 133 1000; 132 1001; 130 1001; 129 1002; 128 1002; 126 1004; 125 1004; 123 1006; 122 1006; 121 1007; 120 1007; 117 1010; 116 1010; 114 1012; 112 1012; 111 1013; 103 1013; 102 1014; 101 1014; 100 1015; 99 1015; 98 1016; 97 1016; 94 1019; 93 1019; 90 1022; 90 1023; 109 1023; 109 1018; 112 1015; 113 1015; 114 1016; 115 1016; 117 1018; 118 1018; 119 1019; 120 1019; 123 1022; 123 1023; 148 1023; 148 1016; 149 1015; 149 1003; 148 1002; 148 1000; 147 999; 147 998; 148 997; 148 995; 147 994
442; 717 994; 716 995; 715 995; 713 997; 712 997; 711 998; 710 998; 709 999; 708 999; 707 1000; 706 1000; 704 1002; 703 1002; 702 1003; 701 1003; 700 1004; 699 1004; 698 1005; 697 1005; 696 1006; 694 1006; 693 1007; 692 1007; 691 1008; 689 1008; 687 1010; 687 1012; 691 1016; 692 1016; 694 1018; 695 1018; 699 1022; 699 1023; 720 1023; 720 1020; 721 1019; 721 1010; 722 1009; 722 1002; 721 1001; 721 1000; 720 999; 720 994
443; 187 995; 186 996; 184 996; 183 997; 175 997; 174 998; 172 998; 171 999; 170 999; 169 1000; 166 1000; 165 1001; 161 1001; 160 1002; 159 1002; 157 1004; 157 1008; 161 1012; 162 1012; 164 1014; 164 1015; 169 1020; 169 1021; 170 1022; 170 1023; 187 1023; 187 1020; 189 1018; 189 1017; 190 1016; 190 1015; 191 1014; 191 1011; 192 1010; 192 1007; 193 1006; 193 999; 192 999; 191 998; 191 996; 190 995
444; 202 991; 199 994; 199 998; 200 999; 201 999; 202 1000; 202 1001; 203 1002; 203 1004; 204 1005; 204 1007; 205 1008; 205 1009; 206 1010; 206 1011; 207 1012; 207 1013; 208 1014; 208 1015; 209 1016; 209 1017; 210 1018; 210 1023; 223 1023; 224 1022; 224 1020; 230 1014; 230 1013; 231 1012; 231 1011; 232 1010; 232 1009; 233 1008; 233 1007; 235 1005; 235 1004; 236 1003; 236 1002; 237 1001; 237 1000; 238 999; 238 996; 237 996; 236 995; 228 995; 227 994; 220 994; 219 993; 213 993; 212 992; 207 992; 206 991
445; 320 992; 319 993; 318 993; 317 994; 315 994; 314 995; 312 995; 311 996; 308 996; 307 997; 305 997; 304 998; 304 999; 301 1002; 300 1002; 299 1003; 298 1003; 294 1007; 293 1007; 292 1008; 291 1008; 288 1011; 283 1011; 282 1012; 281 1012; 281 1016; 280 1017; 280 1018; 279 1019; 279 1023; 321 1023; 321 1021; 323 1019; 323 1018; 325 1016; 325 1015; 329 1011; 330 1011; 333 1014; 333 1015; 334 1016; 334 1018; 335 1019; 335 1020; 336 1021; 336 1023; 344 1023; 344 1021; 343 1020; 343 1019; 342 1018; 342 1015; 341 1014; 341 1013; 339 1011; 339 1010; 338 1009; 338 1008; 337 1007; 337 1006; 336 1005; 336 1004; 335 1003; 335 1002; 333 1000; 331 1000; 329 1002; 328 1002; 327 1001; 325 1001; 324 1000; 323 1000; 322 999; 322 995; 323 994; 323 992
446; 347 988; 346 989; 341 989; 341 990; 342 991; 342 993; 341 994; 341 998; 342 999; 342 1000; 343 1001; 343 1002; 345 1004; 345 1005; 347 1007; 347 1008; 348 1009; 348 1010; 349 1011; 349 1012; 350 1013; 350 1014; 351 1015; 351 1016; 352 1017; 352 1018; 355 1021; 355 1023; 365 1023; 365 1021; 366 1020; 366 1019; 367 1018; 367 1017; 369 1015; 369 1014; 372 1011; 372 1010; 373 1009; 373 1008; 375 1006; 375 1005; 376 1004; 376 1003; 377 1002; 377 1001; 379 999; 379 994; 377 992; 361 992; 360 991; 357 991; 356 990; 355 990; 353 988
