0; 152 0; 152 1; 153 2; 153 5; 154 6; 154 8; 155 9; 155 11; 156 12; 156 14; 157 15; 157 16; 158 17; 158 19; 159 20; 159 23; 160 24; 160 25; 161 26; 161 27; 162 28; 162 30; 163 31; 163 34; 164 35; 164 39; 165 40; 165 41; 168 41; 170 39; 170 38; 172 36; 172 35; 181 26; 182 26; 183 25; 184 25; 185 24; 185 23; 186 22; 186 18; 188 16; 188 15; 195 8; 195 5; 193 5; 192 4; 186 4; 185 3; 183 3; 182 2; 181 2; 180 1; 180 0
1; 234 0; 234 4; 235 5; 235 8; 236 9; 236 24; 238 24; 241 21; 244 21; 245 20; 249 20; 250 19; 254 19; 255 18; 261 18; 262 17; 263 17; 264 16; 265 16; 266 15; 267 15; 268 14; 270 14; 270 9; 269 8; 269 6; 268 5; 264 5; 263 6; 261 6; 261 10; 258 13; 257 13; 256 14; 254 14; 253 15; 251 15; 250 16; 248 16; 247 17; 244 17; 242 15; 242 13; 241 12; 241 7; 240 6; 240 3; 239 2; 239 0
2; 327 0; 327 1; 326 2; 325 2; 324 3; 322 3; 321 4; 319 4; 318 5; 317 5; 316 6; 311 6; 310 7; 309 7; 308 8; 307 8; 306 9; 304 9; 303 10; 302 10; 301 11; 295 11; 294 12; 293 12; 293 15; 294 15; 296 17; 297 17; 306 26; 306 27; 307 28; 307 31; 308 32; 308 33; 309 34; 311 34; 312 35; 313 35; 315 37; 316 37; 318 39; 318 40; 323 45; 325 45; 325 44; 326 43; 326 36; 327 35; 327 32; 328 31; 328 29; 329 28; 329 27; 330 26; 330 25; 332 23; 332 12; 333 11; 333 9; 334 8; 334 7; 335 6; 335 5; 336 4; 336 3; 337 2; 337 0
3; 521 0; 521 1; 520 2; 520 3; 513 10; 513 11; 502 22; 501 22; 500 23; 500 27; 505 27; 506 28; 508 28; 509 29; 511 29; 512 30; 514 30; 515 31; 516 31; 519 34; 519 35; 520 36; 523 36; 524 37; 527 37; 528 36; 529 36; 530 35; 531 36; 533 36; 534 37; 535 37; 537 39; 538 39; 539 40; 542 40; 543 39; 543 35; 542 34; 542 32; 541 31; 541 23; 543 21; 544 21; 545 20; 547 20; 547 17; 541 17; 539 15; 539 14; 538 13; 538 12; 537 11; 537 9; 536 8; 536 6; 535 5; 535 0
4; 572 0; 572 10; 571 11; 571 14; 570 15; 570 17; 569 18; 569 19; 568 20; 568 22; 567 23; 567 25; 566 26; 566 29; 565 30; 565 32; 564 33; 564 34; 563 35; 563 38; 567 38; 568 37; 569 37; 570 36; 571 36; 572 35; 573 35; 574 34; 576 34; 577 33; 586 33; 589 30; 590 30; 592 28; 594 28; 595 27; 597 27; 598 26; 604 26; 605 25; 606 25; 607 26; 610 26; 610 22; 606 18; 605 18; 604 17; 603 17; 597 11; 597 10; 590 3; 590 1; 589 0
5; 663 0; 663 2; 662 3; 662 4; 655 11; 654 11; 652 13; 651 13; 650 14; 649 14; 649 15; 646 18; 646 21; 654 21; 655 22; 657 22; 658 23; 659 23; 660 24; 662 24; 663 25; 664 25; 665 26; 667 26; 668 27; 669 27; 670 28; 671 28; 672 29; 674 29; 675 30; 677 30; 678 31; 679 31; 680 32; 681 32; 682 33; 683 33; 684 34; 685 34; 686 35; 688 35; 689 36; 691 36; 692 35; 692 31; 691 30; 691 29; 690 28; 690 27; 689 26; 689 22; 688 21; 688 15; 689 14; 689 13; 692 10; 692 8; 689 8; 687 6; 687 5; 686 4; 686 0
6; 779 0; 779 2; 773 8; 772 8; 769 11; 768 11; 767 12; 766 12; 764 14; 763 14; 762 15; 761 15; 760 16; 759 16; 758 17; 757 17; 755 19; 754 19; 751 22; 750 22; 749 23; 748 23; 747 24; 743 24; 742 25; 742 31; 745 31; 746 32; 748 32; 749 33; 751 33; 753 35; 754 35; 755 36; 756 36; 758 38; 759 38; 765 44; 766 44; 767 45; 773 45; 774 46; 776 46; 778 48; 779 48; 782 51; 786 51; 786 36; 785 35; 785 26; 784 25; 784 22; 783 21; 783 9; 784 8; 784 7; 785 6; 785 5; 786 4; 786 0
7; 819 24; 822 43; 834 53; 838 53; 843 59; 856 57; 870 64; 871 58; 868 50; 869 33; 864 27
8; 864 27; 863 13; 849 3; 847 0; 813 0; 817 17; 819 24
9; 144 11; 141 14; 141 15; 140 16; 140 17; 139 18; 139 19; 138 20; 138 21; 134 25; 133 25; 130 28; 130 30; 129 31; 129 32; 125 36; 125 37; 124 38; 124 39; 122 41; 122 42; 119 45; 119 48; 120 49; 123 49; 124 50; 130 50; 131 49; 132 50; 137 50; 138 51; 141 51; 142 52; 157 52; 158 53; 160 53; 161 54; 164 54; 165 53; 165 51; 162 48; 162 47; 161 46; 161 45; 160 44; 160 41; 159 40; 159 37; 158 36; 158 34; 157 33; 157 29; 153 25; 153 24; 152 23; 152 21; 151 20; 151 18; 150 17; 150 13; 149 12; 149 11
10; 719 15; 718 16; 718 22; 717 23; 717 25; 716 26; 716 27; 715 28; 715 29; 714 30; 714 31; 712 33; 712 34; 711 35; 711 40; 712 41; 712 44; 711 45; 711 51; 710 52; 710 54; 709 55; 709 56; 708 57; 708 58; 707 59; 707 60; 706 61; 706 64; 707 65; 709 65; 710 64; 712 64; 713 63; 714 63; 716 61; 718 61; 719 60; 722 60; 723 59; 725 59; 726 58; 728 58; 729 57; 732 57; 733 56; 736 56; 737 55; 739 55; 740 54; 742 54; 743 53; 745 53; 746 52; 747 52; 748 51; 751 51; 752 50; 753 50; 754 49; 754 46; 751 43; 750 43; 742 35; 742 34; 741 33; 741 26; 740 27; 738 27; 737 26; 735 26; 734 25; 733 25; 732 24; 731 24; 724 17; 724 16; 723 15
11; 107 28; 101 34; 100 34; 98 36; 97 36; 95 38; 94 38; 93 39; 90 39; 89 40; 89 41; 88 42; 88 43; 84 47; 84 48; 80 52; 79 52; 76 55; 75 55; 74 56; 74 57; 73 58; 73 59; 75 61; 83 61; 84 62; 85 62; 86 63; 87 63; 88 64; 89 64; 90 65; 92 65; 93 66; 95 66; 96 67; 97 67; 98 68; 100 68; 101 69; 103 69; 104 70; 106 70; 107 71; 109 71; 111 73; 116 73; 116 61; 115 60; 115 59; 114 58; 114 57; 113 56; 113 52; 114 51; 114 50; 116 48; 116 46; 112 42; 112 41; 111 40; 111 29; 110 28
12; 792 34; 792 35; 791 36; 791 40; 792 41; 792 60; 793 61; 793 74; 792 75; 792 79; 791 80; 791 82; 792 83; 794 83; 795 82; 796 82; 799 79; 800 79; 802 77; 803 77; 804 76; 806 76; 807 75; 808 75; 809 74; 813 74; 820 67; 821 67; 822 66; 823 66; 824 65; 825 65; 827 63; 828 63; 829 62; 830 62; 831 61; 833 61; 835 59; 835 54; 834 54; 833 53; 830 53; 829 52; 828 52; 827 51; 827 49; 821 43; 820 43; 819 44; 812 44; 811 43; 810 43; 808 41; 806 41; 805 40; 804 40; 803 39; 802 39; 801 38; 800 38; 797 35; 796 35; 795 34
13; 520 37; 519 38; 519 42; 520 43; 520 44; 521 45; 521 46; 522 47; 522 58; 521 59; 521 66; 522 67; 522 68; 523 69; 523 70; 524 71; 524 72; 525 73; 525 85; 526 86; 528 86; 535 79; 536 79; 538 77; 539 77; 540 76; 542 76; 543 75; 544 75; 557 62; 558 62; 560 60; 561 60; 563 58; 563 55; 562 54; 560 54; 559 53; 557 53; 556 52; 555 52; 554 51; 552 51; 551 50; 550 50; 549 49; 548 49; 546 47; 544 47; 543 46; 542 46; 541 45; 539 45; 538 44; 535 44; 534 43; 533 43; 532 42; 531 42; 527 38; 524 38; 523 37
14; 287 50; 286 51; 285 51; 284 52; 282 52; 281 53; 277 53; 276 54; 274 54; 273 55; 272 55; 271 56; 268 56; 267 57; 265 57; 263 59; 262 59; 260 61; 259 61; 258 62; 257 62; 256 63; 253 63; 252 64; 251 64; 250 63; 248 63; 247 64; 246 64; 245 65; 245 67; 247 69; 248 69; 249 70; 252 70; 253 71; 254 71; 255 72; 256 72; 258 74; 259 74; 262 77; 262 78; 264 80; 264 81; 265 82; 265 83; 267 85; 268 85; 269 86; 270 86; 272 88; 273 88; 276 91; 276 92; 277 93; 277 94; 279 96; 281 96; 281 94; 282 93; 282 88; 283 87; 283 84; 284 83; 284 80; 286 78; 286 76; 287 75; 287 69; 288 68; 288 62; 289 61; 289 57; 290 56; 290 55; 291 54; 291 51; 290 50
15; 500 48; 498 50; 497 50; 488 59; 487 59; 486 60; 485 60; 484 61; 483 61; 481 63; 481 64; 480 65; 480 66; 479 67; 479 68; 475 72; 475 73; 465 83; 464 83; 463 84; 463 87; 464 88; 467 88; 468 87; 468 86; 470 84; 476 84; 477 85; 480 85; 481 86; 482 86; 483 87; 485 87; 486 88; 488 88; 489 89; 490 89; 491 90; 492 90; 495 93; 495 95; 501 95; 502 94; 507 94; 508 95; 510 95; 511 94; 512 94; 512 91; 511 90; 511 89; 509 87; 509 86; 508 85; 508 82; 507 81; 507 73; 508 72; 508 69; 506 67; 506 66; 505 65; 505 63; 504 62; 504 59; 503 58; 503 48
16; 133 59; 133 63; 132 64; 132 68; 131 69; 131 73; 132 74; 132 76; 131 77; 131 97; 130 98; 130 100; 129 101; 129 104; 130 105; 130 106; 132 106; 133 105; 134 105; 134 104; 135 103; 136 103; 139 100; 140 100; 141 99; 142 99; 143 98; 144 98; 145 97; 147 97; 148 96; 152 96; 153 95; 154 95; 160 89; 161 89; 163 87; 164 87; 165 86; 167 86; 168 85; 169 85; 169 82; 168 81; 167 81; 166 80; 165 80; 158 73; 158 72; 157 71; 157 70; 156 70; 155 69; 149 69; 147 67; 146 67; 144 65; 143 65; 137 59
17; 868 65; 868 66; 866 68; 859 68; 858 69; 853 69; 852 70; 850 70; 849 69; 847 69; 846 68; 844 68; 843 69; 842 69; 841 70; 840 70; 838 72; 834 72; 833 73; 826 73; 825 74; 825 77; 832 84; 832 85; 833 86; 833 87; 834 88; 834 89; 835 90; 835 96; 836 97; 837 97; 840 100; 841 100; 845 104; 845 105; 846 106; 846 107; 847 108; 847 113; 849 115; 851 115; 853 113; 853 112; 854 111; 854 110; 855 109; 855 107; 856 106; 856 105; 857 104; 857 103; 858 102; 858 101; 859 100; 859 98; 860 97; 860 96; 861 95; 861 94; 862 93; 862 92; 863 91; 863 90; 864 89; 864 88; 865 87; 865 86; 866 85; 866 84; 867 83; 867 82; 868 81; 868 80; 869 79; 869 77; 872 74; 872 73; 873 72; 873 68; 870 65
18; 938 69; 937 70; 936 70; 935 71; 930 71; 929 72; 926 72; 925 71; 918 71; 917 72; 916 72; 915 73; 913 73; 912 74; 909 74; 908 75; 898 75; 897 74; 895 74; 894 75; 894 78; 904 88; 904 89; 906 91; 906 92; 908 94; 908 95; 910 97; 910 98; 915 103; 915 104; 917 106; 917 107; 918 108; 918 109; 919 110; 919 111; 920 112; 920 114; 922 116; 924 116; 926 114; 926 113; 927 112; 927 109; 928 108; 928 105; 929 104; 929 103; 930 102; 930 101; 931 100; 931 99; 932 98; 932 97; 933 96; 933 95; 935 93; 935 92; 936 91; 936 89; 937 88; 937 83; 938 82; 938 80; 940 78; 940 77; 942 75; 942 74; 943 73; 943 70; 942 69
19; 72 59; 71 60; 70 60; 68 62; 68 64; 67 65; 67 74; 66 75; 66 77; 65 78; 65 80; 64 81; 64 83; 63 84; 63 85; 60 88; 60 95; 61 96; 61 102; 60 103; 60 105; 59 106; 59 110; 60 111; 62 111; 63 110; 64 110; 65 109; 66 109; 67 108; 70 108; 71 107; 74 107; 75 106; 77 106; 78 105; 80 105; 83 102; 84 102; 85 101; 86 101; 87 100; 88 100; 89 99; 90 99; 92 97; 93 97; 94 96; 95 96; 96 95; 99 95; 100 94; 101 94; 102 93; 102 91; 99 88; 98 88; 87 77; 86 77; 75 66; 75 62
20; 48 66; 39 75; 38 75; 36 77; 31 77; 31 78; 30 79; 30 80; 27 83; 26 83; 25 84; 24 84; 23 85; 22 85; 21 86; 20 86; 19 87; 17 87; 16 88; 15 88; 14 87; 12 87; 9 84; 7 84; 7 87; 9 89; 9 90; 11 92; 11 93; 12 94; 12 95; 15 98; 20 98; 21 99; 22 99; 23 100; 24 100; 27 103; 28 103; 29 104; 30 104; 32 106; 33 106; 35 108; 36 108; 37 109; 38 109; 42 113; 43 113; 47 117; 51 117; 51 73; 52 72; 52 67; 51 66
21; 612 65; 609 68; 609 69; 607 71; 607 72; 606 73; 606 74; 605 75; 605 76; 602 79; 601 79; 600 80; 599 80; 597 82; 597 84; 596 85; 596 86; 590 92; 590 93; 585 98; 584 98; 581 101; 581 103; 583 105; 593 105; 594 106; 596 106; 597 107; 598 107; 599 108; 600 108; 601 109; 601 111; 599 113; 599 119; 600 120; 604 120; 606 118; 606 114; 604 112; 604 110; 606 108; 610 108; 611 109; 614 109; 615 110; 617 110; 618 111; 619 111; 620 112; 621 112; 622 113; 623 113; 624 114; 628 114; 629 113; 629 111; 628 110; 628 109; 627 108; 627 107; 626 106; 626 104; 625 103; 625 101; 624 100; 624 98; 623 97; 623 94; 622 93; 622 90; 623 89; 623 87; 622 86; 622 85; 620 83; 620 82; 619 81; 619 80; 617 78; 617 77; 616 76; 616 74; 615 73; 615 66; 614 65
22; 741 70; 738 73; 738 74; 737 75; 737 76; 732 81; 731 81; 730 82; 724 82; 724 84; 723 85; 723 87; 722 88; 722 89; 721 90; 721 91; 717 95; 717 96; 715 98; 714 98; 708 104; 708 108; 709 109; 718 109; 719 110; 722 110; 723 111; 724 111; 725 112; 727 112; 728 113; 731 113; 732 114; 735 114; 736 115; 740 115; 741 116; 743 116; 744 117; 746 117; 747 118; 748 118; 749 119; 750 119; 751 120; 752 120; 753 121; 755 121; 756 120; 757 120; 757 119; 758 118; 758 116; 754 112; 754 111; 752 109; 752 107; 751 106; 751 100; 750 99; 750 91; 748 89; 748 88; 746 86; 746 82; 745 81; 745 75; 744 74; 744 71; 743 70
23; 428 85; 427 86; 427 91; 428 92; 428 93; 427 94; 427 109; 426 110; 426 112; 425 113; 425 115; 424 116; 424 126; 421 129; 421 134; 426 134; 427 133; 428 133; 430 131; 431 131; 433 129; 434 129; 435 128; 436 128; 437 127; 438 127; 439 126; 441 126; 442 125; 443 125; 444 124; 450 124; 451 123; 451 122; 452 121; 452 120; 456 116; 457 116; 458 115; 459 115; 460 114; 463 114; 464 113; 465 113; 466 112; 466 108; 465 107; 464 107; 463 106; 462 106; 461 105; 460 105; 459 104; 458 104; 450 96; 448 96; 447 95; 445 95; 444 94; 443 94; 442 93; 440 93; 438 91; 437 91; 434 88; 433 88; 430 85
24; 495 96; 495 97; 494 98; 494 101; 495 102; 495 108; 494 109; 494 133; 495 134; 495 146; 498 146; 499 145; 500 145; 503 142; 504 142; 505 141; 506 141; 509 138; 510 138; 513 135; 514 135; 515 134; 519 134; 520 133; 521 133; 524 130; 524 129; 526 127; 527 127; 528 126; 529 126; 531 124; 532 124; 536 120; 536 116; 535 115; 534 115; 533 114; 530 114; 529 113; 527 113; 526 112; 525 112; 524 111; 523 111; 522 110; 521 110; 519 108; 519 107; 516 104; 514 104; 513 103; 510 103; 509 102; 507 102; 505 100; 504 100; 501 97; 501 96
25; 261 102; 261 105; 262 106; 262 108; 263 109; 263 114; 264 115; 264 120; 263 121; 263 123; 264 124; 264 127; 265 128; 265 131; 266 132; 266 135; 267 136; 267 138; 268 139; 268 144; 269 145; 269 148; 270 149; 270 151; 271 152; 272 152; 273 151; 274 151; 274 148; 275 147; 275 146; 278 143; 279 143; 281 141; 282 141; 283 140; 283 139; 285 137; 285 136; 286 135; 287 135; 287 134; 293 128; 293 127; 296 124; 297 124; 298 123; 300 123; 301 122; 301 121; 303 119; 303 118; 304 117; 304 113; 300 113; 299 112; 297 112; 296 111; 294 111; 293 110; 291 110; 290 109; 289 109; 288 108; 286 108; 285 107; 284 107; 282 105; 278 105; 277 104; 271 104; 270 103; 267 103; 266 102
26; 317 110; 317 111; 316 112; 316 113; 314 115; 314 116; 307 123; 304 123; 303 124; 302 124; 302 125; 301 126; 301 128; 297 132; 297 133; 292 138; 291 138; 289 140; 288 140; 287 141; 287 144; 289 144; 290 145; 293 145; 294 146; 295 146; 296 147; 297 147; 299 149; 300 149; 301 150; 302 150; 303 151; 304 151; 305 152; 306 152; 308 154; 309 154; 310 155; 318 155; 319 156; 322 156; 323 157; 324 157; 325 158; 329 158; 330 157; 330 155; 329 154; 329 153; 328 152; 328 150; 327 149; 327 132; 326 131; 326 129; 325 128; 325 127; 324 126; 324 123; 323 122; 323 120; 322 119; 322 114; 321 113; 321 111; 320 110
27; 890 124; 889 125; 884 125; 883 126; 882 126; 882 127; 881 128; 881 129; 879 131; 863 131; 862 130; 857 130; 856 131; 855 131; 854 132; 854 135; 856 137; 856 138; 858 140; 858 141; 859 142; 859 148; 860 149; 860 158; 861 159; 862 159; 866 163; 866 164; 867 165; 867 166; 868 167; 868 168; 869 169; 869 170; 870 171; 870 172; 871 173; 871 175; 872 176; 872 177; 873 178; 876 178; 878 176; 878 174; 879 173; 879 172; 881 170; 881 169; 883 167; 883 166; 886 163; 886 162; 888 160; 888 159; 890 157; 890 156; 893 153; 893 152; 895 150; 895 149; 898 146; 898 145; 901 142; 902 142; 903 141; 903 138; 901 136; 890 136; 887 133; 888 132; 888 131; 890 129; 891 129; 892 128; 893 128; 893 125; 892 124
28; 592 125; 591 126; 590 126; 585 131; 582 131; 581 132; 579 132; 577 134; 570 134; 565 139; 564 139; 563 140; 562 140; 561 141; 559 141; 558 142; 555 142; 554 143; 551 143; 550 144; 550 147; 553 150; 554 150; 560 156; 561 156; 565 160; 565 161; 566 161; 567 162; 569 162; 570 163; 571 163; 573 165; 574 165; 580 171; 580 172; 584 176; 586 176; 587 175; 587 174; 588 173; 588 165; 589 164; 589 161; 590 160; 590 157; 591 156; 591 153; 592 152; 592 148; 593 147; 593 144; 594 143; 594 136; 595 135; 595 131; 596 130; 596 125
29; 0 129; 0 184; 1 184; 2 183; 3 183; 10 176; 11 176; 14 173; 16 173; 17 172; 22 172; 23 171; 23 170; 24 169; 24 168; 27 165; 28 165; 29 164; 31 164; 32 165; 33 165; 35 167; 35 162; 36 161; 36 155; 34 153; 33 153; 31 151; 30 151; 23 144; 22 144; 21 143; 19 143; 18 142; 17 142; 16 141; 15 141; 12 138; 11 138; 10 137; 9 137; 7 135; 7 134; 5 132; 5 131; 3 129
30; 64 132; 63 133; 63 134; 62 135; 62 136; 60 138; 60 139; 58 141; 58 142; 49 151; 48 151; 47 152; 47 153; 42 158; 39 158; 37 156; 37 161; 36 162; 36 168; 40 172; 49 172; 50 173; 52 173; 53 174; 58 174; 59 175; 62 175; 63 176; 66 176; 67 177; 70 177; 71 178; 74 178; 75 179; 80 179; 81 178; 81 176; 78 173; 78 172; 76 170; 76 168; 75 167; 75 165; 74 164; 74 163; 73 162; 73 161; 72 160; 72 158; 71 157; 71 154; 70 153; 70 146; 69 145; 69 142; 68 141; 68 134; 67 133; 67 132
31; 664 143; 663 144; 662 144; 661 145; 661 149; 663 151; 663 153; 664 154; 664 156; 665 157; 665 160; 666 161; 666 167; 667 168; 667 170; 668 171; 668 173; 669 174; 669 177; 670 178; 670 180; 671 181; 671 184; 672 185; 672 190; 673 191; 673 192; 678 192; 679 191; 679 190; 680 189; 680 188; 683 185; 683 184; 685 182; 685 181; 689 177; 691 177; 692 176; 696 176; 698 174; 698 170; 699 169; 699 168; 700 167; 700 166; 703 163; 704 163; 708 159; 708 158; 709 157; 709 155; 707 153; 694 153; 693 152; 690 152; 685 147; 683 147; 682 148; 677 148; 676 147; 674 147; 673 146; 672 146; 671 145; 670 145; 669 144; 667 144; 666 143
32; 799 151; 797 153; 797 157; 798 157; 803 162; 803 163; 804 164; 804 167; 805 168; 805 171; 804 172; 804 175; 806 177; 806 178; 807 179; 807 181; 808 182; 808 184; 809 185; 809 187; 810 188; 810 190; 811 191; 811 198; 812 199; 815 199; 818 196; 818 195; 821 192; 821 191; 831 181; 832 181; 833 180; 834 180; 837 177; 837 176; 838 175; 838 174; 839 173; 839 172; 846 165; 846 164; 847 163; 847 161; 846 160; 839 160; 838 159; 835 159; 834 158; 833 158; 832 157; 831 157; 829 155; 828 155; 827 154; 822 154; 821 155; 819 155; 818 154; 815 154; 814 153; 812 153; 811 152; 808 152; 807 151
33; 273 152; 272 153; 271 153; 271 154; 272 155; 272 156; 273 157; 273 159; 274 160; 274 162; 275 163; 275 174; 274 175; 274 178; 275 179; 275 180; 277 182; 277 184; 278 185; 278 188; 277 189; 277 192; 276 193; 276 197; 277 198; 277 199; 281 199; 287 193; 288 193; 290 191; 291 191; 294 188; 295 188; 297 186; 298 186; 301 183; 302 183; 309 176; 310 176; 311 175; 312 175; 313 174; 314 174; 314 169; 309 169; 308 168; 307 168; 306 167; 305 167; 303 165; 302 165; 301 164; 299 164; 298 163; 296 163; 295 162; 294 162; 293 161; 292 161; 291 160; 289 160; 288 159; 286 159; 285 158; 283 158; 282 157; 281 157; 280 156; 279 156; 277 154; 276 154; 274 152
34; 207 155; 207 156; 206 157; 206 166; 205 167; 205 168; 204 169; 204 170; 201 173; 201 174; 200 175; 200 180; 199 181; 199 182; 198 183; 198 184; 197 185; 197 189; 196 190; 196 192; 194 194; 194 200; 197 200; 198 199; 199 199; 200 198; 201 198; 202 197; 203 197; 204 196; 208 196; 209 195; 214 195; 215 194; 218 194; 219 193; 227 193; 228 192; 229 192; 230 191; 231 191; 232 190; 233 190; 234 189; 238 189; 239 188; 239 185; 238 184; 237 184; 235 182; 234 182; 226 174; 226 173; 225 172; 225 171; 224 170; 224 169; 222 167; 221 167; 220 166; 219 166; 214 161; 214 160; 211 157; 211 156; 210 155
35; 323 167; 322 168; 321 168; 320 169; 318 169; 317 170; 316 169; 315 169; 315 174; 316 175; 316 176; 315 177; 315 178; 311 182; 310 182; 309 183; 309 184; 308 185; 308 189; 307 190; 307 191; 306 192; 306 193; 305 194; 305 195; 303 197; 303 198; 298 203; 298 205; 299 206; 301 206; 302 207; 317 207; 318 208; 319 208; 320 209; 326 209; 327 208; 328 208; 329 209; 332 209; 334 211; 335 211; 336 212; 336 216; 341 216; 341 215; 343 213; 343 210; 342 209; 342 208; 341 207; 341 206; 340 205; 340 204; 339 203; 339 201; 338 200; 338 197; 337 196; 337 194; 336 193; 336 191; 335 190; 335 187; 334 186; 334 185; 333 184; 333 183; 332 182; 332 181; 331 180; 331 179; 330 178; 330 177; 329 176; 329 175; 328 174; 328 173; 327 172; 327 170; 326 169; 326 168; 325 167
36; 557 168; 552 173; 551 173; 545 179; 544 179; 543 180; 539 180; 538 181; 538 182; 537 183; 537 184; 529 192; 528 192; 526 194; 525 194; 522 197; 522 200; 523 200; 524 201; 525 201; 526 202; 529 202; 530 203; 533 203; 534 204; 536 204; 537 205; 538 205; 539 206; 540 206; 541 207; 544 207; 545 208; 547 208; 548 209; 551 209; 552 210; 553 210; 554 211; 555 211; 557 213; 558 213; 559 214; 560 214; 562 216; 566 216; 567 215; 567 211; 566 210; 566 208; 565 207; 565 206; 564 205; 564 187; 563 186; 563 185; 562 184; 562 183; 561 182; 561 175; 562 174; 562 170; 561 169; 561 168
37; 119 167; 119 169; 118 170; 118 172; 117 173; 117 174; 116 175; 116 176; 115 177; 115 178; 114 179; 114 180; 113 181; 113 182; 112 183; 112 184; 111 185; 111 186; 110 187; 110 188; 109 189; 109 191; 108 192; 108 193; 107 194; 107 197; 106 198; 106 199; 105 200; 105 202; 104 203; 104 204; 102 206; 102 207; 101 208; 101 210; 102 211; 106 211; 107 210; 109 210; 110 209; 118 209; 119 210; 121 210; 122 211; 124 211; 125 210; 126 210; 128 208; 129 208; 130 207; 133 207; 134 206; 137 206; 138 205; 146 205; 147 204; 147 202; 143 198; 143 197; 139 193; 139 192; 136 189; 136 188; 133 185; 133 184; 129 180; 129 179; 128 178; 128 177; 127 176; 127 175; 126 174; 126 173; 125 172; 125 171; 123 169; 123 168; 122 167
38; 770 190; 769 191; 769 199; 770 200; 770 209; 769 210; 769 213; 770 214; 770 232; 769 233; 769 240; 773 240; 774 239; 775 239; 776 238; 777 238; 779 236; 780 236; 782 234; 783 234; 784 233; 785 233; 786 232; 787 232; 788 231; 789 231; 790 230; 791 230; 792 229; 793 229; 794 228; 795 228; 796 227; 797 227; 799 225; 800 225; 801 224; 802 224; 806 220; 807 220; 808 219; 809 219; 811 217; 812 217; 812 216; 813 215; 813 213; 812 212; 811 212; 810 211; 809 211; 807 209; 806 209; 805 208; 804 208; 802 206; 800 206; 799 205; 798 205; 795 202; 795 201; 794 200; 794 199; 793 198; 788 198; 786 196; 785 196; 784 195; 782 195; 781 194; 779 194; 778 193; 777 193; 774 190
39; 1000 208; 999 209; 997 209; 996 210; 984 210; 983 211; 978 211; 977 212; 971 212; 970 213; 958 213; 957 214; 956 214; 956 218; 964 226; 964 227; 965 228; 965 229; 967 231; 967 233; 968 234; 968 237; 970 239; 971 239; 972 240; 973 240; 980 247; 980 249; 981 250; 981 251; 983 253; 985 253; 986 252; 986 251; 987 250; 987 246; 988 245; 988 244; 989 243; 989 241; 990 240; 990 239; 991 238; 991 236; 995 232; 995 231; 996 230; 996 229; 997 228; 997 223; 998 222; 998 221; 999 220; 999 219; 1003 215; 1003 214; 1005 212; 1005 208
40; 458 208; 458 214; 459 215; 459 218; 460 219; 460 229; 459 230; 459 231; 458 232; 458 236; 459 237; 459 238; 461 240; 461 242; 462 243; 462 245; 463 246; 463 252; 464 253; 464 254; 466 254; 467 253; 468 253; 474 247; 475 247; 477 245; 478 245; 479 244; 480 244; 481 243; 481 242; 491 232; 492 232; 495 229; 496 229; 497 228; 498 228; 499 227; 501 227; 501 222; 499 222; 498 221; 497 221; 496 220; 494 220; 493 219; 491 219; 490 218; 488 218; 487 217; 486 217; 485 216; 484 216; 483 215; 482 215; 481 214; 480 214; 479 213; 478 213; 477 212; 475 212; 474 213; 473 213; 472 214; 466 214; 465 213; 464 213; 460 209; 460 208
41; 190 213; 186 217; 185 217; 183 219; 182 219; 177 224; 176 224; 166 234; 165 234; 163 236; 162 236; 160 238; 159 238; 158 239; 158 242; 164 242; 167 245; 167 246; 168 246; 169 247; 177 247; 177 244; 175 242; 174 242; 172 240; 172 238; 185 225; 185 224; 187 222; 187 221; 189 219; 190 219; 191 218; 192 218; 192 213
42; 335 217; 333 219; 332 219; 331 220; 330 220; 329 221; 327 221; 326 222; 324 222; 323 223; 321 223; 320 224; 319 224; 318 225; 317 225; 316 226; 314 226; 313 227; 312 227; 311 228; 309 228; 308 229; 306 229; 305 230; 304 230; 303 231; 302 231; 301 232; 300 232; 298 234; 298 237; 301 237; 302 238; 303 238; 304 239; 305 239; 312 246; 312 247; 313 248; 313 249; 315 251; 316 251; 317 252; 319 252; 320 253; 321 253; 323 255; 324 255; 325 256; 325 257; 331 263; 333 263; 334 262; 334 252; 335 251; 335 249; 336 248; 336 246; 337 245; 337 243; 338 242; 338 241; 339 240; 339 236; 338 235; 338 231; 339 230; 339 223; 340 222; 340 217
43; 408 212; 408 215; 410 217; 410 218; 413 221; 413 222; 417 226; 417 228; 418 229; 418 234; 419 234; 423 238; 422 239; 422 240; 420 242; 419 242; 419 246; 420 247; 420 250; 421 249; 422 249; 423 248; 424 248; 425 247; 426 247; 427 246; 428 246; 429 245; 436 245; 437 244; 437 241; 434 238; 433 238; 430 235; 430 234; 427 231; 427 230; 425 228; 425 225; 427 223; 427 221; 425 221; 424 222; 421 222; 419 220; 419 218; 416 215; 415 215; 414 214; 413 214; 412 213; 411 213; 410 212
44; 108 217; 106 219; 106 220; 103 223; 103 224; 96 231; 95 231; 93 233; 92 233; 89 236; 89 237; 87 239; 87 240; 84 243; 83 243; 79 247; 78 247; 77 248; 77 251; 78 251; 80 253; 81 253; 82 254; 83 254; 84 255; 92 255; 93 256; 94 256; 96 258; 96 259; 104 259; 105 260; 108 260; 109 261; 111 261; 112 262; 113 262; 116 265; 117 265; 118 266; 120 266; 122 264; 122 261; 120 259; 120 258; 119 257; 119 256; 118 255; 118 254; 117 253; 117 249; 116 248; 116 245; 115 244; 115 236; 114 235; 114 230; 113 229; 113 224; 112 223; 112 220; 111 219; 111 218; 110 217
45; 509 216; 508 217; 508 218; 507 219; 507 221; 505 223; 502 223; 502 227; 504 229; 504 232; 503 233; 503 235; 502 236; 502 237; 501 238; 501 241; 500 242; 500 244; 499 245; 499 247; 498 248; 498 249; 497 250; 497 251; 493 255; 493 256; 492 257; 492 261; 496 261; 497 260; 501 260; 502 259; 503 260; 510 260; 512 262; 512 266; 513 267; 516 267; 517 266; 517 263; 518 262; 518 261; 521 258; 522 258; 523 257; 525 257; 526 256; 528 256; 529 255; 534 255; 535 254; 537 254; 538 255; 540 255; 541 254; 542 254; 542 252; 541 251; 541 250; 540 250; 533 243; 533 242; 532 241; 532 240; 531 239; 531 236; 529 236; 528 235; 527 235; 523 231; 523 230; 521 228; 520 228; 519 227; 519 226; 517 224; 517 223; 513 219; 513 218; 512 217; 512 216
46; 411 235; 410 236; 409 236; 408 237; 407 237; 406 238; 405 238; 402 241; 401 241; 400 242; 398 242; 397 243; 395 243; 394 244; 393 244; 392 245; 392 248; 393 249; 393 252; 394 252; 395 251; 396 251; 398 253; 398 258; 400 258; 401 257; 403 257; 404 256; 405 256; 406 255; 407 255; 408 254; 409 254; 410 253; 415 253; 417 251; 418 251; 419 250; 419 247; 418 246; 418 243; 417 243; 416 244; 415 244; 414 245; 412 245; 411 244; 411 241; 414 238; 414 235
47; 0 231; 0 244; 2 244; 3 243; 6 243; 7 242; 9 242; 13 246; 14 246; 15 247; 17 247; 19 249; 19 252; 20 253; 20 254; 22 256; 22 257; 23 258; 23 259; 24 260; 24 261; 26 263; 28 263; 30 261; 30 259; 24 253; 24 252; 23 251; 23 250; 21 248; 21 247; 20 246; 20 244; 19 243; 19 242; 17 240; 17 239; 15 237; 15 236; 14 235; 7 235; 6 234; 5 234; 3 232; 2 232; 1 231
48; 612 232; 611 233; 610 233; 608 235; 608 243; 607 244; 607 245; 606 246; 606 247; 604 249; 604 250; 602 252; 602 253; 601 254; 601 256; 600 257; 600 259; 599 260; 599 262; 598 263; 598 265; 597 266; 597 267; 596 268; 596 270; 595 271; 595 272; 593 274; 593 275; 592 276; 592 279; 598 279; 599 278; 603 278; 604 279; 606 279; 607 278; 608 278; 609 277; 612 277; 613 276; 615 276; 616 275; 625 275; 626 274; 638 274; 639 275; 640 275; 641 276; 643 276; 643 274; 642 273; 642 272; 641 271; 641 270; 640 269; 640 268; 639 267; 639 266; 635 262; 634 262; 632 260; 632 259; 630 257; 630 256; 629 255; 629 253; 628 252; 628 250; 627 249; 627 248; 626 247; 625 247; 624 246; 623 246; 620 243; 620 242; 618 240; 618 239; 616 237; 616 234; 615 233; 615 232
49; 877 257; 876 258; 875 258; 874 259; 873 259; 872 260; 870 260; 869 261; 868 261; 867 262; 865 262; 864 263; 860 263; 859 264; 858 264; 858 269; 863 274; 863 275; 865 277; 865 278; 866 279; 866 280; 867 281; 867 282; 868 283; 868 284; 870 286; 871 286; 873 288; 874 288; 877 291; 877 292; 878 292; 880 294; 880 295; 882 297; 882 298; 883 299; 883 300; 884 301; 884 302; 885 303; 885 304; 886 305; 888 305; 889 304; 890 304; 890 303; 889 302; 889 299; 890 298; 890 296; 891 295; 891 294; 892 293; 892 292; 894 290; 894 289; 895 288; 895 285; 896 284; 896 283; 897 282; 897 281; 898 280; 898 279; 899 278; 899 277; 900 276; 900 274; 901 273; 901 270; 902 269; 902 268; 903 267; 903 266; 905 264; 905 263; 906 262; 906 258; 905 257; 902 257; 901 258; 900 258; 899 259; 896 259; 895 260; 888 260; 887 261; 885 261; 884 260; 883 260; 882 259; 882 258; 881 257
50; 391 245; 390 246; 387 246; 386 247; 383 247; 382 248; 375 248; 375 252; 380 257; 380 258; 381 259; 381 260; 383 262; 383 266; 384 267; 385 267; 391 273; 391 274; 393 276; 393 277; 395 279; 395 280; 396 281; 396 286; 397 287; 397 289; 399 289; 401 287; 401 286; 405 282; 405 281; 406 280; 406 279; 410 275; 411 275; 412 274; 413 274; 414 273; 415 273; 415 269; 416 268; 416 267; 419 264; 421 264; 422 263; 423 263; 425 261; 425 259; 426 258; 426 255; 423 255; 422 256; 421 256; 420 257; 414 257; 413 258; 412 258; 411 259; 410 259; 410 260; 409 261; 409 262; 407 264; 407 265; 404 268; 404 269; 402 271; 399 271; 397 269; 397 267; 396 266; 396 261; 393 261; 392 260; 391 260; 389 258; 389 254; 390 253; 391 253; 392 252; 392 249; 391 248
51; 800 268; 799 269; 798 269; 796 271; 795 271; 794 272; 786 272; 785 273; 782 273; 781 272; 774 272; 773 273; 773 275; 774 276; 774 277; 776 279; 776 280; 780 284; 780 285; 782 287; 782 288; 783 289; 783 290; 785 292; 785 293; 788 296; 788 297; 790 299; 790 300; 802 312; 802 313; 803 314; 806 314; 806 312; 807 311; 807 307; 806 306; 807 305; 807 301; 809 299; 809 298; 810 297; 810 296; 813 293; 813 292; 814 291; 814 289; 815 288; 815 285; 816 284; 816 283; 818 281; 818 280; 820 278; 820 277; 822 275; 822 274; 823 273; 823 270; 822 269; 817 269; 816 270; 813 270; 812 271; 809 271; 808 270; 805 270; 803 268
52; 93 265; 92 266; 92 267; 91 268; 91 277; 90 278; 90 280; 89 281; 89 282; 86 285; 86 288; 87 289; 87 290; 88 291; 88 300; 87 301; 87 304; 86 305; 86 311; 89 311; 90 310; 91 310; 92 309; 93 309; 94 308; 95 308; 96 307; 99 307; 100 306; 101 306; 102 307; 103 307; 105 309; 107 309; 108 308; 108 303; 110 301; 112 301; 113 300; 114 300; 115 299; 116 299; 117 298; 118 298; 119 297; 126 297; 127 298; 129 296; 129 294; 128 294; 125 291; 124 291; 122 289; 121 289; 110 278; 109 278; 106 275; 105 275; 102 272; 101 272; 97 268; 97 267; 96 266; 96 265
53; 419 274; 419 278; 420 279; 420 282; 421 283; 421 300; 422 301; 422 306; 424 308; 424 309; 425 310; 425 311; 426 312; 426 314; 427 315; 427 321; 426 322; 426 323; 424 325; 424 331; 422 333; 422 334; 420 336; 420 337; 416 341; 416 343; 414 345; 414 347; 415 348; 415 350; 417 352; 419 352; 419 351; 420 350; 420 349; 421 348; 421 347; 422 346; 422 345; 424 343; 424 342; 427 339; 428 339; 429 338; 430 338; 430 333; 429 332; 429 331; 430 330; 430 329; 431 328; 431 327; 432 326; 432 325; 434 323; 434 316; 435 315; 435 312; 441 306; 442 306; 443 305; 446 305; 447 304; 449 304; 450 303; 450 302; 456 296; 457 296; 458 295; 459 295; 460 294; 461 294; 462 293; 463 293; 463 291; 461 289; 459 289; 458 288; 457 288; 456 287; 455 287; 454 286; 453 286; 451 284; 450 284; 447 281; 445 281; 444 280; 436 280; 435 279; 434 279; 433 278; 431 278; 430 277; 429 277; 428 276; 427 276; 426 275; 425 275; 424 274
54; 523 274; 523 280; 524 281; 524 283; 525 284; 525 290; 526 291; 526 292; 525 293; 525 299; 527 301; 527 302; 528 303; 528 306; 529 307; 529 319; 530 320; 532 320; 537 315; 538 315; 542 311; 543 311; 553 301; 554 301; 557 298; 558 298; 560 296; 561 296; 562 295; 563 295; 564 294; 565 294; 567 292; 567 290; 566 289; 564 289; 563 288; 558 288; 557 287; 556 287; 555 286; 553 286; 552 285; 551 285; 550 284; 549 284; 547 282; 546 282; 545 281; 543 281; 542 280; 538 280; 537 279; 536 279; 535 278; 534 278; 532 276; 531 276; 530 275; 529 275; 528 274
55; 669 284; 666 287; 665 287; 664 288; 663 288; 662 289; 660 289; 659 290; 656 290; 655 291; 649 291; 648 290; 646 290; 645 291; 644 291; 640 295; 638 295; 637 296; 634 296; 633 297; 631 297; 630 298; 629 298; 628 299; 628 302; 629 303; 629 304; 630 305; 630 307; 629 308; 629 310; 632 310; 632 309; 634 307; 636 307; 638 309; 639 309; 640 310; 640 311; 644 315; 645 315; 650 320; 651 320; 655 324; 656 324; 659 327; 659 328; 662 331; 664 331; 665 330; 665 327; 666 326; 666 321; 667 320; 667 319; 668 318; 668 317; 670 315; 672 315; 672 314; 679 307; 679 295; 677 295; 676 294; 675 294; 674 293; 674 289; 675 288; 675 286; 674 285; 674 284
56; 603 282; 597 288; 597 289; 595 291; 594 291; 593 292; 592 292; 591 293; 590 293; 589 294; 588 294; 587 295; 586 295; 585 296; 584 296; 583 297; 582 297; 581 298; 579 298; 578 299; 577 299; 571 305; 570 305; 566 309; 565 309; 563 311; 562 311; 561 312; 561 314; 562 315; 567 315; 568 316; 570 316; 572 318; 573 318; 574 319; 575 319; 576 320; 577 320; 579 322; 580 322; 582 324; 583 324; 584 325; 585 325; 586 326; 587 326; 588 327; 589 327; 590 328; 591 328; 592 329; 595 329; 596 330; 598 330; 599 331; 602 331; 603 332; 605 332; 607 334; 610 334; 610 331; 609 330; 607 330; 603 326; 603 325; 602 324; 602 319; 603 318; 603 314; 604 313; 604 305; 603 304; 603 301; 602 300; 602 298; 603 297; 603 294; 604 293; 604 291; 605 290; 605 287; 606 286; 606 282
57; 969 288; 968 289; 968 295; 967 296; 967 297; 966 298; 966 299; 965 300; 965 314; 966 315; 966 316; 967 317; 967 322; 968 323; 968 334; 972 334; 977 329; 979 329; 980 328; 982 328; 983 327; 984 327; 985 326; 986 326; 988 324; 989 324; 991 322; 992 322; 996 318; 997 318; 999 316; 1000 316; 1002 314; 1003 314; 1004 313; 1005 313; 1006 312; 1007 312; 1008 311; 1008 308; 1007 308; 1006 307; 1000 307; 998 305; 997 305; 996 304; 995 304; 993 302; 992 302; 991 301; 991 300; 989 298; 989 297; 988 297; 987 296; 986 296; 985 295; 982 295; 981 294; 979 294; 977 292; 976 292; 973 289; 972 289; 971 288
58; 847 291; 846 292; 846 293; 845 294; 845 301; 844 302; 844 304; 843 305; 843 307; 842 308; 842 310; 841 311; 841 314; 840 315; 840 319; 839 320; 839 322; 838 323; 838 327; 837 328; 837 329; 835 331; 835 332; 834 333; 834 336; 835 337; 839 337; 840 336; 842 336; 843 335; 845 335; 846 334; 849 334; 850 333; 860 333; 861 332; 862 332; 863 331; 864 331; 865 330; 866 330; 867 329; 870 329; 871 328; 874 328; 875 327; 879 327; 880 326; 880 323; 879 322; 878 322; 876 320; 875 320; 868 313; 868 312; 867 311; 867 310; 865 308; 865 307; 863 305; 862 305; 858 301; 857 301; 854 298; 854 297; 852 295; 852 294; 851 293; 851 292; 850 291
59; 680 295; 680 307; 673 314; 673 315; 672 316; 672 318; 673 319; 673 326; 672 327; 672 332; 671 333; 671 334; 670 335; 670 336; 669 337; 669 340; 670 341; 674 341; 675 340; 676 340; 677 339; 678 339; 679 338; 680 338; 681 337; 683 337; 684 336; 686 336; 687 335; 689 335; 690 334; 693 334; 694 333; 697 333; 698 332; 700 332; 701 331; 702 332; 707 332; 707 331; 710 328; 711 328; 712 327; 714 327; 715 326; 715 324; 713 322; 712 322; 711 321; 710 321; 699 310; 699 309; 695 305; 695 303; 698 300; 698 298; 697 297; 696 297; 695 296; 693 296; 691 298; 691 299; 689 301; 687 301; 683 297; 682 297
60; 130 295; 130 296; 128 298; 128 299; 129 300; 129 304; 128 305; 128 307; 127 308; 127 309; 126 310; 126 312; 125 313; 125 315; 124 316; 124 317; 121 320; 121 329; 120 330; 120 332; 119 333; 119 334; 117 336; 117 340; 120 340; 121 339; 123 339; 124 338; 125 338; 126 337; 128 337; 129 336; 131 336; 132 335; 137 335; 138 336; 142 336; 143 335; 145 335; 146 334; 147 334; 148 333; 149 333; 150 332; 153 332; 154 331; 158 331; 159 330; 159 328; 156 325; 156 324; 147 315; 147 314; 140 307; 140 306; 133 299; 133 298
61; 468 292; 465 295; 465 297; 462 300; 461 300; 455 306; 454 306; 453 307; 452 307; 452 308; 451 309; 451 311; 450 312; 450 313; 443 320; 442 320; 442 323; 443 323; 444 324; 447 324; 449 326; 449 327; 450 328; 462 328; 463 329; 466 329; 466 327; 465 326; 464 326; 463 325; 461 325; 460 324; 457 324; 456 323; 455 323; 453 321; 453 319; 455 317; 455 316; 464 307; 465 307; 466 306; 467 306; 470 309; 470 312; 471 313; 471 315; 472 316; 472 318; 473 319; 473 324; 472 325; 472 327; 475 327; 476 328; 477 328; 479 330; 480 330; 481 331; 483 331; 483 328; 482 327; 482 325; 481 324; 481 323; 480 322; 480 319; 479 318; 479 315; 478 314; 478 312; 477 311; 477 309; 476 308; 476 307; 475 306; 475 304; 474 303; 474 301; 473 300; 473 295; 472 294; 472 292
62; 889 305; 888 306; 886 306; 887 307; 887 308; 888 309; 888 332; 889 333; 889 342; 888 343; 888 350; 889 351; 893 351; 895 349; 896 349; 898 347; 899 347; 900 346; 901 346; 903 344; 904 344; 905 343; 906 343; 907 342; 908 342; 909 341; 910 341; 911 340; 912 340; 921 331; 922 331; 923 330; 924 330; 925 329; 926 329; 927 328; 928 328; 929 327; 929 325; 927 323; 926 323; 925 322; 923 322; 922 321; 921 321; 920 320; 918 320; 914 316; 914 315; 913 314; 912 314; 911 313; 908 313; 907 312; 906 312; 905 311; 904 311; 903 310; 902 310; 901 309; 900 309; 899 308; 895 308; 893 306; 892 306; 891 305
63; 352 309; 350 311; 349 311; 347 313; 346 313; 344 315; 343 315; 342 316; 341 316; 340 317; 338 317; 335 320; 334 320; 333 321; 332 321; 331 322; 330 322; 328 324; 328 325; 327 326; 327 327; 323 331; 322 331; 320 333; 319 333; 318 334; 318 336; 319 337; 322 337; 323 338; 324 338; 327 341; 328 341; 329 342; 330 342; 331 343; 332 343; 333 344; 334 344; 335 345; 339 345; 340 346; 341 346; 342 347; 343 347; 344 348; 345 348; 346 349; 347 349; 348 350; 349 350; 350 351; 351 351; 352 352; 353 352; 354 353; 357 353; 357 347; 356 346; 356 342; 355 341; 355 326; 354 325; 354 313; 355 312; 355 309
64; 11 326; 4 341; 0 344; 0 356; 11 355; 16 359; 31 355; 43 356; 41 350; 43 343; 36 339; 27 321; 26 315; 32 311; 32 307; 27 306; 25 313; 18 322; 12 323
65; 12 323; 12 304; 14 300; 12 285; 15 276; 10 275; 0 278; 0 292; 3 294; 0 320; 11 326
66; 551 320; 550 321; 550 325; 551 326; 551 331; 552 332; 552 342; 553 343; 553 353; 554 354; 554 358; 553 359; 553 364; 552 365; 554 365; 555 366; 558 366; 563 361; 564 361; 569 356; 570 356; 571 355; 574 355; 575 354; 575 353; 576 352; 576 351; 580 347; 581 347; 582 346; 583 346; 584 345; 586 345; 587 344; 588 344; 590 342; 591 342; 593 340; 593 338; 592 337; 591 337; 590 336; 587 336; 586 335; 584 335; 583 334; 582 334; 581 333; 580 333; 577 330; 577 329; 576 329; 575 328; 568 328; 566 326; 565 326; 564 325; 563 325; 562 324; 560 324; 559 323; 558 323; 557 322; 556 322; 555 321; 554 321; 553 320
67; 415 314; 413 316; 412 316; 411 317; 410 317; 409 318; 399 318; 398 317; 393 317; 393 320; 395 322; 395 323; 396 323; 397 324; 397 325; 398 326; 398 328; 399 329; 399 334; 400 335; 400 336; 401 337; 401 338; 402 339; 402 340; 403 341; 403 344; 404 345; 404 349; 405 350; 405 351; 406 352; 406 354; 408 354; 408 353; 409 352; 409 350; 410 349; 410 348; 411 347; 411 346; 412 345; 413 345; 415 343; 415 341; 414 341; 410 337; 409 337; 406 334; 406 333; 405 332; 405 331; 404 330; 404 329; 403 328; 403 327; 406 324; 409 324; 410 323; 414 323; 415 322; 416 322; 417 321; 417 314
68; 705 333; 705 336; 706 337; 706 339; 707 340; 707 341; 709 343; 709 344; 710 345; 710 346; 711 347; 711 348; 710 349; 710 352; 711 353; 711 354; 715 358; 715 359; 716 360; 716 361; 720 365; 720 366; 722 368; 722 369; 723 370; 723 371; 724 372; 724 373; 725 374; 727 374; 728 373; 728 372; 729 371; 729 370; 730 369; 730 368; 732 366; 732 365; 734 363; 734 362; 736 360; 736 359; 737 358; 737 357; 738 356; 738 355; 741 352; 741 351; 743 349; 743 348; 744 347; 744 346; 746 344; 746 343; 752 337; 752 333; 728 333; 726 335; 724 335; 723 336; 713 336; 712 335; 711 335; 710 334; 709 334; 708 333
69; 260 331; 259 332; 259 336; 260 337; 260 353; 261 354; 261 358; 260 359; 260 367; 261 368; 261 369; 263 371; 263 372; 264 373; 266 373; 266 372; 267 371; 267 370; 268 369; 268 368; 272 364; 273 364; 275 362; 276 362; 279 359; 280 359; 282 357; 284 357; 285 356; 290 356; 291 357; 296 357; 297 356; 297 353; 295 351; 294 351; 293 350; 291 350; 289 348; 288 348; 287 347; 286 347; 284 345; 283 345; 278 340; 277 340; 276 339; 274 339; 273 338; 272 338; 271 337; 270 337; 268 335; 267 335; 265 333; 264 333; 262 331
70; 132 349; 131 350; 131 352; 134 355; 134 356; 136 358; 136 363; 135 364; 135 365; 133 367; 133 373; 134 374; 134 385; 136 387; 136 388; 138 388; 139 387; 139 385; 140 384; 140 383; 141 382; 141 379; 140 378; 140 377; 139 376; 139 375; 140 374; 140 372; 142 370; 143 370; 144 369; 146 369; 147 368; 149 368; 151 370; 151 373; 153 373; 157 369; 157 368; 158 367; 158 364; 160 362; 160 361; 161 360; 161 355; 160 355; 157 352; 155 352; 154 353; 153 353; 152 354; 149 354; 148 353; 146 353; 145 352; 144 352; 143 351; 140 351; 139 350; 137 350; 136 349
71; 494 350; 492 352; 492 355; 493 356; 493 357; 495 359; 495 360; 497 362; 497 363; 498 364; 498 365; 499 366; 499 368; 500 369; 500 371; 501 372; 501 376; 500 377; 501 378; 502 378; 505 381; 505 382; 506 383; 506 385; 504 387; 504 395; 510 395; 511 396; 517 396; 518 395; 518 391; 519 390; 519 389; 521 387; 521 386; 525 382; 525 381; 527 379; 527 378; 529 376; 529 375; 533 371; 533 370; 535 368; 535 367; 537 365; 537 364; 543 358; 543 355; 542 354; 541 354; 540 353; 528 353; 527 352; 522 352; 521 351; 516 351; 515 350; 506 350; 505 351; 503 351; 502 350
72; 871 350; 871 358; 870 359; 870 361; 869 362; 869 363; 868 364; 868 365; 864 369; 864 377; 863 378; 863 379; 862 380; 862 382; 861 383; 861 384; 860 385; 860 386; 858 388; 858 389; 857 390; 857 391; 856 392; 856 394; 857 395; 861 395; 862 394; 866 394; 867 393; 878 393; 879 392; 881 392; 882 391; 884 391; 885 390; 888 390; 889 389; 895 389; 896 390; 898 390; 899 391; 901 391; 902 390; 903 390; 903 386; 900 383; 900 382; 899 381; 899 380; 896 377; 896 376; 893 373; 893 372; 891 370; 891 369; 884 362; 884 361; 879 356; 879 355; 874 350
73; 775 362; 774 363; 772 363; 771 364; 769 364; 768 365; 763 365; 762 366; 760 366; 759 365; 756 365; 756 366; 755 367; 754 367; 752 369; 750 369; 749 370; 747 370; 746 371; 745 371; 744 372; 742 372; 741 373; 739 373; 738 374; 735 374; 734 375; 734 378; 737 381; 738 381; 739 382; 740 382; 745 387; 746 387; 752 393; 752 394; 763 405; 763 406; 764 407; 764 408; 765 409; 768 409; 770 407; 770 398; 771 397; 771 394; 772 393; 772 391; 773 390; 773 389; 778 384; 778 380; 777 379; 777 375; 778 374; 778 372; 783 367; 783 365; 782 364; 782 363; 781 362
74; 482 358; 480 360; 480 362; 479 363; 479 364; 478 365; 478 366; 477 367; 477 368; 476 369; 476 370; 475 371; 475 372; 474 373; 474 375; 473 376; 473 377; 472 378; 472 380; 471 381; 471 382; 470 383; 470 385; 469 386; 469 387; 467 389; 467 390; 468 391; 468 392; 469 393; 469 394; 470 395; 470 398; 471 399; 472 398; 478 398; 479 399; 484 399; 485 398; 487 398; 488 397; 494 397; 495 396; 499 396; 500 395; 503 395; 503 387; 500 384; 500 378; 499 377; 497 377; 496 376; 495 376; 492 373; 492 372; 490 370; 490 369; 489 368; 489 367; 488 366; 488 365; 487 364; 487 363; 486 362; 486 361; 485 360; 485 359; 484 358
75; 842 361; 841 362; 840 362; 837 365; 836 365; 834 367; 833 367; 832 368; 831 368; 830 369; 829 369; 827 371; 826 371; 824 373; 823 373; 821 375; 820 375; 819 376; 818 376; 816 378; 815 378; 814 379; 813 379; 812 380; 811 380; 810 381; 809 381; 808 382; 806 382; 805 383; 804 383; 803 384; 803 386; 805 388; 807 388; 808 389; 809 389; 810 390; 811 390; 812 391; 813 391; 814 392; 815 392; 816 393; 817 393; 823 399; 823 400; 824 400; 825 401; 830 401; 831 402; 832 402; 833 403; 834 403; 839 408; 840 408; 841 409; 844 409; 844 392; 845 391; 845 390; 846 389; 846 385; 845 384; 845 378; 844 377; 844 374; 845 373; 845 370; 846 369; 846 362; 845 361
76; 389 369; 389 372; 391 374; 391 375; 392 376; 392 382; 391 383; 391 384; 389 386; 388 386; 388 388; 390 388; 392 390; 392 391; 393 392; 393 395; 394 396; 394 397; 395 398; 395 401; 396 402; 396 406; 397 407; 397 409; 398 410; 398 412; 399 413; 401 413; 401 412; 403 410; 403 409; 407 405; 408 405; 409 404; 410 404; 412 402; 413 402; 414 401; 416 401; 418 399; 418 398; 422 394; 422 393; 427 388; 428 388; 430 386; 431 386; 433 384; 433 382; 432 381; 429 381; 428 380; 424 380; 423 379; 422 379; 421 378; 418 378; 417 377; 416 377; 415 376; 413 376; 412 375; 411 375; 410 374; 409 374; 408 373; 406 373; 405 372; 402 372; 401 371; 397 371; 396 370; 393 370; 392 369
77; 974 369; 974 390; 975 391; 975 408; 974 409; 974 414; 975 415; 978 415; 979 414; 980 414; 984 410; 985 410; 987 408; 988 408; 989 407; 991 407; 992 406; 995 406; 996 405; 997 405; 999 403; 999 402; 1004 397; 1005 397; 1006 396; 1007 396; 1008 395; 1010 395; 1011 394; 1013 394; 1014 393; 1014 390; 1013 390; 1010 387; 1010 386; 1006 386; 1005 385; 1003 385; 1002 384; 1001 384; 996 379; 995 379; 994 378; 993 378; 992 377; 991 377; 990 376; 989 376; 988 375; 987 375; 986 374; 985 374; 984 373; 983 373; 982 372; 981 372; 978 369
78; 552 366; 552 367; 551 368; 551 369; 550 370; 550 371; 542 379; 541 379; 532 388; 531 388; 529 390; 528 390; 526 392; 525 392; 523 394; 522 394; 521 395; 519 395; 517 397; 518 398; 518 399; 519 400; 521 400; 522 401; 526 401; 527 402; 529 402; 530 403; 532 403; 533 404; 534 404; 535 405; 536 405; 538 407; 538 408; 539 409; 539 410; 540 411; 543 411; 544 410; 548 410; 549 411; 551 411; 552 412; 553 412; 556 415; 558 415; 559 416; 563 416; 563 412; 562 411; 562 409; 561 408; 561 404; 560 403; 560 392; 559 391; 559 390; 558 389; 558 388; 557 387; 557 384; 556 383; 556 368; 557 367; 555 367; 554 366
79; 383 386; 382 387; 380 387; 379 388; 377 388; 375 390; 373 390; 372 391; 369 391; 368 392; 365 392; 358 399; 357 399; 356 400; 355 400; 354 401; 353 401; 352 402; 350 402; 349 403; 347 403; 346 404; 345 404; 345 407; 346 408; 348 408; 349 409; 350 409; 352 411; 353 411; 354 412; 355 412; 356 413; 357 413; 360 416; 361 416; 365 420; 366 420; 367 421; 368 421; 370 423; 371 423; 372 424; 373 424; 374 425; 375 425; 378 428; 379 428; 381 430; 382 430; 383 429; 383 412; 384 411; 384 407; 385 406; 385 404; 384 403; 384 400; 383 399; 383 397; 384 396; 384 394; 385 393; 385 392; 386 391; 386 390; 387 389; 387 386
80; 457 386; 452 391; 451 391; 450 392; 449 392; 448 393; 447 393; 445 395; 444 395; 443 396; 442 396; 441 397; 437 397; 432 402; 431 402; 429 404; 428 404; 427 405; 426 405; 425 406; 424 406; 422 408; 421 408; 420 409; 420 410; 418 412; 418 415; 420 415; 421 414; 422 414; 423 413; 429 413; 430 414; 431 414; 437 420; 438 420; 439 421; 444 421; 445 422; 446 422; 447 423; 448 423; 449 424; 450 424; 452 426; 454 426; 455 427; 456 427; 457 428; 458 428; 460 430; 461 430; 462 431; 464 431; 464 430; 465 429; 465 425; 463 423; 463 422; 462 421; 462 409; 464 407; 465 407; 466 408; 466 407; 469 404; 469 401; 470 400; 470 399; 469 398; 469 395; 468 394; 468 393; 467 392; 467 391; 463 391; 461 389; 461 387; 460 386
81; 117 393; 116 394; 115 394; 113 396; 112 396; 111 397; 109 397; 108 398; 107 398; 106 399; 104 399; 103 400; 100 400; 99 401; 97 401; 96 402; 95 402; 93 404; 92 404; 90 406; 89 406; 88 407; 87 407; 86 408; 84 408; 83 409; 81 409; 80 410; 79 410; 79 413; 81 415; 82 415; 83 416; 84 416; 87 419; 88 419; 89 420; 90 420; 91 421; 92 421; 95 424; 96 424; 99 427; 100 427; 101 428; 102 428; 103 429; 104 429; 105 430; 106 430; 112 436; 116 436; 116 426; 117 425; 117 423; 118 422; 118 421; 119 420; 119 419; 120 418; 120 409; 119 408; 119 399; 120 398; 120 393
82; 777 395; 776 396; 776 401; 775 402; 775 405; 774 406; 774 407; 773 408; 773 414; 772 415; 772 419; 771 420; 771 423; 770 424; 770 427; 769 428; 769 430; 768 431; 768 433; 767 434; 767 435; 766 436; 766 440; 773 440; 775 442; 777 442; 778 441; 780 441; 780 439; 783 436; 784 436; 785 435; 788 435; 789 436; 790 436; 791 437; 793 437; 793 436; 794 435; 794 434; 796 432; 797 432; 798 431; 799 431; 800 430; 810 430; 812 428; 812 425; 811 424; 811 423; 810 422; 809 422; 802 415; 802 414; 800 412; 800 411; 799 410; 797 410; 796 409; 795 409; 791 405; 790 405; 780 395
83; 201 401; 199 403; 198 403; 196 405; 195 405; 194 406; 192 406; 191 407; 190 407; 189 408; 187 408; 186 409; 185 409; 183 411; 182 411; 181 412; 180 412; 179 413; 178 413; 177 414; 175 414; 174 415; 171 415; 170 416; 167 416; 166 417; 165 417; 165 419; 168 422; 169 422; 171 424; 172 424; 174 426; 175 426; 179 430; 180 430; 183 433; 184 433; 185 434; 187 434; 188 435; 189 435; 192 438; 193 438; 197 442; 198 442; 199 443; 200 443; 201 444; 202 444; 203 443; 203 442; 202 441; 202 440; 201 439; 201 429; 202 428; 202 425; 203 424; 203 414; 204 413; 204 405; 205 404; 205 401
84; 470 404; 467 407; 467 410; 468 411; 468 427; 471 430; 471 440; 472 441; 472 449; 473 450; 473 451; 475 451; 476 450; 477 450; 484 443; 485 443; 486 442; 488 442; 489 441; 491 441; 493 439; 493 438; 502 429; 503 429; 504 428; 505 428; 506 427; 508 427; 509 426; 510 426; 511 425; 512 425; 512 423; 510 421; 509 421; 507 419; 506 419; 505 418; 504 418; 503 417; 502 417; 501 416; 499 416; 498 415; 496 415; 495 414; 493 414; 492 413; 491 413; 490 412; 489 412; 488 411; 486 411; 485 410; 483 410; 482 409; 480 409; 479 408; 477 408; 476 407; 475 407; 474 406; 473 406; 471 404
85; 604 414; 602 416; 601 416; 599 418; 598 418; 597 419; 595 419; 594 420; 592 420; 591 421; 588 421; 587 422; 586 422; 585 421; 581 421; 578 424; 577 424; 575 426; 574 426; 570 430; 568 430; 567 431; 566 431; 565 430; 563 430; 562 429; 560 429; 559 430; 559 434; 560 434; 566 440; 569 440; 570 441; 571 441; 574 444; 574 446; 573 447; 573 448; 575 450; 576 450; 577 449; 581 449; 583 451; 584 451; 585 452; 585 453; 587 455; 588 455; 589 456; 591 456; 592 457; 593 457; 595 459; 596 459; 597 460; 598 460; 599 461; 601 461; 602 460; 602 456; 601 455; 601 448; 602 447; 602 445; 603 444; 603 433; 604 432; 604 426; 605 425; 605 424; 606 423; 606 422; 607 421; 607 419; 608 418; 608 414
86; 237 416; 230 423; 229 423; 223 429; 222 429; 214 437; 214 438; 211 441; 210 441; 208 443; 204 443; 203 444; 204 445; 205 445; 207 447; 208 447; 209 448; 212 448; 213 449; 217 449; 218 450; 220 450; 221 451; 222 451; 224 453; 225 453; 226 454; 233 454; 234 455; 237 455; 238 456; 241 456; 242 457; 243 457; 244 458; 248 458; 248 454; 247 453; 247 452; 246 451; 246 449; 245 448; 245 444; 246 443; 246 439; 244 437; 244 436; 242 434; 242 432; 241 431; 241 428; 240 427; 240 417; 239 416
87; 551 418; 550 419; 549 419; 548 420; 547 420; 546 421; 545 421; 544 422; 543 422; 542 423; 539 423; 538 424; 536 424; 535 425; 534 425; 533 426; 531 426; 530 427; 527 427; 526 428; 520 428; 519 429; 519 430; 518 431; 517 431; 516 432; 515 432; 514 433; 511 433; 510 434; 510 436; 511 437; 512 437; 515 440; 516 440; 525 449; 525 450; 528 453; 530 453; 531 454; 532 454; 533 455; 534 455; 536 457; 537 457; 538 458; 539 458; 543 462; 544 462; 546 464; 548 464; 550 462; 550 459; 549 458; 549 456; 550 455; 550 454; 553 451; 553 436; 552 435; 552 427; 553 426; 553 424; 554 423; 554 419; 553 418
88; 259 420; 259 428; 260 429; 260 431; 259 432; 259 436; 258 437; 258 446; 257 447; 257 450; 256 451; 256 455; 255 456; 255 458; 254 459; 254 461; 255 462; 258 462; 259 461; 260 461; 262 459; 263 459; 264 458; 267 458; 268 457; 271 457; 272 456; 281 456; 286 451; 287 451; 288 450; 296 450; 296 447; 295 446; 295 445; 290 440; 289 440; 281 432; 280 432; 279 431; 277 431; 276 430; 275 430; 273 428; 272 428; 270 426; 269 426; 267 424; 266 424; 264 422; 263 422; 261 420
89; 353 423; 348 428; 347 428; 346 429; 343 429; 342 430; 340 430; 339 431; 338 431; 337 432; 336 432; 335 433; 331 433; 326 438; 325 438; 324 439; 323 439; 322 440; 321 440; 319 442; 318 442; 318 443; 317 444; 317 447; 318 447; 319 448; 322 448; 323 449; 324 449; 325 450; 326 450; 328 452; 329 452; 334 457; 334 458; 335 459; 335 462; 339 462; 340 461; 343 461; 344 462; 345 462; 350 467; 350 468; 353 471; 356 471; 356 467; 355 466; 355 465; 354 464; 354 457; 355 456; 355 435; 358 432; 359 432; 359 431; 360 430; 360 429; 359 429; 356 426; 356 424; 355 423
90; 361 430; 360 431; 360 433; 362 435; 362 438; 363 439; 363 453; 364 454; 364 455; 365 456; 365 458; 366 459; 366 463; 367 464; 367 471; 368 472; 368 473; 371 473; 382 462; 383 462; 387 458; 388 458; 393 453; 394 453; 400 447; 401 447; 403 445; 403 443; 402 443; 401 442; 400 442; 399 441; 397 441; 396 440; 395 440; 394 439; 393 439; 392 438; 391 438; 390 437; 390 436; 389 435; 389 434; 388 433; 388 432; 386 432; 385 431; 384 431; 383 430; 382 431; 382 432; 380 434; 375 434; 374 433; 372 433; 371 432; 368 432; 367 431; 365 431; 364 430
91; 695 431; 695 436; 696 437; 696 439; 697 440; 697 444; 698 445; 698 450; 699 451; 699 454; 700 455; 700 459; 701 460; 701 464; 702 465; 702 469; 703 470; 703 476; 704 477; 708 477; 712 473; 712 472; 716 468; 717 468; 719 466; 720 466; 722 464; 724 464; 725 463; 726 463; 730 459; 730 458; 734 454; 734 453; 740 447; 740 446; 741 445; 741 443; 732 443; 731 442; 729 442; 728 441; 726 441; 725 440; 723 440; 719 436; 711 436; 710 435; 706 435; 705 434; 704 434; 703 433; 702 433; 700 431
92; 778 442; 777 443; 775 443; 775 450; 774 451; 774 453; 773 454; 773 455; 772 456; 772 457; 771 458; 771 459; 770 460; 770 461; 769 462; 769 464; 770 465; 770 468; 769 469; 769 472; 768 473; 768 478; 767 479; 767 481; 766 482; 766 486; 767 487; 772 487; 774 485; 775 485; 776 484; 777 484; 778 483; 781 483; 782 482; 786 482; 787 481; 790 481; 791 480; 792 480; 794 478; 796 478; 797 477; 798 477; 799 476; 801 476; 802 475; 803 475; 804 474; 805 474; 806 473; 810 473; 811 472; 812 472; 813 471; 813 467; 812 467; 811 466; 810 466; 808 464; 807 464; 806 463; 805 463; 804 462; 803 462; 802 461; 801 461; 798 458; 798 457; 797 456; 797 455; 795 453; 794 453; 793 452; 792 452; 787 447; 786 447; 781 442
93; 572 448; 570 450; 569 450; 561 458; 560 458; 559 459; 558 459; 557 460; 556 460; 554 462; 553 462; 552 463; 551 462; 548 465; 547 465; 548 466; 548 468; 547 469; 547 470; 545 472; 544 472; 538 478; 538 480; 539 481; 540 481; 541 482; 546 482; 547 483; 549 483; 550 484; 551 484; 552 485; 554 485; 555 486; 556 486; 557 487; 558 487; 559 488; 567 488; 568 489; 570 489; 571 490; 573 490; 574 491; 575 491; 576 492; 578 492; 579 493; 584 493; 585 492; 585 489; 583 487; 583 486; 582 485; 582 484; 581 483; 581 482; 580 481; 580 477; 579 476; 579 469; 580 468; 580 465; 579 464; 579 463; 576 460; 576 459; 575 458; 575 457; 574 456; 574 452; 575 451
94; 617 451; 617 452; 616 453; 616 460; 615 461; 615 465; 614 466; 614 470; 613 471; 613 473; 612 474; 612 477; 611 478; 611 485; 610 486; 610 488; 609 489; 609 490; 607 492; 607 496; 613 496; 614 495; 616 495; 617 494; 618 494; 619 493; 620 493; 621 492; 622 492; 623 491; 629 491; 630 490; 632 490; 633 489; 634 489; 635 488; 636 488; 637 487; 639 487; 640 486; 641 486; 642 485; 643 485; 644 484; 648 484; 649 483; 653 483; 654 482; 654 478; 652 476; 650 476; 648 474; 647 474; 643 470; 642 470; 636 464; 635 464; 630 459; 629 459; 626 456; 625 456; 620 451
95; 222 466; 221 467; 220 467; 219 468; 212 468; 211 469; 207 469; 206 468; 199 468; 198 469; 197 469; 196 470; 183 470; 182 471; 181 471; 181 474; 188 481; 188 482; 189 483; 189 484; 190 485; 190 489; 191 490; 191 491; 192 492; 193 492; 198 497; 198 499; 199 500; 199 501; 200 501; 201 502; 202 502; 205 505; 205 506; 206 507; 209 507; 209 503; 210 502; 210 500; 212 498; 212 497; 213 496; 213 495; 214 494; 214 493; 215 492; 215 491; 216 490; 216 489; 217 488; 217 486; 218 485; 218 482; 219 481; 219 480; 220 479; 220 478; 221 477; 221 476; 223 474; 223 473; 224 472; 224 471; 225 470; 225 466
96; 335 463; 334 464; 334 465; 333 466; 333 467; 332 468; 332 469; 330 471; 330 472; 326 476; 325 476; 322 479; 322 481; 321 482; 321 483; 320 484; 320 485; 316 489; 316 490; 315 491; 314 491; 311 494; 311 495; 310 496; 310 498; 309 499; 311 499; 313 501; 315 501; 316 500; 320 500; 321 501; 324 501; 325 502; 340 502; 341 503; 355 503; 355 500; 354 499; 354 498; 352 496; 352 495; 350 493; 350 492; 349 491; 349 489; 348 488; 348 485; 347 484; 347 481; 345 479; 345 478; 343 476; 343 475; 342 474; 342 473; 341 472; 341 470; 340 469; 340 467; 339 466; 339 463
97; 929 471; 928 472; 928 480; 927 481; 927 482; 925 484; 923 484; 922 483; 922 482; 920 480; 916 480; 915 481; 913 481; 912 482; 911 482; 911 484; 913 484; 914 485; 917 485; 918 486; 919 486; 920 487; 920 490; 913 497; 912 497; 909 500; 908 500; 906 502; 905 502; 904 503; 903 503; 902 504; 901 504; 900 505; 900 507; 902 509; 903 509; 904 510; 905 510; 906 511; 907 511; 909 513; 910 513; 917 520; 918 520; 919 521; 921 521; 922 522; 923 522; 924 523; 925 523; 928 526; 929 526; 930 527; 930 528; 935 533; 937 533; 937 522; 938 521; 938 519; 940 517; 940 516; 941 515; 941 508; 942 507; 944 507; 945 506; 946 506; 946 505; 947 504; 947 500; 945 498; 944 498; 943 497; 941 497; 939 495; 939 493; 943 489; 943 486; 936 486; 935 485; 935 484; 934 483; 935 482; 935 479; 934 478; 934 475; 933 474; 933 472; 932 471
98; 518 486; 515 489; 515 492; 503 504; 503 506; 502 507; 502 510; 501 511; 501 512; 500 513; 500 514; 498 516; 498 517; 497 518; 496 518; 495 519; 493 519; 492 518; 492 517; 491 516; 491 515; 490 514; 488 514; 487 515; 487 520; 488 520; 492 524; 500 524; 501 525; 507 525; 508 526; 512 526; 513 527; 515 527; 516 528; 517 528; 518 529; 522 529; 523 528; 524 528; 525 527; 534 527; 535 528; 537 528; 538 529; 540 529; 541 528; 541 527; 540 526; 540 525; 539 524; 539 521; 538 520; 538 519; 537 518; 537 517; 535 515; 535 514; 534 513; 534 512; 533 511; 533 510; 532 509; 532 508; 530 506; 530 505; 528 503; 528 502; 527 501; 527 500; 526 499; 526 497; 525 496; 525 495; 524 494; 524 493; 523 492; 523 491; 522 490; 522 488; 520 486
99; 278 503; 277 504; 275 504; 274 505; 271 505; 270 506; 265 506; 264 507; 260 507; 259 508; 258 508; 258 511; 259 511; 260 512; 261 512; 265 516; 265 517; 266 518; 266 519; 267 520; 267 523; 275 531; 275 532; 276 533; 276 534; 278 536; 278 537; 279 538; 279 539; 280 540; 280 541; 281 542; 281 543; 283 543; 284 542; 284 540; 285 539; 285 538; 286 537; 286 535; 287 534; 287 533; 290 530; 290 529; 291 528; 291 526; 292 525; 292 524; 293 523; 293 522; 294 521; 294 520; 295 519; 295 518; 296 517; 296 516; 298 514; 298 513; 301 510; 301 507; 300 506; 300 504; 299 504; 298 505; 286 505; 285 504; 284 504; 283 503
100; 229 496; 229 502; 228 503; 228 507; 227 508; 227 511; 226 512; 226 515; 225 516; 225 518; 224 519; 224 522; 223 523; 223 526; 222 527; 222 529; 221 530; 221 532; 220 533; 220 538; 222 538; 223 537; 224 537; 225 536; 226 536; 227 535; 229 535; 230 534; 233 534; 234 533; 245 533; 247 531; 248 531; 250 529; 252 529; 253 528; 256 528; 257 527; 260 527; 261 526; 261 524; 259 522; 258 522; 252 516; 252 515; 250 513; 250 512; 246 508; 245 508; 244 507; 243 507; 242 506; 241 506; 239 504; 238 504; 236 502; 236 501; 234 499; 234 498; 232 496
101; 632 497; 630 499; 630 507; 629 508; 629 511; 628 512; 628 513; 627 514; 627 515; 626 516; 626 530; 625 531; 625 535; 624 536; 624 537; 623 538; 623 539; 622 540; 622 543; 628 543; 629 542; 631 542; 632 541; 633 541; 634 540; 636 540; 637 539; 638 539; 639 538; 641 538; 642 537; 643 537; 644 536; 646 536; 647 535; 648 535; 649 534; 651 534; 652 533; 653 533; 654 532; 656 532; 657 531; 661 531; 662 530; 666 530; 667 529; 667 526; 664 523; 663 523; 658 518; 658 517; 656 515; 656 514; 649 507; 649 506; 648 505; 647 505; 646 504; 641 504; 640 503; 639 503; 638 502; 638 501; 636 499; 636 498; 635 497
102; 195 502; 194 503; 193 503; 192 504; 191 504; 190 505; 189 505; 188 506; 185 506; 184 507; 183 507; 182 508; 181 508; 179 510; 178 510; 177 511; 176 511; 175 512; 174 512; 173 513; 172 513; 171 514; 170 514; 168 516; 167 516; 166 517; 165 517; 164 518; 163 518; 162 519; 160 519; 159 520; 157 520; 157 523; 158 524; 159 524; 161 526; 162 526; 166 530; 167 530; 168 531; 169 531; 172 534; 172 535; 173 535; 174 536; 175 536; 176 537; 178 537; 179 538; 180 538; 182 540; 183 540; 186 543; 187 543; 189 545; 192 545; 192 535; 193 534; 193 529; 194 528; 194 526; 195 525; 195 522; 194 521; 194 518; 195 517; 195 508; 196 507; 196 506; 197 505; 197 502
103; 308 500; 307 501; 306 501; 305 502; 304 502; 303 503; 302 503; 301 504; 301 506; 302 507; 302 509; 303 508; 304 508; 306 510; 306 511; 307 512; 307 516; 308 517; 308 521; 307 522; 307 528; 308 529; 308 535; 309 536; 309 545; 310 546; 313 546; 318 541; 319 541; 320 540; 321 540; 322 539; 323 540; 325 540; 326 541; 328 541; 329 540; 329 538; 330 537; 330 535; 333 532; 334 532; 337 529; 337 528; 339 526; 340 526; 342 524; 343 524; 344 523; 346 523; 346 520; 345 520; 344 519; 342 519; 341 518; 340 518; 338 516; 337 516; 335 514; 332 514; 331 513; 329 513; 328 512; 326 512; 325 511; 324 511; 323 510; 322 510; 321 509; 319 509; 318 508; 317 508; 313 504; 313 502; 311 500
104; 563 514; 562 515; 561 515; 549 527; 548 527; 547 528; 542 528; 541 529; 541 534; 534 541; 533 541; 530 544; 530 547; 531 547; 532 548; 540 548; 541 549; 543 549; 544 550; 545 550; 546 551; 547 551; 548 552; 548 553; 549 554; 559 554; 560 555; 562 555; 563 556; 565 556; 566 557; 568 557; 569 558; 570 558; 571 559; 575 559; 575 555; 574 554; 574 553; 573 552; 573 550; 572 549; 572 545; 571 544; 571 540; 570 539; 570 535; 569 534; 569 529; 568 528; 568 526; 567 525; 567 523; 566 522; 566 516; 565 515; 565 514
105; 688 497; 687 498; 687 500; 686 501; 686 502; 685 503; 685 504; 684 505; 684 506; 683 507; 683 508; 682 509; 682 511; 681 512; 681 513; 679 515; 679 516; 676 519; 676 521; 675 522; 675 524; 674 525; 674 526; 673 527; 673 528; 670 531; 670 532; 669 533; 669 534; 668 535; 668 538; 669 539; 679 539; 680 540; 682 540; 684 542; 684 543; 681 546; 681 549; 682 550; 685 550; 686 551; 688 551; 689 552; 695 552; 696 553; 699 553; 700 554; 701 554; 702 555; 703 555; 714 566; 717 566; 718 565; 718 564; 719 563; 719 559; 720 558; 720 552; 719 551; 719 548; 720 547; 720 545; 726 539; 726 537; 721 537; 720 538; 719 537; 717 537; 715 535; 715 534; 712 531; 711 531; 710 530; 708 530; 707 529; 699 529; 698 530; 696 530; 695 531; 693 531; 692 532; 685 532; 682 529; 682 527; 683 526; 683 525; 685 523; 685 522; 688 519; 688 518; 689 517; 689 511; 690 510; 690 497
106; 848 525; 847 526; 844 526; 843 527; 842 527; 841 528; 840 528; 839 529; 838 529; 837 530; 830 530; 829 529; 826 529; 826 530; 824 532; 823 532; 822 533; 821 533; 820 534; 819 534; 817 536; 815 536; 814 537; 810 537; 808 539; 808 541; 811 544; 812 544; 817 549; 818 549; 824 555; 824 559; 826 561; 830 561; 831 562; 832 562; 840 570; 841 570; 842 571; 845 571; 846 570; 846 569; 847 568; 847 563; 848 562; 848 557; 849 556; 849 552; 850 551; 850 550; 851 549; 851 535; 852 534; 852 532; 856 528; 856 526; 855 525
107; 14 567; 10 565; 3 542; 0 540; 0 571; 8 574; 0 576; 0 608; 2 609; 8 604; 8 592; 18 576
108; 18 576; 24 570; 52 555; 54 552; 53 548; 41 544; 26 526; 22 529; 22 537; 17 551; 17 562; 14 567
109; 267 536; 266 537; 265 537; 264 538; 263 538; 262 539; 261 539; 260 540; 258 540; 257 541; 252 541; 250 543; 249 543; 245 547; 244 547; 243 548; 242 548; 241 549; 238 549; 237 550; 235 550; 234 551; 230 551; 229 552; 228 552; 228 554; 229 555; 230 555; 234 559; 235 559; 236 560; 237 560; 243 566; 244 566; 245 567; 246 567; 249 570; 250 570; 252 572; 252 573; 256 577; 257 577; 260 580; 262 580; 263 579; 263 573; 264 572; 264 568; 265 567; 265 566; 266 565; 266 555; 267 554; 267 544; 268 543; 268 542; 269 541; 269 536
110; 96 534; 95 535; 95 536; 89 542; 88 542; 86 544; 85 544; 83 546; 82 546; 81 547; 79 547; 79 548; 78 549; 78 550; 77 551; 77 552; 68 561; 67 561; 65 563; 65 565; 66 566; 69 566; 70 567; 74 567; 75 568; 76 568; 77 569; 79 569; 80 570; 81 570; 82 571; 85 571; 86 572; 89 572; 90 573; 92 573; 93 574; 97 574; 98 575; 99 575; 100 576; 101 576; 104 579; 107 579; 108 578; 108 576; 107 575; 107 574; 106 573; 106 571; 105 570; 105 565; 104 564; 104 557; 105 556; 105 554; 104 553; 104 551; 102 549; 102 546; 101 545; 101 540; 100 539; 100 535; 99 534
111; 387 551; 386 552; 385 552; 384 553; 377 553; 376 552; 370 552; 367 555; 366 555; 365 556; 364 556; 363 557; 361 557; 360 558; 358 558; 357 559; 348 559; 347 560; 346 560; 346 563; 347 564; 348 564; 355 571; 355 572; 357 574; 357 577; 358 578; 359 578; 360 579; 361 579; 370 588; 370 589; 372 591; 372 592; 374 594; 377 594; 377 593; 378 592; 378 588; 379 587; 379 585; 380 584; 380 582; 381 581; 381 579; 382 578; 382 576; 383 575; 383 573; 384 572; 384 569; 385 568; 385 566; 386 565; 386 564; 387 563; 387 561; 388 560; 388 559; 389 558; 389 557; 390 556; 390 551
112; 521 548; 521 557; 522 558; 522 562; 521 563; 521 570; 520 571; 520 574; 523 577; 523 578; 525 580; 525 583; 523 585; 522 585; 521 586; 520 585; 520 594; 521 594; 522 595; 531 595; 531 593; 532 592; 532 590; 537 585; 538 585; 539 584; 543 584; 544 583; 545 583; 546 582; 547 582; 554 575; 555 575; 557 573; 558 573; 560 571; 562 571; 564 569; 564 566; 563 566; 562 565; 561 565; 560 564; 559 564; 558 563; 556 563; 555 562; 554 562; 550 558; 550 557; 544 557; 543 556; 540 556; 539 555; 537 555; 536 554; 533 554; 532 553; 531 553; 530 552; 529 552; 527 550; 526 550; 525 549; 524 549; 523 548
113; 740 549; 740 550; 739 551; 739 556; 738 557; 738 558; 737 559; 737 560; 733 564; 733 565; 731 567; 731 568; 730 569; 730 570; 727 573; 727 574; 722 579; 722 580; 717 585; 717 590; 731 590; 732 591; 736 591; 737 592; 739 592; 740 593; 747 593; 748 592; 757 592; 758 593; 760 593; 761 594; 765 594; 766 593; 766 590; 765 589; 765 588; 764 587; 764 586; 763 585; 763 584; 761 582; 761 581; 760 580; 760 579; 759 578; 759 573; 758 572; 758 571; 756 569; 756 568; 754 566; 754 565; 753 564; 753 563; 751 561; 751 560; 750 559; 750 558; 747 555; 747 554; 742 549
114; 166 558; 166 561; 165 562; 165 564; 164 565; 164 566; 163 567; 163 568; 162 569; 162 570; 161 571; 161 572; 160 573; 160 574; 158 576; 158 577; 157 578; 157 588; 156 589; 156 590; 155 591; 155 592; 153 594; 153 595; 152 596; 152 597; 151 598; 151 601; 153 601; 154 600; 155 600; 156 599; 158 599; 159 598; 161 598; 162 597; 164 597; 165 596; 175 596; 176 595; 178 595; 179 594; 181 594; 182 593; 185 593; 186 592; 194 592; 195 593; 197 591; 195 589; 195 588; 191 584; 190 584; 189 583; 189 582; 181 574; 181 573; 178 570; 178 569; 175 566; 175 565; 171 561; 171 560; 169 558
115; 489 561; 489 564; 488 565; 488 570; 487 571; 487 573; 486 574; 486 576; 485 577; 485 578; 484 579; 484 580; 483 581; 483 592; 482 593; 482 598; 481 599; 481 600; 480 601; 480 606; 481 607; 484 607; 485 606; 486 606; 489 603; 490 603; 491 602; 493 602; 494 601; 498 601; 499 600; 503 600; 504 599; 507 599; 508 598; 510 598; 511 597; 512 597; 513 596; 514 596; 515 595; 516 595; 517 594; 519 594; 519 585; 518 584; 517 584; 511 578; 511 575; 514 572; 514 568; 513 567; 510 567; 508 569; 507 569; 506 570; 505 570; 504 571; 503 570; 502 570; 501 569; 500 569; 492 561
116; 404 569; 403 570; 403 572; 402 573; 402 576; 401 577; 401 579; 400 580; 400 581; 399 582; 399 583; 398 584; 398 585; 397 586; 397 604; 396 605; 396 606; 394 608; 394 609; 393 610; 393 612; 394 613; 396 613; 397 612; 399 612; 400 611; 401 611; 402 610; 403 610; 404 609; 406 609; 407 608; 410 608; 411 607; 413 607; 414 606; 416 606; 417 605; 420 605; 421 604; 423 604; 424 603; 426 603; 427 602; 429 602; 430 601; 431 601; 432 600; 434 600; 435 599; 436 599; 437 598; 438 598; 439 597; 440 597; 440 595; 439 594; 436 594; 435 593; 433 593; 425 585; 425 579; 424 578; 421 578; 419 576; 419 572; 416 572; 415 573; 414 573; 413 574; 412 574; 411 573; 410 573; 406 569
117; 581 573; 580 574; 579 574; 577 576; 576 576; 573 579; 572 579; 570 581; 569 581; 568 582; 565 582; 564 583; 563 583; 562 584; 562 585; 557 590; 556 590; 553 593; 552 593; 550 595; 549 595; 548 596; 546 596; 544 598; 544 600; 545 601; 546 601; 547 602; 548 602; 549 603; 551 603; 552 604; 553 604; 554 605; 556 605; 557 606; 558 606; 559 607; 560 607; 561 608; 563 608; 564 609; 565 609; 566 610; 567 610; 568 611; 569 611; 570 612; 571 612; 572 613; 573 613; 575 615; 576 615; 577 616; 578 616; 580 618; 581 618; 583 620; 586 620; 586 612; 585 611; 585 602; 586 601; 586 599; 587 598; 587 594; 586 593; 586 591; 585 590; 585 588; 584 587; 584 579; 585 578; 585 574; 584 573
118; 824 585; 815 594; 814 594; 808 600; 807 600; 797 610; 795 610; 794 611; 793 611; 792 610; 789 610; 787 612; 787 613; 786 614; 786 616; 787 616; 788 617; 789 617; 790 618; 793 618; 794 619; 796 619; 797 620; 798 620; 799 621; 801 621; 802 622; 804 622; 805 623; 806 623; 807 624; 809 624; 810 625; 814 625; 815 626; 817 626; 818 627; 822 627; 823 628; 825 628; 826 629; 827 629; 828 630; 829 630; 830 631; 831 631; 832 632; 836 632; 836 628; 835 627; 835 624; 834 623; 834 614; 836 612; 840 612; 842 610; 842 605; 843 604; 843 603; 844 602; 844 599; 842 597; 838 597; 837 598; 836 598; 836 599; 835 600; 835 603; 834 604; 833 604; 831 602; 831 600; 830 599; 830 597; 829 596; 829 593; 828 592; 828 586; 827 585
119; 962 591; 961 592; 960 592; 959 593; 958 593; 956 595; 955 595; 954 596; 952 596; 951 597; 948 597; 947 598; 944 598; 943 599; 940 599; 939 600; 938 600; 937 601; 936 601; 934 603; 933 603; 932 604; 931 604; 930 605; 929 605; 928 606; 927 606; 926 607; 923 607; 922 608; 920 608; 920 611; 923 614; 924 614; 932 622; 934 622; 936 624; 937 624; 938 625; 939 625; 941 627; 942 627; 947 632; 948 632; 951 635; 952 635; 954 637; 955 637; 956 638; 960 638; 962 636; 962 634; 960 632; 960 631; 959 630; 959 625; 960 624; 960 621; 961 620; 961 616; 962 615; 962 606; 963 605; 963 601; 964 600; 964 597; 965 596; 965 592; 964 591
120; 522 596; 522 597; 519 600; 518 600; 517 601; 516 601; 514 603; 513 603; 512 604; 511 604; 510 605; 508 605; 506 607; 506 608; 504 610; 503 610; 501 612; 500 612; 497 615; 496 615; 493 618; 492 618; 492 620; 493 620; 494 621; 497 621; 498 622; 499 622; 500 623; 501 623; 502 624; 503 624; 504 625; 505 625; 510 630; 518 630; 519 631; 520 631; 524 635; 525 635; 527 637; 528 637; 529 638; 530 638; 531 639; 534 639; 535 638; 535 635; 534 634; 534 631; 533 630; 533 626; 534 625; 534 622; 535 621; 535 618; 534 617; 534 614; 533 613; 533 606; 532 605; 532 599; 531 598; 531 596
121; 55 601; 54 602; 54 606; 55 607; 55 608; 56 609; 56 610; 59 613; 59 614; 60 615; 60 616; 61 617; 61 618; 62 619; 62 621; 63 622; 63 624; 65 626; 65 627; 69 631; 69 632; 71 634; 71 635; 74 638; 74 640; 75 641; 75 643; 76 644; 76 645; 77 646; 79 646; 80 645; 81 645; 81 644; 82 643; 82 641; 83 640; 83 638; 84 637; 84 636; 85 635; 85 631; 86 630; 86 629; 90 625; 91 625; 91 624; 92 623; 92 619; 93 618; 93 617; 98 612; 98 611; 99 610; 99 609; 100 608; 100 605; 88 605; 87 604; 85 604; 83 602; 78 602; 76 604; 70 604; 69 605; 63 605; 62 604; 60 604; 57 601
122; 197 592; 196 593; 196 595; 197 596; 197 600; 198 601; 198 602; 197 603; 197 607; 196 608; 196 612; 195 613; 195 622; 194 623; 194 626; 193 627; 193 629; 192 630; 192 631; 191 632; 191 633; 190 634; 190 637; 191 638; 193 638; 194 637; 195 637; 197 635; 198 635; 199 634; 200 634; 201 633; 203 633; 204 632; 206 632; 207 631; 215 631; 217 629; 218 629; 219 628; 220 628; 221 627; 226 627; 227 626; 228 626; 229 625; 230 625; 232 623; 232 621; 231 621; 229 619; 228 619; 219 610; 219 609; 216 606; 215 606; 214 605; 213 605; 211 603; 210 603; 209 602; 208 602; 202 596; 202 595; 199 592
123; 142 607; 140 609; 140 610; 139 611; 139 612; 138 613; 138 617; 139 618; 139 620; 140 621; 140 625; 139 626; 139 632; 138 633; 138 635; 137 636; 137 641; 139 641; 140 640; 141 640; 142 639; 143 639; 144 638; 145 638; 146 637; 147 637; 148 636; 149 636; 150 635; 153 635; 154 634; 156 634; 157 633; 162 633; 164 631; 165 631; 167 629; 168 629; 169 628; 171 628; 172 627; 175 627; 176 626; 179 626; 179 623; 174 618; 174 617; 173 616; 172 616; 171 615; 168 615; 167 614; 164 614; 163 613; 160 613; 159 612; 155 612; 154 611; 153 611; 152 610; 151 610; 150 609; 148 609; 147 608; 146 608; 145 607
124; 711 599; 710 600; 710 601; 709 602; 709 604; 707 606; 707 607; 699 615; 698 615; 697 616; 696 616; 694 618; 694 619; 693 620; 693 621; 692 622; 692 623; 685 630; 684 630; 683 631; 682 631; 681 632; 681 635; 683 637; 691 637; 692 638; 695 638; 696 639; 698 639; 699 640; 700 640; 702 642; 707 642; 708 641; 713 641; 714 642; 716 642; 717 643; 719 643; 720 644; 723 644; 724 645; 730 645; 730 639; 729 638; 729 637; 728 636; 728 635; 727 634; 727 633; 726 632; 726 630; 725 629; 725 627; 724 626; 724 623; 723 622; 723 621; 722 620; 722 618; 721 617; 721 615; 720 614; 720 612; 719 611; 719 610; 718 609; 718 607; 717 606; 717 602; 716 601; 716 600; 715 599
125; 8 605; 8 606; 4 610; 5 611; 5 626; 6 627; 6 633; 5 634; 5 639; 4 640; 4 643; 3 644; 3 645; 0 648; 0 655; 2 655; 3 654; 4 654; 5 653; 7 653; 8 652; 9 652; 12 649; 13 649; 15 647; 16 647; 17 646; 18 646; 19 645; 20 645; 21 644; 22 644; 23 643; 25 643; 26 642; 28 642; 29 641; 31 641; 38 634; 39 634; 41 632; 42 632; 45 629; 45 625; 40 625; 39 624; 37 624; 36 623; 35 623; 31 619; 31 618; 28 615; 24 615; 23 614; 22 614; 21 613; 20 613; 18 611; 17 611; 13 607; 12 607; 10 605
126; 434 614; 433 615; 432 615; 431 616; 430 616; 425 621; 423 621; 422 622; 418 622; 417 623; 416 623; 413 626; 412 626; 411 627; 410 627; 409 628; 408 628; 407 629; 406 629; 405 630; 402 630; 401 631; 398 631; 397 632; 396 632; 396 635; 397 636; 398 636; 400 638; 401 638; 403 640; 403 641; 406 644; 406 645; 408 647; 408 648; 409 649; 415 649; 416 650; 417 650; 419 652; 420 652; 421 653; 422 653; 425 656; 426 656; 431 661; 433 661; 434 660; 434 657; 435 656; 435 655; 437 653; 437 650; 436 649; 436 648; 435 647; 435 642; 436 641; 436 634; 437 633; 437 631; 436 630; 436 626; 435 625; 435 621; 436 620; 436 619; 437 618; 437 614
127; 444 631; 443 632; 443 636; 444 637; 444 645; 443 646; 443 648; 440 651; 440 653; 442 655; 442 658; 443 659; 443 666; 442 667; 442 671; 441 672; 441 675; 442 676; 445 676; 448 673; 449 673; 451 671; 452 671; 453 670; 454 670; 455 669; 456 669; 457 668; 458 668; 459 667; 461 667; 462 666; 463 666; 464 665; 466 665; 467 664; 468 664; 469 663; 470 663; 471 662; 472 662; 474 660; 475 660; 478 657; 479 657; 480 656; 481 656; 483 654; 484 654; 486 652; 487 652; 487 649; 486 648; 482 648; 481 649; 476 649; 474 647; 473 647; 472 646; 471 646; 468 643; 468 641; 467 640; 467 638; 466 637; 457 637; 456 636; 455 636; 454 635; 453 635; 452 634; 451 634; 449 632; 448 632; 447 631
128; 99 641; 98 642; 98 643; 97 644; 97 647; 96 648; 96 650; 94 652; 94 656; 93 657; 94 657; 97 660; 98 659; 100 659; 102 661; 102 662; 103 663; 103 664; 104 665; 104 666; 105 666; 112 673; 113 673; 114 674; 115 674; 117 676; 118 676; 120 678; 121 678; 122 679; 123 679; 124 680; 128 680; 128 678; 127 677; 127 674; 128 673; 128 672; 130 670; 130 666; 129 665; 129 659; 128 658; 128 657; 127 656; 127 655; 126 654; 126 653; 125 652; 123 652; 122 651; 120 651; 119 650; 118 650; 116 648; 115 648; 114 647; 112 647; 111 646; 110 646; 106 642; 105 642; 104 641
129; 305 633; 305 634; 304 635; 304 637; 305 638; 305 648; 304 649; 304 651; 303 652; 303 653; 302 654; 302 655; 301 656; 301 657; 299 659; 292 659; 292 662; 293 663; 294 663; 296 665; 296 670; 295 671; 295 673; 294 674; 294 676; 293 677; 293 679; 298 679; 299 678; 300 678; 301 677; 305 677; 306 676; 310 676; 311 675; 314 675; 315 676; 316 676; 319 679; 319 680; 321 680; 321 677; 323 675; 324 675; 325 674; 334 674; 335 673; 336 673; 337 672; 338 672; 338 670; 333 665; 332 665; 331 664; 331 663; 329 661; 329 660; 328 659; 328 658; 327 657; 327 654; 326 654; 325 653; 324 653; 323 652; 322 652; 318 648; 318 647; 314 643; 314 642; 313 641; 313 640; 309 636; 309 635; 307 633
130; 708 649; 706 651; 706 660; 707 661; 707 664; 708 665; 707 666; 707 667; 705 669; 705 673; 707 673; 709 675; 709 677; 710 678; 710 683; 711 684; 711 688; 710 689; 710 696; 711 697; 713 697; 714 696; 715 696; 717 694; 718 694; 720 692; 721 692; 723 690; 724 690; 725 689; 726 689; 727 688; 728 688; 730 686; 731 686; 734 683; 735 683; 736 682; 737 682; 742 677; 743 677; 745 675; 746 675; 747 674; 748 674; 749 673; 750 673; 752 671; 752 669; 750 667; 747 667; 746 666; 744 666; 743 665; 742 665; 741 664; 739 664; 737 662; 736 662; 735 661; 734 661; 732 659; 732 658; 731 657; 730 657; 729 656; 722 656; 721 655; 719 655; 718 654; 717 654; 716 653; 715 653; 712 650; 711 650; 710 649
131; 358 649; 358 659; 357 660; 357 662; 356 663; 356 667; 355 668; 355 669; 354 670; 354 671; 353 672; 353 678; 354 679; 354 695; 358 695; 362 691; 363 691; 364 690; 365 690; 366 689; 367 689; 368 688; 370 688; 371 687; 377 687; 381 683; 382 683; 383 682; 384 682; 385 681; 386 681; 387 680; 388 680; 389 679; 399 679; 400 678; 400 676; 399 675; 395 675; 394 674; 392 674; 391 673; 390 673; 388 671; 387 671; 385 669; 384 669; 381 666; 380 666; 375 661; 374 661; 371 658; 370 658; 361 649
132; 836 648; 836 649; 835 650; 835 676; 834 677; 834 680; 833 681; 833 683; 832 684; 832 687; 831 688; 831 690; 830 691; 830 695; 831 696; 834 696; 835 695; 836 695; 838 693; 839 693; 840 692; 841 692; 842 691; 843 691; 844 690; 846 690; 847 689; 849 689; 850 688; 856 688; 857 687; 858 687; 861 684; 862 684; 863 683; 864 683; 865 682; 876 682; 876 678; 870 672; 869 672; 860 663; 859 663; 858 662; 857 662; 856 661; 855 661; 853 659; 852 659; 850 657; 849 657; 840 648
133; 92 658; 85 665; 84 665; 83 666; 80 666; 78 668; 78 669; 77 670; 77 674; 75 676; 75 677; 73 679; 73 680; 68 685; 67 685; 66 686; 65 686; 64 687; 63 687; 62 688; 62 691; 63 692; 69 692; 70 693; 72 693; 73 694; 74 694; 75 695; 80 695; 81 696; 84 696; 85 697; 88 697; 89 698; 92 698; 93 699; 94 699; 95 700; 108 700; 108 698; 104 694; 104 693; 103 692; 103 688; 102 687; 102 677; 98 673; 98 669; 97 668; 97 666; 96 665; 96 660; 94 658
134; 699 669; 697 671; 696 671; 693 674; 692 674; 691 675; 689 675; 688 676; 685 676; 684 677; 683 677; 681 679; 680 679; 678 681; 677 681; 676 682; 675 682; 674 683; 673 683; 672 684; 671 684; 670 685; 669 685; 668 686; 667 686; 666 687; 665 687; 664 688; 662 688; 661 689; 659 689; 659 692; 661 694; 663 694; 664 695; 666 695; 667 696; 668 696; 677 705; 679 705; 680 706; 681 706; 682 707; 683 707; 684 708; 685 708; 686 709; 687 709; 688 710; 689 710; 691 712; 692 712; 695 715; 696 715; 697 716; 701 716; 701 715; 702 714; 702 711; 701 710; 701 698; 702 697; 702 694; 703 693; 703 691; 704 690; 704 687; 703 686; 703 676; 704 675; 704 669
135; 16 677; 15 678; 15 682; 16 683; 16 685; 17 686; 14 689; 7 689; 6 690; 2 690; 1 691; 0 691; 0 706; 3 706; 4 705; 5 706; 11 706; 12 705; 15 705; 16 704; 18 704; 19 703; 20 703; 21 704; 23 704; 28 709; 30 709; 31 708; 33 708; 34 707; 37 707; 39 705; 39 698; 38 697; 38 696; 37 695; 37 694; 36 693; 36 692; 34 690; 31 690; 30 689; 29 689; 28 688; 27 688; 26 687; 25 687; 22 684; 22 683; 21 682; 21 679; 20 678; 20 677
136; 556 673; 555 674; 554 674; 553 675; 552 675; 551 676; 548 676; 544 680; 543 680; 542 681; 540 681; 539 682; 538 682; 537 683; 536 683; 535 684; 535 685; 533 687; 532 687; 530 689; 529 689; 527 691; 524 691; 523 692; 519 692; 518 693; 518 697; 519 697; 520 698; 521 698; 522 699; 523 699; 525 701; 526 701; 529 704; 529 705; 531 707; 533 707; 534 708; 536 708; 537 709; 538 709; 539 710; 540 710; 541 711; 542 711; 543 712; 544 712; 546 714; 547 714; 548 715; 549 715; 554 720; 555 720; 556 721; 558 721; 559 720; 560 720; 560 719; 561 718; 561 716; 560 715; 560 714; 559 713; 559 699; 560 698; 560 673
137; 254 681; 254 685; 255 686; 255 687; 256 688; 256 690; 257 691; 257 695; 258 696; 258 700; 257 701; 257 702; 256 703; 256 708; 257 709; 257 710; 258 711; 258 712; 259 713; 259 715; 260 716; 260 720; 261 721; 261 724; 262 725; 265 725; 267 723; 267 722; 268 721; 268 720; 269 719; 269 718; 274 713; 275 713; 277 711; 281 711; 282 710; 282 709; 283 708; 283 707; 284 706; 284 705; 290 699; 291 699; 293 697; 294 697; 294 694; 292 694; 291 693; 288 693; 287 692; 286 692; 285 691; 283 691; 282 690; 281 690; 280 689; 278 689; 277 688; 276 688; 275 687; 274 687; 273 686; 271 686; 270 685; 269 685; 268 684; 265 684; 264 683; 261 683; 260 682; 258 682; 257 681
138; 412 680; 411 681; 411 685; 412 686; 412 689; 411 690; 411 692; 409 694; 409 695; 408 696; 408 698; 409 699; 409 700; 411 702; 411 725; 415 725; 418 722; 419 722; 420 721; 422 721; 423 720; 424 720; 425 719; 426 719; 427 718; 428 718; 429 717; 432 717; 433 716; 433 715; 438 710; 439 710; 441 708; 442 708; 443 707; 444 707; 445 706; 446 706; 448 704; 449 704; 451 702; 452 702; 452 700; 451 699; 449 699; 448 698; 446 698; 445 697; 443 697; 442 696; 441 696; 438 693; 437 693; 432 688; 431 688; 430 687; 425 687; 424 686; 423 686; 422 685; 421 685; 419 683; 418 683; 416 681; 415 681; 414 680
139; 154 695; 153 696; 153 698; 154 699; 154 700; 155 701; 155 703; 156 704; 156 716; 160 720; 160 722; 161 723; 161 725; 162 726; 162 727; 163 728; 163 729; 164 730; 164 732; 165 733; 165 734; 170 734; 171 733; 171 732; 173 730; 173 729; 181 721; 181 720; 183 718; 183 717; 190 710; 191 710; 195 706; 196 706; 196 703; 192 703; 191 702; 183 702; 182 701; 181 701; 179 699; 178 699; 177 698; 173 698; 172 699; 170 699; 169 698; 164 698; 163 697; 160 697; 159 696; 157 696; 156 695
140; 314 687; 311 690; 311 691; 302 700; 301 700; 296 705; 295 705; 289 711; 288 711; 287 712; 285 712; 284 713; 283 713; 282 714; 282 717; 283 718; 286 718; 287 719; 290 719; 291 720; 292 720; 293 721; 294 721; 296 723; 298 723; 299 724; 300 724; 303 727; 304 727; 305 728; 313 728; 314 729; 317 729; 318 730; 320 730; 321 731; 325 731; 325 726; 324 725; 324 724; 323 723; 323 717; 322 716; 322 710; 323 709; 323 706; 319 702; 319 700; 318 699; 318 697; 317 696; 317 688; 316 687
141; 869 701; 866 704; 866 706; 865 707; 865 709; 864 710; 864 711; 863 712; 863 714; 862 715; 862 716; 861 717; 861 719; 860 720; 860 722; 859 723; 859 726; 858 727; 858 730; 857 731; 857 734; 856 735; 856 738; 855 739; 855 740; 852 743; 852 744; 851 745; 851 747; 853 749; 858 749; 859 748; 860 748; 861 747; 868 747; 869 746; 871 746; 872 745; 874 745; 875 744; 877 744; 878 743; 880 743; 881 742; 884 742; 885 741; 889 741; 890 740; 891 740; 892 739; 893 739; 894 738; 898 738; 899 737; 900 737; 901 736; 901 733; 898 730; 897 730; 894 727; 893 727; 891 725; 891 724; 888 721; 888 720; 887 719; 887 715; 886 714; 886 713; 884 713; 883 714; 881 714; 880 713; 879 713; 874 708; 874 707; 873 706; 873 704; 872 703; 872 702; 871 701
142; 453 711; 451 713; 450 713; 448 715; 447 715; 445 717; 444 717; 442 719; 441 719; 440 720; 434 720; 434 721; 429 726; 428 726; 426 728; 425 728; 424 729; 423 729; 422 730; 421 730; 420 731; 419 731; 418 732; 417 732; 416 733; 416 735; 417 735; 418 736; 419 736; 420 737; 421 737; 422 738; 423 738; 425 740; 426 740; 428 742; 429 742; 431 744; 432 744; 433 745; 434 745; 435 746; 436 746; 437 747; 439 747; 440 748; 441 748; 442 749; 443 749; 444 750; 445 750; 447 752; 448 752; 450 754; 451 754; 454 757; 456 757; 457 756; 459 756; 459 753; 457 751; 457 750; 456 749; 456 747; 455 746; 455 739; 456 738; 456 737; 457 736; 460 736; 461 737; 462 737; 463 738; 465 738; 466 737; 467 737; 468 736; 468 731; 466 729; 459 729; 457 727; 457 724; 456 723; 456 722; 457 721; 457 715; 458 714; 458 712; 457 711
143; 509 708; 509 710; 508 711; 508 719; 507 720; 507 721; 506 722; 506 723; 503 726; 503 741; 502 742; 502 744; 501 745; 501 747; 500 748; 500 752; 501 753; 503 753; 504 752; 505 752; 506 751; 507 751; 508 750; 509 750; 510 749; 512 749; 513 748; 518 748; 519 749; 521 749; 522 748; 525 748; 526 747; 528 747; 532 743; 536 743; 537 742; 544 742; 545 741; 545 739; 540 734; 539 734; 538 733; 538 732; 531 725; 531 724; 530 723; 529 723; 527 721; 526 721; 525 720; 524 720; 518 714; 518 713; 513 708
144; 376 711; 362 725; 361 725; 360 726; 359 726; 358 727; 357 727; 355 729; 355 730; 349 736; 348 736; 345 739; 344 739; 340 743; 340 746; 342 748; 342 750; 343 749; 347 749; 348 748; 350 748; 350 745; 351 744; 352 744; 353 745; 355 745; 356 746; 358 746; 360 748; 361 748; 362 749; 367 749; 368 750; 370 750; 371 751; 373 751; 374 752; 375 752; 376 753; 379 753; 380 754; 382 754; 383 755; 388 755; 388 753; 385 750; 385 749; 384 748; 384 747; 383 746; 383 743; 382 742; 382 737; 381 736; 381 730; 380 729; 380 725; 379 724; 379 720; 380 719; 380 711
145; 183 734; 182 735; 181 735; 180 736; 179 736; 178 737; 177 737; 176 738; 172 738; 170 736; 170 735; 165 735; 165 736; 161 740; 161 741; 160 742; 160 743; 159 744; 158 744; 156 746; 154 746; 153 747; 149 747; 148 748; 147 748; 147 751; 149 753; 150 753; 154 757; 155 757; 160 762; 160 763; 162 765; 162 766; 165 769; 168 769; 169 770; 170 770; 171 771; 172 771; 176 775; 176 776; 177 777; 179 777; 180 776; 180 772; 181 771; 181 767; 182 766; 182 763; 183 762; 183 760; 184 759; 184 753; 185 752; 185 742; 186 741; 186 739; 187 738; 187 737; 188 736; 188 734
146; 476 731; 476 732; 475 733; 475 734; 474 735; 474 736; 472 738; 472 739; 471 740; 471 741; 470 742; 470 743; 469 744; 469 745; 468 746; 468 747; 466 749; 466 750; 462 754; 462 759; 461 760; 461 762; 460 763; 460 766; 459 767; 459 770; 453 776; 453 777; 452 778; 452 780; 454 780; 455 781; 456 781; 457 782; 460 782; 463 779; 463 778; 462 777; 463 776; 463 775; 464 774; 465 774; 466 773; 478 773; 479 772; 482 772; 483 771; 487 771; 488 770; 491 770; 492 769; 504 769; 505 768; 505 766; 503 764; 502 764; 501 763; 500 763; 499 762; 499 761; 495 757; 495 756; 493 754; 493 753; 492 752; 492 751; 491 750; 491 749; 492 748; 492 747; 493 746; 493 744; 486 744; 481 739; 481 738; 480 737; 480 734; 479 733; 479 732; 478 731
147; 601 734; 600 735; 599 735; 587 747; 586 747; 583 750; 582 750; 580 752; 579 752; 573 758; 572 758; 569 761; 568 761; 566 763; 566 766; 567 767; 567 768; 568 769; 568 770; 571 770; 573 768; 580 768; 581 769; 582 769; 583 770; 584 770; 588 774; 596 774; 597 775; 598 775; 599 776; 600 776; 601 777; 602 777; 605 780; 610 780; 610 773; 609 772; 609 766; 610 765; 610 762; 611 761; 611 758; 609 756; 609 755; 607 753; 607 750; 606 749; 606 748; 607 747; 607 743; 606 742; 606 736; 605 735; 605 734
148; 274 725; 274 728; 275 729; 275 730; 278 733; 279 733; 280 734; 283 734; 284 735; 285 735; 286 736; 287 736; 288 737; 289 737; 290 738; 291 738; 292 739; 293 739; 294 740; 295 740; 298 743; 297 744; 297 745; 291 751; 290 751; 288 753; 287 753; 286 754; 285 754; 284 753; 283 753; 282 752; 282 751; 281 750; 279 750; 279 752; 280 753; 280 755; 282 757; 282 762; 281 763; 281 766; 284 766; 291 759; 292 759; 294 757; 296 757; 297 758; 297 761; 299 763; 300 763; 301 764; 303 764; 304 765; 305 765; 312 772; 313 772; 319 778; 320 778; 326 784; 327 784; 328 785; 330 785; 331 786; 333 786; 334 787; 335 787; 336 788; 339 788; 340 787; 340 785; 336 785; 334 783; 334 779; 335 778; 335 776; 336 775; 336 772; 337 771; 337 769; 338 768; 338 767; 339 766; 340 766; 340 763; 339 762; 339 761; 338 760; 338 757; 339 756; 339 754; 340 753; 340 752; 341 751; 341 748; 339 746; 339 744; 338 745; 337 745; 336 746; 335 746; 334 747; 333 747; 332 748; 331 748; 330 749; 328 749; 327 750; 324 750; 323 751; 321 751; 320 752; 319 752; 318 753; 316 753; 315 754; 313 754; 312 755; 311 755; 310 756; 308 756; 307 757; 298 757; 297 756; 297 754; 304 747; 304 746; 312 738; 312 736; 301 736; 300 735; 298 735; 297 734; 296 734; 295 733; 294 733; 291 730; 290 730; 289 729; 287 729; 286 728; 282 728; 281 727; 280 727; 279 726; 277 726; 276 725
149; 348 749; 347 750; 345 750; 345 759; 344 760; 344 761; 341 764; 341 766; 342 766; 343 767; 343 768; 344 769; 344 781; 345 781; 346 782; 347 782; 348 783; 348 784; 349 785; 349 790; 350 791; 350 802; 351 803; 351 820; 354 820; 362 812; 363 812; 365 810; 366 810; 368 808; 369 808; 371 806; 372 806; 374 804; 375 804; 375 801; 374 800; 370 800; 369 801; 368 801; 366 803; 365 803; 364 804; 363 804; 362 805; 361 805; 360 806; 359 806; 356 803; 356 798; 355 797; 355 793; 354 792; 354 789; 355 788; 355 786; 356 785; 357 785; 358 784; 359 785; 364 785; 365 784; 366 784; 367 783; 368 783; 369 782; 370 782; 371 781; 372 781; 373 782; 374 782; 377 779; 376 778; 376 776; 379 773; 380 773; 381 772; 382 772; 383 771; 385 771; 387 769; 385 767; 383 767; 382 766; 381 766; 380 765; 379 765; 378 764; 377 764; 376 763; 375 763; 374 762; 373 762; 367 756; 364 756; 363 755; 362 755; 361 754; 360 754; 359 753; 357 753; 356 752; 355 752; 353 750; 352 750; 351 749
150; 994 768; 993 769; 993 771; 994 772; 994 773; 995 774; 995 775; 997 777; 997 778; 998 779; 998 780; 999 781; 999 782; 1000 783; 1000 784; 1001 785; 1001 786; 1002 787; 1002 789; 1003 790; 1003 791; 1004 792; 1004 794; 1005 795; 1005 797; 1006 798; 1006 800; 1007 801; 1007 806; 1008 807; 1008 811; 1011 811; 1012 810; 1012 809; 1013 808; 1013 807; 1015 805; 1015 804; 1022 797; 1023 797; 1023 788; 1022 788; 1021 789; 1020 789; 1020 790; 1015 795; 1012 795; 1010 793; 1010 792; 1009 791; 1009 789; 1008 788; 1008 785; 1007 784; 1007 783; 1006 782; 1006 780; 1008 778; 1009 778; 1010 777; 1011 777; 1012 778; 1016 778; 1017 777; 1019 777; 1020 778; 1023 778; 1023 769; 1018 769; 1017 770; 1016 770; 1015 771; 1002 771; 1001 770; 1000 770; 999 769; 998 769; 997 768
151; 33 759; 32 760; 30 760; 29 761; 27 761; 26 762; 23 762; 22 763; 16 763; 15 764; 13 764; 11 766; 10 766; 9 767; 8 767; 7 768; 5 768; 4 769; 0 769; 0 784; 1 784; 2 785; 3 785; 7 789; 7 790; 10 793; 11 793; 13 795; 14 795; 16 797; 17 797; 19 799; 20 799; 26 805; 31 805; 31 799; 30 798; 30 797; 29 796; 29 793; 30 792; 30 791; 35 786; 36 786; 37 785; 37 781; 34 778; 34 770; 35 769; 35 768; 36 767; 36 766; 37 765; 37 764; 38 763; 38 760; 37 759
152; 410 759; 405 764; 404 764; 401 767; 400 767; 398 769; 397 769; 396 770; 395 770; 394 771; 389 771; 388 770; 387 770; 386 771; 386 775; 384 777; 383 777; 381 779; 380 779; 379 780; 377 780; 375 782; 375 783; 378 786; 379 786; 380 787; 381 787; 383 789; 384 789; 385 790; 386 790; 392 796; 394 796; 395 797; 399 797; 400 798; 401 798; 402 799; 404 799; 405 800; 406 800; 408 802; 409 802; 410 803; 411 803; 412 804; 415 804; 415 802; 414 801; 414 799; 413 798; 413 796; 412 795; 412 791; 413 790; 413 785; 414 784; 414 783; 416 781; 416 778; 413 775; 413 760; 412 759
153; 644 768; 643 769; 642 769; 640 771; 639 771; 638 772; 637 772; 636 773; 635 773; 634 774; 633 774; 632 775; 630 775; 629 776; 627 776; 626 777; 620 777; 615 782; 614 782; 613 783; 612 783; 610 781; 606 781; 606 783; 605 784; 605 789; 606 790; 607 790; 612 795; 613 795; 614 796; 615 796; 620 801; 620 802; 622 804; 627 804; 628 805; 629 805; 637 813; 638 813; 641 816; 643 816; 645 814; 645 807; 644 806; 644 804; 645 803; 645 794; 646 793; 646 787; 647 786; 647 783; 646 782; 646 780; 647 779; 647 773; 648 772; 648 769; 647 768
154; 939 776; 935 776; 933 774; 923 775; 913 771; 909 772; 909 776; 914 785; 915 805; 920 807; 923 818; 928 815; 932 807; 937 802
155; 937 802; 946 799; 952 799; 965 804; 970 804; 966 794; 964 782; 959 774; 957 759; 953 759; 945 771; 939 776
156; 47 766; 46 767; 46 771; 45 772; 45 780; 44 781; 44 783; 43 784; 43 785; 41 787; 41 800; 40 801; 40 803; 39 804; 39 806; 36 809; 36 812; 44 812; 45 811; 47 811; 48 810; 50 810; 51 809; 53 809; 54 808; 56 808; 57 807; 59 807; 61 805; 62 805; 65 802; 67 802; 68 801; 69 801; 70 800; 71 800; 72 799; 73 799; 74 798; 76 798; 77 797; 80 797; 80 794; 76 790; 75 790; 74 789; 73 789; 70 786; 69 786; 58 775; 57 775; 52 770; 52 769; 49 766
157; 567 771; 566 772; 563 772; 562 773; 561 773; 560 774; 560 775; 557 778; 556 778; 554 780; 552 780; 551 781; 549 781; 548 782; 546 782; 540 788; 539 788; 538 789; 537 789; 536 790; 535 790; 533 792; 532 792; 531 793; 530 793; 530 796; 531 797; 533 797; 534 798; 535 798; 536 799; 537 799; 539 801; 540 801; 545 806; 545 807; 546 808; 546 809; 547 810; 547 811; 549 813; 549 815; 554 815; 555 814; 561 814; 562 815; 563 815; 566 818; 567 818; 568 819; 570 819; 570 818; 571 817; 571 807; 570 806; 570 800; 569 799; 569 797; 570 796; 570 777; 571 776; 571 773; 570 772; 570 771
158; 464 779; 461 782; 461 784; 462 785; 462 786; 463 787; 463 789; 464 790; 464 797; 465 798; 465 799; 466 800; 466 801; 467 802; 467 803; 468 804; 468 805; 469 806; 469 810; 470 811; 470 821; 471 822; 471 823; 472 824; 474 824; 477 821; 477 820; 478 819; 478 818; 481 815; 481 814; 490 805; 491 805; 494 802; 494 801; 496 799; 496 798; 498 796; 498 795; 501 792; 502 792; 504 790; 504 788; 503 787; 499 787; 498 786; 492 786; 491 785; 489 785; 488 784; 487 784; 485 782; 480 782; 479 783; 477 783; 476 782; 472 782; 471 781; 468 781; 467 780; 465 780
159; 451 780; 450 781; 449 781; 447 783; 446 783; 444 785; 443 785; 441 787; 440 787; 437 790; 436 790; 429 797; 428 797; 421 804; 419 804; 418 805; 417 805; 417 808; 418 809; 418 810; 419 811; 421 811; 422 810; 427 810; 428 811; 429 811; 430 812; 431 812; 434 815; 435 815; 437 817; 438 817; 439 818; 443 818; 444 819; 447 819; 448 820; 449 820; 450 821; 451 821; 452 822; 454 822; 455 823; 456 823; 457 824; 460 824; 460 818; 459 817; 459 815; 458 814; 458 811; 457 810; 457 804; 458 803; 458 799; 457 798; 457 796; 456 795; 456 791; 455 790; 455 785; 456 784; 456 782; 455 782; 454 781; 452 781
160; 877 786; 877 791; 878 792; 878 793; 879 794; 879 796; 880 797; 880 805; 881 806; 881 809; 882 810; 882 812; 883 813; 883 814; 884 815; 884 816; 885 817; 885 820; 886 821; 886 823; 887 824; 887 825; 888 826; 888 827; 889 828; 889 829; 892 832; 895 832; 895 831; 896 830; 896 827; 907 816; 907 815; 908 814; 908 813; 909 812; 909 811; 914 806; 914 799; 913 798; 913 792; 912 792; 911 793; 910 792; 907 792; 906 791; 903 791; 902 790; 898 790; 897 789; 893 789; 892 788; 888 788; 887 787; 883 787; 882 786
161; 127 792; 126 793; 126 799; 125 800; 125 803; 124 804; 124 806; 123 807; 123 809; 122 810; 122 812; 121 813; 121 815; 120 816; 120 824; 119 825; 119 827; 118 828; 118 831; 117 832; 117 835; 121 835; 123 833; 125 833; 126 832; 127 832; 128 831; 131 831; 132 830; 133 830; 134 831; 138 831; 139 830; 140 830; 142 828; 144 828; 145 827; 147 827; 148 826; 150 826; 151 825; 155 825; 156 824; 159 824; 159 822; 158 821; 158 820; 156 818; 155 818; 151 814; 151 813; 137 799; 136 799; 129 792
162; 576 805; 575 806; 575 809; 578 812; 578 813; 579 814; 579 816; 580 817; 580 820; 581 821; 581 823; 582 824; 582 826; 583 827; 583 829; 584 830; 584 832; 585 833; 585 834; 586 835; 586 838; 587 839; 587 840; 588 841; 588 842; 589 843; 589 844; 590 845; 590 847; 591 848; 591 850; 594 853; 595 853; 597 851; 596 850; 596 849; 597 848; 597 846; 598 845; 598 844; 599 843; 599 842; 606 835; 612 835; 613 834; 614 834; 614 825; 617 822; 618 822; 619 821; 620 821; 621 820; 622 820; 623 819; 623 818; 624 817; 624 815; 622 813; 616 813; 615 812; 613 812; 612 811; 609 811; 608 810; 606 810; 605 809; 604 809; 603 808; 602 808; 600 806; 600 805; 593 805; 592 806; 583 806; 582 805
163; 27 806; 27 809; 25 811; 24 811; 23 812; 20 812; 19 813; 18 812; 17 812; 16 811; 10 811; 7 814; 6 814; 5 815; 4 815; 3 816; 0 816; 0 841; 2 841; 6 845; 7 845; 11 849; 11 850; 17 856; 20 856; 21 855; 22 855; 23 854; 24 854; 24 852; 22 850; 22 847; 23 846; 23 843; 24 842; 24 840; 25 839; 25 837; 26 836; 26 834; 27 833; 27 831; 28 830; 28 828; 29 827; 29 825; 30 824; 30 822; 31 821; 31 817; 32 816; 32 815; 33 814; 33 813; 34 812; 35 812; 35 809; 34 809; 31 806
164; 318 802; 318 803; 317 804; 317 817; 316 818; 316 821; 315 822; 315 823; 314 824; 314 830; 315 831; 315 838; 314 839; 314 840; 311 843; 311 847; 314 847; 315 846; 317 846; 318 845; 319 845; 320 844; 321 844; 322 843; 324 843; 325 842; 326 842; 327 841; 329 841; 330 840; 331 840; 332 839; 333 839; 334 838; 335 838; 337 836; 338 836; 339 835; 340 835; 341 834; 343 834; 344 833; 345 833; 346 832; 347 832; 348 831; 353 831; 353 827; 351 825; 351 824; 350 823; 348 823; 347 822; 345 822; 343 820; 342 820; 334 812; 333 812; 331 810; 330 810; 328 808; 327 808; 325 806; 325 805; 323 803; 322 803; 321 802
165; 220 817; 219 818; 218 818; 215 821; 214 821; 212 823; 211 823; 210 824; 209 824; 208 825; 207 825; 206 826; 204 826; 203 827; 202 827; 192 837; 191 837; 189 839; 188 839; 187 840; 186 840; 185 841; 185 843; 186 843; 187 844; 189 844; 190 845; 191 845; 192 846; 193 846; 194 847; 195 847; 196 848; 197 848; 198 849; 199 849; 201 851; 202 851; 203 852; 204 852; 205 853; 206 853; 207 854; 209 854; 210 855; 211 855; 213 857; 214 857; 215 858; 215 860; 216 860; 217 859; 217 856; 218 855; 222 855; 223 854; 223 842; 222 841; 222 838; 221 837; 221 832; 222 831; 222 823; 223 822; 223 817
166; 549 816; 543 822; 542 822; 541 823; 539 823; 538 824; 535 824; 527 832; 526 832; 522 836; 520 836; 519 837; 516 837; 515 838; 512 838; 512 840; 514 842; 515 842; 516 843; 517 843; 518 844; 519 844; 521 846; 522 846; 524 848; 525 848; 527 850; 528 850; 529 851; 530 851; 532 853; 533 853; 536 856; 537 856; 538 857; 540 857; 541 858; 542 858; 543 859; 544 859; 545 860; 546 860; 548 862; 549 862; 551 864; 554 864; 555 863; 555 861; 554 860; 554 858; 553 857; 553 851; 554 850; 554 842; 555 841; 555 836; 554 835; 554 818; 553 817; 554 816
167; 230 822; 230 825; 231 826; 231 836; 230 837; 230 843; 229 844; 229 848; 230 849; 230 851; 231 852; 231 854; 230 855; 230 856; 227 859; 227 862; 229 864; 229 865; 230 866; 230 867; 232 867; 232 866; 233 865; 233 864; 234 863; 235 863; 237 861; 239 861; 240 860; 241 860; 242 859; 244 859; 245 858; 247 858; 248 857; 250 857; 254 853; 255 853; 256 852; 257 852; 259 850; 260 850; 261 849; 262 849; 263 848; 264 848; 265 847; 266 847; 267 846; 268 846; 268 844; 267 843; 266 843; 265 842; 263 842; 261 840; 260 840; 258 838; 257 838; 253 834; 252 834; 251 833; 250 833; 248 831; 247 831; 245 829; 244 829; 242 827; 240 827; 239 826; 238 826; 236 824; 235 824; 233 822
168; 648 822; 647 823; 647 825; 648 826; 648 828; 649 829; 649 838; 648 839; 648 845; 647 846; 647 847; 646 848; 646 849; 644 851; 644 854; 647 857; 647 864; 648 865; 648 869; 647 870; 647 873; 648 874; 650 874; 653 871; 653 870; 654 869; 654 868; 658 864; 659 864; 660 863; 661 863; 662 862; 668 862; 670 860; 670 859; 675 854; 676 854; 678 852; 679 852; 681 850; 682 850; 683 849; 684 849; 685 848; 687 848; 688 847; 689 847; 689 842; 687 840; 687 839; 682 839; 681 840; 680 840; 679 839; 678 839; 676 837; 675 837; 673 835; 672 835; 671 834; 670 834; 669 833; 668 833; 666 831; 665 831; 663 829; 662 829; 661 828; 660 828; 657 825; 656 825; 654 823; 653 823; 652 822
169; 54 820; 52 822; 52 823; 51 824; 51 825; 50 826; 50 827; 44 833; 43 833; 40 836; 40 837; 38 839; 38 840; 35 843; 35 844; 33 846; 33 847; 32 848; 31 848; 28 851; 27 851; 26 852; 25 852; 25 855; 26 855; 27 856; 28 856; 29 857; 32 857; 33 858; 35 858; 36 859; 39 859; 40 860; 44 860; 45 861; 51 861; 52 862; 55 862; 56 863; 58 863; 59 864; 60 864; 62 866; 67 866; 68 865; 68 862; 67 861; 67 859; 66 858; 66 854; 65 853; 65 849; 64 848; 64 840; 63 839; 63 838; 61 836; 61 835; 60 834; 60 832; 59 831; 59 828; 58 827; 58 824; 57 823; 57 820
170; 368 821; 367 822; 367 823; 365 825; 365 826; 359 832; 358 832; 357 833; 357 835; 356 836; 356 837; 348 845; 348 846; 346 848; 346 849; 343 852; 343 853; 341 855; 341 857; 349 857; 350 858; 353 858; 354 859; 357 859; 358 860; 359 860; 360 861; 361 861; 362 862; 371 862; 372 863; 375 863; 376 864; 378 864; 379 865; 382 865; 382 861; 381 860; 381 859; 380 858; 380 857; 379 856; 379 853; 378 852; 378 848; 377 847; 377 845; 378 844; 378 840; 376 838; 376 837; 374 835; 374 833; 373 832; 373 831; 372 830; 372 827; 371 826; 371 822; 370 821
171; 635 831; 632 834; 631 834; 629 836; 628 836; 626 838; 624 838; 623 839; 621 839; 620 840; 619 840; 618 841; 617 841; 615 843; 614 843; 612 845; 611 845; 610 846; 609 846; 604 851; 603 851; 601 853; 599 853; 598 852; 597 852; 595 854; 596 855; 596 856; 598 858; 599 858; 600 859; 601 859; 602 860; 603 860; 608 865; 609 865; 610 866; 611 866; 612 867; 613 867; 618 872; 620 872; 621 873; 624 873; 626 875; 627 875; 632 880; 635 880; 636 879; 636 863; 637 862; 637 859; 638 858; 638 857; 639 856; 639 850; 638 849; 638 832; 637 831
172; 568 841; 566 843; 566 846; 565 847; 565 852; 564 853; 564 856; 563 857; 563 859; 562 860; 562 862; 559 865; 559 867; 558 868; 558 874; 557 875; 557 879; 556 880; 556 882; 555 883; 555 888; 558 888; 559 887; 560 887; 561 886; 562 886; 563 885; 564 885; 565 884; 568 884; 569 883; 578 883; 580 881; 581 881; 582 880; 583 880; 584 879; 586 879; 587 878; 589 878; 590 877; 593 877; 594 876; 600 876; 601 875; 601 873; 599 871; 598 871; 596 869; 595 869; 584 858; 584 857; 582 855; 582 854; 579 851; 578 851; 572 845; 572 844; 570 842; 570 841
173; 169 854; 169 856; 170 857; 170 858; 171 859; 171 860; 172 861; 172 863; 173 864; 174 864; 175 865; 177 865; 178 866; 179 866; 180 867; 182 867; 183 868; 184 868; 185 869; 186 869; 188 871; 188 874; 187 875; 187 876; 184 879; 184 880; 179 885; 178 885; 177 886; 176 886; 175 887; 174 887; 171 884; 171 883; 170 883; 169 884; 169 886; 170 887; 170 888; 171 889; 171 892; 172 893; 172 896; 174 898; 177 898; 181 894; 184 894; 185 895; 186 895; 187 894; 188 894; 188 883; 189 882; 189 881; 195 875; 199 875; 201 877; 201 878; 202 879; 202 880; 201 881; 201 882; 200 883; 200 884; 199 885; 199 886; 198 887; 198 891; 199 891; 200 892; 202 892; 202 891; 203 890; 203 889; 204 888; 204 887; 205 886; 205 885; 206 884; 206 883; 207 882; 207 881; 208 880; 208 879; 210 877; 213 877; 216 880; 216 881; 217 882; 217 883; 219 885; 219 887; 220 888; 220 889; 221 890; 221 891; 222 892; 222 894; 223 895; 223 898; 225 898; 226 899; 231 899; 231 897; 230 896; 230 895; 227 892; 227 891; 226 890; 226 889; 224 887; 224 885; 223 884; 223 882; 222 881; 222 880; 221 879; 221 878; 219 876; 219 875; 218 874; 218 873; 217 872; 217 871; 216 870; 216 867; 219 864; 219 862; 218 861; 218 860; 217 860; 216 861; 215 861; 215 863; 214 864; 214 865; 213 866; 213 867; 208 872; 207 872; 206 873; 203 873; 202 872; 201 872; 200 871; 199 871; 198 870; 197 870; 196 869; 194 869; 192 867; 191 867; 190 866; 189 866; 186 863; 185 863; 184 862; 183 862; 181 860; 180 860; 178 858; 178 857; 175 854
174; 152 895; 133 896; 131 900; 153 902; 164 915; 170 916; 171 912; 165 908; 159 890
175; 144 882; 152 895; 159 890; 165 878; 170 882; 169 866; 163 860; 155 860
176; 144 882; 155 860; 147 853; 131 850; 114 856; 111 859
177; 111 859; 99 861; 100 887; 105 892; 130 893; 144 882
178; 494 852; 486 860; 485 860; 484 861; 483 861; 482 862; 481 862; 480 863; 479 863; 478 864; 476 864; 475 865; 474 865; 473 866; 473 867; 470 870; 469 870; 467 872; 466 872; 463 875; 462 875; 460 877; 459 877; 458 878; 458 880; 459 881; 461 881; 462 882; 463 882; 464 883; 465 883; 466 884; 467 884; 469 886; 470 886; 471 887; 472 887; 475 890; 475 891; 476 892; 477 892; 478 893; 482 893; 483 894; 485 894; 486 895; 487 895; 491 899; 492 899; 494 901; 495 901; 496 902; 498 902; 498 901; 499 900; 499 887; 498 886; 498 872; 497 871; 497 854; 496 853; 496 852
179; 330 851; 326 855; 326 856; 321 861; 320 861; 320 862; 319 863; 319 864; 318 865; 318 866; 314 870; 313 870; 311 872; 311 873; 310 874; 310 876; 308 878; 308 879; 307 880; 307 881; 306 882; 306 883; 303 886; 303 889; 307 889; 308 888; 314 888; 315 889; 317 889; 318 890; 319 890; 321 892; 338 892; 339 893; 340 893; 341 894; 345 894; 345 891; 344 890; 344 889; 343 888; 343 887; 342 886; 342 884; 341 883; 341 873; 340 872; 339 872; 337 870; 337 869; 336 868; 336 867; 335 866; 335 862; 334 861; 334 856; 333 855; 333 853; 332 852; 332 851
180; 742 852; 742 853; 741 854; 741 859; 740 860; 740 862; 739 863; 739 868; 738 869; 738 871; 735 874; 735 879; 736 880; 736 882; 737 883; 737 889; 736 890; 736 893; 735 894; 735 896; 734 897; 734 901; 735 902; 738 902; 740 900; 741 900; 742 899; 743 899; 745 897; 747 897; 748 896; 749 896; 750 895; 751 895; 752 894; 754 894; 755 893; 757 893; 758 892; 760 892; 761 891; 762 891; 763 890; 764 890; 766 888; 767 888; 769 886; 771 886; 772 885; 774 885; 775 884; 778 884; 780 882; 780 880; 777 877; 776 877; 775 876; 774 876; 773 875; 772 875; 767 870; 766 870; 763 867; 763 866; 762 865; 762 863; 761 863; 760 862; 756 862; 755 861; 754 861; 753 860; 752 860; 747 855; 747 854; 746 853; 745 853; 744 852
181; 399 870; 398 871; 396 871; 395 872; 394 872; 392 874; 391 874; 390 875; 389 875; 388 876; 385 876; 384 877; 381 877; 380 876; 375 876; 374 877; 373 877; 370 880; 369 880; 368 881; 367 881; 366 882; 363 882; 362 883; 360 883; 360 886; 361 887; 362 887; 368 893; 368 894; 374 900; 374 901; 375 902; 375 904; 377 904; 378 905; 380 905; 381 906; 382 906; 384 908; 385 908; 388 911; 389 911; 391 913; 393 913; 394 912; 394 906; 395 905; 395 899; 396 898; 396 895; 397 894; 397 890; 398 889; 398 884; 399 883; 399 881; 400 880; 400 878; 401 877; 401 874; 402 873; 402 870
182; 265 863; 260 868; 259 868; 258 869; 258 873; 259 874; 259 876; 258 877; 258 893; 257 894; 257 900; 258 901; 258 902; 259 903; 259 907; 260 908; 260 913; 262 913; 266 909; 269 909; 270 908; 271 908; 272 907; 273 907; 274 906; 276 906; 277 905; 279 905; 290 894; 291 894; 292 893; 293 893; 294 892; 295 892; 296 891; 296 889; 295 889; 294 888; 291 888; 290 887; 288 887; 284 883; 283 883; 282 882; 281 882; 280 881; 279 881; 277 879; 276 879; 274 877; 273 877; 271 875; 270 875; 269 874; 268 874; 267 873; 266 873; 264 871; 264 868; 265 867; 266 867; 267 866; 273 866; 274 867; 276 867; 276 864; 271 864; 270 863
183; 547 887; 546 888; 546 890; 550 894; 550 897; 551 898; 551 901; 552 902; 552 903; 558 909; 558 910; 559 911; 559 912; 560 913; 560 914; 563 917; 564 917; 565 918; 565 919; 568 922; 568 923; 570 925; 570 926; 572 928; 572 929; 573 930; 573 932; 574 933; 574 934; 575 935; 577 935; 578 934; 578 933; 579 932; 579 929; 580 928; 580 926; 582 924; 582 923; 587 918; 587 917; 588 916; 588 913; 589 912; 589 910; 590 909; 590 908; 591 907; 591 903; 592 902; 592 900; 593 899; 593 898; 597 894; 597 893; 598 892; 598 890; 591 890; 590 891; 588 891; 587 892; 581 892; 580 891; 576 891; 575 892; 573 892; 572 893; 564 893; 563 894; 559 894; 558 895; 557 895; 556 894; 554 894; 552 892; 552 890; 551 889; 551 888; 550 887
184; 201 901; 200 897; 202 893; 197 892; 193 898; 190 898; 187 895; 180 899; 177 905; 184 906; 188 914
185; 206 938; 214 946; 217 952; 219 952; 233 909; 220 912
186; 220 912; 214 906; 213 901; 201 901; 188 914; 182 919; 180 924; 182 937; 189 941; 193 939; 203 941; 206 938
187; 304 896; 304 899; 305 900; 305 903; 306 904; 306 911; 307 912; 310 912; 310 911; 311 910; 311 908; 312 907; 313 907; 314 906; 315 906; 316 907; 318 907; 319 908; 320 908; 321 909; 322 909; 323 910; 324 910; 325 911; 326 911; 328 913; 329 913; 331 915; 331 918; 330 919; 330 920; 329 921; 329 922; 331 924; 331 925; 336 920; 337 920; 338 919; 339 919; 340 918; 341 918; 342 917; 342 915; 341 915; 340 914; 339 914; 338 913; 336 913; 334 911; 333 911; 329 907; 328 907; 327 906; 326 906; 324 904; 323 904; 322 903; 321 903; 320 902; 318 902; 317 901; 315 901; 314 900; 313 900; 312 899; 311 899; 310 898; 309 898; 307 896
188; 51 891; 50 892; 49 892; 47 894; 47 895; 44 898; 43 898; 41 900; 40 900; 39 901; 36 901; 34 903; 34 905; 30 909; 29 909; 27 911; 26 911; 25 912; 24 912; 23 913; 22 913; 21 914; 20 914; 19 915; 16 915; 15 916; 15 919; 16 919; 17 920; 18 920; 19 921; 21 921; 22 922; 23 922; 24 923; 25 923; 26 924; 27 924; 29 926; 30 926; 39 935; 41 935; 42 936; 44 936; 50 942; 52 942; 52 937; 53 936; 53 916; 52 915; 53 914; 53 908; 54 907; 54 905; 55 904; 55 903; 56 902; 56 901; 58 899; 58 898; 57 897; 57 896; 55 894; 55 891
189; 515 899; 513 901; 512 901; 511 902; 510 902; 509 903; 508 903; 507 904; 506 904; 505 905; 500 905; 498 903; 496 903; 496 904; 494 906; 494 907; 491 910; 490 910; 489 911; 488 911; 487 912; 486 912; 485 913; 483 913; 482 914; 479 914; 478 915; 477 915; 476 914; 474 914; 474 916; 475 917; 475 918; 481 924; 481 925; 484 928; 484 929; 485 930; 486 930; 489 933; 489 934; 492 937; 493 937; 502 946; 502 947; 504 949; 508 949; 508 945; 507 944; 507 939; 508 938; 508 936; 509 935; 509 933; 510 932; 510 931; 511 930; 511 929; 512 928; 512 927; 513 926; 513 913; 514 912; 514 909; 515 908; 515 906; 516 905; 516 904; 517 903; 517 899
190; 858 900; 858 904; 859 905; 859 906; 860 907; 860 909; 861 910; 861 915; 860 916; 860 928; 861 929; 861 932; 862 933; 862 946; 861 947; 861 951; 862 952; 865 952; 875 942; 876 942; 880 938; 881 938; 886 933; 887 933; 890 930; 891 930; 893 928; 894 928; 896 926; 897 926; 898 925; 899 925; 900 924; 901 924; 902 923; 902 921; 901 920; 899 920; 898 919; 896 919; 895 918; 894 918; 893 917; 892 917; 890 915; 889 915; 886 912; 885 912; 882 909; 876 909; 873 906; 872 906; 870 904; 869 904; 868 903; 867 903; 866 902; 865 902; 864 901; 861 901; 860 900
191; 159 948; 162 956; 171 959; 168 965; 160 959; 159 968; 190 966; 182 952; 180 925; 166 924
192; 88 984; 128 1004; 124 956
193; 69 943; 59 950; 70 995; 82 984; 88 984
194; 88 984; 124 956; 69 943
195; 133 950; 145 959; 159 948; 166 924; 153 915; 144 916
196; 94 885; 83 860; 78 860; 58 896; 66 912
197; 124 956; 133 950; 144 916; 129 909
198; 129 909; 69 943; 124 956
199; 105 893; 94 885; 66 912; 69 943
200; 69 943; 129 909; 105 893
201; 918 904; 916 906; 916 914; 915 915; 915 916; 914 917; 914 918; 912 920; 912 922; 911 923; 911 932; 910 933; 910 936; 909 937; 909 940; 908 941; 908 942; 907 943; 907 944; 906 945; 906 946; 905 947; 905 948; 904 949; 904 953; 908 953; 909 952; 910 952; 911 951; 912 951; 913 950; 915 950; 916 949; 921 949; 922 948; 924 948; 925 947; 926 947; 927 946; 928 946; 929 945; 931 945; 932 944; 934 944; 935 943; 940 943; 941 942; 950 942; 950 939; 947 936; 947 935; 943 931; 943 930; 941 928; 941 927; 940 926; 940 924; 941 923; 941 921; 937 921; 936 920; 935 920; 922 907; 922 905; 921 904
202; 307 913; 306 914; 306 917; 305 918; 305 922; 306 923; 306 936; 307 937; 307 938; 306 939; 306 942; 309 942; 314 937; 315 937; 316 936; 317 936; 318 935; 319 935; 320 934; 322 934; 323 933; 324 933; 326 931; 326 930; 327 929; 327 928; 328 927; 329 927; 330 926; 330 924; 328 922; 327 922; 325 924; 324 924; 318 930; 317 930; 316 931; 315 931; 313 933; 312 933; 311 932; 311 926; 310 925; 311 924; 311 919; 310 918; 310 913
203; 243 911; 243 916; 242 917; 242 918; 241 919; 241 920; 240 921; 240 922; 239 923; 239 924; 238 925; 238 927; 237 928; 237 929; 236 930; 236 931; 235 932; 235 933; 234 934; 234 941; 233 942; 233 944; 231 946; 231 947; 230 948; 230 949; 228 951; 228 954; 231 954; 232 953; 233 953; 234 952; 237 952; 238 951; 245 951; 246 952; 250 952; 252 950; 253 950; 255 948; 256 948; 257 947; 259 947; 260 946; 261 946; 262 945; 264 945; 265 944; 268 944; 269 943; 271 943; 271 941; 263 933; 263 932; 262 931; 262 929; 261 928; 261 927; 260 926; 260 925; 259 925; 256 922; 256 921; 255 920; 254 920; 253 919; 252 919; 250 917; 249 917; 248 916; 248 915; 245 912; 245 911
204; 738 914; 737 915; 736 915; 733 918; 732 918; 730 920; 729 920; 728 921; 727 921; 726 922; 725 922; 724 923; 722 923; 721 924; 720 924; 718 926; 717 926; 716 927; 715 927; 713 929; 712 929; 710 931; 709 931; 707 933; 706 933; 705 934; 704 934; 703 935; 701 935; 700 936; 699 936; 698 937; 698 939; 700 941; 702 941; 703 942; 704 942; 705 943; 706 943; 708 945; 709 945; 715 951; 715 952; 718 955; 720 955; 721 956; 722 956; 723 957; 724 957; 725 958; 726 958; 728 960; 729 960; 733 964; 734 964; 735 965; 737 965; 739 963; 739 945; 740 944; 740 937; 739 936; 739 934; 740 933; 740 922; 741 921; 741 914
205; 995 923; 994 924; 994 927; 993 928; 993 930; 992 931; 992 934; 991 935; 991 937; 990 938; 990 941; 989 942; 989 944; 988 945; 988 947; 987 948; 987 951; 986 952; 986 954; 985 955; 985 957; 984 958; 984 961; 983 962; 983 964; 982 965; 982 966; 981 967; 981 972; 985 972; 986 971; 987 971; 988 970; 989 970; 990 969; 991 969; 992 968; 994 968; 995 967; 996 967; 997 966; 999 966; 1000 965; 1010 965; 1013 962; 1014 962; 1015 961; 1016 961; 1017 960; 1019 960; 1020 959; 1023 959; 1023 951; 1022 951; 1017 946; 1017 945; 1016 944; 1016 943; 1015 942; 1015 940; 1014 939; 1014 938; 1012 938; 1011 937; 1010 937; 1009 936; 1008 936; 1002 930; 1002 929; 1000 927; 1000 925; 998 923
206; 541 930; 540 931; 540 941; 539 942; 539 946; 538 947; 538 950; 536 952; 536 953; 535 954; 535 958; 536 959; 536 968; 535 969; 535 973; 534 974; 534 975; 533 976; 533 982; 535 982; 536 981; 537 981; 539 979; 540 979; 545 974; 546 974; 547 973; 548 973; 549 972; 550 972; 551 971; 558 971; 558 970; 559 969; 559 968; 560 967; 560 966; 562 964; 563 964; 564 963; 565 963; 566 962; 568 962; 569 961; 571 961; 572 960; 574 960; 575 959; 577 959; 578 958; 579 958; 579 954; 578 954; 577 953; 575 953; 574 952; 573 952; 572 951; 571 951; 569 949; 568 949; 565 946; 564 946; 558 940; 557 940; 553 936; 552 936; 548 932; 547 932; 546 931; 545 931; 544 930
207; 17 941; 17 942; 16 943; 16 967; 17 968; 17 995; 18 996; 20 996; 23 993; 23 992; 28 987; 29 987; 31 985; 32 985; 33 984; 35 984; 36 983; 37 983; 39 981; 39 980; 44 975; 44 974; 45 973; 46 973; 49 970; 50 970; 50 969; 56 963; 56 959; 55 958; 51 958; 50 957; 48 957; 47 956; 46 956; 45 955; 44 955; 43 954; 42 954; 35 947; 33 947; 32 946; 28 946; 27 945; 26 945; 24 943; 23 943; 22 942; 21 942; 20 941
208; 678 948; 677 949; 676 949; 674 951; 673 951; 671 953; 670 953; 669 954; 668 954; 667 955; 666 955; 665 956; 664 956; 663 957; 662 957; 661 958; 660 958; 658 960; 657 960; 654 963; 653 963; 651 965; 650 965; 648 967; 647 967; 646 968; 644 968; 643 969; 641 969; 640 970; 639 970; 637 972; 637 975; 638 976; 639 976; 640 977; 641 977; 642 978; 643 978; 644 979; 645 979; 646 980; 647 980; 648 981; 649 981; 651 983; 652 983; 658 989; 658 990; 660 992; 661 992; 662 993; 663 993; 664 994; 665 994; 670 999; 670 1000; 671 1001; 671 1002; 674 1005; 676 1005; 677 1004; 678 1004; 678 1003; 679 1002; 679 984; 680 983; 680 980; 681 979; 681 978; 682 977; 682 974; 681 973; 681 972; 680 971; 680 970; 679 969; 679 965; 680 964; 680 959; 681 958; 681 955; 682 954; 682 949; 681 948
209; 512 961; 511 962; 509 962; 508 963; 505 963; 504 964; 501 964; 500 965; 496 965; 494 963; 489 963; 485 967; 484 967; 483 968; 472 968; 471 969; 470 969; 469 970; 469 972; 470 973; 470 974; 471 975; 471 976; 476 981; 476 982; 478 984; 478 985; 479 986; 479 987; 480 988; 480 990; 481 991; 481 995; 485 999; 485 1000; 486 1001; 486 1002; 487 1003; 487 1004; 488 1005; 488 1006; 489 1007; 489 1009; 490 1010; 490 1014; 489 1015; 489 1017; 490 1018; 490 1019; 493 1019; 495 1017; 495 1015; 496 1014; 496 1011; 497 1010; 497 1009; 498 1008; 498 1005; 499 1004; 499 1003; 500 1002; 500 1000; 501 999; 501 998; 502 997; 502 995; 503 994; 503 993; 505 991; 505 990; 506 989; 506 988; 507 987; 507 986; 508 985; 508 983; 510 981; 510 980; 511 979; 511 976; 512 975; 512 971; 513 970; 513 969; 514 968; 514 967; 515 966; 515 965; 516 964; 516 962; 515 961
210; 221 957; 216 962; 215 962; 213 964; 212 964; 211 965; 209 965; 208 966; 202 966; 201 967; 200 967; 199 968; 198 968; 197 969; 196 969; 195 970; 191 970; 185 976; 184 976; 182 978; 181 978; 178 981; 178 982; 179 983; 180 983; 181 982; 185 982; 186 983; 187 983; 194 990; 194 991; 205 1002; 205 1003; 207 1005; 207 1006; 208 1007; 208 1008; 209 1009; 209 1012; 210 1013; 210 1015; 211 1016; 213 1016; 214 1015; 214 1013; 213 1012; 213 1008; 214 1007; 214 1002; 215 1001; 215 998; 216 997; 216 994; 217 993; 217 989; 218 988; 218 981; 219 980; 219 977; 220 976; 220 971; 221 970; 221 966; 222 965; 222 962; 223 961; 223 957
211; 137 966; 136 967; 136 972; 137 973; 137 976; 138 977; 138 987; 137 988; 137 991; 136 992; 136 995; 137 996; 137 998; 138 999; 138 1008; 137 1009; 137 1013; 136 1014; 136 1018; 140 1018; 151 1007; 152 1007; 153 1006; 156 1006; 157 1005; 158 1005; 160 1003; 160 1002; 178 984; 178 983; 177 982; 172 982; 171 981; 170 981; 167 978; 166 978; 165 977; 164 977; 163 976; 161 976; 158 973; 157 973; 156 972; 152 972; 151 971; 149 971; 148 970; 146 970; 143 967; 142 967; 141 966
212; 37 985; 37 987; 36 988; 36 993; 35 994; 35 995; 34 996; 34 997; 33 998; 33 1000; 32 1001; 32 1004; 31 1005; 31 1008; 30 1009; 30 1012; 29 1013; 29 1014; 28 1015; 28 1016; 27 1017; 27 1018; 25 1020; 25 1021; 24 1022; 24 1023; 34 1023; 34 1022; 36 1020; 36 1019; 38 1017; 38 1016; 39 1015; 39 1014; 40 1013; 40 1012; 42 1010; 45 1013; 46 1013; 47 1014; 48 1014; 51 1017; 51 1018; 47 1022; 47 1023; 68 1023; 68 1022; 67 1021; 67 1019; 66 1018; 66 1017; 64 1015; 64 1014; 59 1009; 59 1008; 56 1005; 56 1004; 55 1004; 54 1003; 53 1003; 44 994; 44 993; 43 992; 43 990; 42 989; 42 988; 41 987; 41 986; 40 985
